trip_id,client_type,destination,saison,type_hebergement,activite_principale,duree_jours,budget_total,prix_vol,meteo_prevue,temperature_moyenne_saison,pluie_moyenne_mm,jours_pluie_moyen,vent_max_moyen_kmh,nb_jours_observes,latitude,longitude,source,periode_reference,pm10_moyen,pm2_5_moyen,european_aqi_moyen,uv_index_moyen,heures_observees_air,source_air_quality,periode_reference_air_quality,satisfaction_client,imprevus,reorganisation_necessaire,respect_budget,retour_client
1,business,new york,hiver,resort,plage,20,9307.38,586.1,nuageux,-0.0,2.34,32,16.49,90,40.71427,-74.00597,Open-Meteo Historical Weather API,2024-12-01/2025-02-28,14.23,13.56,43.36,0.34,2160,Open-Meteo Air Quality API,2024-12-01/2025-02-28,2,bagages,0,1,séjour décevant.
2,couple,sydney,printemps,appartement,randonnée,12,5915.57,1271.92,nuageux,19.13,4.44,49,17.74,92,-33.86785,151.20732,Open-Meteo Historical Weather API,2025-03-01/2025-05-31,11.25,9.25,31.84,1.01,2208,Open-Meteo Air Quality API,2025-03-01/2025-05-31,3,aucun,0,1,séjour correct mais perfectible.
3,senior,tokyo,été,hôtel,culture,14,6093.04,1177.75,variable,27.71,2.91,31,13.49,92,35.6895,139.69171,Open-Meteo Historical Weather API,2025-06-01/2025-08-31,24.0,22.42,51.6,1.83,2208,Open-Meteo Air Quality API,2025-06-01/2025-08-31,3,aucun,0,1,séjour correct mais perfectible.
4,business,new york,printemps,resort,plage,9,14536.11,1071.52,nuageux,12.04,4.75,36,17.46,92,40.71427,-74.00597,Open-Meteo Historical Weather API,2025-03-01/2025-05-31,11.88,11.05,41.24,1.07,2208,Open-Meteo Air Quality API,2025-03-01/2025-05-31,3,aucun,0,1,séjour correct mais perfectible.
5,famille,bali,hiver,resort,business,19,8894.61,1117.64,pluie,26.28,11.89,84,14.7,90,-8.65,115.21667,Open-Meteo Historical Weather API,2024-12-01/2025-02-28,12.8,11.67,33.02,1.96,2160,Open-Meteo Air Quality API,2024-12-01/2025-02-28,3,aucun,0,1,séjour correct mais perfectible.
6,senior,rome,printemps,appartement,plage,4,2963.69,499.25,nuageux,15.22,3.55,32,13.85,92,41.89193,12.51133,Open-Meteo Historical Weather API,2025-03-01/2025-05-31,15.93,11.65,37.47,1.19,2208,Open-Meteo Air Quality API,2025-03-01/2025-05-31,4,aucun,0,1,très bon séjour.
7,business,lisbonne,printemps,villa,culture,8,6678.54,259.49,ensoleillé,15.64,3.53,41,19.08,92,38.72509,-9.1498,Open-Meteo Historical Weather API,2025-03-01/2025-05-31,15.2,9.48,34.11,1.3,2208,Open-Meteo Air Quality API,2025-03-01/2025-05-31,3,annulation,1,1,séjour correct mais perfectible.
8,business,tokyo,hiver,appartement,culture,21,8934.74,983.52,nuageux,6.08,0.56,8,14.28,90,35.6895,139.69171,Open-Meteo Historical Weather API,2024-12-01/2025-02-28,31.02,30.0,55.43,0.51,2160,Open-Meteo Air Quality API,2024-12-01/2025-02-28,2,aucun,0,1,séjour décevant.
9,famille,paris,été,resort,business,12,6908.27,350.08,ensoleillé,21.05,2.58,30,14.41,92,48.85341,2.3488,Open-Meteo Historical Weather API,2025-06-01/2025-08-31,10.28,6.83,31.49,1.5,2208,Open-Meteo Air Quality API,2025-06-01/2025-08-31,4,aucun,0,1,très bon séjour.
10,couple,paris,printemps,resort,culture,6,7789.83,505.96,nuageux,12.44,1.18,26,14.07,92,48.85341,2.3488,Open-Meteo Historical Weather API,2025-03-01/2025-05-31,15.06,12.04,38.85,0.97,2208,Open-Meteo Air Quality API,2025-03-01/2025-05-31,4,aucun,0,1,très bon séjour.
11,couple,bali,été,resort,gastronomie,10,5582.69,1194.13,variable,25.53,3.21,49,18.92,92,-8.65,115.21667,Open-Meteo Historical Weather API,2025-06-01/2025-08-31,13.38,9.86,30.22,1.86,2208,Open-Meteo Air Quality API,2025-06-01/2025-08-31,4,aucun,0,1,très bon séjour.
12,senior,sydney,été,resort,culture,7,12246.73,1554.23,ensoleillé,12.22,4.06,27,18.74,92,-33.86785,151.20732,Open-Meteo Historical Weather API,2025-06-01/2025-08-31,10.19,9.26,31.56,0.49,2208,Open-Meteo Air Quality API,2025-06-01/2025-08-31,4,météo,0,1,très bon séjour.
13,solo,tokyo,automne,hôtel,randonnée,12,5461.22,1073.92,nuageux,18.79,4.52,34,12.27,91,35.6895,139.69171,Open-Meteo Historical Weather API,2025-09-01/2025-11-30,28.46,27.24,54.08,0.85,2184,Open-Meteo Air Quality API,2025-09-01/2025-11-30,4,météo,1,1,très bon séjour.
14,business,new york,hiver,appartement,gastronomie,7,7302.05,606.81,nuageux,-0.0,2.34,32,16.49,90,40.71427,-74.00597,Open-Meteo Historical Weather API,2024-12-01/2025-02-28,14.23,13.56,43.36,0.34,2160,Open-Meteo Air Quality API,2024-12-01/2025-02-28,3,aucun,0,1,séjour correct mais perfectible.
15,couple,new york,hiver,appartement,business,10,5003.86,769.52,nuageux,-0.0,2.34,32,16.49,90,40.71427,-74.00597,Open-Meteo Historical Weather API,2024-12-01/2025-02-28,14.23,13.56,43.36,0.34,2160,Open-Meteo Air Quality API,2024-12-01/2025-02-28,2,aucun,0,1,séjour décevant.
16,famille,paris,printemps,resort,plage,20,5455.8,375.5,variable,12.44,1.18,26,14.07,92,48.85341,2.3488,Open-Meteo Historical Weather API,2025-03-01/2025-05-31,15.06,12.04,38.85,0.97,2208,Open-Meteo Air Quality API,2025-03-01/2025-05-31,3,aucun,0,1,séjour correct mais perfectible.
17,solo,lisbonne,printemps,appartement,randonnée,4,1346.11,385.86,ensoleillé,15.64,3.53,41,19.08,92,38.72509,-9.1498,Open-Meteo Historical Weather API,2025-03-01/2025-05-31,15.2,9.48,34.11,1.3,2208,Open-Meteo Air Quality API,2025-03-01/2025-05-31,3,retard_vol,1,1,séjour correct mais perfectible.
18,famille,paris,printemps,appartement,plage,17,4080.72,205.07,pluie,12.44,1.18,26,14.07,92,48.85341,2.3488,Open-Meteo Historical Weather API,2025-03-01/2025-05-31,15.06,12.04,38.85,0.97,2208,Open-Meteo Air Quality API,2025-03-01/2025-05-31,3,aucun,0,1,séjour correct mais perfectible.
19,business,sydney,été,hôtel,gastronomie,4,11575.2,1377.44,ensoleillé,12.22,4.06,27,18.74,92,-33.86785,151.20732,Open-Meteo Historical Weather API,2025-06-01/2025-08-31,10.19,9.26,31.56,0.49,2208,Open-Meteo Air Quality API,2025-06-01/2025-08-31,3,aucun,0,1,séjour correct mais perfectible.
20,solo,sydney,printemps,hôtel,culture,11,4655.41,1538.87,ensoleillé,19.13,4.44,49,17.74,92,-33.86785,151.20732,Open-Meteo Historical Weather API,2025-03-01/2025-05-31,11.25,9.25,31.84,1.01,2208,Open-Meteo Air Quality API,2025-03-01/2025-05-31,3,aucun,0,1,séjour correct mais perfectible.
21,business,lisbonne,hiver,hôtel,plage,15,2967.04,420.23,nuageux,12.63,2.92,26,17.53,90,38.72509,-9.1498,Open-Meteo Historical Weather API,2024-12-01/2025-02-28,19.66,13.91,36.49,0.38,2160,Open-Meteo Air Quality API,2024-12-01/2025-02-28,3,aucun,0,1,séjour correct mais perfectible.
22,couple,lisbonne,printemps,hôtel,gastronomie,21,2880.02,463.31,variable,15.64,3.53,41,19.08,92,38.72509,-9.1498,Open-Meteo Historical Weather API,2025-03-01/2025-05-31,15.2,9.48,34.11,1.3,2208,Open-Meteo Air Quality API,2025-03-01/2025-05-31,2,bagages,1,1,séjour décevant.
23,senior,lisbonne,été,resort,gastronomie,7,3913.06,368.85,ensoleillé,23.39,0.06,1,17.22,92,38.72509,-9.1498,Open-Meteo Historical Weather API,2025-06-01/2025-08-31,19.54,10.92,32.89,2.16,2208,Open-Meteo Air Quality API,2025-06-01/2025-08-31,5,aucun,0,1,excellent séjour.
24,senior,dubaï,automne,hôtel,culture,4,5968.97,861.4,pluie,29.44,0.0,0,20.09,91,25.07725,55.30927,Open-Meteo Historical Weather API,2025-09-01/2025-11-30,80.53,41.8,60.89,1.56,2184,Open-Meteo Air Quality API,2025-09-01/2025-11-30,3,bagages,1,1,séjour correct mais perfectible.
25,business,bali,été,hôtel,randonnée,17,7530.24,1346.15,ensoleillé,25.53,3.21,49,18.92,92,-8.65,115.21667,Open-Meteo Historical Weather API,2025-06-01/2025-08-31,13.38,9.86,30.22,1.86,2208,Open-Meteo Air Quality API,2025-06-01/2025-08-31,3,aucun,0,1,séjour correct mais perfectible.
26,famille,sydney,été,hôtel,plage,19,11572.25,1973.64,ensoleillé,12.22,4.06,27,18.74,92,-33.86785,151.20732,Open-Meteo Historical Weather API,2025-06-01/2025-08-31,10.19,9.26,31.56,0.49,2208,Open-Meteo Air Quality API,2025-06-01/2025-08-31,4,aucun,0,1,très bon séjour.
27,couple,bali,été,appartement,plage,13,6481.27,1357.81,ensoleillé,25.53,3.21,49,18.92,92,-8.65,115.21667,Open-Meteo Historical Weather API,2025-06-01/2025-08-31,13.38,9.86,30.22,1.86,2208,Open-Meteo Air Quality API,2025-06-01/2025-08-31,4,aucun,0,1,très bon séjour.
28,famille,tokyo,été,appartement,gastronomie,4,10328.8,782.37,nuageux,27.71,2.91,31,13.49,92,35.6895,139.69171,Open-Meteo Historical Weather API,2025-06-01/2025-08-31,24.0,22.42,51.6,1.83,2208,Open-Meteo Air Quality API,2025-06-01/2025-08-31,4,aucun,0,1,très bon séjour.
29,famille,new york,printemps,hôtel,gastronomie,12,5320.07,979.94,ensoleillé,12.04,4.75,36,17.46,92,40.71427,-74.00597,Open-Meteo Historical Weather API,2025-03-01/2025-05-31,11.88,11.05,41.24,1.07,2208,Open-Meteo Air Quality API,2025-03-01/2025-05-31,3,aucun,0,1,séjour correct mais perfectible.
30,business,lisbonne,été,hôtel,business,10,3652.67,412.6,ensoleillé,23.39,0.06,1,17.22,92,38.72509,-9.1498,Open-Meteo Historical Weather API,2025-06-01/2025-08-31,19.54,10.92,32.89,2.16,2208,Open-Meteo Air Quality API,2025-06-01/2025-08-31,4,aucun,0,1,très bon séjour.
31,business,dubaï,été,hôtel,gastronomie,11,9806.17,770.06,variable,35.27,0.0,0,22.79,92,25.07725,55.30927,Open-Meteo Historical Weather API,2025-06-01/2025-08-31,128.17,54.13,71.91,2.19,2208,Open-Meteo Air Quality API,2025-06-01/2025-08-31,2,retard_vol,0,1,séjour décevant.
32,senior,tokyo,printemps,hôtel,plage,4,6498.82,775.36,nuageux,14.52,6.04,44,15.33,92,35.6895,139.69171,Open-Meteo Historical Weather API,2025-03-01/2025-05-31,29.58,26.1,53.35,1.05,2208,Open-Meteo Air Quality API,2025-03-01/2025-05-31,4,aucun,0,1,très bon séjour.
33,couple,sydney,été,hôtel,culture,9,9752.86,1981.92,ensoleillé,12.22,4.06,27,18.74,92,-33.86785,151.20732,Open-Meteo Historical Weather API,2025-06-01/2025-08-31,10.19,9.26,31.56,0.49,2208,Open-Meteo Air Quality API,2025-06-01/2025-08-31,4,aucun,0,1,très bon séjour.
34,couple,dubaï,printemps,hôtel,plage,21,7109.84,634.34,ensoleillé,28.3,0.01,0,22.56,92,25.07725,55.30927,Open-Meteo Historical Weather API,2025-03-01/2025-05-31,70.72,36.99,63.06,2.2,2208,Open-Meteo Air Quality API,2025-03-01/2025-05-31,3,aucun,0,1,séjour correct mais perfectible.
35,couple,rome,été,hôtel,randonnée,3,5793.93,681.54,ensoleillé,27.22,1.32,16,14.95,92,41.89193,12.51133,Open-Meteo Historical Weather API,2025-06-01/2025-08-31,15.45,9.67,40.74,2.01,2208,Open-Meteo Air Quality API,2025-06-01/2025-08-31,3,aucun,0,1,séjour correct mais perfectible.
36,famille,paris,hiver,villa,culture,20,10660.11,322.83,nuageux,4.95,2.61,35,15.72,90,48.85341,2.3488,Open-Meteo Historical Weather API,2024-12-01/2025-02-28,20.98,17.57,45.01,0.13,2160,Open-Meteo Air Quality API,2024-12-01/2025-02-28,3,aucun,0,1,séjour correct mais perfectible.
37,famille,new york,été,resort,randonnée,12,12765.93,835.5,ensoleillé,24.52,2.28,32,14.21,92,40.71427,-74.00597,Open-Meteo Historical Weather API,2025-06-01/2025-08-31,18.13,17.43,51.89,1.61,2208,Open-Meteo Air Quality API,2025-06-01/2025-08-31,4,aucun,0,1,très bon séjour.
38,couple,lisbonne,automne,appartement,gastronomie,14,2684.51,470.26,ensoleillé,18.72,2.83,21,17.54,91,38.72509,-9.1498,Open-Meteo Historical Weather API,2025-09-01/2025-11-30,15.83,9.72,31.17,0.9,2184,Open-Meteo Air Quality API,2025-09-01/2025-11-30,3,aucun,0,1,séjour correct mais perfectible.
39,famille,bali,hiver,hôtel,gastronomie,20,6977.12,1134.82,nuageux,26.28,11.89,84,14.7,90,-8.65,115.21667,Open-Meteo Historical Weather API,2024-12-01/2025-02-28,12.8,11.67,33.02,1.96,2160,Open-Meteo Air Quality API,2024-12-01/2025-02-28,3,météo,1,1,séjour correct mais perfectible.
40,solo,rome,printemps,hôtel,business,7,2888.09,444.85,nuageux,15.22,3.55,32,13.85,92,41.89193,12.51133,Open-Meteo Historical Weather API,2025-03-01/2025-05-31,15.93,11.65,37.47,1.19,2208,Open-Meteo Air Quality API,2025-03-01/2025-05-31,3,aucun,0,1,séjour correct mais perfectible.
41,couple,bali,hiver,villa,randonnée,21,6011.65,884.7,variable,26.28,11.89,84,14.7,90,-8.65,115.21667,Open-Meteo Historical Weather API,2024-12-01/2025-02-28,12.8,11.67,33.02,1.96,2160,Open-Meteo Air Quality API,2024-12-01/2025-02-28,3,aucun,0,1,séjour correct mais perfectible.
42,business,bali,hiver,hôtel,business,8,10259.37,1055.27,pluie,26.28,11.89,84,14.7,90,-8.65,115.21667,Open-Meteo Historical Weather API,2024-12-01/2025-02-28,12.8,11.67,33.02,1.96,2160,Open-Meteo Air Quality API,2024-12-01/2025-02-28,3,aucun,0,1,séjour correct mais perfectible.
43,business,lisbonne,automne,resort,culture,9,6547.42,409.32,nuageux,18.72,2.83,21,17.54,91,38.72509,-9.1498,Open-Meteo Historical Weather API,2025-09-01/2025-11-30,15.83,9.72,31.17,0.9,2184,Open-Meteo Air Quality API,2025-09-01/2025-11-30,3,aucun,0,1,séjour correct mais perfectible.
44,couple,tokyo,été,villa,culture,11,10183.52,949.26,nuageux,27.71,2.91,31,13.49,92,35.6895,139.69171,Open-Meteo Historical Weather API,2025-06-01/2025-08-31,24.0,22.42,51.6,1.83,2208,Open-Meteo Air Quality API,2025-06-01/2025-08-31,3,aucun,0,1,séjour correct mais perfectible.
45,business,new york,printemps,resort,plage,14,14478.87,767.52,ensoleillé,12.04,4.75,36,17.46,92,40.71427,-74.00597,Open-Meteo Historical Weather API,2025-03-01/2025-05-31,11.88,11.05,41.24,1.07,2208,Open-Meteo Air Quality API,2025-03-01/2025-05-31,3,annulation,1,1,séjour correct mais perfectible.
46,business,bali,printemps,hôtel,plage,9,6675.22,1062.97,nuageux,26.99,6.49,65,13.72,92,-8.65,115.21667,Open-Meteo Historical Weather API,2025-03-01/2025-05-31,12.14,10.4,31.68,2.19,2208,Open-Meteo Air Quality API,2025-03-01/2025-05-31,4,annulation,1,1,très bon séjour.
47,couple,paris,automne,resort,culture,18,3871.47,354.19,ensoleillé,12.33,2.12,33,16.01,91,48.85341,2.3488,Open-Meteo Historical Weather API,2025-09-01/2025-11-30,12.19,8.6,34.88,0.44,2184,Open-Meteo Air Quality API,2025-09-01/2025-11-30,3,retard_vol,1,1,séjour correct mais perfectible.
48,couple,new york,printemps,hôtel,gastronomie,3,8795.67,1076.37,ensoleillé,12.04,4.75,36,17.46,92,40.71427,-74.00597,Open-Meteo Historical Weather API,2025-03-01/2025-05-31,11.88,11.05,41.24,1.07,2208,Open-Meteo Air Quality API,2025-03-01/2025-05-31,3,aucun,0,1,séjour correct mais perfectible.
49,business,rome,été,hôtel,randonnée,15,3863.1,502.33,nuageux,27.22,1.32,16,14.95,92,41.89193,12.51133,Open-Meteo Historical Weather API,2025-06-01/2025-08-31,15.45,9.67,40.74,2.01,2208,Open-Meteo Air Quality API,2025-06-01/2025-08-31,3,aucun,0,1,séjour correct mais perfectible.
50,famille,lisbonne,printemps,hôtel,business,15,3961.69,332.77,ensoleillé,15.64,3.53,41,19.08,92,38.72509,-9.1498,Open-Meteo Historical Weather API,2025-03-01/2025-05-31,15.2,9.48,34.11,1.3,2208,Open-Meteo Air Quality API,2025-03-01/2025-05-31,3,aucun,0,1,séjour correct mais perfectible.
51,famille,bali,hiver,appartement,randonnée,13,6111.73,1718.5,pluie,26.28,11.89,84,14.7,90,-8.65,115.21667,Open-Meteo Historical Weather API,2024-12-01/2025-02-28,12.8,11.67,33.02,1.96,2160,Open-Meteo Air Quality API,2024-12-01/2025-02-28,3,aucun,0,1,séjour correct mais perfectible.
52,famille,rome,été,appartement,gastronomie,14,4398.77,489.6,nuageux,27.22,1.32,16,14.95,92,41.89193,12.51133,Open-Meteo Historical Weather API,2025-06-01/2025-08-31,15.45,9.67,40.74,2.01,2208,Open-Meteo Air Quality API,2025-06-01/2025-08-31,4,aucun,0,1,très bon séjour.
53,business,bali,hiver,hôtel,culture,17,9196.52,1110.53,ensoleillé,26.28,11.89,84,14.7,90,-8.65,115.21667,Open-Meteo Historical Weather API,2024-12-01/2025-02-28,12.8,11.67,33.02,1.96,2160,Open-Meteo Air Quality API,2024-12-01/2025-02-28,3,aucun,0,1,séjour correct mais perfectible.
54,solo,lisbonne,été,hôtel,business,20,2923.22,419.52,ensoleillé,23.39,0.06,1,17.22,92,38.72509,-9.1498,Open-Meteo Historical Weather API,2025-06-01/2025-08-31,19.54,10.92,32.89,2.16,2208,Open-Meteo Air Quality API,2025-06-01/2025-08-31,3,aucun,0,1,séjour correct mais perfectible.
55,business,sydney,printemps,appartement,business,7,9421.81,1235.24,nuageux,19.13,4.44,49,17.74,92,-33.86785,151.20732,Open-Meteo Historical Weather API,2025-03-01/2025-05-31,11.25,9.25,31.84,1.01,2208,Open-Meteo Air Quality API,2025-03-01/2025-05-31,4,aucun,0,1,très bon séjour.
56,business,sydney,été,villa,culture,12,12276.94,1555.47,nuageux,12.22,4.06,27,18.74,92,-33.86785,151.20732,Open-Meteo Historical Weather API,2025-06-01/2025-08-31,10.19,9.26,31.56,0.49,2208,Open-Meteo Air Quality API,2025-06-01/2025-08-31,4,retard_vol,0,1,très bon séjour.
57,couple,paris,été,hôtel,plage,13,5536.61,481.45,nuageux,21.05,2.58,30,14.41,92,48.85341,2.3488,Open-Meteo Historical Weather API,2025-06-01/2025-08-31,10.28,6.83,31.49,1.5,2208,Open-Meteo Air Quality API,2025-06-01/2025-08-31,4,aucun,0,1,très bon séjour.
58,solo,new york,été,hôtel,plage,9,3466.95,1075.94,ensoleillé,24.52,2.28,32,14.21,92,40.71427,-74.00597,Open-Meteo Historical Weather API,2025-06-01/2025-08-31,18.13,17.43,51.89,1.61,2208,Open-Meteo Air Quality API,2025-06-01/2025-08-31,4,aucun,0,1,très bon séjour.
59,famille,tokyo,hiver,appartement,culture,21,9629.82,1253.57,variable,6.08,0.56,8,14.28,90,35.6895,139.69171,Open-Meteo Historical Weather API,2024-12-01/2025-02-28,31.02,30.0,55.43,0.51,2160,Open-Meteo Air Quality API,2024-12-01/2025-02-28,2,météo,0,1,séjour décevant.
60,famille,bali,été,appartement,gastronomie,12,4042.55,1612.01,ensoleillé,25.53,3.21,49,18.92,92,-8.65,115.21667,Open-Meteo Historical Weather API,2025-06-01/2025-08-31,13.38,9.86,30.22,1.86,2208,Open-Meteo Air Quality API,2025-06-01/2025-08-31,3,aucun,0,0,séjour correct mais perfectible.
61,solo,bali,automne,villa,plage,14,5979.46,1193.17,ensoleillé,26.3,6.82,61,14.71,91,-8.65,115.21667,Open-Meteo Historical Weather API,2025-09-01/2025-11-30,14.48,11.69,32.66,2.5,2184,Open-Meteo Air Quality API,2025-09-01/2025-11-30,4,aucun,0,1,très bon séjour.
62,couple,sydney,printemps,hôtel,culture,6,5820.75,1388.06,nuageux,19.13,4.44,49,17.74,92,-33.86785,151.20732,Open-Meteo Historical Weather API,2025-03-01/2025-05-31,11.25,9.25,31.84,1.01,2208,Open-Meteo Air Quality API,2025-03-01/2025-05-31,4,annulation,0,1,très bon séjour.
63,solo,bali,printemps,hôtel,business,10,3746.92,1379.51,ensoleillé,26.99,6.49,65,13.72,92,-8.65,115.21667,Open-Meteo Historical Weather API,2025-03-01/2025-05-31,12.14,10.4,31.68,2.19,2208,Open-Meteo Air Quality API,2025-03-01/2025-05-31,2,aucun,0,0,séjour décevant.
64,business,paris,automne,resort,plage,14,8149.0,279.99,ensoleillé,12.33,2.12,33,16.01,91,48.85341,2.3488,Open-Meteo Historical Weather API,2025-09-01/2025-11-30,12.19,8.6,34.88,0.44,2184,Open-Meteo Air Quality API,2025-09-01/2025-11-30,4,météo,0,1,très bon séjour.
65,solo,lisbonne,hiver,hôtel,business,11,2290.48,550.88,nuageux,12.63,2.92,26,17.53,90,38.72509,-9.1498,Open-Meteo Historical Weather API,2024-12-01/2025-02-28,19.66,13.91,36.49,0.38,2160,Open-Meteo Air Quality API,2024-12-01/2025-02-28,2,aucun,0,1,séjour décevant.
66,solo,lisbonne,été,appartement,randonnée,17,2660.49,407.03,pluie,23.39,0.06,1,17.22,92,38.72509,-9.1498,Open-Meteo Historical Weather API,2025-06-01/2025-08-31,19.54,10.92,32.89,2.16,2208,Open-Meteo Air Quality API,2025-06-01/2025-08-31,3,aucun,0,1,séjour correct mais perfectible.
67,solo,bali,été,hôtel,randonnée,5,4686.83,1271.27,variable,25.53,3.21,49,18.92,92,-8.65,115.21667,Open-Meteo Historical Weather API,2025-06-01/2025-08-31,13.38,9.86,30.22,1.86,2208,Open-Meteo Air Quality API,2025-06-01/2025-08-31,3,bagages,1,1,séjour correct mais perfectible.
68,couple,rome,hiver,resort,culture,5,4827.61,351.84,variable,9.23,2.57,28,13.79,90,41.89193,12.51133,Open-Meteo Historical Weather API,2024-12-01/2025-02-28,20.56,17.01,40.29,0.27,2160,Open-Meteo Air Quality API,2024-12-01/2025-02-28,3,aucun,0,1,séjour correct mais perfectible.
69,famille,rome,été,villa,randonnée,9,6959.53,418.01,ensoleillé,27.22,1.32,16,14.95,92,41.89193,12.51133,Open-Meteo Historical Weather API,2025-06-01/2025-08-31,15.45,9.67,40.74,2.01,2208,Open-Meteo Air Quality API,2025-06-01/2025-08-31,4,aucun,0,1,très bon séjour.
70,couple,dubaï,été,villa,plage,9,12505.77,970.82,ensoleillé,35.27,0.0,0,22.79,92,25.07725,55.30927,Open-Meteo Historical Weather API,2025-06-01/2025-08-31,128.17,54.13,71.91,2.19,2208,Open-Meteo Air Quality API,2025-06-01/2025-08-31,4,aucun,0,1,très bon séjour.
71,famille,rome,printemps,appartement,business,18,4865.68,633.89,pluie,15.22,3.55,32,13.85,92,41.89193,12.51133,Open-Meteo Historical Weather API,2025-03-01/2025-05-31,15.93,11.65,37.47,1.19,2208,Open-Meteo Air Quality API,2025-03-01/2025-05-31,2,annulation,1,1,séjour décevant.
72,couple,tokyo,automne,villa,randonnée,19,8259.16,942.79,nuageux,18.79,4.52,34,12.27,91,35.6895,139.69171,Open-Meteo Historical Weather API,2025-09-01/2025-11-30,28.46,27.24,54.08,0.85,2184,Open-Meteo Air Quality API,2025-09-01/2025-11-30,2,aucun,0,1,séjour décevant.
73,senior,tokyo,hiver,hôtel,plage,11,6138.85,1115.64,nuageux,6.08,0.56,8,14.28,90,35.6895,139.69171,Open-Meteo Historical Weather API,2024-12-01/2025-02-28,31.02,30.0,55.43,0.51,2160,Open-Meteo Air Quality API,2024-12-01/2025-02-28,3,aucun,0,1,séjour correct mais perfectible.
74,famille,new york,printemps,hôtel,culture,12,9144.88,883.69,ensoleillé,12.04,4.75,36,17.46,92,40.71427,-74.00597,Open-Meteo Historical Weather API,2025-03-01/2025-05-31,11.88,11.05,41.24,1.07,2208,Open-Meteo Air Quality API,2025-03-01/2025-05-31,4,aucun,0,1,très bon séjour.
75,famille,dubaï,automne,hôtel,randonnée,8,8427.93,826.03,nuageux,29.44,0.0,0,20.09,91,25.07725,55.30927,Open-Meteo Historical Weather API,2025-09-01/2025-11-30,80.53,41.8,60.89,1.56,2184,Open-Meteo Air Quality API,2025-09-01/2025-11-30,3,aucun,0,1,séjour correct mais perfectible.
76,couple,paris,hiver,villa,culture,13,5797.63,489.78,pluie,4.95,2.61,35,15.72,90,48.85341,2.3488,Open-Meteo Historical Weather API,2024-12-01/2025-02-28,20.98,17.57,45.01,0.13,2160,Open-Meteo Air Quality API,2024-12-01/2025-02-28,4,aucun,0,1,très bon séjour.
77,couple,lisbonne,automne,villa,plage,16,6080.3,484.03,nuageux,18.72,2.83,21,17.54,91,38.72509,-9.1498,Open-Meteo Historical Weather API,2025-09-01/2025-11-30,15.83,9.72,31.17,0.9,2184,Open-Meteo Air Quality API,2025-09-01/2025-11-30,4,aucun,0,1,très bon séjour.
78,solo,rome,hiver,hôtel,gastronomie,16,2489.21,430.67,ensoleillé,9.23,2.57,28,13.79,90,41.89193,12.51133,Open-Meteo Historical Weather API,2024-12-01/2025-02-28,20.56,17.01,40.29,0.27,2160,Open-Meteo Air Quality API,2024-12-01/2025-02-28,1,retard_vol,1,1,très mauvaise expérience.
79,solo,new york,printemps,hôtel,gastronomie,21,6670.99,930.9,pluie,12.04,4.75,36,17.46,92,40.71427,-74.00597,Open-Meteo Historical Weather API,2025-03-01/2025-05-31,11.88,11.05,41.24,1.07,2208,Open-Meteo Air Quality API,2025-03-01/2025-05-31,1,météo,1,1,très mauvaise expérience.
80,business,tokyo,hiver,hôtel,business,13,10606.55,1168.7,pluie,6.08,0.56,8,14.28,90,35.6895,139.69171,Open-Meteo Historical Weather API,2024-12-01/2025-02-28,31.02,30.0,55.43,0.51,2160,Open-Meteo Air Quality API,2024-12-01/2025-02-28,3,aucun,0,1,séjour correct mais perfectible.
81,solo,dubaï,été,hôtel,gastronomie,9,3676.78,823.01,ensoleillé,35.27,0.0,0,22.79,92,25.07725,55.30927,Open-Meteo Historical Weather API,2025-06-01/2025-08-31,128.17,54.13,71.91,2.19,2208,Open-Meteo Air Quality API,2025-06-01/2025-08-31,3,aucun,0,1,séjour correct mais perfectible.
82,couple,bali,été,appartement,business,4,4492.24,1089.31,ensoleillé,25.53,3.21,49,18.92,92,-8.65,115.21667,Open-Meteo Historical Weather API,2025-06-01/2025-08-31,13.38,9.86,30.22,1.86,2208,Open-Meteo Air Quality API,2025-06-01/2025-08-31,4,aucun,0,1,très bon séjour.
83,business,rome,automne,hôtel,randonnée,16,4728.81,385.3,variable,17.21,4.01,24,12.75,91,41.89193,12.51133,Open-Meteo Historical Weather API,2025-09-01/2025-11-30,13.51,9.22,34.28,0.79,2184,Open-Meteo Air Quality API,2025-09-01/2025-11-30,2,annulation,1,1,séjour décevant.
84,famille,dubaï,automne,appartement,gastronomie,18,6637.94,844.67,pluie,29.44,0.0,0,20.09,91,25.07725,55.30927,Open-Meteo Historical Weather API,2025-09-01/2025-11-30,80.53,41.8,60.89,1.56,2184,Open-Meteo Air Quality API,2025-09-01/2025-11-30,2,aucun,0,1,séjour décevant.
85,famille,tokyo,été,resort,business,13,10434.74,1518.07,ensoleillé,27.71,2.91,31,13.49,92,35.6895,139.69171,Open-Meteo Historical Weather API,2025-06-01/2025-08-31,24.0,22.42,51.6,1.83,2208,Open-Meteo Air Quality API,2025-06-01/2025-08-31,4,aucun,0,1,très bon séjour.
86,famille,sydney,été,hôtel,plage,20,7053.57,1476.69,nuageux,12.22,4.06,27,18.74,92,-33.86785,151.20732,Open-Meteo Historical Weather API,2025-06-01/2025-08-31,10.19,9.26,31.56,0.49,2208,Open-Meteo Air Quality API,2025-06-01/2025-08-31,3,aucun,0,1,séjour correct mais perfectible.
87,business,bali,été,hôtel,business,9,5372.79,1420.77,variable,25.53,3.21,49,18.92,92,-8.65,115.21667,Open-Meteo Historical Weather API,2025-06-01/2025-08-31,13.38,9.86,30.22,1.86,2208,Open-Meteo Air Quality API,2025-06-01/2025-08-31,3,annulation,1,1,séjour correct mais perfectible.
88,couple,bali,automne,villa,culture,4,10075.86,1397.83,nuageux,26.3,6.82,61,14.71,91,-8.65,115.21667,Open-Meteo Historical Weather API,2025-09-01/2025-11-30,14.48,11.69,32.66,2.5,2184,Open-Meteo Air Quality API,2025-09-01/2025-11-30,4,bagages,0,1,très bon séjour.
89,famille,bali,été,resort,culture,15,9473.74,940.72,ensoleillé,25.53,3.21,49,18.92,92,-8.65,115.21667,Open-Meteo Historical Weather API,2025-06-01/2025-08-31,13.38,9.86,30.22,1.86,2208,Open-Meteo Air Quality API,2025-06-01/2025-08-31,4,aucun,0,1,très bon séjour.
90,solo,tokyo,automne,resort,randonnée,5,6998.81,965.64,nuageux,18.79,4.52,34,12.27,91,35.6895,139.69171,Open-Meteo Historical Weather API,2025-09-01/2025-11-30,28.46,27.24,54.08,0.85,2184,Open-Meteo Air Quality API,2025-09-01/2025-11-30,4,aucun,0,1,très bon séjour.
91,famille,rome,printemps,hôtel,business,4,5239.53,613.45,pluie,15.22,3.55,32,13.85,92,41.89193,12.51133,Open-Meteo Historical Weather API,2025-03-01/2025-05-31,15.93,11.65,37.47,1.19,2208,Open-Meteo Air Quality API,2025-03-01/2025-05-31,3,aucun,0,1,séjour correct mais perfectible.
92,business,dubaï,été,villa,business,16,10646.8,870.5,ensoleillé,35.27,0.0,0,22.79,92,25.07725,55.30927,Open-Meteo Historical Weather API,2025-06-01/2025-08-31,128.17,54.13,71.91,2.19,2208,Open-Meteo Air Quality API,2025-06-01/2025-08-31,4,aucun,0,1,très bon séjour.
93,couple,rome,été,appartement,randonnée,11,3668.73,423.07,ensoleillé,27.22,1.32,16,14.95,92,41.89193,12.51133,Open-Meteo Historical Weather API,2025-06-01/2025-08-31,15.45,9.67,40.74,2.01,2208,Open-Meteo Air Quality API,2025-06-01/2025-08-31,2,météo,1,1,séjour décevant.
94,couple,bali,hiver,appartement,gastronomie,14,7923.27,1174.28,nuageux,26.28,11.89,84,14.7,90,-8.65,115.21667,Open-Meteo Historical Weather API,2024-12-01/2025-02-28,12.8,11.67,33.02,1.96,2160,Open-Meteo Air Quality API,2024-12-01/2025-02-28,3,aucun,0,1,séjour correct mais perfectible.
95,couple,lisbonne,hiver,resort,plage,17,5662.82,449.87,pluie,12.63,2.92,26,17.53,90,38.72509,-9.1498,Open-Meteo Historical Weather API,2024-12-01/2025-02-28,19.66,13.91,36.49,0.38,2160,Open-Meteo Air Quality API,2024-12-01/2025-02-28,3,aucun,0,1,séjour correct mais perfectible.
96,solo,tokyo,automne,appartement,randonnée,10,4202.34,568.71,pluie,18.79,4.52,34,12.27,91,35.6895,139.69171,Open-Meteo Historical Weather API,2025-09-01/2025-11-30,28.46,27.24,54.08,0.85,2184,Open-Meteo Air Quality API,2025-09-01/2025-11-30,3,aucun,0,1,séjour correct mais perfectible.
97,couple,tokyo,printemps,hôtel,plage,14,6724.92,1083.32,ensoleillé,14.52,6.04,44,15.33,92,35.6895,139.69171,Open-Meteo Historical Weather API,2025-03-01/2025-05-31,29.58,26.1,53.35,1.05,2208,Open-Meteo Air Quality API,2025-03-01/2025-05-31,3,aucun,0,1,séjour correct mais perfectible.
98,famille,dubaï,hiver,appartement,gastronomie,13,2377.1,653.08,nuageux,20.21,0.09,2,19.57,90,25.07725,55.30927,Open-Meteo Historical Weather API,2024-12-01/2025-02-28,59.55,32.47,55.0,1.03,2160,Open-Meteo Air Quality API,2024-12-01/2025-02-28,2,aucun,0,1,séjour décevant.
99,famille,sydney,printemps,hôtel,gastronomie,14,11647.11,915.77,pluie,19.13,4.44,49,17.74,92,-33.86785,151.20732,Open-Meteo Historical Weather API,2025-03-01/2025-05-31,11.25,9.25,31.84,1.01,2208,Open-Meteo Air Quality API,2025-03-01/2025-05-31,3,retard_vol,1,1,séjour correct mais perfectible.
100,senior,rome,printemps,resort,gastronomie,16,5989.9,456.64,ensoleillé,15.22,3.55,32,13.85,92,41.89193,12.51133,Open-Meteo Historical Weather API,2025-03-01/2025-05-31,15.93,11.65,37.47,1.19,2208,Open-Meteo Air Quality API,2025-03-01/2025-05-31,3,aucun,0,1,séjour correct mais perfectible.
101,senior,rome,été,villa,culture,10,5214.58,517.96,nuageux,27.22,1.32,16,14.95,92,41.89193,12.51133,Open-Meteo Historical Weather API,2025-06-01/2025-08-31,15.45,9.67,40.74,2.01,2208,Open-Meteo Air Quality API,2025-06-01/2025-08-31,4,aucun,0,1,très bon séjour.
102,business,dubaï,automne,villa,business,12,8442.92,696.96,ensoleillé,29.44,0.0,0,20.09,91,25.07725,55.30927,Open-Meteo Historical Weather API,2025-09-01/2025-11-30,80.53,41.8,60.89,1.56,2184,Open-Meteo Air Quality API,2025-09-01/2025-11-30,4,aucun,0,1,très bon séjour.
103,couple,bali,automne,resort,plage,14,5780.27,1077.91,variable,26.3,6.82,61,14.71,91,-8.65,115.21667,Open-Meteo Historical Weather API,2025-09-01/2025-11-30,14.48,11.69,32.66,2.5,2184,Open-Meteo Air Quality API,2025-09-01/2025-11-30,4,aucun,0,1,très bon séjour.
104,senior,paris,été,resort,randonnée,5,6778.71,337.07,ensoleillé,21.05,2.58,30,14.41,92,48.85341,2.3488,Open-Meteo Historical Weather API,2025-06-01/2025-08-31,10.28,6.83,31.49,1.5,2208,Open-Meteo Air Quality API,2025-06-01/2025-08-31,4,aucun,0,1,très bon séjour.
105,business,sydney,été,appartement,randonnée,7,8239.8,1132.3,nuageux,12.22,4.06,27,18.74,92,-33.86785,151.20732,Open-Meteo Historical Weather API,2025-06-01/2025-08-31,10.19,9.26,31.56,0.49,2208,Open-Meteo Air Quality API,2025-06-01/2025-08-31,3,aucun,0,1,séjour correct mais perfectible.
106,business,tokyo,printemps,villa,business,4,15870.87,919.46,ensoleillé,14.52,6.04,44,15.33,92,35.6895,139.69171,Open-Meteo Historical Weather API,2025-03-01/2025-05-31,29.58,26.1,53.35,1.05,2208,Open-Meteo Air Quality API,2025-03-01/2025-05-31,4,aucun,0,1,très bon séjour.
107,couple,paris,automne,appartement,plage,6,4345.09,404.13,ensoleillé,12.33,2.12,33,16.01,91,48.85341,2.3488,Open-Meteo Historical Weather API,2025-09-01/2025-11-30,12.19,8.6,34.88,0.44,2184,Open-Meteo Air Quality API,2025-09-01/2025-11-30,3,aucun,0,1,séjour correct mais perfectible.
108,couple,sydney,hiver,hôtel,plage,11,9944.03,1354.54,pluie,22.44,3.42,39,20.67,90,-33.86785,151.20732,Open-Meteo Historical Weather API,2024-12-01/2025-02-28,12.57,9.86,34.15,2.24,2160,Open-Meteo Air Quality API,2024-12-01/2025-02-28,3,aucun,0,1,séjour correct mais perfectible.
109,famille,new york,hiver,hôtel,plage,20,8953.22,839.42,pluie,-0.0,2.34,32,16.49,90,40.71427,-74.00597,Open-Meteo Historical Weather API,2024-12-01/2025-02-28,14.23,13.56,43.36,0.34,2160,Open-Meteo Air Quality API,2024-12-01/2025-02-28,3,aucun,0,1,séjour correct mais perfectible.
110,senior,new york,automne,appartement,culture,20,6631.48,690.92,pluie,13.97,3.07,25,15.38,91,40.71427,-74.00597,Open-Meteo Historical Weather API,2025-09-01/2025-11-30,11.7,11.28,42.27,0.76,2184,Open-Meteo Air Quality API,2025-09-01/2025-11-30,3,aucun,0,1,séjour correct mais perfectible.
111,couple,sydney,automne,appartement,gastronomie,17,3632.77,1212.5,nuageux,19.17,1.74,22,21.07,91,-33.86785,151.20732,Open-Meteo Historical Weather API,2025-09-01/2025-11-30,10.98,9.17,34.45,1.63,2184,Open-Meteo Air Quality API,2025-09-01/2025-11-30,2,aucun,0,1,séjour décevant.
112,famille,bali,printemps,appartement,business,13,4258.92,1302.59,nuageux,26.99,6.49,65,13.72,92,-8.65,115.21667,Open-Meteo Historical Weather API,2025-03-01/2025-05-31,12.14,10.4,31.68,2.19,2208,Open-Meteo Air Quality API,2025-03-01/2025-05-31,3,aucun,0,1,séjour correct mais perfectible.
113,couple,bali,été,appartement,randonnée,6,4676.48,1480.3,pluie,25.53,3.21,49,18.92,92,-8.65,115.21667,Open-Meteo Historical Weather API,2025-06-01/2025-08-31,13.38,9.86,30.22,1.86,2208,Open-Meteo Air Quality API,2025-06-01/2025-08-31,2,aucun,0,1,séjour décevant.
114,solo,new york,printemps,hôtel,randonnée,9,6415.23,776.99,nuageux,12.04,4.75,36,17.46,92,40.71427,-74.00597,Open-Meteo Historical Weather API,2025-03-01/2025-05-31,11.88,11.05,41.24,1.07,2208,Open-Meteo Air Quality API,2025-03-01/2025-05-31,4,aucun,0,1,très bon séjour.
115,famille,rome,printemps,hôtel,gastronomie,17,6990.83,238.48,variable,15.22,3.55,32,13.85,92,41.89193,12.51133,Open-Meteo Historical Weather API,2025-03-01/2025-05-31,15.93,11.65,37.47,1.19,2208,Open-Meteo Air Quality API,2025-03-01/2025-05-31,3,aucun,0,1,séjour correct mais perfectible.
116,senior,rome,printemps,appartement,plage,20,3228.67,395.34,ensoleillé,15.22,3.55,32,13.85,92,41.89193,12.51133,Open-Meteo Historical Weather API,2025-03-01/2025-05-31,15.93,11.65,37.47,1.19,2208,Open-Meteo Air Quality API,2025-03-01/2025-05-31,2,retard_vol,1,1,séjour décevant.
117,business,sydney,hiver,hôtel,business,21,8870.89,1187.05,nuageux,22.44,3.42,39,20.67,90,-33.86785,151.20732,Open-Meteo Historical Weather API,2024-12-01/2025-02-28,12.57,9.86,34.15,2.24,2160,Open-Meteo Air Quality API,2024-12-01/2025-02-28,4,annulation,0,1,très bon séjour.
118,business,rome,été,appartement,business,10,2511.86,444.3,nuageux,27.22,1.32,16,14.95,92,41.89193,12.51133,Open-Meteo Historical Weather API,2025-06-01/2025-08-31,15.45,9.67,40.74,2.01,2208,Open-Meteo Air Quality API,2025-06-01/2025-08-31,3,aucun,0,1,séjour correct mais perfectible.
119,couple,new york,printemps,appartement,plage,12,7025.67,786.78,ensoleillé,12.04,4.75,36,17.46,92,40.71427,-74.00597,Open-Meteo Historical Weather API,2025-03-01/2025-05-31,11.88,11.05,41.24,1.07,2208,Open-Meteo Air Quality API,2025-03-01/2025-05-31,4,aucun,0,1,très bon séjour.
120,solo,lisbonne,été,appartement,business,12,1868.17,514.31,ensoleillé,23.39,0.06,1,17.22,92,38.72509,-9.1498,Open-Meteo Historical Weather API,2025-06-01/2025-08-31,19.54,10.92,32.89,2.16,2208,Open-Meteo Air Quality API,2025-06-01/2025-08-31,3,aucun,0,1,séjour correct mais perfectible.
121,solo,rome,hiver,hôtel,gastronomie,4,5110.98,446.98,ensoleillé,9.23,2.57,28,13.79,90,41.89193,12.51133,Open-Meteo Historical Weather API,2024-12-01/2025-02-28,20.56,17.01,40.29,0.27,2160,Open-Meteo Air Quality API,2024-12-01/2025-02-28,4,aucun,0,1,très bon séjour.
122,solo,new york,automne,appartement,randonnée,5,3559.39,1001.42,nuageux,13.97,3.07,25,15.38,91,40.71427,-74.00597,Open-Meteo Historical Weather API,2025-09-01/2025-11-30,11.7,11.28,42.27,0.76,2184,Open-Meteo Air Quality API,2025-09-01/2025-11-30,4,aucun,0,1,très bon séjour.
123,famille,sydney,été,hôtel,business,3,13797.6,1117.51,nuageux,12.22,4.06,27,18.74,92,-33.86785,151.20732,Open-Meteo Historical Weather API,2025-06-01/2025-08-31,10.19,9.26,31.56,0.49,2208,Open-Meteo Air Quality API,2025-06-01/2025-08-31,3,aucun,0,1,séjour correct mais perfectible.
124,couple,bali,automne,hôtel,gastronomie,17,7220.77,1086.85,ensoleillé,26.3,6.82,61,14.71,91,-8.65,115.21667,Open-Meteo Historical Weather API,2025-09-01/2025-11-30,14.48,11.69,32.66,2.5,2184,Open-Meteo Air Quality API,2025-09-01/2025-11-30,3,bagages,0,1,séjour correct mais perfectible.
125,famille,rome,hiver,hôtel,randonnée,7,3826.35,292.94,ensoleillé,9.23,2.57,28,13.79,90,41.89193,12.51133,Open-Meteo Historical Weather API,2024-12-01/2025-02-28,20.56,17.01,40.29,0.27,2160,Open-Meteo Air Quality API,2024-12-01/2025-02-28,3,aucun,0,1,séjour correct mais perfectible.
126,couple,rome,été,hôtel,business,16,4519.61,490.23,ensoleillé,27.22,1.32,16,14.95,92,41.89193,12.51133,Open-Meteo Historical Weather API,2025-06-01/2025-08-31,15.45,9.67,40.74,2.01,2208,Open-Meteo Air Quality API,2025-06-01/2025-08-31,2,aucun,0,1,séjour décevant.
127,couple,rome,automne,villa,culture,10,7293.1,365.3,ensoleillé,17.21,4.01,24,12.75,91,41.89193,12.51133,Open-Meteo Historical Weather API,2025-09-01/2025-11-30,13.51,9.22,34.28,0.79,2184,Open-Meteo Air Quality API,2025-09-01/2025-11-30,4,aucun,0,1,très bon séjour.
128,famille,dubaï,printemps,villa,plage,18,10777.09,861.44,ensoleillé,28.3,0.01,0,22.56,92,25.07725,55.30927,Open-Meteo Historical Weather API,2025-03-01/2025-05-31,70.72,36.99,63.06,2.2,2208,Open-Meteo Air Quality API,2025-03-01/2025-05-31,4,aucun,0,1,très bon séjour.
129,famille,lisbonne,hiver,hôtel,culture,5,4903.23,408.02,ensoleillé,12.63,2.92,26,17.53,90,38.72509,-9.1498,Open-Meteo Historical Weather API,2024-12-01/2025-02-28,19.66,13.91,36.49,0.38,2160,Open-Meteo Air Quality API,2024-12-01/2025-02-28,4,aucun,0,1,très bon séjour.
130,solo,lisbonne,printemps,appartement,culture,9,2506.98,449.41,variable,15.64,3.53,41,19.08,92,38.72509,-9.1498,Open-Meteo Historical Weather API,2025-03-01/2025-05-31,15.2,9.48,34.11,1.3,2208,Open-Meteo Air Quality API,2025-03-01/2025-05-31,4,annulation,1,1,très bon séjour.
131,famille,paris,printemps,resort,randonnée,6,8455.68,322.95,nuageux,12.44,1.18,26,14.07,92,48.85341,2.3488,Open-Meteo Historical Weather API,2025-03-01/2025-05-31,15.06,12.04,38.85,0.97,2208,Open-Meteo Air Quality API,2025-03-01/2025-05-31,3,aucun,0,1,séjour correct mais perfectible.
132,senior,bali,printemps,appartement,gastronomie,11,4812.3,938.92,ensoleillé,26.99,6.49,65,13.72,92,-8.65,115.21667,Open-Meteo Historical Weather API,2025-03-01/2025-05-31,12.14,10.4,31.68,2.19,2208,Open-Meteo Air Quality API,2025-03-01/2025-05-31,3,annulation,0,1,séjour correct mais perfectible.
133,solo,dubaï,printemps,appartement,business,13,2976.97,567.5,ensoleillé,28.3,0.01,0,22.56,92,25.07725,55.30927,Open-Meteo Historical Weather API,2025-03-01/2025-05-31,70.72,36.99,63.06,2.2,2208,Open-Meteo Air Quality API,2025-03-01/2025-05-31,2,aucun,0,1,séjour décevant.
134,couple,bali,printemps,resort,plage,6,7619.08,1204.95,ensoleillé,26.99,6.49,65,13.72,92,-8.65,115.21667,Open-Meteo Historical Weather API,2025-03-01/2025-05-31,12.14,10.4,31.68,2.19,2208,Open-Meteo Air Quality API,2025-03-01/2025-05-31,4,aucun,0,1,très bon séjour.
135,solo,tokyo,été,hôtel,culture,15,5683.95,1642.7,ensoleillé,27.71,2.91,31,13.49,92,35.6895,139.69171,Open-Meteo Historical Weather API,2025-06-01/2025-08-31,24.0,22.42,51.6,1.83,2208,Open-Meteo Air Quality API,2025-06-01/2025-08-31,3,aucun,0,1,séjour correct mais perfectible.
136,famille,rome,hiver,hôtel,business,21,2904.04,483.4,nuageux,9.23,2.57,28,13.79,90,41.89193,12.51133,Open-Meteo Historical Weather API,2024-12-01/2025-02-28,20.56,17.01,40.29,0.27,2160,Open-Meteo Air Quality API,2024-12-01/2025-02-28,3,aucun,0,1,séjour correct mais perfectible.
137,senior,rome,printemps,resort,business,3,5296.36,419.64,variable,15.22,3.55,32,13.85,92,41.89193,12.51133,Open-Meteo Historical Weather API,2025-03-01/2025-05-31,15.93,11.65,37.47,1.19,2208,Open-Meteo Air Quality API,2025-03-01/2025-05-31,3,aucun,0,1,séjour correct mais perfectible.
138,couple,tokyo,été,villa,randonnée,4,10785.32,1196.9,nuageux,27.71,2.91,31,13.49,92,35.6895,139.69171,Open-Meteo Historical Weather API,2025-06-01/2025-08-31,24.0,22.42,51.6,1.83,2208,Open-Meteo Air Quality API,2025-06-01/2025-08-31,4,aucun,0,1,très bon séjour.
139,business,paris,hiver,resort,randonnée,21,5807.28,348.03,nuageux,4.95,2.61,35,15.72,90,48.85341,2.3488,Open-Meteo Historical Weather API,2024-12-01/2025-02-28,20.98,17.57,45.01,0.13,2160,Open-Meteo Air Quality API,2024-12-01/2025-02-28,2,aucun,0,1,séjour décevant.
140,famille,bali,printemps,hôtel,business,15,6607.65,1569.52,ensoleillé,26.99,6.49,65,13.72,92,-8.65,115.21667,Open-Meteo Historical Weather API,2025-03-01/2025-05-31,12.14,10.4,31.68,2.19,2208,Open-Meteo Air Quality API,2025-03-01/2025-05-31,4,aucun,0,1,très bon séjour.
141,couple,lisbonne,hiver,hôtel,gastronomie,20,3353.02,464.38,pluie,12.63,2.92,26,17.53,90,38.72509,-9.1498,Open-Meteo Historical Weather API,2024-12-01/2025-02-28,19.66,13.91,36.49,0.38,2160,Open-Meteo Air Quality API,2024-12-01/2025-02-28,2,aucun,0,1,séjour décevant.
142,couple,paris,hiver,villa,gastronomie,16,10741.64,366.38,variable,4.95,2.61,35,15.72,90,48.85341,2.3488,Open-Meteo Historical Weather API,2024-12-01/2025-02-28,20.98,17.57,45.01,0.13,2160,Open-Meteo Air Quality API,2024-12-01/2025-02-28,3,aucun,0,1,séjour correct mais perfectible.
143,senior,new york,printemps,hôtel,gastronomie,16,7171.23,866.79,ensoleillé,12.04,4.75,36,17.46,92,40.71427,-74.00597,Open-Meteo Historical Weather API,2025-03-01/2025-05-31,11.88,11.05,41.24,1.07,2208,Open-Meteo Air Quality API,2025-03-01/2025-05-31,3,aucun,0,1,séjour correct mais perfectible.
144,solo,dubaï,hiver,appartement,gastronomie,5,4929.79,737.72,variable,20.21,0.09,2,19.57,90,25.07725,55.30927,Open-Meteo Historical Weather API,2024-12-01/2025-02-28,59.55,32.47,55.0,1.03,2160,Open-Meteo Air Quality API,2024-12-01/2025-02-28,2,météo,0,1,séjour décevant.
145,couple,paris,printemps,appartement,culture,12,4153.48,381.14,ensoleillé,12.44,1.18,26,14.07,92,48.85341,2.3488,Open-Meteo Historical Weather API,2025-03-01/2025-05-31,15.06,12.04,38.85,0.97,2208,Open-Meteo Air Quality API,2025-03-01/2025-05-31,4,aucun,0,1,très bon séjour.
146,couple,sydney,automne,hôtel,gastronomie,9,4819.45,1203.31,pluie,19.17,1.74,22,21.07,91,-33.86785,151.20732,Open-Meteo Historical Weather API,2025-09-01/2025-11-30,10.98,9.17,34.45,1.63,2184,Open-Meteo Air Quality API,2025-09-01/2025-11-30,4,aucun,0,1,très bon séjour.
147,couple,new york,automne,hôtel,randonnée,18,8264.99,720.86,ensoleillé,13.97,3.07,25,15.38,91,40.71427,-74.00597,Open-Meteo Historical Weather API,2025-09-01/2025-11-30,11.7,11.28,42.27,0.76,2184,Open-Meteo Air Quality API,2025-09-01/2025-11-30,3,aucun,0,1,séjour correct mais perfectible.
148,solo,tokyo,hiver,hôtel,gastronomie,3,4679.65,1245.09,pluie,6.08,0.56,8,14.28,90,35.6895,139.69171,Open-Meteo Historical Weather API,2024-12-01/2025-02-28,31.02,30.0,55.43,0.51,2160,Open-Meteo Air Quality API,2024-12-01/2025-02-28,3,aucun,0,1,séjour correct mais perfectible.
149,couple,paris,printemps,hôtel,culture,3,4816.07,351.38,ensoleillé,12.44,1.18,26,14.07,92,48.85341,2.3488,Open-Meteo Historical Weather API,2025-03-01/2025-05-31,15.06,12.04,38.85,0.97,2208,Open-Meteo Air Quality API,2025-03-01/2025-05-31,3,aucun,0,1,séjour correct mais perfectible.
150,famille,sydney,printemps,appartement,business,13,5941.31,1522.0,nuageux,19.13,4.44,49,17.74,92,-33.86785,151.20732,Open-Meteo Historical Weather API,2025-03-01/2025-05-31,11.25,9.25,31.84,1.01,2208,Open-Meteo Air Quality API,2025-03-01/2025-05-31,3,aucun,0,1,séjour correct mais perfectible.
151,business,paris,automne,appartement,gastronomie,21,5415.33,453.71,nuageux,12.33,2.12,33,16.01,91,48.85341,2.3488,Open-Meteo Historical Weather API,2025-09-01/2025-11-30,12.19,8.6,34.88,0.44,2184,Open-Meteo Air Quality API,2025-09-01/2025-11-30,2,aucun,0,1,séjour décevant.
152,senior,dubaï,automne,hôtel,culture,21,7973.83,765.6,nuageux,29.44,0.0,0,20.09,91,25.07725,55.30927,Open-Meteo Historical Weather API,2025-09-01/2025-11-30,80.53,41.8,60.89,1.56,2184,Open-Meteo Air Quality API,2025-09-01/2025-11-30,3,aucun,0,1,séjour correct mais perfectible.
153,famille,tokyo,hiver,resort,gastronomie,14,13166.84,1117.77,pluie,6.08,0.56,8,14.28,90,35.6895,139.69171,Open-Meteo Historical Weather API,2024-12-01/2025-02-28,31.02,30.0,55.43,0.51,2160,Open-Meteo Air Quality API,2024-12-01/2025-02-28,2,aucun,0,1,séjour décevant.
154,solo,lisbonne,hiver,hôtel,culture,11,3496.51,598.9,ensoleillé,12.63,2.92,26,17.53,90,38.72509,-9.1498,Open-Meteo Historical Weather API,2024-12-01/2025-02-28,19.66,13.91,36.49,0.38,2160,Open-Meteo Air Quality API,2024-12-01/2025-02-28,3,aucun,0,1,séjour correct mais perfectible.
155,famille,paris,printemps,hôtel,randonnée,8,8253.3,363.04,nuageux,12.44,1.18,26,14.07,92,48.85341,2.3488,Open-Meteo Historical Weather API,2025-03-01/2025-05-31,15.06,12.04,38.85,0.97,2208,Open-Meteo Air Quality API,2025-03-01/2025-05-31,3,aucun,0,1,séjour correct mais perfectible.
156,solo,new york,automne,appartement,gastronomie,21,2337.59,683.15,ensoleillé,13.97,3.07,25,15.38,91,40.71427,-74.00597,Open-Meteo Historical Weather API,2025-09-01/2025-11-30,11.7,11.28,42.27,0.76,2184,Open-Meteo Air Quality API,2025-09-01/2025-11-30,2,bagages,1,1,séjour décevant.
157,couple,paris,automne,appartement,plage,6,3144.29,332.28,pluie,12.33,2.12,33,16.01,91,48.85341,2.3488,Open-Meteo Historical Weather API,2025-09-01/2025-11-30,12.19,8.6,34.88,0.44,2184,Open-Meteo Air Quality API,2025-09-01/2025-11-30,3,aucun,0,1,séjour correct mais perfectible.
158,solo,new york,hiver,appartement,randonnée,5,2559.87,1087.41,ensoleillé,-0.0,2.34,32,16.49,90,40.71427,-74.00597,Open-Meteo Historical Weather API,2024-12-01/2025-02-28,14.23,13.56,43.36,0.34,2160,Open-Meteo Air Quality API,2024-12-01/2025-02-28,2,aucun,0,0,séjour décevant.
159,business,sydney,été,hôtel,culture,12,11675.0,1176.65,ensoleillé,12.22,4.06,27,18.74,92,-33.86785,151.20732,Open-Meteo Historical Weather API,2025-06-01/2025-08-31,10.19,9.26,31.56,0.49,2208,Open-Meteo Air Quality API,2025-06-01/2025-08-31,3,aucun,0,1,séjour correct mais perfectible.
160,business,lisbonne,hiver,resort,plage,10,4767.31,328.53,nuageux,12.63,2.92,26,17.53,90,38.72509,-9.1498,Open-Meteo Historical Weather API,2024-12-01/2025-02-28,19.66,13.91,36.49,0.38,2160,Open-Meteo Air Quality API,2024-12-01/2025-02-28,3,aucun,0,1,séjour correct mais perfectible.
161,famille,rome,été,resort,randonnée,12,5516.03,636.75,variable,27.22,1.32,16,14.95,92,41.89193,12.51133,Open-Meteo Historical Weather API,2025-06-01/2025-08-31,15.45,9.67,40.74,2.01,2208,Open-Meteo Air Quality API,2025-06-01/2025-08-31,3,bagages,1,1,séjour correct mais perfectible.
162,senior,rome,automne,villa,culture,20,5641.0,428.0,pluie,17.21,4.01,24,12.75,91,41.89193,12.51133,Open-Meteo Historical Weather API,2025-09-01/2025-11-30,13.51,9.22,34.28,0.79,2184,Open-Meteo Air Quality API,2025-09-01/2025-11-30,3,aucun,0,1,séjour correct mais perfectible.
163,famille,rome,printemps,appartement,business,8,4396.18,441.07,ensoleillé,15.22,3.55,32,13.85,92,41.89193,12.51133,Open-Meteo Historical Weather API,2025-03-01/2025-05-31,15.93,11.65,37.47,1.19,2208,Open-Meteo Air Quality API,2025-03-01/2025-05-31,4,retard_vol,1,1,très bon séjour.
164,famille,paris,hiver,villa,gastronomie,19,5837.57,417.62,pluie,4.95,2.61,35,15.72,90,48.85341,2.3488,Open-Meteo Historical Weather API,2024-12-01/2025-02-28,20.98,17.57,45.01,0.13,2160,Open-Meteo Air Quality API,2024-12-01/2025-02-28,3,aucun,0,1,séjour correct mais perfectible.
165,solo,rome,été,hôtel,gastronomie,7,2238.56,462.49,ensoleillé,27.22,1.32,16,14.95,92,41.89193,12.51133,Open-Meteo Historical Weather API,2025-06-01/2025-08-31,15.45,9.67,40.74,2.01,2208,Open-Meteo Air Quality API,2025-06-01/2025-08-31,3,aucun,0,1,séjour correct mais perfectible.
166,couple,tokyo,printemps,resort,gastronomie,9,9502.71,772.43,ensoleillé,14.52,6.04,44,15.33,92,35.6895,139.69171,Open-Meteo Historical Weather API,2025-03-01/2025-05-31,29.58,26.1,53.35,1.05,2208,Open-Meteo Air Quality API,2025-03-01/2025-05-31,4,aucun,0,1,très bon séjour.
167,business,lisbonne,automne,appartement,culture,3,4663.14,285.0,nuageux,18.72,2.83,21,17.54,91,38.72509,-9.1498,Open-Meteo Historical Weather API,2025-09-01/2025-11-30,15.83,9.72,31.17,0.9,2184,Open-Meteo Air Quality API,2025-09-01/2025-11-30,3,aucun,0,1,séjour correct mais perfectible.
168,business,sydney,printemps,hôtel,gastronomie,15,10192.73,1436.14,pluie,19.13,4.44,49,17.74,92,-33.86785,151.20732,Open-Meteo Historical Weather API,2025-03-01/2025-05-31,11.25,9.25,31.84,1.01,2208,Open-Meteo Air Quality API,2025-03-01/2025-05-31,3,aucun,0,1,séjour correct mais perfectible.
169,couple,sydney,automne,resort,plage,19,8464.81,1360.64,variable,19.17,1.74,22,21.07,91,-33.86785,151.20732,Open-Meteo Historical Weather API,2025-09-01/2025-11-30,10.98,9.17,34.45,1.63,2184,Open-Meteo Air Quality API,2025-09-01/2025-11-30,2,retard_vol,0,1,séjour décevant.
170,senior,sydney,printemps,resort,gastronomie,19,5135.5,1137.94,variable,19.13,4.44,49,17.74,92,-33.86785,151.20732,Open-Meteo Historical Weather API,2025-03-01/2025-05-31,11.25,9.25,31.84,1.01,2208,Open-Meteo Air Quality API,2025-03-01/2025-05-31,3,aucun,0,1,séjour correct mais perfectible.
171,couple,new york,hiver,villa,randonnée,6,12628.11,672.7,ensoleillé,-0.0,2.34,32,16.49,90,40.71427,-74.00597,Open-Meteo Historical Weather API,2024-12-01/2025-02-28,14.23,13.56,43.36,0.34,2160,Open-Meteo Air Quality API,2024-12-01/2025-02-28,3,aucun,0,1,séjour correct mais perfectible.
172,solo,lisbonne,printemps,hôtel,culture,17,2172.34,361.49,ensoleillé,15.64,3.53,41,19.08,92,38.72509,-9.1498,Open-Meteo Historical Weather API,2025-03-01/2025-05-31,15.2,9.48,34.11,1.3,2208,Open-Meteo Air Quality API,2025-03-01/2025-05-31,2,aucun,0,1,séjour décevant.
173,couple,dubaï,hiver,villa,plage,5,7370.98,840.68,variable,20.21,0.09,2,19.57,90,25.07725,55.30927,Open-Meteo Historical Weather API,2024-12-01/2025-02-28,59.55,32.47,55.0,1.03,2160,Open-Meteo Air Quality API,2024-12-01/2025-02-28,4,aucun,0,1,très bon séjour.
174,senior,rome,printemps,hôtel,culture,14,2543.44,382.3,ensoleillé,15.22,3.55,32,13.85,92,41.89193,12.51133,Open-Meteo Historical Weather API,2025-03-01/2025-05-31,15.93,11.65,37.47,1.19,2208,Open-Meteo Air Quality API,2025-03-01/2025-05-31,3,aucun,0,1,séjour correct mais perfectible.
175,famille,bali,été,resort,plage,16,6090.78,1195.13,ensoleillé,25.53,3.21,49,18.92,92,-8.65,115.21667,Open-Meteo Historical Weather API,2025-06-01/2025-08-31,13.38,9.86,30.22,1.86,2208,Open-Meteo Air Quality API,2025-06-01/2025-08-31,3,aucun,0,1,séjour correct mais perfectible.
176,famille,bali,hiver,resort,business,5,7027.8,903.56,variable,26.28,11.89,84,14.7,90,-8.65,115.21667,Open-Meteo Historical Weather API,2024-12-01/2025-02-28,12.8,11.67,33.02,1.96,2160,Open-Meteo Air Quality API,2024-12-01/2025-02-28,3,aucun,0,1,séjour correct mais perfectible.
177,couple,tokyo,hiver,hôtel,culture,5,7200.64,980.56,ensoleillé,6.08,0.56,8,14.28,90,35.6895,139.69171,Open-Meteo Historical Weather API,2024-12-01/2025-02-28,31.02,30.0,55.43,0.51,2160,Open-Meteo Air Quality API,2024-12-01/2025-02-28,3,aucun,0,1,séjour correct mais perfectible.
178,senior,new york,hiver,villa,plage,4,7280.57,901.73,nuageux,-0.0,2.34,32,16.49,90,40.71427,-74.00597,Open-Meteo Historical Weather API,2024-12-01/2025-02-28,14.23,13.56,43.36,0.34,2160,Open-Meteo Air Quality API,2024-12-01/2025-02-28,3,aucun,0,1,séjour correct mais perfectible.
179,senior,sydney,hiver,villa,business,16,11756.99,1794.95,variable,22.44,3.42,39,20.67,90,-33.86785,151.20732,Open-Meteo Historical Weather API,2024-12-01/2025-02-28,12.57,9.86,34.15,2.24,2160,Open-Meteo Air Quality API,2024-12-01/2025-02-28,3,aucun,0,1,séjour correct mais perfectible.
180,business,dubaï,automne,villa,gastronomie,14,11656.76,727.44,pluie,29.44,0.0,0,20.09,91,25.07725,55.30927,Open-Meteo Historical Weather API,2025-09-01/2025-11-30,80.53,41.8,60.89,1.56,2184,Open-Meteo Air Quality API,2025-09-01/2025-11-30,3,aucun,0,1,séjour correct mais perfectible.
181,senior,bali,automne,villa,culture,5,12715.42,1138.89,variable,26.3,6.82,61,14.71,91,-8.65,115.21667,Open-Meteo Historical Weather API,2025-09-01/2025-11-30,14.48,11.69,32.66,2.5,2184,Open-Meteo Air Quality API,2025-09-01/2025-11-30,4,aucun,0,1,très bon séjour.
182,senior,sydney,hiver,appartement,plage,12,3992.52,1501.93,pluie,22.44,3.42,39,20.67,90,-33.86785,151.20732,Open-Meteo Historical Weather API,2024-12-01/2025-02-28,12.57,9.86,34.15,2.24,2160,Open-Meteo Air Quality API,2024-12-01/2025-02-28,2,aucun,0,0,séjour décevant.
183,solo,rome,été,resort,plage,18,4007.48,597.54,ensoleillé,27.22,1.32,16,14.95,92,41.89193,12.51133,Open-Meteo Historical Weather API,2025-06-01/2025-08-31,15.45,9.67,40.74,2.01,2208,Open-Meteo Air Quality API,2025-06-01/2025-08-31,2,annulation,0,1,séjour décevant.
184,couple,dubaï,été,appartement,business,7,5789.46,740.11,nuageux,35.27,0.0,0,22.79,92,25.07725,55.30927,Open-Meteo Historical Weather API,2025-06-01/2025-08-31,128.17,54.13,71.91,2.19,2208,Open-Meteo Air Quality API,2025-06-01/2025-08-31,3,aucun,0,1,séjour correct mais perfectible.
185,business,rome,automne,hôtel,gastronomie,14,4156.37,636.47,pluie,17.21,4.01,24,12.75,91,41.89193,12.51133,Open-Meteo Historical Weather API,2025-09-01/2025-11-30,13.51,9.22,34.28,0.79,2184,Open-Meteo Air Quality API,2025-09-01/2025-11-30,2,aucun,0,1,séjour décevant.
186,solo,sydney,printemps,appartement,culture,8,4942.73,1294.29,variable,19.13,4.44,49,17.74,92,-33.86785,151.20732,Open-Meteo Historical Weather API,2025-03-01/2025-05-31,11.25,9.25,31.84,1.01,2208,Open-Meteo Air Quality API,2025-03-01/2025-05-31,4,aucun,0,1,très bon séjour.
187,couple,bali,printemps,resort,business,7,9062.16,1198.93,nuageux,26.99,6.49,65,13.72,92,-8.65,115.21667,Open-Meteo Historical Weather API,2025-03-01/2025-05-31,12.14,10.4,31.68,2.19,2208,Open-Meteo Air Quality API,2025-03-01/2025-05-31,4,aucun,0,1,très bon séjour.
188,famille,dubaï,printemps,appartement,gastronomie,10,6548.52,769.47,nuageux,28.3,0.01,0,22.56,92,25.07725,55.30927,Open-Meteo Historical Weather API,2025-03-01/2025-05-31,70.72,36.99,63.06,2.2,2208,Open-Meteo Air Quality API,2025-03-01/2025-05-31,3,retard_vol,0,1,séjour correct mais perfectible.
189,business,rome,automne,hôtel,randonnée,9,7012.13,478.02,nuageux,17.21,4.01,24,12.75,91,41.89193,12.51133,Open-Meteo Historical Weather API,2025-09-01/2025-11-30,13.51,9.22,34.28,0.79,2184,Open-Meteo Air Quality API,2025-09-01/2025-11-30,4,aucun,0,1,très bon séjour.
190,couple,bali,été,hôtel,business,12,3229.63,1729.59,ensoleillé,25.53,3.21,49,18.92,92,-8.65,115.21667,Open-Meteo Historical Weather API,2025-06-01/2025-08-31,13.38,9.86,30.22,1.86,2208,Open-Meteo Air Quality API,2025-06-01/2025-08-31,1,aucun,0,0,très mauvaise expérience.
191,senior,dubaï,printemps,hôtel,plage,6,5263.02,625.67,variable,28.3,0.01,0,22.56,92,25.07725,55.30927,Open-Meteo Historical Weather API,2025-03-01/2025-05-31,70.72,36.99,63.06,2.2,2208,Open-Meteo Air Quality API,2025-03-01/2025-05-31,2,annulation,0,1,séjour décevant.
192,famille,paris,printemps,resort,gastronomie,10,9900.73,399.35,variable,12.44,1.18,26,14.07,92,48.85341,2.3488,Open-Meteo Historical Weather API,2025-03-01/2025-05-31,15.06,12.04,38.85,0.97,2208,Open-Meteo Air Quality API,2025-03-01/2025-05-31,3,aucun,0,1,séjour correct mais perfectible.
193,famille,lisbonne,été,hôtel,business,14,4970.67,461.68,ensoleillé,23.39,0.06,1,17.22,92,38.72509,-9.1498,Open-Meteo Historical Weather API,2025-06-01/2025-08-31,19.54,10.92,32.89,2.16,2208,Open-Meteo Air Quality API,2025-06-01/2025-08-31,2,aucun,0,1,séjour décevant.
194,business,paris,automne,hôtel,randonnée,10,7272.93,411.91,variable,12.33,2.12,33,16.01,91,48.85341,2.3488,Open-Meteo Historical Weather API,2025-09-01/2025-11-30,12.19,8.6,34.88,0.44,2184,Open-Meteo Air Quality API,2025-09-01/2025-11-30,2,bagages,1,1,séjour décevant.
195,famille,lisbonne,printemps,hôtel,randonnée,15,5263.21,365.29,ensoleillé,15.64,3.53,41,19.08,92,38.72509,-9.1498,Open-Meteo Historical Weather API,2025-03-01/2025-05-31,15.2,9.48,34.11,1.3,2208,Open-Meteo Air Quality API,2025-03-01/2025-05-31,3,aucun,0,1,séjour correct mais perfectible.
196,famille,bali,été,resort,gastronomie,5,5154.61,1271.41,pluie,25.53,3.21,49,18.92,92,-8.65,115.21667,Open-Meteo Historical Weather API,2025-06-01/2025-08-31,13.38,9.86,30.22,1.86,2208,Open-Meteo Air Quality API,2025-06-01/2025-08-31,3,aucun,0,1,séjour correct mais perfectible.
197,solo,new york,printemps,hôtel,plage,5,6091.38,962.01,nuageux,12.04,4.75,36,17.46,92,40.71427,-74.00597,Open-Meteo Historical Weather API,2025-03-01/2025-05-31,11.88,11.05,41.24,1.07,2208,Open-Meteo Air Quality API,2025-03-01/2025-05-31,3,aucun,0,1,séjour correct mais perfectible.
198,senior,lisbonne,printemps,appartement,plage,19,3461.08,404.49,nuageux,15.64,3.53,41,19.08,92,38.72509,-9.1498,Open-Meteo Historical Weather API,2025-03-01/2025-05-31,15.2,9.48,34.11,1.3,2208,Open-Meteo Air Quality API,2025-03-01/2025-05-31,2,aucun,0,1,séjour décevant.
199,famille,rome,été,hôtel,randonnée,11,4228.4,452.6,nuageux,27.22,1.32,16,14.95,92,41.89193,12.51133,Open-Meteo Historical Weather API,2025-06-01/2025-08-31,15.45,9.67,40.74,2.01,2208,Open-Meteo Air Quality API,2025-06-01/2025-08-31,3,aucun,0,1,séjour correct mais perfectible.
200,couple,rome,été,resort,business,14,8484.07,659.61,nuageux,27.22,1.32,16,14.95,92,41.89193,12.51133,Open-Meteo Historical Weather API,2025-06-01/2025-08-31,15.45,9.67,40.74,2.01,2208,Open-Meteo Air Quality API,2025-06-01/2025-08-31,4,aucun,0,1,très bon séjour.
201,business,dubaï,automne,hôtel,randonnée,17,8867.17,792.3,variable,29.44,0.0,0,20.09,91,25.07725,55.30927,Open-Meteo Historical Weather API,2025-09-01/2025-11-30,80.53,41.8,60.89,1.56,2184,Open-Meteo Air Quality API,2025-09-01/2025-11-30,2,aucun,0,1,séjour décevant.
202,senior,dubaï,printemps,resort,culture,5,4179.55,690.65,ensoleillé,28.3,0.01,0,22.56,92,25.07725,55.30927,Open-Meteo Historical Weather API,2025-03-01/2025-05-31,70.72,36.99,63.06,2.2,2208,Open-Meteo Air Quality API,2025-03-01/2025-05-31,4,aucun,0,1,très bon séjour.
203,solo,rome,printemps,resort,gastronomie,21,4194.61,412.07,variable,15.22,3.55,32,13.85,92,41.89193,12.51133,Open-Meteo Historical Weather API,2025-03-01/2025-05-31,15.93,11.65,37.47,1.19,2208,Open-Meteo Air Quality API,2025-03-01/2025-05-31,3,aucun,0,1,séjour correct mais perfectible.
204,famille,rome,printemps,resort,culture,11,5202.33,479.49,ensoleillé,15.22,3.55,32,13.85,92,41.89193,12.51133,Open-Meteo Historical Weather API,2025-03-01/2025-05-31,15.93,11.65,37.47,1.19,2208,Open-Meteo Air Quality API,2025-03-01/2025-05-31,4,annulation,1,1,très bon séjour.
205,famille,paris,hiver,resort,randonnée,19,9390.83,391.61,ensoleillé,4.95,2.61,35,15.72,90,48.85341,2.3488,Open-Meteo Historical Weather API,2024-12-01/2025-02-28,20.98,17.57,45.01,0.13,2160,Open-Meteo Air Quality API,2024-12-01/2025-02-28,2,aucun,0,1,séjour décevant.
206,famille,dubaï,printemps,resort,business,10,10953.35,499.15,nuageux,28.3,0.01,0,22.56,92,25.07725,55.30927,Open-Meteo Historical Weather API,2025-03-01/2025-05-31,70.72,36.99,63.06,2.2,2208,Open-Meteo Air Quality API,2025-03-01/2025-05-31,4,aucun,0,1,très bon séjour.
207,famille,tokyo,hiver,hôtel,randonnée,10,7590.32,1121.0,pluie,6.08,0.56,8,14.28,90,35.6895,139.69171,Open-Meteo Historical Weather API,2024-12-01/2025-02-28,31.02,30.0,55.43,0.51,2160,Open-Meteo Air Quality API,2024-12-01/2025-02-28,2,météo,0,1,séjour décevant.
208,solo,sydney,printemps,resort,culture,14,9819.38,1452.7,variable,19.13,4.44,49,17.74,92,-33.86785,151.20732,Open-Meteo Historical Weather API,2025-03-01/2025-05-31,11.25,9.25,31.84,1.01,2208,Open-Meteo Air Quality API,2025-03-01/2025-05-31,3,aucun,0,1,séjour correct mais perfectible.
209,famille,lisbonne,hiver,hôtel,business,6,4995.65,219.09,nuageux,12.63,2.92,26,17.53,90,38.72509,-9.1498,Open-Meteo Historical Weather API,2024-12-01/2025-02-28,19.66,13.91,36.49,0.38,2160,Open-Meteo Air Quality API,2024-12-01/2025-02-28,4,aucun,0,1,très bon séjour.
210,solo,tokyo,printemps,appartement,gastronomie,14,3669.76,1087.08,ensoleillé,14.52,6.04,44,15.33,92,35.6895,139.69171,Open-Meteo Historical Weather API,2025-03-01/2025-05-31,29.58,26.1,53.35,1.05,2208,Open-Meteo Air Quality API,2025-03-01/2025-05-31,2,aucun,0,1,séjour décevant.
211,business,paris,été,resort,culture,21,7853.22,464.64,ensoleillé,21.05,2.58,30,14.41,92,48.85341,2.3488,Open-Meteo Historical Weather API,2025-06-01/2025-08-31,10.28,6.83,31.49,1.5,2208,Open-Meteo Air Quality API,2025-06-01/2025-08-31,3,aucun,0,1,séjour correct mais perfectible.
212,solo,tokyo,printemps,appartement,plage,15,4997.31,1159.79,variable,14.52,6.04,44,15.33,92,35.6895,139.69171,Open-Meteo Historical Weather API,2025-03-01/2025-05-31,29.58,26.1,53.35,1.05,2208,Open-Meteo Air Quality API,2025-03-01/2025-05-31,2,retard_vol,1,1,séjour décevant.
213,famille,new york,été,resort,gastronomie,4,9520.57,1147.87,variable,24.52,2.28,32,14.21,92,40.71427,-74.00597,Open-Meteo Historical Weather API,2025-06-01/2025-08-31,18.13,17.43,51.89,1.61,2208,Open-Meteo Air Quality API,2025-06-01/2025-08-31,4,annulation,0,1,très bon séjour.
214,business,lisbonne,automne,hôtel,randonnée,16,4168.94,357.59,variable,18.72,2.83,21,17.54,91,38.72509,-9.1498,Open-Meteo Historical Weather API,2025-09-01/2025-11-30,15.83,9.72,31.17,0.9,2184,Open-Meteo Air Quality API,2025-09-01/2025-11-30,2,météo,0,1,séjour décevant.
215,business,tokyo,été,hôtel,business,3,9576.76,1007.08,ensoleillé,27.71,2.91,31,13.49,92,35.6895,139.69171,Open-Meteo Historical Weather API,2025-06-01/2025-08-31,24.0,22.42,51.6,1.83,2208,Open-Meteo Air Quality API,2025-06-01/2025-08-31,4,aucun,0,1,très bon séjour.
216,business,tokyo,hiver,hôtel,business,4,7272.48,709.85,variable,6.08,0.56,8,14.28,90,35.6895,139.69171,Open-Meteo Historical Weather API,2024-12-01/2025-02-28,31.02,30.0,55.43,0.51,2160,Open-Meteo Air Quality API,2024-12-01/2025-02-28,3,aucun,0,1,séjour correct mais perfectible.
217,famille,bali,printemps,resort,culture,8,4534.61,1376.09,ensoleillé,26.99,6.49,65,13.72,92,-8.65,115.21667,Open-Meteo Historical Weather API,2025-03-01/2025-05-31,12.14,10.4,31.68,2.19,2208,Open-Meteo Air Quality API,2025-03-01/2025-05-31,3,aucun,0,1,séjour correct mais perfectible.
218,famille,rome,été,appartement,business,8,4268.23,598.2,variable,27.22,1.32,16,14.95,92,41.89193,12.51133,Open-Meteo Historical Weather API,2025-06-01/2025-08-31,15.45,9.67,40.74,2.01,2208,Open-Meteo Air Quality API,2025-06-01/2025-08-31,3,aucun,0,1,séjour correct mais perfectible.
219,senior,paris,été,appartement,business,3,2278.34,499.87,ensoleillé,21.05,2.58,30,14.41,92,48.85341,2.3488,Open-Meteo Historical Weather API,2025-06-01/2025-08-31,10.28,6.83,31.49,1.5,2208,Open-Meteo Air Quality API,2025-06-01/2025-08-31,3,aucun,0,1,séjour correct mais perfectible.
220,couple,dubaï,hiver,resort,culture,3,6643.02,608.63,nuageux,20.21,0.09,2,19.57,90,25.07725,55.30927,Open-Meteo Historical Weather API,2024-12-01/2025-02-28,59.55,32.47,55.0,1.03,2160,Open-Meteo Air Quality API,2024-12-01/2025-02-28,4,aucun,0,1,très bon séjour.
221,couple,lisbonne,printemps,hôtel,gastronomie,17,2196.91,434.98,nuageux,15.64,3.53,41,19.08,92,38.72509,-9.1498,Open-Meteo Historical Weather API,2025-03-01/2025-05-31,15.2,9.48,34.11,1.3,2208,Open-Meteo Air Quality API,2025-03-01/2025-05-31,2,annulation,1,1,séjour décevant.
222,couple,lisbonne,été,appartement,randonnée,11,1881.43,327.12,nuageux,23.39,0.06,1,17.22,92,38.72509,-9.1498,Open-Meteo Historical Weather API,2025-06-01/2025-08-31,19.54,10.92,32.89,2.16,2208,Open-Meteo Air Quality API,2025-06-01/2025-08-31,2,aucun,0,1,séjour décevant.
223,solo,tokyo,printemps,hôtel,business,6,5985.26,885.67,ensoleillé,14.52,6.04,44,15.33,92,35.6895,139.69171,Open-Meteo Historical Weather API,2025-03-01/2025-05-31,29.58,26.1,53.35,1.05,2208,Open-Meteo Air Quality API,2025-03-01/2025-05-31,4,aucun,0,1,très bon séjour.
224,senior,lisbonne,été,hôtel,plage,11,3252.74,458.57,ensoleillé,23.39,0.06,1,17.22,92,38.72509,-9.1498,Open-Meteo Historical Weather API,2025-06-01/2025-08-31,19.54,10.92,32.89,2.16,2208,Open-Meteo Air Quality API,2025-06-01/2025-08-31,3,aucun,0,1,séjour correct mais perfectible.
225,couple,bali,hiver,appartement,plage,16,4794.98,1287.28,pluie,26.28,11.89,84,14.7,90,-8.65,115.21667,Open-Meteo Historical Weather API,2024-12-01/2025-02-28,12.8,11.67,33.02,1.96,2160,Open-Meteo Air Quality API,2024-12-01/2025-02-28,3,retard_vol,1,1,séjour correct mais perfectible.
226,senior,tokyo,printemps,hôtel,business,16,5129.82,1367.33,variable,14.52,6.04,44,15.33,92,35.6895,139.69171,Open-Meteo Historical Weather API,2025-03-01/2025-05-31,29.58,26.1,53.35,1.05,2208,Open-Meteo Air Quality API,2025-03-01/2025-05-31,1,aucun,0,1,très mauvaise expérience.
227,famille,new york,automne,hôtel,plage,8,7085.31,813.27,pluie,13.97,3.07,25,15.38,91,40.71427,-74.00597,Open-Meteo Historical Weather API,2025-09-01/2025-11-30,11.7,11.28,42.27,0.76,2184,Open-Meteo Air Quality API,2025-09-01/2025-11-30,3,aucun,0,1,séjour correct mais perfectible.
228,solo,tokyo,printemps,hôtel,plage,6,5925.19,886.37,ensoleillé,14.52,6.04,44,15.33,92,35.6895,139.69171,Open-Meteo Historical Weather API,2025-03-01/2025-05-31,29.58,26.1,53.35,1.05,2208,Open-Meteo Air Quality API,2025-03-01/2025-05-31,3,aucun,0,1,séjour correct mais perfectible.
229,solo,paris,été,resort,gastronomie,21,4626.37,344.82,nuageux,21.05,2.58,30,14.41,92,48.85341,2.3488,Open-Meteo Historical Weather API,2025-06-01/2025-08-31,10.28,6.83,31.49,1.5,2208,Open-Meteo Air Quality API,2025-06-01/2025-08-31,3,aucun,0,1,séjour correct mais perfectible.
230,famille,bali,printemps,hôtel,gastronomie,14,8420.45,1007.62,ensoleillé,26.99,6.49,65,13.72,92,-8.65,115.21667,Open-Meteo Historical Weather API,2025-03-01/2025-05-31,12.14,10.4,31.68,2.19,2208,Open-Meteo Air Quality API,2025-03-01/2025-05-31,3,aucun,0,1,séjour correct mais perfectible.
231,famille,bali,printemps,appartement,plage,21,7087.95,1609.75,ensoleillé,26.99,6.49,65,13.72,92,-8.65,115.21667,Open-Meteo Historical Weather API,2025-03-01/2025-05-31,12.14,10.4,31.68,2.19,2208,Open-Meteo Air Quality API,2025-03-01/2025-05-31,3,bagages,1,1,séjour correct mais perfectible.
232,couple,tokyo,automne,resort,randonnée,8,8972.86,1193.05,ensoleillé,18.79,4.52,34,12.27,91,35.6895,139.69171,Open-Meteo Historical Weather API,2025-09-01/2025-11-30,28.46,27.24,54.08,0.85,2184,Open-Meteo Air Quality API,2025-09-01/2025-11-30,3,aucun,0,1,séjour correct mais perfectible.
233,senior,rome,printemps,hôtel,randonnée,5,2420.38,540.12,nuageux,15.22,3.55,32,13.85,92,41.89193,12.51133,Open-Meteo Historical Weather API,2025-03-01/2025-05-31,15.93,11.65,37.47,1.19,2208,Open-Meteo Air Quality API,2025-03-01/2025-05-31,4,aucun,0,1,très bon séjour.
234,solo,rome,printemps,hôtel,randonnée,10,2580.63,430.64,ensoleillé,15.22,3.55,32,13.85,92,41.89193,12.51133,Open-Meteo Historical Weather API,2025-03-01/2025-05-31,15.93,11.65,37.47,1.19,2208,Open-Meteo Air Quality API,2025-03-01/2025-05-31,3,météo,0,1,séjour correct mais perfectible.
235,senior,sydney,automne,appartement,plage,9,6250.52,1299.61,ensoleillé,19.17,1.74,22,21.07,91,-33.86785,151.20732,Open-Meteo Historical Weather API,2025-09-01/2025-11-30,10.98,9.17,34.45,1.63,2184,Open-Meteo Air Quality API,2025-09-01/2025-11-30,3,aucun,0,1,séjour correct mais perfectible.
236,business,tokyo,été,hôtel,culture,16,7877.14,1394.95,ensoleillé,27.71,2.91,31,13.49,92,35.6895,139.69171,Open-Meteo Historical Weather API,2025-06-01/2025-08-31,24.0,22.42,51.6,1.83,2208,Open-Meteo Air Quality API,2025-06-01/2025-08-31,3,météo,0,1,séjour correct mais perfectible.
237,couple,sydney,été,appartement,gastronomie,16,5163.92,1394.34,nuageux,12.22,4.06,27,18.74,92,-33.86785,151.20732,Open-Meteo Historical Weather API,2025-06-01/2025-08-31,10.19,9.26,31.56,0.49,2208,Open-Meteo Air Quality API,2025-06-01/2025-08-31,3,aucun,0,1,séjour correct mais perfectible.
238,business,lisbonne,hiver,resort,business,4,5711.32,360.07,nuageux,12.63,2.92,26,17.53,90,38.72509,-9.1498,Open-Meteo Historical Weather API,2024-12-01/2025-02-28,19.66,13.91,36.49,0.38,2160,Open-Meteo Air Quality API,2024-12-01/2025-02-28,4,aucun,0,1,très bon séjour.
239,famille,dubaï,hiver,hôtel,plage,14,12001.09,614.99,ensoleillé,20.21,0.09,2,19.57,90,25.07725,55.30927,Open-Meteo Historical Weather API,2024-12-01/2025-02-28,59.55,32.47,55.0,1.03,2160,Open-Meteo Air Quality API,2024-12-01/2025-02-28,4,aucun,0,1,très bon séjour.
240,famille,lisbonne,été,resort,culture,9,4619.2,412.28,ensoleillé,23.39,0.06,1,17.22,92,38.72509,-9.1498,Open-Meteo Historical Weather API,2025-06-01/2025-08-31,19.54,10.92,32.89,2.16,2208,Open-Meteo Air Quality API,2025-06-01/2025-08-31,4,aucun,0,1,très bon séjour.
241,business,tokyo,hiver,resort,business,14,11867.67,1059.26,pluie,6.08,0.56,8,14.28,90,35.6895,139.69171,Open-Meteo Historical Weather API,2024-12-01/2025-02-28,31.02,30.0,55.43,0.51,2160,Open-Meteo Air Quality API,2024-12-01/2025-02-28,4,aucun,0,1,très bon séjour.
242,business,rome,printemps,resort,gastronomie,10,4779.4,383.44,pluie,15.22,3.55,32,13.85,92,41.89193,12.51133,Open-Meteo Historical Weather API,2025-03-01/2025-05-31,15.93,11.65,37.47,1.19,2208,Open-Meteo Air Quality API,2025-03-01/2025-05-31,2,annulation,0,1,séjour décevant.
243,famille,dubaï,été,appartement,culture,13,8166.5,868.52,ensoleillé,35.27,0.0,0,22.79,92,25.07725,55.30927,Open-Meteo Historical Weather API,2025-06-01/2025-08-31,128.17,54.13,71.91,2.19,2208,Open-Meteo Air Quality API,2025-06-01/2025-08-31,3,aucun,0,1,séjour correct mais perfectible.
244,solo,lisbonne,printemps,villa,gastronomie,16,4481.68,399.47,nuageux,15.64,3.53,41,19.08,92,38.72509,-9.1498,Open-Meteo Historical Weather API,2025-03-01/2025-05-31,15.2,9.48,34.11,1.3,2208,Open-Meteo Air Quality API,2025-03-01/2025-05-31,3,aucun,0,1,séjour correct mais perfectible.
245,solo,sydney,hiver,appartement,gastronomie,8,5699.45,1258.06,variable,22.44,3.42,39,20.67,90,-33.86785,151.20732,Open-Meteo Historical Weather API,2024-12-01/2025-02-28,12.57,9.86,34.15,2.24,2160,Open-Meteo Air Quality API,2024-12-01/2025-02-28,3,aucun,0,1,séjour correct mais perfectible.
246,senior,lisbonne,hiver,resort,business,6,5553.89,323.4,pluie,12.63,2.92,26,17.53,90,38.72509,-9.1498,Open-Meteo Historical Weather API,2024-12-01/2025-02-28,19.66,13.91,36.49,0.38,2160,Open-Meteo Air Quality API,2024-12-01/2025-02-28,3,aucun,0,1,séjour correct mais perfectible.
247,solo,sydney,printemps,resort,gastronomie,16,6686.17,1324.56,nuageux,19.13,4.44,49,17.74,92,-33.86785,151.20732,Open-Meteo Historical Weather API,2025-03-01/2025-05-31,11.25,9.25,31.84,1.01,2208,Open-Meteo Air Quality API,2025-03-01/2025-05-31,3,aucun,0,1,séjour correct mais perfectible.
248,couple,bali,été,resort,gastronomie,21,7234.38,1233.67,ensoleillé,25.53,3.21,49,18.92,92,-8.65,115.21667,Open-Meteo Historical Weather API,2025-06-01/2025-08-31,13.38,9.86,30.22,1.86,2208,Open-Meteo Air Quality API,2025-06-01/2025-08-31,3,aucun,0,1,séjour correct mais perfectible.
249,couple,paris,automne,hôtel,business,11,7156.1,352.94,ensoleillé,12.33,2.12,33,16.01,91,48.85341,2.3488,Open-Meteo Historical Weather API,2025-09-01/2025-11-30,12.19,8.6,34.88,0.44,2184,Open-Meteo Air Quality API,2025-09-01/2025-11-30,4,météo,0,1,très bon séjour.
250,couple,rome,hiver,appartement,gastronomie,21,4016.82,538.95,nuageux,9.23,2.57,28,13.79,90,41.89193,12.51133,Open-Meteo Historical Weather API,2024-12-01/2025-02-28,20.56,17.01,40.29,0.27,2160,Open-Meteo Air Quality API,2024-12-01/2025-02-28,3,aucun,0,1,séjour correct mais perfectible.
251,solo,tokyo,hiver,appartement,plage,6,2296.34,813.19,nuageux,6.08,0.56,8,14.28,90,35.6895,139.69171,Open-Meteo Historical Weather API,2024-12-01/2025-02-28,31.02,30.0,55.43,0.51,2160,Open-Meteo Air Quality API,2024-12-01/2025-02-28,2,aucun,0,0,séjour décevant.
252,senior,rome,été,hôtel,culture,18,4493.75,738.74,variable,27.22,1.32,16,14.95,92,41.89193,12.51133,Open-Meteo Historical Weather API,2025-06-01/2025-08-31,15.45,9.67,40.74,2.01,2208,Open-Meteo Air Quality API,2025-06-01/2025-08-31,3,aucun,0,1,séjour correct mais perfectible.
253,couple,lisbonne,printemps,villa,culture,21,4551.98,375.04,ensoleillé,15.64,3.53,41,19.08,92,38.72509,-9.1498,Open-Meteo Historical Weather API,2025-03-01/2025-05-31,15.2,9.48,34.11,1.3,2208,Open-Meteo Air Quality API,2025-03-01/2025-05-31,3,aucun,0,1,séjour correct mais perfectible.
254,famille,new york,printemps,appartement,randonnée,8,8131.21,913.01,nuageux,12.04,4.75,36,17.46,92,40.71427,-74.00597,Open-Meteo Historical Weather API,2025-03-01/2025-05-31,11.88,11.05,41.24,1.07,2208,Open-Meteo Air Quality API,2025-03-01/2025-05-31,3,aucun,0,1,séjour correct mais perfectible.
255,famille,lisbonne,automne,resort,culture,5,5639.72,328.51,variable,18.72,2.83,21,17.54,91,38.72509,-9.1498,Open-Meteo Historical Weather API,2025-09-01/2025-11-30,15.83,9.72,31.17,0.9,2184,Open-Meteo Air Quality API,2025-09-01/2025-11-30,4,retard_vol,0,1,très bon séjour.
256,business,rome,été,villa,plage,15,4809.37,640.17,ensoleillé,27.22,1.32,16,14.95,92,41.89193,12.51133,Open-Meteo Historical Weather API,2025-06-01/2025-08-31,15.45,9.67,40.74,2.01,2208,Open-Meteo Air Quality API,2025-06-01/2025-08-31,3,aucun,0,1,séjour correct mais perfectible.
257,business,new york,printemps,hôtel,randonnée,19,9532.28,830.78,ensoleillé,12.04,4.75,36,17.46,92,40.71427,-74.00597,Open-Meteo Historical Weather API,2025-03-01/2025-05-31,11.88,11.05,41.24,1.07,2208,Open-Meteo Air Quality API,2025-03-01/2025-05-31,2,aucun,0,1,séjour décevant.
258,famille,tokyo,automne,hôtel,business,4,9144.99,975.51,variable,18.79,4.52,34,12.27,91,35.6895,139.69171,Open-Meteo Historical Weather API,2025-09-01/2025-11-30,28.46,27.24,54.08,0.85,2184,Open-Meteo Air Quality API,2025-09-01/2025-11-30,3,aucun,0,1,séjour correct mais perfectible.
259,famille,tokyo,hiver,hôtel,culture,15,9438.87,941.23,nuageux,6.08,0.56,8,14.28,90,35.6895,139.69171,Open-Meteo Historical Weather API,2024-12-01/2025-02-28,31.02,30.0,55.43,0.51,2160,Open-Meteo Air Quality API,2024-12-01/2025-02-28,4,aucun,0,1,très bon séjour.
260,solo,dubaï,automne,resort,culture,19,6894.89,666.17,ensoleillé,29.44,0.0,0,20.09,91,25.07725,55.30927,Open-Meteo Historical Weather API,2025-09-01/2025-11-30,80.53,41.8,60.89,1.56,2184,Open-Meteo Air Quality API,2025-09-01/2025-11-30,3,aucun,0,1,séjour correct mais perfectible.
261,famille,paris,été,hôtel,culture,3,7948.09,444.1,ensoleillé,21.05,2.58,30,14.41,92,48.85341,2.3488,Open-Meteo Historical Weather API,2025-06-01/2025-08-31,10.28,6.83,31.49,1.5,2208,Open-Meteo Air Quality API,2025-06-01/2025-08-31,4,aucun,0,1,très bon séjour.
262,business,bali,été,villa,plage,12,12260.74,1399.21,ensoleillé,25.53,3.21,49,18.92,92,-8.65,115.21667,Open-Meteo Historical Weather API,2025-06-01/2025-08-31,13.38,9.86,30.22,1.86,2208,Open-Meteo Air Quality API,2025-06-01/2025-08-31,4,aucun,0,1,très bon séjour.
263,couple,rome,automne,hôtel,business,4,4321.66,446.77,variable,17.21,4.01,24,12.75,91,41.89193,12.51133,Open-Meteo Historical Weather API,2025-09-01/2025-11-30,13.51,9.22,34.28,0.79,2184,Open-Meteo Air Quality API,2025-09-01/2025-11-30,3,aucun,0,1,séjour correct mais perfectible.
264,famille,dubaï,été,hôtel,randonnée,6,9794.96,720.23,ensoleillé,35.27,0.0,0,22.79,92,25.07725,55.30927,Open-Meteo Historical Weather API,2025-06-01/2025-08-31,128.17,54.13,71.91,2.19,2208,Open-Meteo Air Quality API,2025-06-01/2025-08-31,3,annulation,1,1,séjour correct mais perfectible.
265,senior,new york,printemps,resort,culture,12,12768.6,732.32,pluie,12.04,4.75,36,17.46,92,40.71427,-74.00597,Open-Meteo Historical Weather API,2025-03-01/2025-05-31,11.88,11.05,41.24,1.07,2208,Open-Meteo Air Quality API,2025-03-01/2025-05-31,4,bagages,1,1,très bon séjour.
266,famille,paris,printemps,hôtel,business,9,7183.87,320.96,ensoleillé,12.44,1.18,26,14.07,92,48.85341,2.3488,Open-Meteo Historical Weather API,2025-03-01/2025-05-31,15.06,12.04,38.85,0.97,2208,Open-Meteo Air Quality API,2025-03-01/2025-05-31,3,aucun,0,1,séjour correct mais perfectible.
267,couple,tokyo,été,appartement,randonnée,4,6514.72,1341.65,variable,27.71,2.91,31,13.49,92,35.6895,139.69171,Open-Meteo Historical Weather API,2025-06-01/2025-08-31,24.0,22.42,51.6,1.83,2208,Open-Meteo Air Quality API,2025-06-01/2025-08-31,3,aucun,0,1,séjour correct mais perfectible.
268,famille,paris,été,hôtel,culture,18,6549.04,462.23,ensoleillé,21.05,2.58,30,14.41,92,48.85341,2.3488,Open-Meteo Historical Weather API,2025-06-01/2025-08-31,10.28,6.83,31.49,1.5,2208,Open-Meteo Air Quality API,2025-06-01/2025-08-31,4,aucun,0,1,très bon séjour.
269,famille,lisbonne,hiver,villa,plage,6,6341.15,434.52,variable,12.63,2.92,26,17.53,90,38.72509,-9.1498,Open-Meteo Historical Weather API,2024-12-01/2025-02-28,19.66,13.91,36.49,0.38,2160,Open-Meteo Air Quality API,2024-12-01/2025-02-28,3,retard_vol,1,1,séjour correct mais perfectible.
270,famille,tokyo,été,appartement,culture,19,7196.0,1238.67,ensoleillé,27.71,2.91,31,13.49,92,35.6895,139.69171,Open-Meteo Historical Weather API,2025-06-01/2025-08-31,24.0,22.42,51.6,1.83,2208,Open-Meteo Air Quality API,2025-06-01/2025-08-31,4,aucun,0,1,très bon séjour.
271,famille,new york,été,hôtel,gastronomie,6,12224.08,1072.25,pluie,24.52,2.28,32,14.21,92,40.71427,-74.00597,Open-Meteo Historical Weather API,2025-06-01/2025-08-31,18.13,17.43,51.89,1.61,2208,Open-Meteo Air Quality API,2025-06-01/2025-08-31,3,aucun,0,1,séjour correct mais perfectible.
272,famille,sydney,printemps,hôtel,plage,12,7876.01,1260.58,pluie,19.13,4.44,49,17.74,92,-33.86785,151.20732,Open-Meteo Historical Weather API,2025-03-01/2025-05-31,11.25,9.25,31.84,1.01,2208,Open-Meteo Air Quality API,2025-03-01/2025-05-31,4,aucun,0,1,très bon séjour.
273,famille,new york,hiver,hôtel,culture,16,10383.78,583.43,pluie,-0.0,2.34,32,16.49,90,40.71427,-74.00597,Open-Meteo Historical Weather API,2024-12-01/2025-02-28,14.23,13.56,43.36,0.34,2160,Open-Meteo Air Quality API,2024-12-01/2025-02-28,3,aucun,0,1,séjour correct mais perfectible.
274,solo,sydney,printemps,villa,business,12,8323.76,1249.47,ensoleillé,19.13,4.44,49,17.74,92,-33.86785,151.20732,Open-Meteo Historical Weather API,2025-03-01/2025-05-31,11.25,9.25,31.84,1.01,2208,Open-Meteo Air Quality API,2025-03-01/2025-05-31,4,aucun,0,1,très bon séjour.
275,business,new york,hiver,appartement,plage,10,4976.39,792.58,pluie,-0.0,2.34,32,16.49,90,40.71427,-74.00597,Open-Meteo Historical Weather API,2024-12-01/2025-02-28,14.23,13.56,43.36,0.34,2160,Open-Meteo Air Quality API,2024-12-01/2025-02-28,2,aucun,0,1,séjour décevant.
276,couple,paris,hiver,resort,business,17,6230.71,284.54,pluie,4.95,2.61,35,15.72,90,48.85341,2.3488,Open-Meteo Historical Weather API,2024-12-01/2025-02-28,20.98,17.57,45.01,0.13,2160,Open-Meteo Air Quality API,2024-12-01/2025-02-28,2,météo,1,1,séjour décevant.
277,couple,paris,printemps,hôtel,business,3,4574.49,314.25,nuageux,12.44,1.18,26,14.07,92,48.85341,2.3488,Open-Meteo Historical Weather API,2025-03-01/2025-05-31,15.06,12.04,38.85,0.97,2208,Open-Meteo Air Quality API,2025-03-01/2025-05-31,3,aucun,0,1,séjour correct mais perfectible.
278,solo,sydney,hiver,appartement,gastronomie,18,5456.45,1331.61,pluie,22.44,3.42,39,20.67,90,-33.86785,151.20732,Open-Meteo Historical Weather API,2024-12-01/2025-02-28,12.57,9.86,34.15,2.24,2160,Open-Meteo Air Quality API,2024-12-01/2025-02-28,3,météo,1,1,séjour correct mais perfectible.
279,senior,paris,printemps,hôtel,business,16,5039.23,278.61,variable,12.44,1.18,26,14.07,92,48.85341,2.3488,Open-Meteo Historical Weather API,2025-03-01/2025-05-31,15.06,12.04,38.85,0.97,2208,Open-Meteo Air Quality API,2025-03-01/2025-05-31,2,aucun,0,1,séjour décevant.
280,senior,bali,été,appartement,randonnée,17,3743.84,1183.38,variable,25.53,3.21,49,18.92,92,-8.65,115.21667,Open-Meteo Historical Weather API,2025-06-01/2025-08-31,13.38,9.86,30.22,1.86,2208,Open-Meteo Air Quality API,2025-06-01/2025-08-31,2,bagages,0,1,séjour décevant.
281,famille,paris,printemps,appartement,culture,10,6490.51,447.52,nuageux,12.44,1.18,26,14.07,92,48.85341,2.3488,Open-Meteo Historical Weather API,2025-03-01/2025-05-31,15.06,12.04,38.85,0.97,2208,Open-Meteo Air Quality API,2025-03-01/2025-05-31,4,aucun,0,1,très bon séjour.
282,famille,lisbonne,automne,hôtel,culture,10,5132.89,270.37,ensoleillé,18.72,2.83,21,17.54,91,38.72509,-9.1498,Open-Meteo Historical Weather API,2025-09-01/2025-11-30,15.83,9.72,31.17,0.9,2184,Open-Meteo Air Quality API,2025-09-01/2025-11-30,3,aucun,0,1,séjour correct mais perfectible.
283,famille,new york,automne,resort,gastronomie,13,13961.45,821.97,ensoleillé,13.97,3.07,25,15.38,91,40.71427,-74.00597,Open-Meteo Historical Weather API,2025-09-01/2025-11-30,11.7,11.28,42.27,0.76,2184,Open-Meteo Air Quality API,2025-09-01/2025-11-30,3,aucun,0,1,séjour correct mais perfectible.
284,famille,rome,été,hôtel,business,15,5202.79,419.52,nuageux,27.22,1.32,16,14.95,92,41.89193,12.51133,Open-Meteo Historical Weather API,2025-06-01/2025-08-31,15.45,9.67,40.74,2.01,2208,Open-Meteo Air Quality API,2025-06-01/2025-08-31,3,aucun,0,1,séjour correct mais perfectible.
285,solo,bali,automne,hôtel,business,20,4428.91,994.41,variable,26.3,6.82,61,14.71,91,-8.65,115.21667,Open-Meteo Historical Weather API,2025-09-01/2025-11-30,14.48,11.69,32.66,2.5,2184,Open-Meteo Air Quality API,2025-09-01/2025-11-30,2,aucun,0,1,séjour décevant.
286,couple,dubaï,automne,villa,culture,19,11386.16,675.09,nuageux,29.44,0.0,0,20.09,91,25.07725,55.30927,Open-Meteo Historical Weather API,2025-09-01/2025-11-30,80.53,41.8,60.89,1.56,2184,Open-Meteo Air Quality API,2025-09-01/2025-11-30,4,aucun,0,1,très bon séjour.
287,famille,paris,printemps,appartement,gastronomie,4,4280.62,287.78,ensoleillé,12.44,1.18,26,14.07,92,48.85341,2.3488,Open-Meteo Historical Weather API,2025-03-01/2025-05-31,15.06,12.04,38.85,0.97,2208,Open-Meteo Air Quality API,2025-03-01/2025-05-31,3,aucun,0,1,séjour correct mais perfectible.
288,couple,paris,été,appartement,business,5,4386.01,455.67,ensoleillé,21.05,2.58,30,14.41,92,48.85341,2.3488,Open-Meteo Historical Weather API,2025-06-01/2025-08-31,10.28,6.83,31.49,1.5,2208,Open-Meteo Air Quality API,2025-06-01/2025-08-31,4,aucun,0,1,très bon séjour.
289,solo,lisbonne,hiver,resort,gastronomie,20,3114.78,472.42,nuageux,12.63,2.92,26,17.53,90,38.72509,-9.1498,Open-Meteo Historical Weather API,2024-12-01/2025-02-28,19.66,13.91,36.49,0.38,2160,Open-Meteo Air Quality API,2024-12-01/2025-02-28,2,aucun,0,1,séjour décevant.
290,famille,sydney,été,hôtel,culture,10,6398.94,1766.4,variable,12.22,4.06,27,18.74,92,-33.86785,151.20732,Open-Meteo Historical Weather API,2025-06-01/2025-08-31,10.19,9.26,31.56,0.49,2208,Open-Meteo Air Quality API,2025-06-01/2025-08-31,4,annulation,1,1,très bon séjour.
291,business,bali,été,appartement,plage,14,6533.2,1607.27,nuageux,25.53,3.21,49,18.92,92,-8.65,115.21667,Open-Meteo Historical Weather API,2025-06-01/2025-08-31,13.38,9.86,30.22,1.86,2208,Open-Meteo Air Quality API,2025-06-01/2025-08-31,3,aucun,0,1,séjour correct mais perfectible.
292,famille,tokyo,hiver,resort,randonnée,4,9865.14,789.23,ensoleillé,6.08,0.56,8,14.28,90,35.6895,139.69171,Open-Meteo Historical Weather API,2024-12-01/2025-02-28,31.02,30.0,55.43,0.51,2160,Open-Meteo Air Quality API,2024-12-01/2025-02-28,3,aucun,0,1,séjour correct mais perfectible.
293,senior,paris,printemps,hôtel,business,4,4676.39,334.69,ensoleillé,12.44,1.18,26,14.07,92,48.85341,2.3488,Open-Meteo Historical Weather API,2025-03-01/2025-05-31,15.06,12.04,38.85,0.97,2208,Open-Meteo Air Quality API,2025-03-01/2025-05-31,3,aucun,0,1,séjour correct mais perfectible.
294,famille,tokyo,automne,hôtel,gastronomie,10,9439.49,1138.34,ensoleillé,18.79,4.52,34,12.27,91,35.6895,139.69171,Open-Meteo Historical Weather API,2025-09-01/2025-11-30,28.46,27.24,54.08,0.85,2184,Open-Meteo Air Quality API,2025-09-01/2025-11-30,2,aucun,0,1,séjour décevant.
295,business,paris,printemps,resort,gastronomie,16,10399.65,404.89,nuageux,12.44,1.18,26,14.07,92,48.85341,2.3488,Open-Meteo Historical Weather API,2025-03-01/2025-05-31,15.06,12.04,38.85,0.97,2208,Open-Meteo Air Quality API,2025-03-01/2025-05-31,4,aucun,0,1,très bon séjour.
296,senior,tokyo,hiver,appartement,business,17,4814.89,1381.38,pluie,6.08,0.56,8,14.28,90,35.6895,139.69171,Open-Meteo Historical Weather API,2024-12-01/2025-02-28,31.02,30.0,55.43,0.51,2160,Open-Meteo Air Quality API,2024-12-01/2025-02-28,1,aucun,0,1,très mauvaise expérience.
297,senior,rome,hiver,hôtel,randonnée,19,3782.54,536.59,ensoleillé,9.23,2.57,28,13.79,90,41.89193,12.51133,Open-Meteo Historical Weather API,2024-12-01/2025-02-28,20.56,17.01,40.29,0.27,2160,Open-Meteo Air Quality API,2024-12-01/2025-02-28,2,aucun,0,1,séjour décevant.
298,business,sydney,printemps,appartement,randonnée,6,6990.29,1509.78,ensoleillé,19.13,4.44,49,17.74,92,-33.86785,151.20732,Open-Meteo Historical Weather API,2025-03-01/2025-05-31,11.25,9.25,31.84,1.01,2208,Open-Meteo Air Quality API,2025-03-01/2025-05-31,3,aucun,0,1,séjour correct mais perfectible.
299,business,lisbonne,automne,hôtel,plage,6,3678.12,560.14,variable,18.72,2.83,21,17.54,91,38.72509,-9.1498,Open-Meteo Historical Weather API,2025-09-01/2025-11-30,15.83,9.72,31.17,0.9,2184,Open-Meteo Air Quality API,2025-09-01/2025-11-30,2,aucun,0,1,séjour décevant.
300,solo,rome,été,hôtel,randonnée,13,2691.03,540.21,pluie,27.22,1.32,16,14.95,92,41.89193,12.51133,Open-Meteo Historical Weather API,2025-06-01/2025-08-31,15.45,9.67,40.74,2.01,2208,Open-Meteo Air Quality API,2025-06-01/2025-08-31,3,aucun,0,1,séjour correct mais perfectible.
301,business,lisbonne,printemps,hôtel,gastronomie,13,4305.51,360.23,nuageux,15.64,3.53,41,19.08,92,38.72509,-9.1498,Open-Meteo Historical Weather API,2025-03-01/2025-05-31,15.2,9.48,34.11,1.3,2208,Open-Meteo Air Quality API,2025-03-01/2025-05-31,2,météo,1,1,séjour décevant.
302,famille,paris,hiver,appartement,culture,3,5535.63,361.17,nuageux,4.95,2.61,35,15.72,90,48.85341,2.3488,Open-Meteo Historical Weather API,2024-12-01/2025-02-28,20.98,17.57,45.01,0.13,2160,Open-Meteo Air Quality API,2024-12-01/2025-02-28,4,aucun,0,1,très bon séjour.
303,solo,rome,hiver,hôtel,randonnée,11,3314.26,375.88,variable,9.23,2.57,28,13.79,90,41.89193,12.51133,Open-Meteo Historical Weather API,2024-12-01/2025-02-28,20.56,17.01,40.29,0.27,2160,Open-Meteo Air Quality API,2024-12-01/2025-02-28,2,retard_vol,0,1,séjour décevant.
304,solo,new york,printemps,resort,gastronomie,20,4973.34,860.35,pluie,12.04,4.75,36,17.46,92,40.71427,-74.00597,Open-Meteo Historical Weather API,2025-03-01/2025-05-31,11.88,11.05,41.24,1.07,2208,Open-Meteo Air Quality API,2025-03-01/2025-05-31,2,aucun,0,1,séjour décevant.
305,senior,lisbonne,automne,hôtel,randonnée,6,4393.73,261.88,variable,18.72,2.83,21,17.54,91,38.72509,-9.1498,Open-Meteo Historical Weather API,2025-09-01/2025-11-30,15.83,9.72,31.17,0.9,2184,Open-Meteo Air Quality API,2025-09-01/2025-11-30,3,retard_vol,1,1,séjour correct mais perfectible.
306,couple,lisbonne,été,appartement,business,18,3565.34,405.66,ensoleillé,23.39,0.06,1,17.22,92,38.72509,-9.1498,Open-Meteo Historical Weather API,2025-06-01/2025-08-31,19.54,10.92,32.89,2.16,2208,Open-Meteo Air Quality API,2025-06-01/2025-08-31,3,aucun,0,1,séjour correct mais perfectible.
307,couple,sydney,printemps,appartement,gastronomie,11,5390.89,1273.01,ensoleillé,19.13,4.44,49,17.74,92,-33.86785,151.20732,Open-Meteo Historical Weather API,2025-03-01/2025-05-31,11.25,9.25,31.84,1.01,2208,Open-Meteo Air Quality API,2025-03-01/2025-05-31,4,aucun,0,1,très bon séjour.
308,solo,paris,été,hôtel,plage,12,4752.28,483.6,ensoleillé,21.05,2.58,30,14.41,92,48.85341,2.3488,Open-Meteo Historical Weather API,2025-06-01/2025-08-31,10.28,6.83,31.49,1.5,2208,Open-Meteo Air Quality API,2025-06-01/2025-08-31,3,bagages,0,1,séjour correct mais perfectible.
309,couple,bali,printemps,villa,culture,15,9636.62,1380.0,variable,26.99,6.49,65,13.72,92,-8.65,115.21667,Open-Meteo Historical Weather API,2025-03-01/2025-05-31,12.14,10.4,31.68,2.19,2208,Open-Meteo Air Quality API,2025-03-01/2025-05-31,4,aucun,0,1,très bon séjour.
310,famille,rome,été,hôtel,randonnée,16,4774.79,438.9,nuageux,27.22,1.32,16,14.95,92,41.89193,12.51133,Open-Meteo Historical Weather API,2025-06-01/2025-08-31,15.45,9.67,40.74,2.01,2208,Open-Meteo Air Quality API,2025-06-01/2025-08-31,2,aucun,0,1,séjour décevant.
311,couple,bali,été,hôtel,business,15,6688.42,1864.09,ensoleillé,25.53,3.21,49,18.92,92,-8.65,115.21667,Open-Meteo Historical Weather API,2025-06-01/2025-08-31,13.38,9.86,30.22,1.86,2208,Open-Meteo Air Quality API,2025-06-01/2025-08-31,3,aucun,0,1,séjour correct mais perfectible.
312,couple,lisbonne,été,resort,randonnée,4,4474.49,460.38,variable,23.39,0.06,1,17.22,92,38.72509,-9.1498,Open-Meteo Historical Weather API,2025-06-01/2025-08-31,19.54,10.92,32.89,2.16,2208,Open-Meteo Air Quality API,2025-06-01/2025-08-31,3,aucun,0,1,séjour correct mais perfectible.
313,famille,paris,été,appartement,business,8,5491.63,430.84,variable,21.05,2.58,30,14.41,92,48.85341,2.3488,Open-Meteo Historical Weather API,2025-06-01/2025-08-31,10.28,6.83,31.49,1.5,2208,Open-Meteo Air Quality API,2025-06-01/2025-08-31,3,bagages,1,1,séjour correct mais perfectible.
314,couple,paris,automne,hôtel,culture,19,5414.29,248.09,ensoleillé,12.33,2.12,33,16.01,91,48.85341,2.3488,Open-Meteo Historical Weather API,2025-09-01/2025-11-30,12.19,8.6,34.88,0.44,2184,Open-Meteo Air Quality API,2025-09-01/2025-11-30,3,aucun,0,1,séjour correct mais perfectible.
315,couple,sydney,printemps,resort,plage,3,9489.1,1154.91,nuageux,19.13,4.44,49,17.74,92,-33.86785,151.20732,Open-Meteo Historical Weather API,2025-03-01/2025-05-31,11.25,9.25,31.84,1.01,2208,Open-Meteo Air Quality API,2025-03-01/2025-05-31,4,aucun,0,1,très bon séjour.
316,couple,paris,hiver,hôtel,culture,16,2882.45,416.14,pluie,4.95,2.61,35,15.72,90,48.85341,2.3488,Open-Meteo Historical Weather API,2024-12-01/2025-02-28,20.98,17.57,45.01,0.13,2160,Open-Meteo Air Quality API,2024-12-01/2025-02-28,2,aucun,0,1,séjour décevant.
317,couple,sydney,printemps,resort,culture,12,11438.8,1339.73,ensoleillé,19.13,4.44,49,17.74,92,-33.86785,151.20732,Open-Meteo Historical Weather API,2025-03-01/2025-05-31,11.25,9.25,31.84,1.01,2208,Open-Meteo Air Quality API,2025-03-01/2025-05-31,4,aucun,0,1,très bon séjour.
318,business,dubaï,été,appartement,gastronomie,5,6397.04,842.03,nuageux,35.27,0.0,0,22.79,92,25.07725,55.30927,Open-Meteo Historical Weather API,2025-06-01/2025-08-31,128.17,54.13,71.91,2.19,2208,Open-Meteo Air Quality API,2025-06-01/2025-08-31,3,aucun,0,1,séjour correct mais perfectible.
319,couple,bali,été,villa,plage,5,10528.62,1412.49,ensoleillé,25.53,3.21,49,18.92,92,-8.65,115.21667,Open-Meteo Historical Weather API,2025-06-01/2025-08-31,13.38,9.86,30.22,1.86,2208,Open-Meteo Air Quality API,2025-06-01/2025-08-31,4,aucun,0,1,très bon séjour.
320,senior,lisbonne,été,resort,gastronomie,21,4728.02,331.92,variable,23.39,0.06,1,17.22,92,38.72509,-9.1498,Open-Meteo Historical Weather API,2025-06-01/2025-08-31,19.54,10.92,32.89,2.16,2208,Open-Meteo Air Quality API,2025-06-01/2025-08-31,3,aucun,0,1,séjour correct mais perfectible.
321,senior,sydney,été,resort,culture,3,8992.72,1507.32,pluie,12.22,4.06,27,18.74,92,-33.86785,151.20732,Open-Meteo Historical Weather API,2025-06-01/2025-08-31,10.19,9.26,31.56,0.49,2208,Open-Meteo Air Quality API,2025-06-01/2025-08-31,3,aucun,0,1,séjour correct mais perfectible.
322,couple,dubaï,printemps,resort,plage,3,10412.99,877.45,variable,28.3,0.01,0,22.56,92,25.07725,55.30927,Open-Meteo Historical Weather API,2025-03-01/2025-05-31,70.72,36.99,63.06,2.2,2208,Open-Meteo Air Quality API,2025-03-01/2025-05-31,4,aucun,0,1,très bon séjour.
323,couple,paris,été,hôtel,randonnée,3,5434.34,493.79,nuageux,21.05,2.58,30,14.41,92,48.85341,2.3488,Open-Meteo Historical Weather API,2025-06-01/2025-08-31,10.28,6.83,31.49,1.5,2208,Open-Meteo Air Quality API,2025-06-01/2025-08-31,3,aucun,0,1,séjour correct mais perfectible.
324,solo,dubaï,été,hôtel,culture,14,5072.26,807.39,ensoleillé,35.27,0.0,0,22.79,92,25.07725,55.30927,Open-Meteo Historical Weather API,2025-06-01/2025-08-31,128.17,54.13,71.91,2.19,2208,Open-Meteo Air Quality API,2025-06-01/2025-08-31,3,aucun,0,1,séjour correct mais perfectible.
325,business,dubaï,printemps,villa,gastronomie,20,11950.51,897.02,ensoleillé,28.3,0.01,0,22.56,92,25.07725,55.30927,Open-Meteo Historical Weather API,2025-03-01/2025-05-31,70.72,36.99,63.06,2.2,2208,Open-Meteo Air Quality API,2025-03-01/2025-05-31,3,aucun,0,1,séjour correct mais perfectible.
326,solo,rome,printemps,hôtel,business,6,4242.7,348.01,nuageux,15.22,3.55,32,13.85,92,41.89193,12.51133,Open-Meteo Historical Weather API,2025-03-01/2025-05-31,15.93,11.65,37.47,1.19,2208,Open-Meteo Air Quality API,2025-03-01/2025-05-31,4,aucun,0,1,très bon séjour.
327,business,paris,hiver,appartement,randonnée,18,4493.62,288.78,nuageux,4.95,2.61,35,15.72,90,48.85341,2.3488,Open-Meteo Historical Weather API,2024-12-01/2025-02-28,20.98,17.57,45.01,0.13,2160,Open-Meteo Air Quality API,2024-12-01/2025-02-28,2,bagages,0,1,séjour décevant.
328,solo,tokyo,printemps,hôtel,culture,16,5083.55,1402.22,nuageux,14.52,6.04,44,15.33,92,35.6895,139.69171,Open-Meteo Historical Weather API,2025-03-01/2025-05-31,29.58,26.1,53.35,1.05,2208,Open-Meteo Air Quality API,2025-03-01/2025-05-31,3,annulation,0,1,séjour correct mais perfectible.
329,solo,paris,été,appartement,gastronomie,7,2234.36,455.97,ensoleillé,21.05,2.58,30,14.41,92,48.85341,2.3488,Open-Meteo Historical Weather API,2025-06-01/2025-08-31,10.28,6.83,31.49,1.5,2208,Open-Meteo Air Quality API,2025-06-01/2025-08-31,3,aucun,0,1,séjour correct mais perfectible.
330,couple,new york,automne,hôtel,randonnée,4,8351.14,805.8,ensoleillé,13.97,3.07,25,15.38,91,40.71427,-74.00597,Open-Meteo Historical Weather API,2025-09-01/2025-11-30,11.7,11.28,42.27,0.76,2184,Open-Meteo Air Quality API,2025-09-01/2025-11-30,4,annulation,1,1,très bon séjour.
331,business,paris,été,villa,business,12,8217.91,408.89,ensoleillé,21.05,2.58,30,14.41,92,48.85341,2.3488,Open-Meteo Historical Weather API,2025-06-01/2025-08-31,10.28,6.83,31.49,1.5,2208,Open-Meteo Air Quality API,2025-06-01/2025-08-31,4,aucun,0,1,très bon séjour.
332,famille,tokyo,printemps,appartement,culture,4,6425.7,897.55,nuageux,14.52,6.04,44,15.33,92,35.6895,139.69171,Open-Meteo Historical Weather API,2025-03-01/2025-05-31,29.58,26.1,53.35,1.05,2208,Open-Meteo Air Quality API,2025-03-01/2025-05-31,3,aucun,0,1,séjour correct mais perfectible.
333,business,rome,été,hôtel,gastronomie,5,4763.72,557.44,ensoleillé,27.22,1.32,16,14.95,92,41.89193,12.51133,Open-Meteo Historical Weather API,2025-06-01/2025-08-31,15.45,9.67,40.74,2.01,2208,Open-Meteo Air Quality API,2025-06-01/2025-08-31,3,aucun,0,1,séjour correct mais perfectible.
334,senior,paris,été,appartement,randonnée,11,4106.7,427.67,nuageux,21.05,2.58,30,14.41,92,48.85341,2.3488,Open-Meteo Historical Weather API,2025-06-01/2025-08-31,10.28,6.83,31.49,1.5,2208,Open-Meteo Air Quality API,2025-06-01/2025-08-31,3,aucun,0,1,séjour correct mais perfectible.
335,famille,paris,printemps,resort,business,18,5418.13,351.25,nuageux,12.44,1.18,26,14.07,92,48.85341,2.3488,Open-Meteo Historical Weather API,2025-03-01/2025-05-31,15.06,12.04,38.85,0.97,2208,Open-Meteo Air Quality API,2025-03-01/2025-05-31,2,retard_vol,1,1,séjour décevant.
336,solo,rome,automne,hôtel,plage,21,1568.08,356.06,pluie,17.21,4.01,24,12.75,91,41.89193,12.51133,Open-Meteo Historical Weather API,2025-09-01/2025-11-30,13.51,9.22,34.28,0.79,2184,Open-Meteo Air Quality API,2025-09-01/2025-11-30,2,aucun,0,1,séjour décevant.
337,famille,new york,hiver,hôtel,plage,14,9113.75,890.51,pluie,-0.0,2.34,32,16.49,90,40.71427,-74.00597,Open-Meteo Historical Weather API,2024-12-01/2025-02-28,14.23,13.56,43.36,0.34,2160,Open-Meteo Air Quality API,2024-12-01/2025-02-28,3,aucun,0,1,séjour correct mais perfectible.
338,business,paris,hiver,appartement,plage,8,2851.64,316.64,pluie,4.95,2.61,35,15.72,90,48.85341,2.3488,Open-Meteo Historical Weather API,2024-12-01/2025-02-28,20.98,17.57,45.01,0.13,2160,Open-Meteo Air Quality API,2024-12-01/2025-02-28,2,aucun,0,1,séjour décevant.
339,famille,sydney,hiver,appartement,culture,9,9185.64,1069.28,nuageux,22.44,3.42,39,20.67,90,-33.86785,151.20732,Open-Meteo Historical Weather API,2024-12-01/2025-02-28,12.57,9.86,34.15,2.24,2160,Open-Meteo Air Quality API,2024-12-01/2025-02-28,5,aucun,0,1,excellent séjour.
340,senior,new york,hiver,hôtel,plage,14,9185.27,1043.81,pluie,-0.0,2.34,32,16.49,90,40.71427,-74.00597,Open-Meteo Historical Weather API,2024-12-01/2025-02-28,14.23,13.56,43.36,0.34,2160,Open-Meteo Air Quality API,2024-12-01/2025-02-28,2,bagages,0,1,séjour décevant.
341,famille,lisbonne,automne,appartement,culture,6,3272.15,528.41,ensoleillé,18.72,2.83,21,17.54,91,38.72509,-9.1498,Open-Meteo Historical Weather API,2025-09-01/2025-11-30,15.83,9.72,31.17,0.9,2184,Open-Meteo Air Quality API,2025-09-01/2025-11-30,5,bagages,1,1,excellent séjour.
342,senior,dubaï,printemps,hôtel,plage,12,8306.84,944.77,nuageux,28.3,0.01,0,22.56,92,25.07725,55.30927,Open-Meteo Historical Weather API,2025-03-01/2025-05-31,70.72,36.99,63.06,2.2,2208,Open-Meteo Air Quality API,2025-03-01/2025-05-31,3,aucun,0,1,séjour correct mais perfectible.
343,business,tokyo,printemps,hôtel,culture,17,9449.3,1172.87,ensoleillé,14.52,6.04,44,15.33,92,35.6895,139.69171,Open-Meteo Historical Weather API,2025-03-01/2025-05-31,29.58,26.1,53.35,1.05,2208,Open-Meteo Air Quality API,2025-03-01/2025-05-31,3,aucun,0,1,séjour correct mais perfectible.
344,solo,tokyo,printemps,resort,culture,19,9246.54,999.8,variable,14.52,6.04,44,15.33,92,35.6895,139.69171,Open-Meteo Historical Weather API,2025-03-01/2025-05-31,29.58,26.1,53.35,1.05,2208,Open-Meteo Air Quality API,2025-03-01/2025-05-31,3,aucun,0,1,séjour correct mais perfectible.
345,business,rome,printemps,hôtel,business,4,4835.52,444.3,pluie,15.22,3.55,32,13.85,92,41.89193,12.51133,Open-Meteo Historical Weather API,2025-03-01/2025-05-31,15.93,11.65,37.47,1.19,2208,Open-Meteo Air Quality API,2025-03-01/2025-05-31,3,aucun,0,1,séjour correct mais perfectible.
346,business,tokyo,printemps,hôtel,randonnée,8,4557.4,1126.66,nuageux,14.52,6.04,44,15.33,92,35.6895,139.69171,Open-Meteo Historical Weather API,2025-03-01/2025-05-31,29.58,26.1,53.35,1.05,2208,Open-Meteo Air Quality API,2025-03-01/2025-05-31,3,aucun,0,1,séjour correct mais perfectible.
347,senior,new york,hiver,resort,plage,7,8399.69,785.7,variable,-0.0,2.34,32,16.49,90,40.71427,-74.00597,Open-Meteo Historical Weather API,2024-12-01/2025-02-28,14.23,13.56,43.36,0.34,2160,Open-Meteo Air Quality API,2024-12-01/2025-02-28,2,retard_vol,1,1,séjour décevant.
348,couple,dubaï,été,hôtel,culture,13,9355.11,1022.08,nuageux,35.27,0.0,0,22.79,92,25.07725,55.30927,Open-Meteo Historical Weather API,2025-06-01/2025-08-31,128.17,54.13,71.91,2.19,2208,Open-Meteo Air Quality API,2025-06-01/2025-08-31,4,aucun,0,1,très bon séjour.
349,solo,bali,hiver,hôtel,gastronomie,6,4989.38,728.6,ensoleillé,26.28,11.89,84,14.7,90,-8.65,115.21667,Open-Meteo Historical Weather API,2024-12-01/2025-02-28,12.8,11.67,33.02,1.96,2160,Open-Meteo Air Quality API,2024-12-01/2025-02-28,3,aucun,0,1,séjour correct mais perfectible.
350,famille,tokyo,été,appartement,business,21,6354.29,1173.05,nuageux,27.71,2.91,31,13.49,92,35.6895,139.69171,Open-Meteo Historical Weather API,2025-06-01/2025-08-31,24.0,22.42,51.6,1.83,2208,Open-Meteo Air Quality API,2025-06-01/2025-08-31,2,aucun,0,1,séjour décevant.
351,solo,lisbonne,hiver,resort,plage,20,3474.44,434.79,variable,12.63,2.92,26,17.53,90,38.72509,-9.1498,Open-Meteo Historical Weather API,2024-12-01/2025-02-28,19.66,13.91,36.49,0.38,2160,Open-Meteo Air Quality API,2024-12-01/2025-02-28,2,aucun,0,1,séjour décevant.
352,famille,paris,été,appartement,gastronomie,9,5951.24,350.17,ensoleillé,21.05,2.58,30,14.41,92,48.85341,2.3488,Open-Meteo Historical Weather API,2025-06-01/2025-08-31,10.28,6.83,31.49,1.5,2208,Open-Meteo Air Quality API,2025-06-01/2025-08-31,4,bagages,1,1,très bon séjour.
353,solo,rome,automne,resort,plage,10,3797.11,430.55,ensoleillé,17.21,4.01,24,12.75,91,41.89193,12.51133,Open-Meteo Historical Weather API,2025-09-01/2025-11-30,13.51,9.22,34.28,0.79,2184,Open-Meteo Air Quality API,2025-09-01/2025-11-30,3,aucun,0,1,séjour correct mais perfectible.
354,solo,sydney,hiver,resort,gastronomie,11,11644.21,1438.91,pluie,22.44,3.42,39,20.67,90,-33.86785,151.20732,Open-Meteo Historical Weather API,2024-12-01/2025-02-28,12.57,9.86,34.15,2.24,2160,Open-Meteo Air Quality API,2024-12-01/2025-02-28,3,aucun,0,1,séjour correct mais perfectible.
355,couple,tokyo,hiver,hôtel,plage,3,6734.88,1336.95,nuageux,6.08,0.56,8,14.28,90,35.6895,139.69171,Open-Meteo Historical Weather API,2024-12-01/2025-02-28,31.02,30.0,55.43,0.51,2160,Open-Meteo Air Quality API,2024-12-01/2025-02-28,3,aucun,0,1,séjour correct mais perfectible.
356,solo,lisbonne,automne,appartement,culture,19,2594.21,291.49,pluie,18.72,2.83,21,17.54,91,38.72509,-9.1498,Open-Meteo Historical Weather API,2025-09-01/2025-11-30,15.83,9.72,31.17,0.9,2184,Open-Meteo Air Quality API,2025-09-01/2025-11-30,3,aucun,0,1,séjour correct mais perfectible.
357,business,tokyo,printemps,hôtel,culture,17,11092.45,791.43,nuageux,14.52,6.04,44,15.33,92,35.6895,139.69171,Open-Meteo Historical Weather API,2025-03-01/2025-05-31,29.58,26.1,53.35,1.05,2208,Open-Meteo Air Quality API,2025-03-01/2025-05-31,4,aucun,0,1,très bon séjour.
358,business,paris,été,hôtel,plage,9,5499.25,342.67,nuageux,21.05,2.58,30,14.41,92,48.85341,2.3488,Open-Meteo Historical Weather API,2025-06-01/2025-08-31,10.28,6.83,31.49,1.5,2208,Open-Meteo Air Quality API,2025-06-01/2025-08-31,3,aucun,0,1,séjour correct mais perfectible.
359,couple,paris,hiver,appartement,gastronomie,13,3865.84,253.14,ensoleillé,4.95,2.61,35,15.72,90,48.85341,2.3488,Open-Meteo Historical Weather API,2024-12-01/2025-02-28,20.98,17.57,45.01,0.13,2160,Open-Meteo Air Quality API,2024-12-01/2025-02-28,2,retard_vol,1,1,séjour décevant.
360,solo,new york,printemps,appartement,gastronomie,10,5203.0,625.64,nuageux,12.04,4.75,36,17.46,92,40.71427,-74.00597,Open-Meteo Historical Weather API,2025-03-01/2025-05-31,11.88,11.05,41.24,1.07,2208,Open-Meteo Air Quality API,2025-03-01/2025-05-31,3,aucun,0,1,séjour correct mais perfectible.
361,senior,new york,été,resort,culture,7,8822.35,827.4,pluie,24.52,2.28,32,14.21,92,40.71427,-74.00597,Open-Meteo Historical Weather API,2025-06-01/2025-08-31,18.13,17.43,51.89,1.61,2208,Open-Meteo Air Quality API,2025-06-01/2025-08-31,4,météo,0,1,très bon séjour.
362,famille,dubaï,automne,hôtel,gastronomie,8,8401.62,855.42,nuageux,29.44,0.0,0,20.09,91,25.07725,55.30927,Open-Meteo Historical Weather API,2025-09-01/2025-11-30,80.53,41.8,60.89,1.56,2184,Open-Meteo Air Quality API,2025-09-01/2025-11-30,3,aucun,0,1,séjour correct mais perfectible.
363,famille,sydney,printemps,hôtel,gastronomie,5,6036.02,1226.97,nuageux,19.13,4.44,49,17.74,92,-33.86785,151.20732,Open-Meteo Historical Weather API,2025-03-01/2025-05-31,11.25,9.25,31.84,1.01,2208,Open-Meteo Air Quality API,2025-03-01/2025-05-31,4,aucun,0,1,très bon séjour.
364,famille,lisbonne,été,resort,business,18,5921.85,450.93,ensoleillé,23.39,0.06,1,17.22,92,38.72509,-9.1498,Open-Meteo Historical Weather API,2025-06-01/2025-08-31,19.54,10.92,32.89,2.16,2208,Open-Meteo Air Quality API,2025-06-01/2025-08-31,4,aucun,0,1,très bon séjour.
365,solo,sydney,été,appartement,gastronomie,15,5147.27,1270.18,ensoleillé,12.22,4.06,27,18.74,92,-33.86785,151.20732,Open-Meteo Historical Weather API,2025-06-01/2025-08-31,10.19,9.26,31.56,0.49,2208,Open-Meteo Air Quality API,2025-06-01/2025-08-31,3,aucun,0,1,séjour correct mais perfectible.
366,couple,bali,hiver,resort,business,20,7641.03,1281.14,nuageux,26.28,11.89,84,14.7,90,-8.65,115.21667,Open-Meteo Historical Weather API,2024-12-01/2025-02-28,12.8,11.67,33.02,1.96,2160,Open-Meteo Air Quality API,2024-12-01/2025-02-28,2,aucun,0,1,séjour décevant.
367,business,sydney,printemps,hôtel,business,3,11063.81,1738.93,ensoleillé,19.13,4.44,49,17.74,92,-33.86785,151.20732,Open-Meteo Historical Weather API,2025-03-01/2025-05-31,11.25,9.25,31.84,1.01,2208,Open-Meteo Air Quality API,2025-03-01/2025-05-31,4,aucun,0,1,très bon séjour.
368,solo,rome,printemps,hôtel,business,14,2817.27,378.1,nuageux,15.22,3.55,32,13.85,92,41.89193,12.51133,Open-Meteo Historical Weather API,2025-03-01/2025-05-31,15.93,11.65,37.47,1.19,2208,Open-Meteo Air Quality API,2025-03-01/2025-05-31,2,aucun,0,1,séjour décevant.
369,couple,paris,printemps,resort,business,13,5653.58,458.66,nuageux,12.44,1.18,26,14.07,92,48.85341,2.3488,Open-Meteo Historical Weather API,2025-03-01/2025-05-31,15.06,12.04,38.85,0.97,2208,Open-Meteo Air Quality API,2025-03-01/2025-05-31,3,aucun,0,1,séjour correct mais perfectible.
370,senior,paris,été,appartement,culture,14,3835.24,440.09,variable,21.05,2.58,30,14.41,92,48.85341,2.3488,Open-Meteo Historical Weather API,2025-06-01/2025-08-31,10.28,6.83,31.49,1.5,2208,Open-Meteo Air Quality API,2025-06-01/2025-08-31,3,aucun,0,1,séjour correct mais perfectible.
371,business,dubaï,printemps,hôtel,gastronomie,21,7631.94,702.12,variable,28.3,0.01,0,22.56,92,25.07725,55.30927,Open-Meteo Historical Weather API,2025-03-01/2025-05-31,70.72,36.99,63.06,2.2,2208,Open-Meteo Air Quality API,2025-03-01/2025-05-31,2,annulation,1,1,séjour décevant.
372,couple,paris,printemps,hôtel,gastronomie,10,7694.53,375.21,ensoleillé,12.44,1.18,26,14.07,92,48.85341,2.3488,Open-Meteo Historical Weather API,2025-03-01/2025-05-31,15.06,12.04,38.85,0.97,2208,Open-Meteo Air Quality API,2025-03-01/2025-05-31,3,aucun,0,1,séjour correct mais perfectible.
373,couple,dubaï,été,hôtel,randonnée,5,8164.16,884.06,ensoleillé,35.27,0.0,0,22.79,92,25.07725,55.30927,Open-Meteo Historical Weather API,2025-06-01/2025-08-31,128.17,54.13,71.91,2.19,2208,Open-Meteo Air Quality API,2025-06-01/2025-08-31,3,aucun,0,1,séjour correct mais perfectible.
374,couple,tokyo,été,hôtel,business,3,5980.72,1653.17,pluie,27.71,2.91,31,13.49,92,35.6895,139.69171,Open-Meteo Historical Weather API,2025-06-01/2025-08-31,24.0,22.42,51.6,1.83,2208,Open-Meteo Air Quality API,2025-06-01/2025-08-31,3,annulation,0,1,séjour correct mais perfectible.
375,famille,rome,été,resort,culture,12,8950.36,580.72,ensoleillé,27.22,1.32,16,14.95,92,41.89193,12.51133,Open-Meteo Historical Weather API,2025-06-01/2025-08-31,15.45,9.67,40.74,2.01,2208,Open-Meteo Air Quality API,2025-06-01/2025-08-31,4,aucun,0,1,très bon séjour.
376,famille,sydney,été,hôtel,business,6,8532.0,1683.41,ensoleillé,12.22,4.06,27,18.74,92,-33.86785,151.20732,Open-Meteo Historical Weather API,2025-06-01/2025-08-31,10.19,9.26,31.56,0.49,2208,Open-Meteo Air Quality API,2025-06-01/2025-08-31,3,aucun,0,1,séjour correct mais perfectible.
377,senior,rome,printemps,resort,culture,5,5139.34,415.86,ensoleillé,15.22,3.55,32,13.85,92,41.89193,12.51133,Open-Meteo Historical Weather API,2025-03-01/2025-05-31,15.93,11.65,37.47,1.19,2208,Open-Meteo Air Quality API,2025-03-01/2025-05-31,4,aucun,0,1,très bon séjour.
378,couple,rome,été,appartement,gastronomie,5,4222.14,611.2,nuageux,27.22,1.32,16,14.95,92,41.89193,12.51133,Open-Meteo Historical Weather API,2025-06-01/2025-08-31,15.45,9.67,40.74,2.01,2208,Open-Meteo Air Quality API,2025-06-01/2025-08-31,4,bagages,1,1,très bon séjour.
379,couple,new york,printemps,villa,randonnée,8,5915.33,703.6,ensoleillé,12.04,4.75,36,17.46,92,40.71427,-74.00597,Open-Meteo Historical Weather API,2025-03-01/2025-05-31,11.88,11.05,41.24,1.07,2208,Open-Meteo Air Quality API,2025-03-01/2025-05-31,3,aucun,0,1,séjour correct mais perfectible.
380,business,lisbonne,printemps,villa,business,5,6184.75,387.46,ensoleillé,15.64,3.53,41,19.08,92,38.72509,-9.1498,Open-Meteo Historical Weather API,2025-03-01/2025-05-31,15.2,9.48,34.11,1.3,2208,Open-Meteo Air Quality API,2025-03-01/2025-05-31,5,aucun,0,1,excellent séjour.
381,solo,lisbonne,hiver,hôtel,culture,12,2265.06,577.22,nuageux,12.63,2.92,26,17.53,90,38.72509,-9.1498,Open-Meteo Historical Weather API,2024-12-01/2025-02-28,19.66,13.91,36.49,0.38,2160,Open-Meteo Air Quality API,2024-12-01/2025-02-28,3,aucun,0,1,séjour correct mais perfectible.
382,senior,rome,été,hôtel,business,15,4269.31,291.65,nuageux,27.22,1.32,16,14.95,92,41.89193,12.51133,Open-Meteo Historical Weather API,2025-06-01/2025-08-31,15.45,9.67,40.74,2.01,2208,Open-Meteo Air Quality API,2025-06-01/2025-08-31,3,aucun,0,1,séjour correct mais perfectible.
383,business,new york,été,hôtel,gastronomie,8,9732.7,1045.09,ensoleillé,24.52,2.28,32,14.21,92,40.71427,-74.00597,Open-Meteo Historical Weather API,2025-06-01/2025-08-31,18.13,17.43,51.89,1.61,2208,Open-Meteo Air Quality API,2025-06-01/2025-08-31,3,aucun,0,1,séjour correct mais perfectible.
384,couple,paris,printemps,appartement,gastronomie,5,4191.52,367.11,pluie,12.44,1.18,26,14.07,92,48.85341,2.3488,Open-Meteo Historical Weather API,2025-03-01/2025-05-31,15.06,12.04,38.85,0.97,2208,Open-Meteo Air Quality API,2025-03-01/2025-05-31,4,aucun,0,1,très bon séjour.
385,couple,rome,automne,hôtel,plage,13,4183.03,431.52,nuageux,17.21,4.01,24,12.75,91,41.89193,12.51133,Open-Meteo Historical Weather API,2025-09-01/2025-11-30,13.51,9.22,34.28,0.79,2184,Open-Meteo Air Quality API,2025-09-01/2025-11-30,3,météo,1,1,séjour correct mais perfectible.
386,senior,new york,automne,hôtel,plage,4,8442.81,818.71,nuageux,13.97,3.07,25,15.38,91,40.71427,-74.00597,Open-Meteo Historical Weather API,2025-09-01/2025-11-30,11.7,11.28,42.27,0.76,2184,Open-Meteo Air Quality API,2025-09-01/2025-11-30,4,aucun,0,1,très bon séjour.
387,business,bali,hiver,hôtel,culture,17,8264.03,1168.92,nuageux,26.28,11.89,84,14.7,90,-8.65,115.21667,Open-Meteo Historical Weather API,2024-12-01/2025-02-28,12.8,11.67,33.02,1.96,2160,Open-Meteo Air Quality API,2024-12-01/2025-02-28,3,aucun,0,1,séjour correct mais perfectible.
388,senior,tokyo,été,hôtel,randonnée,10,7285.8,1182.8,ensoleillé,27.71,2.91,31,13.49,92,35.6895,139.69171,Open-Meteo Historical Weather API,2025-06-01/2025-08-31,24.0,22.42,51.6,1.83,2208,Open-Meteo Air Quality API,2025-06-01/2025-08-31,4,aucun,0,1,très bon séjour.
389,famille,rome,printemps,appartement,plage,10,4186.81,467.98,ensoleillé,15.22,3.55,32,13.85,92,41.89193,12.51133,Open-Meteo Historical Weather API,2025-03-01/2025-05-31,15.93,11.65,37.47,1.19,2208,Open-Meteo Air Quality API,2025-03-01/2025-05-31,4,aucun,0,1,très bon séjour.
390,senior,tokyo,automne,appartement,culture,7,8311.62,957.84,variable,18.79,4.52,34,12.27,91,35.6895,139.69171,Open-Meteo Historical Weather API,2025-09-01/2025-11-30,28.46,27.24,54.08,0.85,2184,Open-Meteo Air Quality API,2025-09-01/2025-11-30,3,aucun,0,1,séjour correct mais perfectible.
391,solo,sydney,printemps,resort,culture,8,7660.35,1773.24,ensoleillé,19.13,4.44,49,17.74,92,-33.86785,151.20732,Open-Meteo Historical Weather API,2025-03-01/2025-05-31,11.25,9.25,31.84,1.01,2208,Open-Meteo Air Quality API,2025-03-01/2025-05-31,3,aucun,0,1,séjour correct mais perfectible.
392,famille,bali,printemps,villa,plage,5,9168.4,1097.83,variable,26.99,6.49,65,13.72,92,-8.65,115.21667,Open-Meteo Historical Weather API,2025-03-01/2025-05-31,12.14,10.4,31.68,2.19,2208,Open-Meteo Air Quality API,2025-03-01/2025-05-31,5,annulation,1,1,excellent séjour.
393,solo,lisbonne,printemps,hôtel,gastronomie,13,1503.41,418.96,ensoleillé,15.64,3.53,41,19.08,92,38.72509,-9.1498,Open-Meteo Historical Weather API,2025-03-01/2025-05-31,15.2,9.48,34.11,1.3,2208,Open-Meteo Air Quality API,2025-03-01/2025-05-31,2,annulation,1,1,séjour décevant.
394,business,new york,printemps,hôtel,gastronomie,5,6160.8,747.64,ensoleillé,12.04,4.75,36,17.46,92,40.71427,-74.00597,Open-Meteo Historical Weather API,2025-03-01/2025-05-31,11.88,11.05,41.24,1.07,2208,Open-Meteo Air Quality API,2025-03-01/2025-05-31,2,aucun,0,1,séjour décevant.
395,famille,new york,été,hôtel,plage,15,7429.27,1171.47,ensoleillé,24.52,2.28,32,14.21,92,40.71427,-74.00597,Open-Meteo Historical Weather API,2025-06-01/2025-08-31,18.13,17.43,51.89,1.61,2208,Open-Meteo Air Quality API,2025-06-01/2025-08-31,4,aucun,0,1,très bon séjour.
396,couple,paris,printemps,appartement,culture,7,4162.33,396.21,pluie,12.44,1.18,26,14.07,92,48.85341,2.3488,Open-Meteo Historical Weather API,2025-03-01/2025-05-31,15.06,12.04,38.85,0.97,2208,Open-Meteo Air Quality API,2025-03-01/2025-05-31,3,météo,0,1,séjour correct mais perfectible.
397,business,new york,printemps,resort,randonnée,13,9874.84,914.15,ensoleillé,12.04,4.75,36,17.46,92,40.71427,-74.00597,Open-Meteo Historical Weather API,2025-03-01/2025-05-31,11.88,11.05,41.24,1.07,2208,Open-Meteo Air Quality API,2025-03-01/2025-05-31,3,aucun,0,1,séjour correct mais perfectible.
398,couple,rome,été,hôtel,business,13,4632.18,432.81,ensoleillé,27.22,1.32,16,14.95,92,41.89193,12.51133,Open-Meteo Historical Weather API,2025-06-01/2025-08-31,15.45,9.67,40.74,2.01,2208,Open-Meteo Air Quality API,2025-06-01/2025-08-31,3,aucun,0,1,séjour correct mais perfectible.
399,couple,new york,automne,villa,plage,15,9134.25,734.88,nuageux,13.97,3.07,25,15.38,91,40.71427,-74.00597,Open-Meteo Historical Weather API,2025-09-01/2025-11-30,11.7,11.28,42.27,0.76,2184,Open-Meteo Air Quality API,2025-09-01/2025-11-30,4,aucun,0,1,très bon séjour.
400,couple,dubaï,été,hôtel,business,17,5431.92,1076.7,ensoleillé,35.27,0.0,0,22.79,92,25.07725,55.30927,Open-Meteo Historical Weather API,2025-06-01/2025-08-31,128.17,54.13,71.91,2.19,2208,Open-Meteo Air Quality API,2025-06-01/2025-08-31,3,aucun,0,1,séjour correct mais perfectible.
401,couple,new york,été,hôtel,plage,13,8170.43,865.16,nuageux,24.52,2.28,32,14.21,92,40.71427,-74.00597,Open-Meteo Historical Weather API,2025-06-01/2025-08-31,18.13,17.43,51.89,1.61,2208,Open-Meteo Air Quality API,2025-06-01/2025-08-31,4,aucun,0,1,très bon séjour.
402,senior,sydney,printemps,resort,culture,19,12671.09,1449.97,pluie,19.13,4.44,49,17.74,92,-33.86785,151.20732,Open-Meteo Historical Weather API,2025-03-01/2025-05-31,11.25,9.25,31.84,1.01,2208,Open-Meteo Air Quality API,2025-03-01/2025-05-31,4,aucun,0,1,très bon séjour.
403,business,lisbonne,hiver,villa,culture,7,4935.66,315.38,ensoleillé,12.63,2.92,26,17.53,90,38.72509,-9.1498,Open-Meteo Historical Weather API,2024-12-01/2025-02-28,19.66,13.91,36.49,0.38,2160,Open-Meteo Air Quality API,2024-12-01/2025-02-28,4,aucun,0,1,très bon séjour.
404,famille,dubaï,automne,appartement,gastronomie,17,6756.22,827.06,variable,29.44,0.0,0,20.09,91,25.07725,55.30927,Open-Meteo Historical Weather API,2025-09-01/2025-11-30,80.53,41.8,60.89,1.56,2184,Open-Meteo Air Quality API,2025-09-01/2025-11-30,2,aucun,0,1,séjour décevant.
405,senior,sydney,été,villa,randonnée,9,6561.54,1344.47,ensoleillé,12.22,4.06,27,18.74,92,-33.86785,151.20732,Open-Meteo Historical Weather API,2025-06-01/2025-08-31,10.19,9.26,31.56,0.49,2208,Open-Meteo Air Quality API,2025-06-01/2025-08-31,3,retard_vol,0,1,séjour correct mais perfectible.
406,senior,dubaï,été,hôtel,plage,14,4364.39,682.79,variable,35.27,0.0,0,22.79,92,25.07725,55.30927,Open-Meteo Historical Weather API,2025-06-01/2025-08-31,128.17,54.13,71.91,2.19,2208,Open-Meteo Air Quality API,2025-06-01/2025-08-31,2,météo,1,1,séjour décevant.
407,couple,tokyo,automne,resort,randonnée,12,8269.48,915.37,variable,18.79,4.52,34,12.27,91,35.6895,139.69171,Open-Meteo Historical Weather API,2025-09-01/2025-11-30,28.46,27.24,54.08,0.85,2184,Open-Meteo Air Quality API,2025-09-01/2025-11-30,3,aucun,0,1,séjour correct mais perfectible.
408,business,tokyo,hiver,appartement,culture,20,9735.01,945.33,pluie,6.08,0.56,8,14.28,90,35.6895,139.69171,Open-Meteo Historical Weather API,2024-12-01/2025-02-28,31.02,30.0,55.43,0.51,2160,Open-Meteo Air Quality API,2024-12-01/2025-02-28,2,retard_vol,0,1,séjour décevant.
409,famille,new york,été,resort,culture,8,8576.89,1076.06,variable,24.52,2.28,32,14.21,92,40.71427,-74.00597,Open-Meteo Historical Weather API,2025-06-01/2025-08-31,18.13,17.43,51.89,1.61,2208,Open-Meteo Air Quality API,2025-06-01/2025-08-31,4,aucun,0,1,très bon séjour.
410,senior,dubaï,hiver,hôtel,plage,12,5300.16,708.74,variable,20.21,0.09,2,19.57,90,25.07725,55.30927,Open-Meteo Historical Weather API,2024-12-01/2025-02-28,59.55,32.47,55.0,1.03,2160,Open-Meteo Air Quality API,2024-12-01/2025-02-28,3,annulation,0,1,séjour correct mais perfectible.
411,solo,sydney,hiver,villa,plage,6,8628.77,1043.73,ensoleillé,22.44,3.42,39,20.67,90,-33.86785,151.20732,Open-Meteo Historical Weather API,2024-12-01/2025-02-28,12.57,9.86,34.15,2.24,2160,Open-Meteo Air Quality API,2024-12-01/2025-02-28,4,aucun,0,1,très bon séjour.
412,solo,bali,printemps,hôtel,gastronomie,15,4500.42,1144.21,ensoleillé,26.99,6.49,65,13.72,92,-8.65,115.21667,Open-Meteo Historical Weather API,2025-03-01/2025-05-31,12.14,10.4,31.68,2.19,2208,Open-Meteo Air Quality API,2025-03-01/2025-05-31,3,aucun,0,1,séjour correct mais perfectible.
413,famille,paris,printemps,hôtel,gastronomie,3,4947.08,277.96,ensoleillé,12.44,1.18,26,14.07,92,48.85341,2.3488,Open-Meteo Historical Weather API,2025-03-01/2025-05-31,15.06,12.04,38.85,0.97,2208,Open-Meteo Air Quality API,2025-03-01/2025-05-31,3,aucun,0,1,séjour correct mais perfectible.
414,senior,paris,automne,appartement,business,10,5820.87,390.54,nuageux,12.33,2.12,33,16.01,91,48.85341,2.3488,Open-Meteo Historical Weather API,2025-09-01/2025-11-30,12.19,8.6,34.88,0.44,2184,Open-Meteo Air Quality API,2025-09-01/2025-11-30,4,aucun,0,1,très bon séjour.
415,famille,rome,printemps,villa,culture,3,6751.65,516.98,nuageux,15.22,3.55,32,13.85,92,41.89193,12.51133,Open-Meteo Historical Weather API,2025-03-01/2025-05-31,15.93,11.65,37.47,1.19,2208,Open-Meteo Air Quality API,2025-03-01/2025-05-31,3,aucun,0,1,séjour correct mais perfectible.
416,famille,paris,automne,villa,gastronomie,9,8887.68,348.49,nuageux,12.33,2.12,33,16.01,91,48.85341,2.3488,Open-Meteo Historical Weather API,2025-09-01/2025-11-30,12.19,8.6,34.88,0.44,2184,Open-Meteo Air Quality API,2025-09-01/2025-11-30,4,aucun,0,1,très bon séjour.
417,famille,rome,été,appartement,gastronomie,12,3696.48,556.96,nuageux,27.22,1.32,16,14.95,92,41.89193,12.51133,Open-Meteo Historical Weather API,2025-06-01/2025-08-31,15.45,9.67,40.74,2.01,2208,Open-Meteo Air Quality API,2025-06-01/2025-08-31,4,aucun,0,1,très bon séjour.
418,business,paris,été,hôtel,culture,9,7129.16,543.25,ensoleillé,21.05,2.58,30,14.41,92,48.85341,2.3488,Open-Meteo Historical Weather API,2025-06-01/2025-08-31,10.28,6.83,31.49,1.5,2208,Open-Meteo Air Quality API,2025-06-01/2025-08-31,3,aucun,0,1,séjour correct mais perfectible.
419,famille,dubaï,automne,villa,gastronomie,10,14419.7,680.14,ensoleillé,29.44,0.0,0,20.09,91,25.07725,55.30927,Open-Meteo Historical Weather API,2025-09-01/2025-11-30,80.53,41.8,60.89,1.56,2184,Open-Meteo Air Quality API,2025-09-01/2025-11-30,4,aucun,0,1,très bon séjour.
420,senior,paris,printemps,resort,culture,5,8435.09,290.51,ensoleillé,12.44,1.18,26,14.07,92,48.85341,2.3488,Open-Meteo Historical Weather API,2025-03-01/2025-05-31,15.06,12.04,38.85,0.97,2208,Open-Meteo Air Quality API,2025-03-01/2025-05-31,4,aucun,0,1,très bon séjour.
421,solo,tokyo,printemps,appartement,plage,16,3734.57,1159.47,variable,14.52,6.04,44,15.33,92,35.6895,139.69171,Open-Meteo Historical Weather API,2025-03-01/2025-05-31,29.58,26.1,53.35,1.05,2208,Open-Meteo Air Quality API,2025-03-01/2025-05-31,1,bagages,1,1,très mauvaise expérience.
422,famille,lisbonne,hiver,hôtel,business,18,5142.6,302.53,nuageux,12.63,2.92,26,17.53,90,38.72509,-9.1498,Open-Meteo Historical Weather API,2024-12-01/2025-02-28,19.66,13.91,36.49,0.38,2160,Open-Meteo Air Quality API,2024-12-01/2025-02-28,3,aucun,0,1,séjour correct mais perfectible.
423,famille,rome,printemps,appartement,business,11,4545.26,432.94,ensoleillé,15.22,3.55,32,13.85,92,41.89193,12.51133,Open-Meteo Historical Weather API,2025-03-01/2025-05-31,15.93,11.65,37.47,1.19,2208,Open-Meteo Air Quality API,2025-03-01/2025-05-31,3,aucun,0,1,séjour correct mais perfectible.
424,famille,tokyo,automne,resort,gastronomie,4,13267.3,936.79,ensoleillé,18.79,4.52,34,12.27,91,35.6895,139.69171,Open-Meteo Historical Weather API,2025-09-01/2025-11-30,28.46,27.24,54.08,0.85,2184,Open-Meteo Air Quality API,2025-09-01/2025-11-30,4,aucun,0,1,très bon séjour.
425,solo,dubaï,printemps,appartement,gastronomie,4,3933.57,611.57,variable,28.3,0.01,0,22.56,92,25.07725,55.30927,Open-Meteo Historical Weather API,2025-03-01/2025-05-31,70.72,36.99,63.06,2.2,2208,Open-Meteo Air Quality API,2025-03-01/2025-05-31,3,aucun,0,1,séjour correct mais perfectible.
426,business,sydney,printemps,hôtel,gastronomie,15,9828.22,1241.48,ensoleillé,19.13,4.44,49,17.74,92,-33.86785,151.20732,Open-Meteo Historical Weather API,2025-03-01/2025-05-31,11.25,9.25,31.84,1.01,2208,Open-Meteo Air Quality API,2025-03-01/2025-05-31,4,aucun,0,1,très bon séjour.
427,famille,dubaï,hiver,hôtel,business,20,9429.8,813.39,pluie,20.21,0.09,2,19.57,90,25.07725,55.30927,Open-Meteo Historical Weather API,2024-12-01/2025-02-28,59.55,32.47,55.0,1.03,2160,Open-Meteo Air Quality API,2024-12-01/2025-02-28,2,retard_vol,1,1,séjour décevant.
428,business,new york,printemps,resort,plage,19,13612.86,1019.17,ensoleillé,12.04,4.75,36,17.46,92,40.71427,-74.00597,Open-Meteo Historical Weather API,2025-03-01/2025-05-31,11.88,11.05,41.24,1.07,2208,Open-Meteo Air Quality API,2025-03-01/2025-05-31,3,aucun,0,1,séjour correct mais perfectible.
429,famille,tokyo,été,hôtel,randonnée,10,11750.57,1445.56,ensoleillé,27.71,2.91,31,13.49,92,35.6895,139.69171,Open-Meteo Historical Weather API,2025-06-01/2025-08-31,24.0,22.42,51.6,1.83,2208,Open-Meteo Air Quality API,2025-06-01/2025-08-31,3,aucun,0,1,séjour correct mais perfectible.
430,business,rome,printemps,appartement,culture,12,4600.02,477.24,nuageux,15.22,3.55,32,13.85,92,41.89193,12.51133,Open-Meteo Historical Weather API,2025-03-01/2025-05-31,15.93,11.65,37.47,1.19,2208,Open-Meteo Air Quality API,2025-03-01/2025-05-31,3,aucun,0,1,séjour correct mais perfectible.
431,senior,sydney,été,hôtel,culture,6,7606.77,1462.84,nuageux,12.22,4.06,27,18.74,92,-33.86785,151.20732,Open-Meteo Historical Weather API,2025-06-01/2025-08-31,10.19,9.26,31.56,0.49,2208,Open-Meteo Air Quality API,2025-06-01/2025-08-31,3,aucun,0,1,séjour correct mais perfectible.
432,business,tokyo,été,resort,randonnée,4,5448.63,713.16,nuageux,27.71,2.91,31,13.49,92,35.6895,139.69171,Open-Meteo Historical Weather API,2025-06-01/2025-08-31,24.0,22.42,51.6,1.83,2208,Open-Meteo Air Quality API,2025-06-01/2025-08-31,3,aucun,0,1,séjour correct mais perfectible.
433,business,lisbonne,été,hôtel,plage,17,2904.85,478.07,ensoleillé,23.39,0.06,1,17.22,92,38.72509,-9.1498,Open-Meteo Historical Weather API,2025-06-01/2025-08-31,19.54,10.92,32.89,2.16,2208,Open-Meteo Air Quality API,2025-06-01/2025-08-31,3,aucun,0,1,séjour correct mais perfectible.
434,business,lisbonne,printemps,hôtel,gastronomie,11,4109.69,224.09,variable,15.64,3.53,41,19.08,92,38.72509,-9.1498,Open-Meteo Historical Weather API,2025-03-01/2025-05-31,15.2,9.48,34.11,1.3,2208,Open-Meteo Air Quality API,2025-03-01/2025-05-31,3,météo,1,1,séjour correct mais perfectible.
435,famille,new york,été,resort,culture,12,7842.89,655.76,ensoleillé,24.52,2.28,32,14.21,92,40.71427,-74.00597,Open-Meteo Historical Weather API,2025-06-01/2025-08-31,18.13,17.43,51.89,1.61,2208,Open-Meteo Air Quality API,2025-06-01/2025-08-31,5,aucun,0,1,excellent séjour.
436,famille,paris,hiver,hôtel,culture,9,7051.07,339.81,variable,4.95,2.61,35,15.72,90,48.85341,2.3488,Open-Meteo Historical Weather API,2024-12-01/2025-02-28,20.98,17.57,45.01,0.13,2160,Open-Meteo Air Quality API,2024-12-01/2025-02-28,3,retard_vol,0,1,séjour correct mais perfectible.
437,famille,sydney,printemps,hôtel,plage,8,6712.23,1361.91,ensoleillé,19.13,4.44,49,17.74,92,-33.86785,151.20732,Open-Meteo Historical Weather API,2025-03-01/2025-05-31,11.25,9.25,31.84,1.01,2208,Open-Meteo Air Quality API,2025-03-01/2025-05-31,4,aucun,0,1,très bon séjour.
438,solo,lisbonne,été,hôtel,plage,21,2306.14,411.99,ensoleillé,23.39,0.06,1,17.22,92,38.72509,-9.1498,Open-Meteo Historical Weather API,2025-06-01/2025-08-31,19.54,10.92,32.89,2.16,2208,Open-Meteo Air Quality API,2025-06-01/2025-08-31,2,aucun,0,1,séjour décevant.
439,business,paris,été,hôtel,randonnée,18,5839.3,527.15,ensoleillé,21.05,2.58,30,14.41,92,48.85341,2.3488,Open-Meteo Historical Weather API,2025-06-01/2025-08-31,10.28,6.83,31.49,1.5,2208,Open-Meteo Air Quality API,2025-06-01/2025-08-31,3,aucun,0,1,séjour correct mais perfectible.
440,solo,lisbonne,hiver,resort,gastronomie,16,4098.74,411.61,pluie,12.63,2.92,26,17.53,90,38.72509,-9.1498,Open-Meteo Historical Weather API,2024-12-01/2025-02-28,19.66,13.91,36.49,0.38,2160,Open-Meteo Air Quality API,2024-12-01/2025-02-28,2,aucun,0,1,séjour décevant.
441,senior,sydney,automne,hôtel,plage,10,6747.6,1241.64,pluie,19.17,1.74,22,21.07,91,-33.86785,151.20732,Open-Meteo Historical Weather API,2025-09-01/2025-11-30,10.98,9.17,34.45,1.63,2184,Open-Meteo Air Quality API,2025-09-01/2025-11-30,3,bagages,1,1,séjour correct mais perfectible.
442,famille,lisbonne,hiver,hôtel,plage,16,4552.06,474.82,nuageux,12.63,2.92,26,17.53,90,38.72509,-9.1498,Open-Meteo Historical Weather API,2024-12-01/2025-02-28,19.66,13.91,36.49,0.38,2160,Open-Meteo Air Quality API,2024-12-01/2025-02-28,3,aucun,0,1,séjour correct mais perfectible.
443,business,new york,été,appartement,gastronomie,9,7697.75,1285.57,ensoleillé,24.52,2.28,32,14.21,92,40.71427,-74.00597,Open-Meteo Historical Weather API,2025-06-01/2025-08-31,18.13,17.43,51.89,1.61,2208,Open-Meteo Air Quality API,2025-06-01/2025-08-31,4,aucun,0,1,très bon séjour.
444,famille,sydney,automne,resort,randonnée,12,14129.95,1419.94,ensoleillé,19.17,1.74,22,21.07,91,-33.86785,151.20732,Open-Meteo Historical Weather API,2025-09-01/2025-11-30,10.98,9.17,34.45,1.63,2184,Open-Meteo Air Quality API,2025-09-01/2025-11-30,4,aucun,0,1,très bon séjour.
445,couple,paris,été,resort,culture,5,7715.81,355.37,ensoleillé,21.05,2.58,30,14.41,92,48.85341,2.3488,Open-Meteo Historical Weather API,2025-06-01/2025-08-31,10.28,6.83,31.49,1.5,2208,Open-Meteo Air Quality API,2025-06-01/2025-08-31,4,aucun,0,1,très bon séjour.
446,business,sydney,automne,hôtel,plage,16,10174.59,1171.24,variable,19.17,1.74,22,21.07,91,-33.86785,151.20732,Open-Meteo Historical Weather API,2025-09-01/2025-11-30,10.98,9.17,34.45,1.63,2184,Open-Meteo Air Quality API,2025-09-01/2025-11-30,2,retard_vol,0,1,séjour décevant.
447,senior,lisbonne,été,villa,business,4,3108.38,331.63,ensoleillé,23.39,0.06,1,17.22,92,38.72509,-9.1498,Open-Meteo Historical Weather API,2025-06-01/2025-08-31,19.54,10.92,32.89,2.16,2208,Open-Meteo Air Quality API,2025-06-01/2025-08-31,4,retard_vol,1,1,très bon séjour.
448,solo,tokyo,été,hôtel,plage,16,5193.02,1229.54,ensoleillé,27.71,2.91,31,13.49,92,35.6895,139.69171,Open-Meteo Historical Weather API,2025-06-01/2025-08-31,24.0,22.42,51.6,1.83,2208,Open-Meteo Air Quality API,2025-06-01/2025-08-31,3,aucun,0,1,séjour correct mais perfectible.
449,famille,rome,été,hôtel,gastronomie,14,4923.29,430.64,ensoleillé,27.22,1.32,16,14.95,92,41.89193,12.51133,Open-Meteo Historical Weather API,2025-06-01/2025-08-31,15.45,9.67,40.74,2.01,2208,Open-Meteo Air Quality API,2025-06-01/2025-08-31,3,aucun,0,1,séjour correct mais perfectible.
450,solo,rome,été,villa,business,4,4771.67,499.55,ensoleillé,27.22,1.32,16,14.95,92,41.89193,12.51133,Open-Meteo Historical Weather API,2025-06-01/2025-08-31,15.45,9.67,40.74,2.01,2208,Open-Meteo Air Quality API,2025-06-01/2025-08-31,3,annulation,1,1,séjour correct mais perfectible.
451,famille,sydney,printemps,appartement,culture,12,6477.89,1360.98,variable,19.13,4.44,49,17.74,92,-33.86785,151.20732,Open-Meteo Historical Weather API,2025-03-01/2025-05-31,11.25,9.25,31.84,1.01,2208,Open-Meteo Air Quality API,2025-03-01/2025-05-31,4,aucun,0,1,très bon séjour.
452,senior,sydney,été,resort,business,7,12181.6,986.26,ensoleillé,12.22,4.06,27,18.74,92,-33.86785,151.20732,Open-Meteo Historical Weather API,2025-06-01/2025-08-31,10.19,9.26,31.56,0.49,2208,Open-Meteo Air Quality API,2025-06-01/2025-08-31,3,météo,0,1,séjour correct mais perfectible.
453,business,dubaï,printemps,appartement,plage,12,6990.88,540.77,variable,28.3,0.01,0,22.56,92,25.07725,55.30927,Open-Meteo Historical Weather API,2025-03-01/2025-05-31,70.72,36.99,63.06,2.2,2208,Open-Meteo Air Quality API,2025-03-01/2025-05-31,3,bagages,0,1,séjour correct mais perfectible.
454,famille,tokyo,automne,hôtel,culture,3,6970.07,954.21,pluie,18.79,4.52,34,12.27,91,35.6895,139.69171,Open-Meteo Historical Weather API,2025-09-01/2025-11-30,28.46,27.24,54.08,0.85,2184,Open-Meteo Air Quality API,2025-09-01/2025-11-30,4,aucun,0,1,très bon séjour.
455,famille,bali,printemps,appartement,plage,16,5257.2,1139.13,nuageux,26.99,6.49,65,13.72,92,-8.65,115.21667,Open-Meteo Historical Weather API,2025-03-01/2025-05-31,12.14,10.4,31.68,2.19,2208,Open-Meteo Air Quality API,2025-03-01/2025-05-31,3,aucun,0,1,séjour correct mais perfectible.
456,famille,rome,printemps,appartement,culture,12,5775.31,409.99,nuageux,15.22,3.55,32,13.85,92,41.89193,12.51133,Open-Meteo Historical Weather API,2025-03-01/2025-05-31,15.93,11.65,37.47,1.19,2208,Open-Meteo Air Quality API,2025-03-01/2025-05-31,3,aucun,0,1,séjour correct mais perfectible.
457,senior,lisbonne,automne,hôtel,randonnée,9,3919.88,361.5,pluie,18.72,2.83,21,17.54,91,38.72509,-9.1498,Open-Meteo Historical Weather API,2025-09-01/2025-11-30,15.83,9.72,31.17,0.9,2184,Open-Meteo Air Quality API,2025-09-01/2025-11-30,3,bagages,0,1,séjour correct mais perfectible.
458,couple,tokyo,printemps,hôtel,culture,19,9353.02,916.53,nuageux,14.52,6.04,44,15.33,92,35.6895,139.69171,Open-Meteo Historical Weather API,2025-03-01/2025-05-31,29.58,26.1,53.35,1.05,2208,Open-Meteo Air Quality API,2025-03-01/2025-05-31,4,aucun,0,1,très bon séjour.
459,business,lisbonne,printemps,hôtel,plage,15,3468.83,280.86,ensoleillé,15.64,3.53,41,19.08,92,38.72509,-9.1498,Open-Meteo Historical Weather API,2025-03-01/2025-05-31,15.2,9.48,34.11,1.3,2208,Open-Meteo Air Quality API,2025-03-01/2025-05-31,3,aucun,0,1,séjour correct mais perfectible.
460,solo,bali,été,villa,business,14,5491.9,1226.38,variable,25.53,3.21,49,18.92,92,-8.65,115.21667,Open-Meteo Historical Weather API,2025-06-01/2025-08-31,13.38,9.86,30.22,1.86,2208,Open-Meteo Air Quality API,2025-06-01/2025-08-31,2,aucun,0,1,séjour décevant.
461,solo,rome,hiver,hôtel,gastronomie,5,2631.87,432.73,nuageux,9.23,2.57,28,13.79,90,41.89193,12.51133,Open-Meteo Historical Weather API,2024-12-01/2025-02-28,20.56,17.01,40.29,0.27,2160,Open-Meteo Air Quality API,2024-12-01/2025-02-28,4,aucun,0,1,très bon séjour.
462,famille,bali,hiver,hôtel,gastronomie,12,7419.24,1085.75,nuageux,26.28,11.89,84,14.7,90,-8.65,115.21667,Open-Meteo Historical Weather API,2024-12-01/2025-02-28,12.8,11.67,33.02,1.96,2160,Open-Meteo Air Quality API,2024-12-01/2025-02-28,3,aucun,0,1,séjour correct mais perfectible.
463,senior,rome,printemps,appartement,gastronomie,16,3221.47,459.06,ensoleillé,15.22,3.55,32,13.85,92,41.89193,12.51133,Open-Meteo Historical Weather API,2025-03-01/2025-05-31,15.93,11.65,37.47,1.19,2208,Open-Meteo Air Quality API,2025-03-01/2025-05-31,2,aucun,0,1,séjour décevant.
464,couple,paris,printemps,appartement,plage,20,3804.82,376.39,nuageux,12.44,1.18,26,14.07,92,48.85341,2.3488,Open-Meteo Historical Weather API,2025-03-01/2025-05-31,15.06,12.04,38.85,0.97,2208,Open-Meteo Air Quality API,2025-03-01/2025-05-31,3,retard_vol,1,1,séjour correct mais perfectible.
465,solo,rome,printemps,hôtel,randonnée,14,2848.02,505.22,ensoleillé,15.22,3.55,32,13.85,92,41.89193,12.51133,Open-Meteo Historical Weather API,2025-03-01/2025-05-31,15.93,11.65,37.47,1.19,2208,Open-Meteo Air Quality API,2025-03-01/2025-05-31,3,aucun,0,1,séjour correct mais perfectible.
466,business,new york,hiver,appartement,culture,6,6090.8,753.07,nuageux,-0.0,2.34,32,16.49,90,40.71427,-74.00597,Open-Meteo Historical Weather API,2024-12-01/2025-02-28,14.23,13.56,43.36,0.34,2160,Open-Meteo Air Quality API,2024-12-01/2025-02-28,3,aucun,0,1,séjour correct mais perfectible.
467,solo,lisbonne,printemps,resort,business,15,3111.81,272.22,ensoleillé,15.64,3.53,41,19.08,92,38.72509,-9.1498,Open-Meteo Historical Weather API,2025-03-01/2025-05-31,15.2,9.48,34.11,1.3,2208,Open-Meteo Air Quality API,2025-03-01/2025-05-31,3,aucun,0,1,séjour correct mais perfectible.
468,senior,paris,printemps,appartement,business,4,5042.87,430.11,ensoleillé,12.44,1.18,26,14.07,92,48.85341,2.3488,Open-Meteo Historical Weather API,2025-03-01/2025-05-31,15.06,12.04,38.85,0.97,2208,Open-Meteo Air Quality API,2025-03-01/2025-05-31,4,retard_vol,0,1,très bon séjour.
469,famille,new york,hiver,hôtel,gastronomie,8,5523.67,908.97,ensoleillé,-0.0,2.34,32,16.49,90,40.71427,-74.00597,Open-Meteo Historical Weather API,2024-12-01/2025-02-28,14.23,13.56,43.36,0.34,2160,Open-Meteo Air Quality API,2024-12-01/2025-02-28,3,aucun,0,1,séjour correct mais perfectible.
470,solo,rome,été,hôtel,randonnée,20,3331.99,439.75,pluie,27.22,1.32,16,14.95,92,41.89193,12.51133,Open-Meteo Historical Weather API,2025-06-01/2025-08-31,15.45,9.67,40.74,2.01,2208,Open-Meteo Air Quality API,2025-06-01/2025-08-31,2,aucun,0,1,séjour décevant.
471,couple,paris,été,resort,gastronomie,18,8473.53,433.64,ensoleillé,21.05,2.58,30,14.41,92,48.85341,2.3488,Open-Meteo Historical Weather API,2025-06-01/2025-08-31,10.28,6.83,31.49,1.5,2208,Open-Meteo Air Quality API,2025-06-01/2025-08-31,4,aucun,0,1,très bon séjour.
472,couple,rome,hiver,hôtel,gastronomie,20,4126.71,536.51,variable,9.23,2.57,28,13.79,90,41.89193,12.51133,Open-Meteo Historical Weather API,2024-12-01/2025-02-28,20.56,17.01,40.29,0.27,2160,Open-Meteo Air Quality API,2024-12-01/2025-02-28,2,aucun,0,1,séjour décevant.
473,famille,bali,printemps,resort,randonnée,9,7875.51,1507.94,nuageux,26.99,6.49,65,13.72,92,-8.65,115.21667,Open-Meteo Historical Weather API,2025-03-01/2025-05-31,12.14,10.4,31.68,2.19,2208,Open-Meteo Air Quality API,2025-03-01/2025-05-31,4,aucun,0,1,très bon séjour.
474,famille,dubaï,automne,hôtel,randonnée,15,9410.05,731.58,pluie,29.44,0.0,0,20.09,91,25.07725,55.30927,Open-Meteo Historical Weather API,2025-09-01/2025-11-30,80.53,41.8,60.89,1.56,2184,Open-Meteo Air Quality API,2025-09-01/2025-11-30,3,aucun,0,1,séjour correct mais perfectible.
475,couple,rome,été,appartement,business,16,2762.52,632.28,variable,27.22,1.32,16,14.95,92,41.89193,12.51133,Open-Meteo Historical Weather API,2025-06-01/2025-08-31,15.45,9.67,40.74,2.01,2208,Open-Meteo Air Quality API,2025-06-01/2025-08-31,3,aucun,0,1,séjour correct mais perfectible.
476,couple,lisbonne,printemps,appartement,randonnée,7,2937.26,297.26,ensoleillé,15.64,3.53,41,19.08,92,38.72509,-9.1498,Open-Meteo Historical Weather API,2025-03-01/2025-05-31,15.2,9.48,34.11,1.3,2208,Open-Meteo Air Quality API,2025-03-01/2025-05-31,3,aucun,0,1,séjour correct mais perfectible.
477,couple,rome,printemps,appartement,plage,20,2719.37,447.09,nuageux,15.22,3.55,32,13.85,92,41.89193,12.51133,Open-Meteo Historical Weather API,2025-03-01/2025-05-31,15.93,11.65,37.47,1.19,2208,Open-Meteo Air Quality API,2025-03-01/2025-05-31,3,aucun,0,1,séjour correct mais perfectible.
478,solo,lisbonne,hiver,villa,culture,21,2212.11,357.09,ensoleillé,12.63,2.92,26,17.53,90,38.72509,-9.1498,Open-Meteo Historical Weather API,2024-12-01/2025-02-28,19.66,13.91,36.49,0.38,2160,Open-Meteo Air Quality API,2024-12-01/2025-02-28,3,aucun,0,1,séjour correct mais perfectible.
479,solo,tokyo,automne,villa,culture,5,7669.1,1114.75,ensoleillé,18.79,4.52,34,12.27,91,35.6895,139.69171,Open-Meteo Historical Weather API,2025-09-01/2025-11-30,28.46,27.24,54.08,0.85,2184,Open-Meteo Air Quality API,2025-09-01/2025-11-30,4,aucun,0,1,très bon séjour.
480,couple,lisbonne,automne,resort,randonnée,17,3249.24,490.21,nuageux,18.72,2.83,21,17.54,91,38.72509,-9.1498,Open-Meteo Historical Weather API,2025-09-01/2025-11-30,15.83,9.72,31.17,0.9,2184,Open-Meteo Air Quality API,2025-09-01/2025-11-30,3,aucun,0,1,séjour correct mais perfectible.
481,couple,tokyo,automne,hôtel,culture,11,7580.49,1097.23,pluie,18.79,4.52,34,12.27,91,35.6895,139.69171,Open-Meteo Historical Weather API,2025-09-01/2025-11-30,28.46,27.24,54.08,0.85,2184,Open-Meteo Air Quality API,2025-09-01/2025-11-30,2,météo,0,1,séjour décevant.
482,famille,dubaï,printemps,appartement,business,15,7985.4,581.85,pluie,28.3,0.01,0,22.56,92,25.07725,55.30927,Open-Meteo Historical Weather API,2025-03-01/2025-05-31,70.72,36.99,63.06,2.2,2208,Open-Meteo Air Quality API,2025-03-01/2025-05-31,3,aucun,0,1,séjour correct mais perfectible.
483,solo,dubaï,printemps,villa,business,13,9995.22,540.81,ensoleillé,28.3,0.01,0,22.56,92,25.07725,55.30927,Open-Meteo Historical Weather API,2025-03-01/2025-05-31,70.72,36.99,63.06,2.2,2208,Open-Meteo Air Quality API,2025-03-01/2025-05-31,3,aucun,0,1,séjour correct mais perfectible.
484,couple,new york,hiver,villa,culture,7,10654.82,1101.8,pluie,-0.0,2.34,32,16.49,90,40.71427,-74.00597,Open-Meteo Historical Weather API,2024-12-01/2025-02-28,14.23,13.56,43.36,0.34,2160,Open-Meteo Air Quality API,2024-12-01/2025-02-28,3,aucun,0,1,séjour correct mais perfectible.
485,famille,tokyo,printemps,appartement,gastronomie,4,8773.79,1147.11,ensoleillé,14.52,6.04,44,15.33,92,35.6895,139.69171,Open-Meteo Historical Weather API,2025-03-01/2025-05-31,29.58,26.1,53.35,1.05,2208,Open-Meteo Air Quality API,2025-03-01/2025-05-31,3,aucun,0,1,séjour correct mais perfectible.
486,couple,dubaï,printemps,hôtel,plage,12,7396.85,756.46,ensoleillé,28.3,0.01,0,22.56,92,25.07725,55.30927,Open-Meteo Historical Weather API,2025-03-01/2025-05-31,70.72,36.99,63.06,2.2,2208,Open-Meteo Air Quality API,2025-03-01/2025-05-31,4,aucun,0,1,très bon séjour.
487,couple,sydney,été,villa,gastronomie,18,10887.85,1439.09,ensoleillé,12.22,4.06,27,18.74,92,-33.86785,151.20732,Open-Meteo Historical Weather API,2025-06-01/2025-08-31,10.19,9.26,31.56,0.49,2208,Open-Meteo Air Quality API,2025-06-01/2025-08-31,4,aucun,0,1,très bon séjour.
488,famille,lisbonne,hiver,villa,business,18,3461.02,398.32,pluie,12.63,2.92,26,17.53,90,38.72509,-9.1498,Open-Meteo Historical Weather API,2024-12-01/2025-02-28,19.66,13.91,36.49,0.38,2160,Open-Meteo Air Quality API,2024-12-01/2025-02-28,2,aucun,0,1,séjour décevant.
489,solo,rome,automne,appartement,business,8,3447.15,370.06,nuageux,17.21,4.01,24,12.75,91,41.89193,12.51133,Open-Meteo Historical Weather API,2025-09-01/2025-11-30,13.51,9.22,34.28,0.79,2184,Open-Meteo Air Quality API,2025-09-01/2025-11-30,3,aucun,0,1,séjour correct mais perfectible.
490,solo,paris,hiver,appartement,culture,19,2361.5,374.39,nuageux,4.95,2.61,35,15.72,90,48.85341,2.3488,Open-Meteo Historical Weather API,2024-12-01/2025-02-28,20.98,17.57,45.01,0.13,2160,Open-Meteo Air Quality API,2024-12-01/2025-02-28,3,aucun,0,1,séjour correct mais perfectible.
491,business,dubaï,hiver,resort,business,9,13857.23,551.97,ensoleillé,20.21,0.09,2,19.57,90,25.07725,55.30927,Open-Meteo Historical Weather API,2024-12-01/2025-02-28,59.55,32.47,55.0,1.03,2160,Open-Meteo Air Quality API,2024-12-01/2025-02-28,5,aucun,0,1,excellent séjour.
492,solo,new york,automne,villa,gastronomie,13,8404.52,795.03,nuageux,13.97,3.07,25,15.38,91,40.71427,-74.00597,Open-Meteo Historical Weather API,2025-09-01/2025-11-30,11.7,11.28,42.27,0.76,2184,Open-Meteo Air Quality API,2025-09-01/2025-11-30,4,aucun,0,1,très bon séjour.
493,solo,lisbonne,été,hôtel,plage,9,2035.44,396.51,nuageux,23.39,0.06,1,17.22,92,38.72509,-9.1498,Open-Meteo Historical Weather API,2025-06-01/2025-08-31,19.54,10.92,32.89,2.16,2208,Open-Meteo Air Quality API,2025-06-01/2025-08-31,3,météo,0,1,séjour correct mais perfectible.
494,couple,lisbonne,printemps,appartement,gastronomie,12,3154.62,157.2,ensoleillé,15.64,3.53,41,19.08,92,38.72509,-9.1498,Open-Meteo Historical Weather API,2025-03-01/2025-05-31,15.2,9.48,34.11,1.3,2208,Open-Meteo Air Quality API,2025-03-01/2025-05-31,3,aucun,0,1,séjour correct mais perfectible.
495,business,lisbonne,été,hôtel,randonnée,13,6611.58,420.41,nuageux,23.39,0.06,1,17.22,92,38.72509,-9.1498,Open-Meteo Historical Weather API,2025-06-01/2025-08-31,19.54,10.92,32.89,2.16,2208,Open-Meteo Air Quality API,2025-06-01/2025-08-31,3,aucun,0,1,séjour correct mais perfectible.
496,solo,sydney,printemps,hôtel,business,16,7898.63,1089.67,nuageux,19.13,4.44,49,17.74,92,-33.86785,151.20732,Open-Meteo Historical Weather API,2025-03-01/2025-05-31,11.25,9.25,31.84,1.01,2208,Open-Meteo Air Quality API,2025-03-01/2025-05-31,3,aucun,0,1,séjour correct mais perfectible.
497,couple,new york,hiver,hôtel,culture,11,6387.86,817.81,nuageux,-0.0,2.34,32,16.49,90,40.71427,-74.00597,Open-Meteo Historical Weather API,2024-12-01/2025-02-28,14.23,13.56,43.36,0.34,2160,Open-Meteo Air Quality API,2024-12-01/2025-02-28,3,aucun,0,1,séjour correct mais perfectible.
498,solo,dubaï,printemps,resort,gastronomie,13,5161.39,700.22,ensoleillé,28.3,0.01,0,22.56,92,25.07725,55.30927,Open-Meteo Historical Weather API,2025-03-01/2025-05-31,70.72,36.99,63.06,2.2,2208,Open-Meteo Air Quality API,2025-03-01/2025-05-31,3,aucun,0,1,séjour correct mais perfectible.
499,couple,lisbonne,printemps,hôtel,randonnée,15,3679.36,500.93,variable,15.64,3.53,41,19.08,92,38.72509,-9.1498,Open-Meteo Historical Weather API,2025-03-01/2025-05-31,15.2,9.48,34.11,1.3,2208,Open-Meteo Air Quality API,2025-03-01/2025-05-31,2,météo,1,1,séjour décevant.
500,solo,bali,été,villa,plage,10,6237.11,1431.43,ensoleillé,25.53,3.21,49,18.92,92,-8.65,115.21667,Open-Meteo Historical Weather API,2025-06-01/2025-08-31,13.38,9.86,30.22,1.86,2208,Open-Meteo Air Quality API,2025-06-01/2025-08-31,3,aucun,0,1,séjour correct mais perfectible.
501,business,paris,hiver,resort,plage,12,10269.53,371.05,nuageux,4.95,2.61,35,15.72,90,48.85341,2.3488,Open-Meteo Historical Weather API,2024-12-01/2025-02-28,20.98,17.57,45.01,0.13,2160,Open-Meteo Air Quality API,2024-12-01/2025-02-28,3,aucun,0,1,séjour correct mais perfectible.
502,senior,dubaï,été,appartement,randonnée,4,6159.11,899.69,pluie,35.27,0.0,0,22.79,92,25.07725,55.30927,Open-Meteo Historical Weather API,2025-06-01/2025-08-31,128.17,54.13,71.91,2.19,2208,Open-Meteo Air Quality API,2025-06-01/2025-08-31,2,aucun,0,1,séjour décevant.
503,senior,new york,été,hôtel,randonnée,19,4293.51,1160.4,pluie,24.52,2.28,32,14.21,92,40.71427,-74.00597,Open-Meteo Historical Weather API,2025-06-01/2025-08-31,18.13,17.43,51.89,1.61,2208,Open-Meteo Air Quality API,2025-06-01/2025-08-31,2,annulation,0,1,séjour décevant.
504,solo,new york,hiver,hôtel,randonnée,5,5707.11,919.5,pluie,-0.0,2.34,32,16.49,90,40.71427,-74.00597,Open-Meteo Historical Weather API,2024-12-01/2025-02-28,14.23,13.56,43.36,0.34,2160,Open-Meteo Air Quality API,2024-12-01/2025-02-28,3,aucun,0,1,séjour correct mais perfectible.
505,solo,bali,hiver,appartement,business,19,3516.26,1208.31,variable,26.28,11.89,84,14.7,90,-8.65,115.21667,Open-Meteo Historical Weather API,2024-12-01/2025-02-28,12.8,11.67,33.02,1.96,2160,Open-Meteo Air Quality API,2024-12-01/2025-02-28,2,aucun,0,1,séjour décevant.
506,business,lisbonne,printemps,appartement,culture,17,3720.12,428.65,ensoleillé,15.64,3.53,41,19.08,92,38.72509,-9.1498,Open-Meteo Historical Weather API,2025-03-01/2025-05-31,15.2,9.48,34.11,1.3,2208,Open-Meteo Air Quality API,2025-03-01/2025-05-31,3,aucun,0,1,séjour correct mais perfectible.
507,couple,dubaï,été,resort,gastronomie,21,8965.52,465.21,nuageux,35.27,0.0,0,22.79,92,25.07725,55.30927,Open-Meteo Historical Weather API,2025-06-01/2025-08-31,128.17,54.13,71.91,2.19,2208,Open-Meteo Air Quality API,2025-06-01/2025-08-31,3,aucun,0,1,séjour correct mais perfectible.
508,business,bali,été,appartement,plage,3,8030.94,1867.27,ensoleillé,25.53,3.21,49,18.92,92,-8.65,115.21667,Open-Meteo Historical Weather API,2025-06-01/2025-08-31,13.38,9.86,30.22,1.86,2208,Open-Meteo Air Quality API,2025-06-01/2025-08-31,3,aucun,0,1,séjour correct mais perfectible.
509,couple,tokyo,été,appartement,business,7,7572.59,1593.54,pluie,27.71,2.91,31,13.49,92,35.6895,139.69171,Open-Meteo Historical Weather API,2025-06-01/2025-08-31,24.0,22.42,51.6,1.83,2208,Open-Meteo Air Quality API,2025-06-01/2025-08-31,3,météo,1,1,séjour correct mais perfectible.
510,famille,paris,printemps,resort,culture,3,6242.05,363.68,ensoleillé,12.44,1.18,26,14.07,92,48.85341,2.3488,Open-Meteo Historical Weather API,2025-03-01/2025-05-31,15.06,12.04,38.85,0.97,2208,Open-Meteo Air Quality API,2025-03-01/2025-05-31,4,aucun,0,1,très bon séjour.
511,famille,lisbonne,printemps,villa,gastronomie,10,5925.59,283.35,ensoleillé,15.64,3.53,41,19.08,92,38.72509,-9.1498,Open-Meteo Historical Weather API,2025-03-01/2025-05-31,15.2,9.48,34.11,1.3,2208,Open-Meteo Air Quality API,2025-03-01/2025-05-31,3,aucun,0,1,séjour correct mais perfectible.
512,business,sydney,été,appartement,gastronomie,20,7575.64,1868.2,ensoleillé,12.22,4.06,27,18.74,92,-33.86785,151.20732,Open-Meteo Historical Weather API,2025-06-01/2025-08-31,10.19,9.26,31.56,0.49,2208,Open-Meteo Air Quality API,2025-06-01/2025-08-31,2,aucun,0,1,séjour décevant.
513,famille,paris,hiver,appartement,gastronomie,17,3089.24,306.29,pluie,4.95,2.61,35,15.72,90,48.85341,2.3488,Open-Meteo Historical Weather API,2024-12-01/2025-02-28,20.98,17.57,45.01,0.13,2160,Open-Meteo Air Quality API,2024-12-01/2025-02-28,2,aucun,0,1,séjour décevant.
514,couple,paris,été,hôtel,business,16,5074.88,452.69,ensoleillé,21.05,2.58,30,14.41,92,48.85341,2.3488,Open-Meteo Historical Weather API,2025-06-01/2025-08-31,10.28,6.83,31.49,1.5,2208,Open-Meteo Air Quality API,2025-06-01/2025-08-31,3,aucun,0,1,séjour correct mais perfectible.
515,couple,sydney,hiver,hôtel,culture,19,11527.94,999.8,pluie,22.44,3.42,39,20.67,90,-33.86785,151.20732,Open-Meteo Historical Weather API,2024-12-01/2025-02-28,12.57,9.86,34.15,2.24,2160,Open-Meteo Air Quality API,2024-12-01/2025-02-28,4,aucun,0,1,très bon séjour.
516,famille,lisbonne,printemps,hôtel,gastronomie,3,2580.67,532.29,ensoleillé,15.64,3.53,41,19.08,92,38.72509,-9.1498,Open-Meteo Historical Weather API,2025-03-01/2025-05-31,15.2,9.48,34.11,1.3,2208,Open-Meteo Air Quality API,2025-03-01/2025-05-31,2,aucun,0,1,séjour décevant.
517,couple,lisbonne,été,appartement,culture,17,2936.37,332.0,ensoleillé,23.39,0.06,1,17.22,92,38.72509,-9.1498,Open-Meteo Historical Weather API,2025-06-01/2025-08-31,19.54,10.92,32.89,2.16,2208,Open-Meteo Air Quality API,2025-06-01/2025-08-31,3,aucun,0,1,séjour correct mais perfectible.
518,business,new york,printemps,appartement,business,8,7288.85,860.55,nuageux,12.04,4.75,36,17.46,92,40.71427,-74.00597,Open-Meteo Historical Weather API,2025-03-01/2025-05-31,11.88,11.05,41.24,1.07,2208,Open-Meteo Air Quality API,2025-03-01/2025-05-31,4,aucun,0,1,très bon séjour.
519,famille,rome,été,hôtel,randonnée,16,5258.03,328.16,ensoleillé,27.22,1.32,16,14.95,92,41.89193,12.51133,Open-Meteo Historical Weather API,2025-06-01/2025-08-31,15.45,9.67,40.74,2.01,2208,Open-Meteo Air Quality API,2025-06-01/2025-08-31,2,aucun,0,1,séjour décevant.
520,business,paris,printemps,resort,business,17,6404.13,347.4,nuageux,12.44,1.18,26,14.07,92,48.85341,2.3488,Open-Meteo Historical Weather API,2025-03-01/2025-05-31,15.06,12.04,38.85,0.97,2208,Open-Meteo Air Quality API,2025-03-01/2025-05-31,3,aucun,0,1,séjour correct mais perfectible.
521,senior,paris,automne,hôtel,culture,16,3391.19,323.21,variable,12.33,2.12,33,16.01,91,48.85341,2.3488,Open-Meteo Historical Weather API,2025-09-01/2025-11-30,12.19,8.6,34.88,0.44,2184,Open-Meteo Air Quality API,2025-09-01/2025-11-30,3,retard_vol,1,1,séjour correct mais perfectible.
522,couple,paris,automne,hôtel,plage,10,3622.88,421.64,pluie,12.33,2.12,33,16.01,91,48.85341,2.3488,Open-Meteo Historical Weather API,2025-09-01/2025-11-30,12.19,8.6,34.88,0.44,2184,Open-Meteo Air Quality API,2025-09-01/2025-11-30,3,aucun,0,1,séjour correct mais perfectible.
523,famille,rome,automne,villa,business,14,9269.74,415.54,nuageux,17.21,4.01,24,12.75,91,41.89193,12.51133,Open-Meteo Historical Weather API,2025-09-01/2025-11-30,13.51,9.22,34.28,0.79,2184,Open-Meteo Air Quality API,2025-09-01/2025-11-30,4,aucun,0,1,très bon séjour.
524,solo,tokyo,été,hôtel,culture,11,4289.0,1492.94,ensoleillé,27.71,2.91,31,13.49,92,35.6895,139.69171,Open-Meteo Historical Weather API,2025-06-01/2025-08-31,24.0,22.42,51.6,1.83,2208,Open-Meteo Air Quality API,2025-06-01/2025-08-31,3,aucun,0,1,séjour correct mais perfectible.
525,famille,lisbonne,été,hôtel,randonnée,14,3685.0,365.74,variable,23.39,0.06,1,17.22,92,38.72509,-9.1498,Open-Meteo Historical Weather API,2025-06-01/2025-08-31,19.54,10.92,32.89,2.16,2208,Open-Meteo Air Quality API,2025-06-01/2025-08-31,3,aucun,0,1,séjour correct mais perfectible.
526,couple,paris,été,resort,randonnée,11,9509.62,392.04,nuageux,21.05,2.58,30,14.41,92,48.85341,2.3488,Open-Meteo Historical Weather API,2025-06-01/2025-08-31,10.28,6.83,31.49,1.5,2208,Open-Meteo Air Quality API,2025-06-01/2025-08-31,3,aucun,0,1,séjour correct mais perfectible.
527,senior,paris,printemps,hôtel,business,10,4142.01,333.5,pluie,12.44,1.18,26,14.07,92,48.85341,2.3488,Open-Meteo Historical Weather API,2025-03-01/2025-05-31,15.06,12.04,38.85,0.97,2208,Open-Meteo Air Quality API,2025-03-01/2025-05-31,4,bagages,1,1,très bon séjour.
528,senior,bali,printemps,appartement,business,6,5193.62,1252.59,ensoleillé,26.99,6.49,65,13.72,92,-8.65,115.21667,Open-Meteo Historical Weather API,2025-03-01/2025-05-31,12.14,10.4,31.68,2.19,2208,Open-Meteo Air Quality API,2025-03-01/2025-05-31,4,aucun,0,1,très bon séjour.
529,business,sydney,été,villa,plage,10,18340.9,1635.72,nuageux,12.22,4.06,27,18.74,92,-33.86785,151.20732,Open-Meteo Historical Weather API,2025-06-01/2025-08-31,10.19,9.26,31.56,0.49,2208,Open-Meteo Air Quality API,2025-06-01/2025-08-31,4,aucun,0,1,très bon séjour.
530,couple,lisbonne,hiver,resort,culture,16,5505.56,429.4,ensoleillé,12.63,2.92,26,17.53,90,38.72509,-9.1498,Open-Meteo Historical Weather API,2024-12-01/2025-02-28,19.66,13.91,36.49,0.38,2160,Open-Meteo Air Quality API,2024-12-01/2025-02-28,3,aucun,0,1,séjour correct mais perfectible.
531,business,paris,hiver,resort,plage,19,5744.81,366.81,pluie,4.95,2.61,35,15.72,90,48.85341,2.3488,Open-Meteo Historical Weather API,2024-12-01/2025-02-28,20.98,17.57,45.01,0.13,2160,Open-Meteo Air Quality API,2024-12-01/2025-02-28,2,retard_vol,1,1,séjour décevant.
532,business,rome,automne,hôtel,randonnée,4,4531.46,503.57,variable,17.21,4.01,24,12.75,91,41.89193,12.51133,Open-Meteo Historical Weather API,2025-09-01/2025-11-30,13.51,9.22,34.28,0.79,2184,Open-Meteo Air Quality API,2025-09-01/2025-11-30,3,aucun,0,1,séjour correct mais perfectible.
533,couple,bali,hiver,resort,gastronomie,6,8265.53,964.14,variable,26.28,11.89,84,14.7,90,-8.65,115.21667,Open-Meteo Historical Weather API,2024-12-01/2025-02-28,12.8,11.67,33.02,1.96,2160,Open-Meteo Air Quality API,2024-12-01/2025-02-28,3,annulation,1,1,séjour correct mais perfectible.
534,solo,rome,été,hôtel,randonnée,12,4409.89,568.16,ensoleillé,27.22,1.32,16,14.95,92,41.89193,12.51133,Open-Meteo Historical Weather API,2025-06-01/2025-08-31,15.45,9.67,40.74,2.01,2208,Open-Meteo Air Quality API,2025-06-01/2025-08-31,3,retard_vol,1,1,séjour correct mais perfectible.
535,famille,dubaï,été,hôtel,gastronomie,16,6509.9,1065.11,pluie,35.27,0.0,0,22.79,92,25.07725,55.30927,Open-Meteo Historical Weather API,2025-06-01/2025-08-31,128.17,54.13,71.91,2.19,2208,Open-Meteo Air Quality API,2025-06-01/2025-08-31,2,aucun,0,1,séjour décevant.
536,famille,sydney,hiver,appartement,gastronomie,6,6892.88,906.88,ensoleillé,22.44,3.42,39,20.67,90,-33.86785,151.20732,Open-Meteo Historical Weather API,2024-12-01/2025-02-28,12.57,9.86,34.15,2.24,2160,Open-Meteo Air Quality API,2024-12-01/2025-02-28,3,aucun,0,1,séjour correct mais perfectible.
537,solo,lisbonne,automne,resort,gastronomie,9,3539.07,413.45,nuageux,18.72,2.83,21,17.54,91,38.72509,-9.1498,Open-Meteo Historical Weather API,2025-09-01/2025-11-30,15.83,9.72,31.17,0.9,2184,Open-Meteo Air Quality API,2025-09-01/2025-11-30,3,retard_vol,1,1,séjour correct mais perfectible.
538,famille,dubaï,hiver,resort,business,3,11107.58,785.27,pluie,20.21,0.09,2,19.57,90,25.07725,55.30927,Open-Meteo Historical Weather API,2024-12-01/2025-02-28,59.55,32.47,55.0,1.03,2160,Open-Meteo Air Quality API,2024-12-01/2025-02-28,4,aucun,0,1,très bon séjour.
539,famille,lisbonne,automne,hôtel,plage,3,4759.58,479.95,nuageux,18.72,2.83,21,17.54,91,38.72509,-9.1498,Open-Meteo Historical Weather API,2025-09-01/2025-11-30,15.83,9.72,31.17,0.9,2184,Open-Meteo Air Quality API,2025-09-01/2025-11-30,4,aucun,0,1,très bon séjour.
540,business,rome,été,appartement,culture,5,3586.83,600.4,ensoleillé,27.22,1.32,16,14.95,92,41.89193,12.51133,Open-Meteo Historical Weather API,2025-06-01/2025-08-31,15.45,9.67,40.74,2.01,2208,Open-Meteo Air Quality API,2025-06-01/2025-08-31,3,aucun,0,1,séjour correct mais perfectible.
541,senior,dubaï,printemps,hôtel,randonnée,16,5703.85,712.64,nuageux,28.3,0.01,0,22.56,92,25.07725,55.30927,Open-Meteo Historical Weather API,2025-03-01/2025-05-31,70.72,36.99,63.06,2.2,2208,Open-Meteo Air Quality API,2025-03-01/2025-05-31,2,aucun,0,1,séjour décevant.
542,solo,dubaï,hiver,hôtel,plage,19,5128.12,754.19,pluie,20.21,0.09,2,19.57,90,25.07725,55.30927,Open-Meteo Historical Weather API,2024-12-01/2025-02-28,59.55,32.47,55.0,1.03,2160,Open-Meteo Air Quality API,2024-12-01/2025-02-28,2,bagages,1,1,séjour décevant.
543,business,lisbonne,printemps,appartement,gastronomie,12,4714.74,329.72,nuageux,15.64,3.53,41,19.08,92,38.72509,-9.1498,Open-Meteo Historical Weather API,2025-03-01/2025-05-31,15.2,9.48,34.11,1.3,2208,Open-Meteo Air Quality API,2025-03-01/2025-05-31,2,aucun,0,1,séjour décevant.
544,senior,new york,printemps,resort,randonnée,6,8101.41,790.64,nuageux,12.04,4.75,36,17.46,92,40.71427,-74.00597,Open-Meteo Historical Weather API,2025-03-01/2025-05-31,11.88,11.05,41.24,1.07,2208,Open-Meteo Air Quality API,2025-03-01/2025-05-31,3,aucun,0,1,séjour correct mais perfectible.
545,famille,rome,printemps,villa,plage,20,7135.07,341.81,nuageux,15.22,3.55,32,13.85,92,41.89193,12.51133,Open-Meteo Historical Weather API,2025-03-01/2025-05-31,15.93,11.65,37.47,1.19,2208,Open-Meteo Air Quality API,2025-03-01/2025-05-31,3,aucun,0,1,séjour correct mais perfectible.
546,couple,tokyo,automne,hôtel,gastronomie,8,5884.65,1331.05,nuageux,18.79,4.52,34,12.27,91,35.6895,139.69171,Open-Meteo Historical Weather API,2025-09-01/2025-11-30,28.46,27.24,54.08,0.85,2184,Open-Meteo Air Quality API,2025-09-01/2025-11-30,4,aucun,0,1,très bon séjour.
547,couple,tokyo,printemps,appartement,business,5,8786.56,1135.08,ensoleillé,14.52,6.04,44,15.33,92,35.6895,139.69171,Open-Meteo Historical Weather API,2025-03-01/2025-05-31,29.58,26.1,53.35,1.05,2208,Open-Meteo Air Quality API,2025-03-01/2025-05-31,3,aucun,0,1,séjour correct mais perfectible.
548,famille,tokyo,automne,villa,gastronomie,5,13103.09,876.85,nuageux,18.79,4.52,34,12.27,91,35.6895,139.69171,Open-Meteo Historical Weather API,2025-09-01/2025-11-30,28.46,27.24,54.08,0.85,2184,Open-Meteo Air Quality API,2025-09-01/2025-11-30,4,aucun,0,1,très bon séjour.
549,business,new york,hiver,resort,culture,9,13917.44,891.52,pluie,-0.0,2.34,32,16.49,90,40.71427,-74.00597,Open-Meteo Historical Weather API,2024-12-01/2025-02-28,14.23,13.56,43.36,0.34,2160,Open-Meteo Air Quality API,2024-12-01/2025-02-28,2,aucun,0,1,séjour décevant.
550,couple,tokyo,automne,appartement,plage,16,6272.99,1269.12,ensoleillé,18.79,4.52,34,12.27,91,35.6895,139.69171,Open-Meteo Historical Weather API,2025-09-01/2025-11-30,28.46,27.24,54.08,0.85,2184,Open-Meteo Air Quality API,2025-09-01/2025-11-30,4,aucun,0,1,très bon séjour.
551,couple,new york,printemps,hôtel,plage,10,7335.06,1001.9,ensoleillé,12.04,4.75,36,17.46,92,40.71427,-74.00597,Open-Meteo Historical Weather API,2025-03-01/2025-05-31,11.88,11.05,41.24,1.07,2208,Open-Meteo Air Quality API,2025-03-01/2025-05-31,4,aucun,0,1,très bon séjour.
552,famille,sydney,printemps,appartement,randonnée,11,5180.32,1082.93,variable,19.13,4.44,49,17.74,92,-33.86785,151.20732,Open-Meteo Historical Weather API,2025-03-01/2025-05-31,11.25,9.25,31.84,1.01,2208,Open-Meteo Air Quality API,2025-03-01/2025-05-31,3,aucun,0,1,séjour correct mais perfectible.
553,famille,rome,été,villa,culture,9,3777.52,231.47,pluie,27.22,1.32,16,14.95,92,41.89193,12.51133,Open-Meteo Historical Weather API,2025-06-01/2025-08-31,15.45,9.67,40.74,2.01,2208,Open-Meteo Air Quality API,2025-06-01/2025-08-31,3,aucun,0,1,séjour correct mais perfectible.
554,senior,bali,hiver,appartement,business,20,6160.02,1231.84,pluie,26.28,11.89,84,14.7,90,-8.65,115.21667,Open-Meteo Historical Weather API,2024-12-01/2025-02-28,12.8,11.67,33.02,1.96,2160,Open-Meteo Air Quality API,2024-12-01/2025-02-28,1,bagages,0,1,très mauvaise expérience.
555,famille,bali,automne,villa,plage,15,10516.04,966.42,pluie,26.3,6.82,61,14.71,91,-8.65,115.21667,Open-Meteo Historical Weather API,2025-09-01/2025-11-30,14.48,11.69,32.66,2.5,2184,Open-Meteo Air Quality API,2025-09-01/2025-11-30,4,retard_vol,1,1,très bon séjour.
556,famille,new york,printemps,resort,gastronomie,15,10820.04,945.22,variable,12.04,4.75,36,17.46,92,40.71427,-74.00597,Open-Meteo Historical Weather API,2025-03-01/2025-05-31,11.88,11.05,41.24,1.07,2208,Open-Meteo Air Quality API,2025-03-01/2025-05-31,3,aucun,0,1,séjour correct mais perfectible.
557,couple,rome,été,resort,randonnée,11,3897.99,621.83,ensoleillé,27.22,1.32,16,14.95,92,41.89193,12.51133,Open-Meteo Historical Weather API,2025-06-01/2025-08-31,15.45,9.67,40.74,2.01,2208,Open-Meteo Air Quality API,2025-06-01/2025-08-31,3,aucun,0,1,séjour correct mais perfectible.
558,couple,lisbonne,été,hôtel,culture,13,2884.77,538.28,ensoleillé,23.39,0.06,1,17.22,92,38.72509,-9.1498,Open-Meteo Historical Weather API,2025-06-01/2025-08-31,19.54,10.92,32.89,2.16,2208,Open-Meteo Air Quality API,2025-06-01/2025-08-31,4,aucun,0,1,très bon séjour.
559,solo,dubaï,été,appartement,randonnée,19,4952.99,1085.41,nuageux,35.27,0.0,0,22.79,92,25.07725,55.30927,Open-Meteo Historical Weather API,2025-06-01/2025-08-31,128.17,54.13,71.91,2.19,2208,Open-Meteo Air Quality API,2025-06-01/2025-08-31,2,aucun,0,1,séjour décevant.
560,couple,paris,hiver,appartement,gastronomie,15,5896.39,427.89,variable,4.95,2.61,35,15.72,90,48.85341,2.3488,Open-Meteo Historical Weather API,2024-12-01/2025-02-28,20.98,17.57,45.01,0.13,2160,Open-Meteo Air Quality API,2024-12-01/2025-02-28,3,aucun,0,1,séjour correct mais perfectible.
561,famille,tokyo,hiver,resort,business,18,9431.77,1380.66,pluie,6.08,0.56,8,14.28,90,35.6895,139.69171,Open-Meteo Historical Weather API,2024-12-01/2025-02-28,31.02,30.0,55.43,0.51,2160,Open-Meteo Air Quality API,2024-12-01/2025-02-28,3,météo,1,1,séjour correct mais perfectible.
562,famille,tokyo,hiver,hôtel,gastronomie,3,10031.13,1310.64,ensoleillé,6.08,0.56,8,14.28,90,35.6895,139.69171,Open-Meteo Historical Weather API,2024-12-01/2025-02-28,31.02,30.0,55.43,0.51,2160,Open-Meteo Air Quality API,2024-12-01/2025-02-28,3,aucun,0,1,séjour correct mais perfectible.
563,business,bali,printemps,resort,culture,19,10092.49,1453.51,variable,26.99,6.49,65,13.72,92,-8.65,115.21667,Open-Meteo Historical Weather API,2025-03-01/2025-05-31,12.14,10.4,31.68,2.19,2208,Open-Meteo Air Quality API,2025-03-01/2025-05-31,3,météo,1,1,séjour correct mais perfectible.
564,solo,paris,hiver,appartement,culture,21,2988.67,347.43,pluie,4.95,2.61,35,15.72,90,48.85341,2.3488,Open-Meteo Historical Weather API,2024-12-01/2025-02-28,20.98,17.57,45.01,0.13,2160,Open-Meteo Air Quality API,2024-12-01/2025-02-28,2,aucun,0,1,séjour décevant.
565,solo,paris,automne,villa,gastronomie,15,7640.66,268.77,nuageux,12.33,2.12,33,16.01,91,48.85341,2.3488,Open-Meteo Historical Weather API,2025-09-01/2025-11-30,12.19,8.6,34.88,0.44,2184,Open-Meteo Air Quality API,2025-09-01/2025-11-30,3,aucun,0,1,séjour correct mais perfectible.
566,solo,lisbonne,été,hôtel,randonnée,21,2333.57,648.75,variable,23.39,0.06,1,17.22,92,38.72509,-9.1498,Open-Meteo Historical Weather API,2025-06-01/2025-08-31,19.54,10.92,32.89,2.16,2208,Open-Meteo Air Quality API,2025-06-01/2025-08-31,2,aucun,0,1,séjour décevant.
567,business,paris,été,hôtel,business,13,8274.22,417.68,nuageux,21.05,2.58,30,14.41,92,48.85341,2.3488,Open-Meteo Historical Weather API,2025-06-01/2025-08-31,10.28,6.83,31.49,1.5,2208,Open-Meteo Air Quality API,2025-06-01/2025-08-31,4,aucun,0,1,très bon séjour.
568,famille,paris,printemps,hôtel,randonnée,8,6481.8,427.41,pluie,12.44,1.18,26,14.07,92,48.85341,2.3488,Open-Meteo Historical Weather API,2025-03-01/2025-05-31,15.06,12.04,38.85,0.97,2208,Open-Meteo Air Quality API,2025-03-01/2025-05-31,3,aucun,0,1,séjour correct mais perfectible.
569,couple,rome,printemps,hôtel,business,14,4284.02,405.43,variable,15.22,3.55,32,13.85,92,41.89193,12.51133,Open-Meteo Historical Weather API,2025-03-01/2025-05-31,15.93,11.65,37.47,1.19,2208,Open-Meteo Air Quality API,2025-03-01/2025-05-31,2,annulation,1,1,séjour décevant.
570,solo,rome,été,villa,business,14,5844.24,623.13,ensoleillé,27.22,1.32,16,14.95,92,41.89193,12.51133,Open-Meteo Historical Weather API,2025-06-01/2025-08-31,15.45,9.67,40.74,2.01,2208,Open-Meteo Air Quality API,2025-06-01/2025-08-31,4,aucun,0,1,très bon séjour.
571,couple,sydney,printemps,resort,gastronomie,5,10904.25,727.88,pluie,19.13,4.44,49,17.74,92,-33.86785,151.20732,Open-Meteo Historical Weather API,2025-03-01/2025-05-31,11.25,9.25,31.84,1.01,2208,Open-Meteo Air Quality API,2025-03-01/2025-05-31,4,aucun,0,1,très bon séjour.
572,business,tokyo,printemps,resort,business,6,11623.08,972.43,ensoleillé,14.52,6.04,44,15.33,92,35.6895,139.69171,Open-Meteo Historical Weather API,2025-03-01/2025-05-31,29.58,26.1,53.35,1.05,2208,Open-Meteo Air Quality API,2025-03-01/2025-05-31,4,aucun,0,1,très bon séjour.
573,couple,paris,printemps,hôtel,culture,8,6778.08,343.8,variable,12.44,1.18,26,14.07,92,48.85341,2.3488,Open-Meteo Historical Weather API,2025-03-01/2025-05-31,15.06,12.04,38.85,0.97,2208,Open-Meteo Air Quality API,2025-03-01/2025-05-31,3,aucun,0,1,séjour correct mais perfectible.
574,business,tokyo,été,resort,culture,13,15138.7,1342.17,pluie,27.71,2.91,31,13.49,92,35.6895,139.69171,Open-Meteo Historical Weather API,2025-06-01/2025-08-31,24.0,22.42,51.6,1.83,2208,Open-Meteo Air Quality API,2025-06-01/2025-08-31,3,aucun,0,1,séjour correct mais perfectible.
575,senior,rome,automne,villa,plage,5,7489.55,536.83,variable,17.21,4.01,24,12.75,91,41.89193,12.51133,Open-Meteo Historical Weather API,2025-09-01/2025-11-30,13.51,9.22,34.28,0.79,2184,Open-Meteo Air Quality API,2025-09-01/2025-11-30,3,bagages,1,1,séjour correct mais perfectible.
576,solo,bali,printemps,resort,plage,17,807.33,923.51,pluie,26.99,6.49,65,13.72,92,-8.65,115.21667,Open-Meteo Historical Weather API,2025-03-01/2025-05-31,12.14,10.4,31.68,2.19,2208,Open-Meteo Air Quality API,2025-03-01/2025-05-31,1,annulation,1,0,très mauvaise expérience.
577,senior,paris,printemps,hôtel,plage,5,5418.38,391.58,pluie,12.44,1.18,26,14.07,92,48.85341,2.3488,Open-Meteo Historical Weather API,2025-03-01/2025-05-31,15.06,12.04,38.85,0.97,2208,Open-Meteo Air Quality API,2025-03-01/2025-05-31,3,aucun,0,1,séjour correct mais perfectible.
578,solo,paris,hiver,hôtel,plage,20,3918.72,427.28,nuageux,4.95,2.61,35,15.72,90,48.85341,2.3488,Open-Meteo Historical Weather API,2024-12-01/2025-02-28,20.98,17.57,45.01,0.13,2160,Open-Meteo Air Quality API,2024-12-01/2025-02-28,2,aucun,0,1,séjour décevant.
579,senior,rome,printemps,villa,business,15,5877.82,640.02,ensoleillé,15.22,3.55,32,13.85,92,41.89193,12.51133,Open-Meteo Historical Weather API,2025-03-01/2025-05-31,15.93,11.65,37.47,1.19,2208,Open-Meteo Air Quality API,2025-03-01/2025-05-31,4,aucun,0,1,très bon séjour.
580,couple,bali,été,villa,plage,9,10196.02,1529.6,ensoleillé,25.53,3.21,49,18.92,92,-8.65,115.21667,Open-Meteo Historical Weather API,2025-06-01/2025-08-31,13.38,9.86,30.22,1.86,2208,Open-Meteo Air Quality API,2025-06-01/2025-08-31,4,aucun,0,1,très bon séjour.
581,couple,bali,hiver,hôtel,plage,10,6555.4,1054.88,variable,26.28,11.89,84,14.7,90,-8.65,115.21667,Open-Meteo Historical Weather API,2024-12-01/2025-02-28,12.8,11.67,33.02,1.96,2160,Open-Meteo Air Quality API,2024-12-01/2025-02-28,3,aucun,0,1,séjour correct mais perfectible.
582,solo,lisbonne,été,resort,business,16,3723.14,345.75,nuageux,23.39,0.06,1,17.22,92,38.72509,-9.1498,Open-Meteo Historical Weather API,2025-06-01/2025-08-31,19.54,10.92,32.89,2.16,2208,Open-Meteo Air Quality API,2025-06-01/2025-08-31,2,aucun,0,1,séjour décevant.
583,famille,new york,printemps,hôtel,randonnée,4,7791.88,1129.87,nuageux,12.04,4.75,36,17.46,92,40.71427,-74.00597,Open-Meteo Historical Weather API,2025-03-01/2025-05-31,11.88,11.05,41.24,1.07,2208,Open-Meteo Air Quality API,2025-03-01/2025-05-31,3,aucun,0,1,séjour correct mais perfectible.
584,couple,tokyo,hiver,resort,business,16,12631.2,1189.36,nuageux,6.08,0.56,8,14.28,90,35.6895,139.69171,Open-Meteo Historical Weather API,2024-12-01/2025-02-28,31.02,30.0,55.43,0.51,2160,Open-Meteo Air Quality API,2024-12-01/2025-02-28,3,aucun,0,1,séjour correct mais perfectible.
585,senior,tokyo,automne,hôtel,business,13,8457.27,1045.85,nuageux,18.79,4.52,34,12.27,91,35.6895,139.69171,Open-Meteo Historical Weather API,2025-09-01/2025-11-30,28.46,27.24,54.08,0.85,2184,Open-Meteo Air Quality API,2025-09-01/2025-11-30,4,bagages,1,1,très bon séjour.
586,solo,new york,printemps,appartement,gastronomie,7,4758.25,602.17,nuageux,12.04,4.75,36,17.46,92,40.71427,-74.00597,Open-Meteo Historical Weather API,2025-03-01/2025-05-31,11.88,11.05,41.24,1.07,2208,Open-Meteo Air Quality API,2025-03-01/2025-05-31,3,aucun,0,1,séjour correct mais perfectible.
587,famille,new york,été,villa,business,20,13310.03,834.88,variable,24.52,2.28,32,14.21,92,40.71427,-74.00597,Open-Meteo Historical Weather API,2025-06-01/2025-08-31,18.13,17.43,51.89,1.61,2208,Open-Meteo Air Quality API,2025-06-01/2025-08-31,3,annulation,1,1,séjour correct mais perfectible.
588,couple,bali,printemps,hôtel,business,14,7778.53,1280.68,variable,26.99,6.49,65,13.72,92,-8.65,115.21667,Open-Meteo Historical Weather API,2025-03-01/2025-05-31,12.14,10.4,31.68,2.19,2208,Open-Meteo Air Quality API,2025-03-01/2025-05-31,3,aucun,0,1,séjour correct mais perfectible.
589,famille,rome,automne,resort,plage,6,7570.62,478.66,nuageux,17.21,4.01,24,12.75,91,41.89193,12.51133,Open-Meteo Historical Weather API,2025-09-01/2025-11-30,13.51,9.22,34.28,0.79,2184,Open-Meteo Air Quality API,2025-09-01/2025-11-30,5,aucun,0,1,excellent séjour.
590,famille,bali,printemps,hôtel,plage,15,6953.11,747.11,pluie,26.99,6.49,65,13.72,92,-8.65,115.21667,Open-Meteo Historical Weather API,2025-03-01/2025-05-31,12.14,10.4,31.68,2.19,2208,Open-Meteo Air Quality API,2025-03-01/2025-05-31,3,bagages,1,1,séjour correct mais perfectible.
591,senior,paris,printemps,hôtel,randonnée,10,6016.27,389.85,ensoleillé,12.44,1.18,26,14.07,92,48.85341,2.3488,Open-Meteo Historical Weather API,2025-03-01/2025-05-31,15.06,12.04,38.85,0.97,2208,Open-Meteo Air Quality API,2025-03-01/2025-05-31,4,aucun,0,1,très bon séjour.
592,couple,dubaï,été,hôtel,gastronomie,17,7060.38,592.8,ensoleillé,35.27,0.0,0,22.79,92,25.07725,55.30927,Open-Meteo Historical Weather API,2025-06-01/2025-08-31,128.17,54.13,71.91,2.19,2208,Open-Meteo Air Quality API,2025-06-01/2025-08-31,4,aucun,0,1,très bon séjour.
593,couple,lisbonne,printemps,hôtel,culture,12,5118.21,472.61,nuageux,15.64,3.53,41,19.08,92,38.72509,-9.1498,Open-Meteo Historical Weather API,2025-03-01/2025-05-31,15.2,9.48,34.11,1.3,2208,Open-Meteo Air Quality API,2025-03-01/2025-05-31,4,aucun,0,1,très bon séjour.
594,solo,sydney,printemps,villa,plage,21,10628.23,1348.8,pluie,19.13,4.44,49,17.74,92,-33.86785,151.20732,Open-Meteo Historical Weather API,2025-03-01/2025-05-31,11.25,9.25,31.84,1.01,2208,Open-Meteo Air Quality API,2025-03-01/2025-05-31,3,aucun,0,1,séjour correct mais perfectible.
595,famille,dubaï,automne,hôtel,plage,20,6743.7,641.61,ensoleillé,29.44,0.0,0,20.09,91,25.07725,55.30927,Open-Meteo Historical Weather API,2025-09-01/2025-11-30,80.53,41.8,60.89,1.56,2184,Open-Meteo Air Quality API,2025-09-01/2025-11-30,3,aucun,0,1,séjour correct mais perfectible.
596,couple,bali,été,appartement,randonnée,3,7690.85,1598.86,ensoleillé,25.53,3.21,49,18.92,92,-8.65,115.21667,Open-Meteo Historical Weather API,2025-06-01/2025-08-31,13.38,9.86,30.22,1.86,2208,Open-Meteo Air Quality API,2025-06-01/2025-08-31,4,aucun,0,1,très bon séjour.
597,business,sydney,été,hôtel,randonnée,10,5509.9,1631.61,ensoleillé,12.22,4.06,27,18.74,92,-33.86785,151.20732,Open-Meteo Historical Weather API,2025-06-01/2025-08-31,10.19,9.26,31.56,0.49,2208,Open-Meteo Air Quality API,2025-06-01/2025-08-31,3,aucun,0,1,séjour correct mais perfectible.
598,solo,bali,été,resort,business,6,6362.42,1680.63,ensoleillé,25.53,3.21,49,18.92,92,-8.65,115.21667,Open-Meteo Historical Weather API,2025-06-01/2025-08-31,13.38,9.86,30.22,1.86,2208,Open-Meteo Air Quality API,2025-06-01/2025-08-31,3,aucun,0,1,séjour correct mais perfectible.
599,senior,rome,automne,resort,randonnée,11,4324.1,456.52,nuageux,17.21,4.01,24,12.75,91,41.89193,12.51133,Open-Meteo Historical Weather API,2025-09-01/2025-11-30,13.51,9.22,34.28,0.79,2184,Open-Meteo Air Quality API,2025-09-01/2025-11-30,3,aucun,0,1,séjour correct mais perfectible.
600,solo,paris,automne,villa,business,5,7676.76,358.75,nuageux,12.33,2.12,33,16.01,91,48.85341,2.3488,Open-Meteo Historical Weather API,2025-09-01/2025-11-30,12.19,8.6,34.88,0.44,2184,Open-Meteo Air Quality API,2025-09-01/2025-11-30,3,aucun,0,1,séjour correct mais perfectible.
601,couple,rome,été,hôtel,plage,13,4539.15,503.74,variable,27.22,1.32,16,14.95,92,41.89193,12.51133,Open-Meteo Historical Weather API,2025-06-01/2025-08-31,15.45,9.67,40.74,2.01,2208,Open-Meteo Air Quality API,2025-06-01/2025-08-31,3,aucun,0,1,séjour correct mais perfectible.
602,business,dubaï,printemps,hôtel,plage,5,7015.6,733.13,ensoleillé,28.3,0.01,0,22.56,92,25.07725,55.30927,Open-Meteo Historical Weather API,2025-03-01/2025-05-31,70.72,36.99,63.06,2.2,2208,Open-Meteo Air Quality API,2025-03-01/2025-05-31,4,aucun,0,1,très bon séjour.
603,senior,bali,hiver,appartement,business,14,4546.63,1501.48,ensoleillé,26.28,11.89,84,14.7,90,-8.65,115.21667,Open-Meteo Historical Weather API,2024-12-01/2025-02-28,12.8,11.67,33.02,1.96,2160,Open-Meteo Air Quality API,2024-12-01/2025-02-28,2,aucun,0,1,séjour décevant.
604,business,lisbonne,été,appartement,randonnée,11,3110.43,407.82,ensoleillé,23.39,0.06,1,17.22,92,38.72509,-9.1498,Open-Meteo Historical Weather API,2025-06-01/2025-08-31,19.54,10.92,32.89,2.16,2208,Open-Meteo Air Quality API,2025-06-01/2025-08-31,3,aucun,0,1,séjour correct mais perfectible.
605,senior,bali,automne,appartement,plage,21,4504.89,1284.13,ensoleillé,26.3,6.82,61,14.71,91,-8.65,115.21667,Open-Meteo Historical Weather API,2025-09-01/2025-11-30,14.48,11.69,32.66,2.5,2184,Open-Meteo Air Quality API,2025-09-01/2025-11-30,3,retard_vol,0,1,séjour correct mais perfectible.
606,business,lisbonne,printemps,hôtel,gastronomie,19,4174.64,319.78,pluie,15.64,3.53,41,19.08,92,38.72509,-9.1498,Open-Meteo Historical Weather API,2025-03-01/2025-05-31,15.2,9.48,34.11,1.3,2208,Open-Meteo Air Quality API,2025-03-01/2025-05-31,2,aucun,0,1,séjour décevant.
607,senior,sydney,hiver,hôtel,plage,14,6502.67,816.38,nuageux,22.44,3.42,39,20.67,90,-33.86785,151.20732,Open-Meteo Historical Weather API,2024-12-01/2025-02-28,12.57,9.86,34.15,2.24,2160,Open-Meteo Air Quality API,2024-12-01/2025-02-28,3,annulation,0,1,séjour correct mais perfectible.
608,famille,dubaï,printemps,appartement,plage,11,6793.39,726.14,ensoleillé,28.3,0.01,0,22.56,92,25.07725,55.30927,Open-Meteo Historical Weather API,2025-03-01/2025-05-31,70.72,36.99,63.06,2.2,2208,Open-Meteo Air Quality API,2025-03-01/2025-05-31,4,annulation,1,1,très bon séjour.
609,business,paris,été,resort,gastronomie,16,8824.31,440.54,variable,21.05,2.58,30,14.41,92,48.85341,2.3488,Open-Meteo Historical Weather API,2025-06-01/2025-08-31,10.28,6.83,31.49,1.5,2208,Open-Meteo Air Quality API,2025-06-01/2025-08-31,3,aucun,0,1,séjour correct mais perfectible.
610,couple,tokyo,automne,resort,gastronomie,15,7417.72,1029.2,pluie,18.79,4.52,34,12.27,91,35.6895,139.69171,Open-Meteo Historical Weather API,2025-09-01/2025-11-30,28.46,27.24,54.08,0.85,2184,Open-Meteo Air Quality API,2025-09-01/2025-11-30,4,bagages,1,1,très bon séjour.
611,solo,lisbonne,hiver,hôtel,gastronomie,5,1646.39,277.67,ensoleillé,12.63,2.92,26,17.53,90,38.72509,-9.1498,Open-Meteo Historical Weather API,2024-12-01/2025-02-28,19.66,13.91,36.49,0.38,2160,Open-Meteo Air Quality API,2024-12-01/2025-02-28,3,aucun,0,1,séjour correct mais perfectible.
612,solo,paris,été,hôtel,gastronomie,10,4000.13,435.62,ensoleillé,21.05,2.58,30,14.41,92,48.85341,2.3488,Open-Meteo Historical Weather API,2025-06-01/2025-08-31,10.28,6.83,31.49,1.5,2208,Open-Meteo Air Quality API,2025-06-01/2025-08-31,2,aucun,0,1,séjour décevant.
613,senior,dubaï,été,villa,plage,21,10463.15,865.6,pluie,35.27,0.0,0,22.79,92,25.07725,55.30927,Open-Meteo Historical Weather API,2025-06-01/2025-08-31,128.17,54.13,71.91,2.19,2208,Open-Meteo Air Quality API,2025-06-01/2025-08-31,3,aucun,0,1,séjour correct mais perfectible.
614,senior,paris,automne,appartement,randonnée,9,4701.55,294.01,pluie,12.33,2.12,33,16.01,91,48.85341,2.3488,Open-Meteo Historical Weather API,2025-09-01/2025-11-30,12.19,8.6,34.88,0.44,2184,Open-Meteo Air Quality API,2025-09-01/2025-11-30,2,bagages,0,1,séjour décevant.
615,couple,rome,hiver,hôtel,randonnée,3,4821.41,340.37,variable,9.23,2.57,28,13.79,90,41.89193,12.51133,Open-Meteo Historical Weather API,2024-12-01/2025-02-28,20.56,17.01,40.29,0.27,2160,Open-Meteo Air Quality API,2024-12-01/2025-02-28,3,aucun,0,1,séjour correct mais perfectible.
616,business,paris,automne,villa,randonnée,18,12686.03,334.1,ensoleillé,12.33,2.12,33,16.01,91,48.85341,2.3488,Open-Meteo Historical Weather API,2025-09-01/2025-11-30,12.19,8.6,34.88,0.44,2184,Open-Meteo Air Quality API,2025-09-01/2025-11-30,3,aucun,0,1,séjour correct mais perfectible.
617,business,bali,été,resort,gastronomie,20,11812.5,1516.48,nuageux,25.53,3.21,49,18.92,92,-8.65,115.21667,Open-Meteo Historical Weather API,2025-06-01/2025-08-31,13.38,9.86,30.22,1.86,2208,Open-Meteo Air Quality API,2025-06-01/2025-08-31,3,retard_vol,0,1,séjour correct mais perfectible.
618,couple,new york,été,hôtel,randonnée,15,11444.85,1078.22,ensoleillé,24.52,2.28,32,14.21,92,40.71427,-74.00597,Open-Meteo Historical Weather API,2025-06-01/2025-08-31,18.13,17.43,51.89,1.61,2208,Open-Meteo Air Quality API,2025-06-01/2025-08-31,3,aucun,0,1,séjour correct mais perfectible.
619,famille,lisbonne,hiver,hôtel,culture,15,6964.07,319.75,nuageux,12.63,2.92,26,17.53,90,38.72509,-9.1498,Open-Meteo Historical Weather API,2024-12-01/2025-02-28,19.66,13.91,36.49,0.38,2160,Open-Meteo Air Quality API,2024-12-01/2025-02-28,3,annulation,1,1,séjour correct mais perfectible.
620,famille,paris,été,appartement,business,9,3006.97,423.18,nuageux,21.05,2.58,30,14.41,92,48.85341,2.3488,Open-Meteo Historical Weather API,2025-06-01/2025-08-31,10.28,6.83,31.49,1.5,2208,Open-Meteo Air Quality API,2025-06-01/2025-08-31,3,aucun,0,1,séjour correct mais perfectible.
621,business,paris,été,hôtel,culture,9,3358.09,478.95,nuageux,21.05,2.58,30,14.41,92,48.85341,2.3488,Open-Meteo Historical Weather API,2025-06-01/2025-08-31,10.28,6.83,31.49,1.5,2208,Open-Meteo Air Quality API,2025-06-01/2025-08-31,3,aucun,0,1,séjour correct mais perfectible.
622,couple,dubaï,printemps,resort,randonnée,20,8486.18,552.24,ensoleillé,28.3,0.01,0,22.56,92,25.07725,55.30927,Open-Meteo Historical Weather API,2025-03-01/2025-05-31,70.72,36.99,63.06,2.2,2208,Open-Meteo Air Quality API,2025-03-01/2025-05-31,2,aucun,0,1,séjour décevant.
623,senior,sydney,printemps,appartement,gastronomie,19,7096.41,1314.78,ensoleillé,19.13,4.44,49,17.74,92,-33.86785,151.20732,Open-Meteo Historical Weather API,2025-03-01/2025-05-31,11.25,9.25,31.84,1.01,2208,Open-Meteo Air Quality API,2025-03-01/2025-05-31,3,aucun,0,1,séjour correct mais perfectible.
624,couple,dubaï,été,hôtel,gastronomie,12,6686.48,1025.18,nuageux,35.27,0.0,0,22.79,92,25.07725,55.30927,Open-Meteo Historical Weather API,2025-06-01/2025-08-31,128.17,54.13,71.91,2.19,2208,Open-Meteo Air Quality API,2025-06-01/2025-08-31,3,bagages,1,1,séjour correct mais perfectible.
625,senior,new york,été,villa,culture,8,11453.18,772.82,ensoleillé,24.52,2.28,32,14.21,92,40.71427,-74.00597,Open-Meteo Historical Weather API,2025-06-01/2025-08-31,18.13,17.43,51.89,1.61,2208,Open-Meteo Air Quality API,2025-06-01/2025-08-31,4,aucun,0,1,très bon séjour.
626,couple,new york,hiver,hôtel,randonnée,6,6771.94,1026.8,nuageux,-0.0,2.34,32,16.49,90,40.71427,-74.00597,Open-Meteo Historical Weather API,2024-12-01/2025-02-28,14.23,13.56,43.36,0.34,2160,Open-Meteo Air Quality API,2024-12-01/2025-02-28,3,aucun,0,1,séjour correct mais perfectible.
627,business,sydney,printemps,hôtel,plage,3,8685.14,1678.89,ensoleillé,19.13,4.44,49,17.74,92,-33.86785,151.20732,Open-Meteo Historical Weather API,2025-03-01/2025-05-31,11.25,9.25,31.84,1.01,2208,Open-Meteo Air Quality API,2025-03-01/2025-05-31,3,aucun,0,1,séjour correct mais perfectible.
628,famille,new york,hiver,appartement,culture,12,5978.68,816.0,ensoleillé,-0.0,2.34,32,16.49,90,40.71427,-74.00597,Open-Meteo Historical Weather API,2024-12-01/2025-02-28,14.23,13.56,43.36,0.34,2160,Open-Meteo Air Quality API,2024-12-01/2025-02-28,4,aucun,0,1,très bon séjour.
629,solo,bali,automne,resort,culture,13,5334.27,1079.0,variable,26.3,6.82,61,14.71,91,-8.65,115.21667,Open-Meteo Historical Weather API,2025-09-01/2025-11-30,14.48,11.69,32.66,2.5,2184,Open-Meteo Air Quality API,2025-09-01/2025-11-30,3,retard_vol,0,1,séjour correct mais perfectible.
630,business,lisbonne,automne,resort,plage,15,6668.85,450.66,ensoleillé,18.72,2.83,21,17.54,91,38.72509,-9.1498,Open-Meteo Historical Weather API,2025-09-01/2025-11-30,15.83,9.72,31.17,0.9,2184,Open-Meteo Air Quality API,2025-09-01/2025-11-30,3,aucun,0,1,séjour correct mais perfectible.
631,senior,bali,printemps,resort,culture,18,6574.1,1111.47,nuageux,26.99,6.49,65,13.72,92,-8.65,115.21667,Open-Meteo Historical Weather API,2025-03-01/2025-05-31,12.14,10.4,31.68,2.19,2208,Open-Meteo Air Quality API,2025-03-01/2025-05-31,4,aucun,0,1,très bon séjour.
632,business,paris,hiver,villa,plage,9,8825.82,201.75,pluie,4.95,2.61,35,15.72,90,48.85341,2.3488,Open-Meteo Historical Weather API,2024-12-01/2025-02-28,20.98,17.57,45.01,0.13,2160,Open-Meteo Air Quality API,2024-12-01/2025-02-28,3,bagages,1,1,séjour correct mais perfectible.
633,famille,rome,hiver,appartement,culture,6,4563.58,442.0,ensoleillé,9.23,2.57,28,13.79,90,41.89193,12.51133,Open-Meteo Historical Weather API,2024-12-01/2025-02-28,20.56,17.01,40.29,0.27,2160,Open-Meteo Air Quality API,2024-12-01/2025-02-28,3,aucun,0,1,séjour correct mais perfectible.
634,couple,tokyo,printemps,appartement,culture,19,5959.44,1138.91,nuageux,14.52,6.04,44,15.33,92,35.6895,139.69171,Open-Meteo Historical Weather API,2025-03-01/2025-05-31,29.58,26.1,53.35,1.05,2208,Open-Meteo Air Quality API,2025-03-01/2025-05-31,4,aucun,0,1,très bon séjour.
635,famille,sydney,automne,hôtel,plage,17,11746.73,1473.18,nuageux,19.17,1.74,22,21.07,91,-33.86785,151.20732,Open-Meteo Historical Weather API,2025-09-01/2025-11-30,10.98,9.17,34.45,1.63,2184,Open-Meteo Air Quality API,2025-09-01/2025-11-30,4,aucun,0,1,très bon séjour.
636,famille,paris,été,hôtel,culture,13,4770.3,347.53,pluie,21.05,2.58,30,14.41,92,48.85341,2.3488,Open-Meteo Historical Weather API,2025-06-01/2025-08-31,10.28,6.83,31.49,1.5,2208,Open-Meteo Air Quality API,2025-06-01/2025-08-31,3,aucun,0,1,séjour correct mais perfectible.
637,solo,paris,hiver,resort,plage,3,3510.0,333.0,pluie,4.95,2.61,35,15.72,90,48.85341,2.3488,Open-Meteo Historical Weather API,2024-12-01/2025-02-28,20.98,17.57,45.01,0.13,2160,Open-Meteo Air Quality API,2024-12-01/2025-02-28,3,aucun,0,1,séjour correct mais perfectible.
638,business,paris,hiver,hôtel,randonnée,11,6935.62,411.55,pluie,4.95,2.61,35,15.72,90,48.85341,2.3488,Open-Meteo Historical Weather API,2024-12-01/2025-02-28,20.98,17.57,45.01,0.13,2160,Open-Meteo Air Quality API,2024-12-01/2025-02-28,2,aucun,0,1,séjour décevant.
639,business,sydney,printemps,appartement,culture,14,9152.57,1285.96,ensoleillé,19.13,4.44,49,17.74,92,-33.86785,151.20732,Open-Meteo Historical Weather API,2025-03-01/2025-05-31,11.25,9.25,31.84,1.01,2208,Open-Meteo Air Quality API,2025-03-01/2025-05-31,3,aucun,0,1,séjour correct mais perfectible.
640,senior,lisbonne,automne,hôtel,randonnée,19,2769.2,275.43,variable,18.72,2.83,21,17.54,91,38.72509,-9.1498,Open-Meteo Historical Weather API,2025-09-01/2025-11-30,15.83,9.72,31.17,0.9,2184,Open-Meteo Air Quality API,2025-09-01/2025-11-30,2,aucun,0,1,séjour décevant.
641,business,lisbonne,été,hôtel,business,12,5830.16,548.29,nuageux,23.39,0.06,1,17.22,92,38.72509,-9.1498,Open-Meteo Historical Weather API,2025-06-01/2025-08-31,19.54,10.92,32.89,2.16,2208,Open-Meteo Air Quality API,2025-06-01/2025-08-31,4,aucun,0,1,très bon séjour.
642,business,paris,été,hôtel,business,11,9252.66,397.08,ensoleillé,21.05,2.58,30,14.41,92,48.85341,2.3488,Open-Meteo Historical Weather API,2025-06-01/2025-08-31,10.28,6.83,31.49,1.5,2208,Open-Meteo Air Quality API,2025-06-01/2025-08-31,4,aucun,0,1,très bon séjour.
643,famille,dubaï,printemps,hôtel,business,10,6739.84,837.49,ensoleillé,28.3,0.01,0,22.56,92,25.07725,55.30927,Open-Meteo Historical Weather API,2025-03-01/2025-05-31,70.72,36.99,63.06,2.2,2208,Open-Meteo Air Quality API,2025-03-01/2025-05-31,3,aucun,0,1,séjour correct mais perfectible.
644,famille,bali,automne,hôtel,plage,10,9462.98,861.14,ensoleillé,26.3,6.82,61,14.71,91,-8.65,115.21667,Open-Meteo Historical Weather API,2025-09-01/2025-11-30,14.48,11.69,32.66,2.5,2184,Open-Meteo Air Quality API,2025-09-01/2025-11-30,4,aucun,0,1,très bon séjour.
645,solo,sydney,printemps,resort,plage,3,3512.37,1271.69,ensoleillé,19.13,4.44,49,17.74,92,-33.86785,151.20732,Open-Meteo Historical Weather API,2025-03-01/2025-05-31,11.25,9.25,31.84,1.01,2208,Open-Meteo Air Quality API,2025-03-01/2025-05-31,4,aucun,0,0,très bon séjour.
646,senior,tokyo,automne,resort,plage,4,11161.62,1146.34,ensoleillé,18.79,4.52,34,12.27,91,35.6895,139.69171,Open-Meteo Historical Weather API,2025-09-01/2025-11-30,28.46,27.24,54.08,0.85,2184,Open-Meteo Air Quality API,2025-09-01/2025-11-30,3,aucun,0,1,séjour correct mais perfectible.
647,famille,rome,automne,hôtel,gastronomie,17,4011.84,442.94,variable,17.21,4.01,24,12.75,91,41.89193,12.51133,Open-Meteo Historical Weather API,2025-09-01/2025-11-30,13.51,9.22,34.28,0.79,2184,Open-Meteo Air Quality API,2025-09-01/2025-11-30,2,aucun,0,1,séjour décevant.
648,solo,sydney,printemps,hôtel,gastronomie,9,7171.8,1023.18,variable,19.13,4.44,49,17.74,92,-33.86785,151.20732,Open-Meteo Historical Weather API,2025-03-01/2025-05-31,11.25,9.25,31.84,1.01,2208,Open-Meteo Air Quality API,2025-03-01/2025-05-31,2,météo,0,1,séjour décevant.
649,solo,new york,automne,appartement,culture,19,3351.9,484.82,ensoleillé,13.97,3.07,25,15.38,91,40.71427,-74.00597,Open-Meteo Historical Weather API,2025-09-01/2025-11-30,11.7,11.28,42.27,0.76,2184,Open-Meteo Air Quality API,2025-09-01/2025-11-30,2,aucun,0,1,séjour décevant.
650,famille,new york,printemps,hôtel,randonnée,10,8155.24,1083.06,variable,12.04,4.75,36,17.46,92,40.71427,-74.00597,Open-Meteo Historical Weather API,2025-03-01/2025-05-31,11.88,11.05,41.24,1.07,2208,Open-Meteo Air Quality API,2025-03-01/2025-05-31,2,aucun,0,1,séjour décevant.
651,couple,rome,été,resort,plage,21,4417.04,554.71,nuageux,27.22,1.32,16,14.95,92,41.89193,12.51133,Open-Meteo Historical Weather API,2025-06-01/2025-08-31,15.45,9.67,40.74,2.01,2208,Open-Meteo Air Quality API,2025-06-01/2025-08-31,4,aucun,0,1,très bon séjour.
652,senior,sydney,hiver,resort,culture,6,9279.31,1573.03,nuageux,22.44,3.42,39,20.67,90,-33.86785,151.20732,Open-Meteo Historical Weather API,2024-12-01/2025-02-28,12.57,9.86,34.15,2.24,2160,Open-Meteo Air Quality API,2024-12-01/2025-02-28,4,aucun,0,1,très bon séjour.
653,solo,dubaï,printemps,resort,culture,6,8583.81,817.01,variable,28.3,0.01,0,22.56,92,25.07725,55.30927,Open-Meteo Historical Weather API,2025-03-01/2025-05-31,70.72,36.99,63.06,2.2,2208,Open-Meteo Air Quality API,2025-03-01/2025-05-31,3,météo,1,1,séjour correct mais perfectible.
654,famille,bali,hiver,appartement,culture,14,5707.76,1273.55,pluie,26.28,11.89,84,14.7,90,-8.65,115.21667,Open-Meteo Historical Weather API,2024-12-01/2025-02-28,12.8,11.67,33.02,1.96,2160,Open-Meteo Air Quality API,2024-12-01/2025-02-28,3,bagages,0,1,séjour correct mais perfectible.
655,senior,paris,hiver,resort,randonnée,18,9041.84,329.76,pluie,4.95,2.61,35,15.72,90,48.85341,2.3488,Open-Meteo Historical Weather API,2024-12-01/2025-02-28,20.98,17.57,45.01,0.13,2160,Open-Meteo Air Quality API,2024-12-01/2025-02-28,2,retard_vol,0,1,séjour décevant.
656,couple,sydney,hiver,villa,gastronomie,5,10880.79,1414.61,nuageux,22.44,3.42,39,20.67,90,-33.86785,151.20732,Open-Meteo Historical Weather API,2024-12-01/2025-02-28,12.57,9.86,34.15,2.24,2160,Open-Meteo Air Quality API,2024-12-01/2025-02-28,5,annulation,0,1,excellent séjour.
657,senior,dubaï,printemps,appartement,business,12,7035.68,880.5,ensoleillé,28.3,0.01,0,22.56,92,25.07725,55.30927,Open-Meteo Historical Weather API,2025-03-01/2025-05-31,70.72,36.99,63.06,2.2,2208,Open-Meteo Air Quality API,2025-03-01/2025-05-31,2,aucun,0,1,séjour décevant.
658,couple,new york,été,hôtel,culture,7,4624.9,1017.99,variable,24.52,2.28,32,14.21,92,40.71427,-74.00597,Open-Meteo Historical Weather API,2025-06-01/2025-08-31,18.13,17.43,51.89,1.61,2208,Open-Meteo Air Quality API,2025-06-01/2025-08-31,3,annulation,0,1,séjour correct mais perfectible.
659,solo,new york,printemps,hôtel,business,17,4857.24,1140.96,ensoleillé,12.04,4.75,36,17.46,92,40.71427,-74.00597,Open-Meteo Historical Weather API,2025-03-01/2025-05-31,11.88,11.05,41.24,1.07,2208,Open-Meteo Air Quality API,2025-03-01/2025-05-31,2,aucun,0,1,séjour décevant.
660,couple,rome,printemps,hôtel,gastronomie,13,3792.84,328.55,ensoleillé,15.22,3.55,32,13.85,92,41.89193,12.51133,Open-Meteo Historical Weather API,2025-03-01/2025-05-31,15.93,11.65,37.47,1.19,2208,Open-Meteo Air Quality API,2025-03-01/2025-05-31,3,aucun,0,1,séjour correct mais perfectible.
661,couple,paris,automne,hôtel,plage,15,6959.14,248.76,ensoleillé,12.33,2.12,33,16.01,91,48.85341,2.3488,Open-Meteo Historical Weather API,2025-09-01/2025-11-30,12.19,8.6,34.88,0.44,2184,Open-Meteo Air Quality API,2025-09-01/2025-11-30,3,aucun,0,1,séjour correct mais perfectible.
662,senior,dubaï,automne,resort,culture,8,8404.09,824.5,nuageux,29.44,0.0,0,20.09,91,25.07725,55.30927,Open-Meteo Historical Weather API,2025-09-01/2025-11-30,80.53,41.8,60.89,1.56,2184,Open-Meteo Air Quality API,2025-09-01/2025-11-30,4,aucun,0,1,très bon séjour.
663,famille,bali,hiver,hôtel,gastronomie,8,3854.63,980.52,nuageux,26.28,11.89,84,14.7,90,-8.65,115.21667,Open-Meteo Historical Weather API,2024-12-01/2025-02-28,12.8,11.67,33.02,1.96,2160,Open-Meteo Air Quality API,2024-12-01/2025-02-28,3,aucun,0,1,séjour correct mais perfectible.
664,famille,lisbonne,printemps,hôtel,plage,15,2946.73,519.76,variable,15.64,3.53,41,19.08,92,38.72509,-9.1498,Open-Meteo Historical Weather API,2025-03-01/2025-05-31,15.2,9.48,34.11,1.3,2208,Open-Meteo Air Quality API,2025-03-01/2025-05-31,3,aucun,0,1,séjour correct mais perfectible.
665,couple,tokyo,été,hôtel,plage,9,5906.83,1537.25,ensoleillé,27.71,2.91,31,13.49,92,35.6895,139.69171,Open-Meteo Historical Weather API,2025-06-01/2025-08-31,24.0,22.42,51.6,1.83,2208,Open-Meteo Air Quality API,2025-06-01/2025-08-31,3,aucun,0,1,séjour correct mais perfectible.
666,business,paris,été,appartement,randonnée,16,6425.27,531.02,variable,21.05,2.58,30,14.41,92,48.85341,2.3488,Open-Meteo Historical Weather API,2025-06-01/2025-08-31,10.28,6.83,31.49,1.5,2208,Open-Meteo Air Quality API,2025-06-01/2025-08-31,2,retard_vol,1,1,séjour décevant.
667,business,paris,printemps,appartement,plage,5,6273.95,405.72,nuageux,12.44,1.18,26,14.07,92,48.85341,2.3488,Open-Meteo Historical Weather API,2025-03-01/2025-05-31,15.06,12.04,38.85,0.97,2208,Open-Meteo Air Quality API,2025-03-01/2025-05-31,3,aucun,0,1,séjour correct mais perfectible.
668,senior,rome,été,villa,culture,8,5531.79,442.92,ensoleillé,27.22,1.32,16,14.95,92,41.89193,12.51133,Open-Meteo Historical Weather API,2025-06-01/2025-08-31,15.45,9.67,40.74,2.01,2208,Open-Meteo Air Quality API,2025-06-01/2025-08-31,4,aucun,0,1,très bon séjour.
669,couple,bali,hiver,hôtel,culture,4,5451.83,806.52,ensoleillé,26.28,11.89,84,14.7,90,-8.65,115.21667,Open-Meteo Historical Weather API,2024-12-01/2025-02-28,12.8,11.67,33.02,1.96,2160,Open-Meteo Air Quality API,2024-12-01/2025-02-28,4,aucun,0,1,très bon séjour.
670,couple,lisbonne,printemps,hôtel,randonnée,4,4167.38,482.28,ensoleillé,15.64,3.53,41,19.08,92,38.72509,-9.1498,Open-Meteo Historical Weather API,2025-03-01/2025-05-31,15.2,9.48,34.11,1.3,2208,Open-Meteo Air Quality API,2025-03-01/2025-05-31,2,aucun,0,1,séjour décevant.
671,famille,rome,été,villa,plage,7,5388.48,387.67,pluie,27.22,1.32,16,14.95,92,41.89193,12.51133,Open-Meteo Historical Weather API,2025-06-01/2025-08-31,15.45,9.67,40.74,2.01,2208,Open-Meteo Air Quality API,2025-06-01/2025-08-31,4,aucun,0,1,très bon séjour.
672,solo,lisbonne,été,appartement,plage,12,2339.44,576.32,nuageux,23.39,0.06,1,17.22,92,38.72509,-9.1498,Open-Meteo Historical Weather API,2025-06-01/2025-08-31,19.54,10.92,32.89,2.16,2208,Open-Meteo Air Quality API,2025-06-01/2025-08-31,3,aucun,0,1,séjour correct mais perfectible.
673,senior,lisbonne,automne,resort,business,5,4625.35,425.8,nuageux,18.72,2.83,21,17.54,91,38.72509,-9.1498,Open-Meteo Historical Weather API,2025-09-01/2025-11-30,15.83,9.72,31.17,0.9,2184,Open-Meteo Air Quality API,2025-09-01/2025-11-30,4,aucun,0,1,très bon séjour.
674,business,new york,hiver,resort,randonnée,4,10570.39,838.33,variable,-0.0,2.34,32,16.49,90,40.71427,-74.00597,Open-Meteo Historical Weather API,2024-12-01/2025-02-28,14.23,13.56,43.36,0.34,2160,Open-Meteo Air Quality API,2024-12-01/2025-02-28,3,retard_vol,1,1,séjour correct mais perfectible.
675,solo,new york,hiver,hôtel,plage,19,5637.54,917.63,variable,-0.0,2.34,32,16.49,90,40.71427,-74.00597,Open-Meteo Historical Weather API,2024-12-01/2025-02-28,14.23,13.56,43.36,0.34,2160,Open-Meteo Air Quality API,2024-12-01/2025-02-28,1,retard_vol,0,1,très mauvaise expérience.
676,couple,dubaï,hiver,appartement,culture,12,5701.24,758.63,ensoleillé,20.21,0.09,2,19.57,90,25.07725,55.30927,Open-Meteo Historical Weather API,2024-12-01/2025-02-28,59.55,32.47,55.0,1.03,2160,Open-Meteo Air Quality API,2024-12-01/2025-02-28,4,aucun,0,1,très bon séjour.
677,senior,sydney,hiver,resort,business,16,10803.1,1252.64,pluie,22.44,3.42,39,20.67,90,-33.86785,151.20732,Open-Meteo Historical Weather API,2024-12-01/2025-02-28,12.57,9.86,34.15,2.24,2160,Open-Meteo Air Quality API,2024-12-01/2025-02-28,3,météo,1,1,séjour correct mais perfectible.
678,couple,lisbonne,hiver,resort,plage,16,3179.24,477.52,pluie,12.63,2.92,26,17.53,90,38.72509,-9.1498,Open-Meteo Historical Weather API,2024-12-01/2025-02-28,19.66,13.91,36.49,0.38,2160,Open-Meteo Air Quality API,2024-12-01/2025-02-28,3,aucun,0,1,séjour correct mais perfectible.
679,famille,dubaï,été,resort,business,4,11096.49,1032.87,nuageux,35.27,0.0,0,22.79,92,25.07725,55.30927,Open-Meteo Historical Weather API,2025-06-01/2025-08-31,128.17,54.13,71.91,2.19,2208,Open-Meteo Air Quality API,2025-06-01/2025-08-31,3,aucun,0,1,séjour correct mais perfectible.
680,couple,new york,été,hôtel,culture,14,8826.14,1031.1,ensoleillé,24.52,2.28,32,14.21,92,40.71427,-74.00597,Open-Meteo Historical Weather API,2025-06-01/2025-08-31,18.13,17.43,51.89,1.61,2208,Open-Meteo Air Quality API,2025-06-01/2025-08-31,4,aucun,0,1,très bon séjour.
681,famille,rome,été,hôtel,randonnée,19,5294.16,473.65,ensoleillé,27.22,1.32,16,14.95,92,41.89193,12.51133,Open-Meteo Historical Weather API,2025-06-01/2025-08-31,15.45,9.67,40.74,2.01,2208,Open-Meteo Air Quality API,2025-06-01/2025-08-31,2,aucun,0,1,séjour décevant.
682,famille,lisbonne,printemps,appartement,culture,11,3843.82,469.33,ensoleillé,15.64,3.53,41,19.08,92,38.72509,-9.1498,Open-Meteo Historical Weather API,2025-03-01/2025-05-31,15.2,9.48,34.11,1.3,2208,Open-Meteo Air Quality API,2025-03-01/2025-05-31,4,aucun,0,1,très bon séjour.
683,famille,tokyo,hiver,resort,gastronomie,19,10660.81,667.74,nuageux,6.08,0.56,8,14.28,90,35.6895,139.69171,Open-Meteo Historical Weather API,2024-12-01/2025-02-28,31.02,30.0,55.43,0.51,2160,Open-Meteo Air Quality API,2024-12-01/2025-02-28,4,aucun,0,1,très bon séjour.
684,couple,sydney,été,hôtel,culture,20,9807.96,1656.57,ensoleillé,12.22,4.06,27,18.74,92,-33.86785,151.20732,Open-Meteo Historical Weather API,2025-06-01/2025-08-31,10.19,9.26,31.56,0.49,2208,Open-Meteo Air Quality API,2025-06-01/2025-08-31,3,aucun,0,1,séjour correct mais perfectible.
685,solo,lisbonne,hiver,hôtel,plage,13,2629.21,430.59,pluie,12.63,2.92,26,17.53,90,38.72509,-9.1498,Open-Meteo Historical Weather API,2024-12-01/2025-02-28,19.66,13.91,36.49,0.38,2160,Open-Meteo Air Quality API,2024-12-01/2025-02-28,2,aucun,0,1,séjour décevant.
686,couple,rome,automne,villa,randonnée,4,4660.37,382.9,nuageux,17.21,4.01,24,12.75,91,41.89193,12.51133,Open-Meteo Historical Weather API,2025-09-01/2025-11-30,13.51,9.22,34.28,0.79,2184,Open-Meteo Air Quality API,2025-09-01/2025-11-30,4,aucun,0,1,très bon séjour.
687,couple,rome,hiver,hôtel,culture,14,5075.92,528.88,ensoleillé,9.23,2.57,28,13.79,90,41.89193,12.51133,Open-Meteo Historical Weather API,2024-12-01/2025-02-28,20.56,17.01,40.29,0.27,2160,Open-Meteo Air Quality API,2024-12-01/2025-02-28,3,aucun,0,1,séjour correct mais perfectible.
688,senior,paris,été,hôtel,business,19,3164.01,411.04,ensoleillé,21.05,2.58,30,14.41,92,48.85341,2.3488,Open-Meteo Historical Weather API,2025-06-01/2025-08-31,10.28,6.83,31.49,1.5,2208,Open-Meteo Air Quality API,2025-06-01/2025-08-31,3,aucun,0,1,séjour correct mais perfectible.
689,business,tokyo,automne,resort,plage,14,12613.76,946.86,ensoleillé,18.79,4.52,34,12.27,91,35.6895,139.69171,Open-Meteo Historical Weather API,2025-09-01/2025-11-30,28.46,27.24,54.08,0.85,2184,Open-Meteo Air Quality API,2025-09-01/2025-11-30,3,aucun,0,1,séjour correct mais perfectible.
690,solo,new york,été,appartement,randonnée,18,3891.56,1176.9,ensoleillé,24.52,2.28,32,14.21,92,40.71427,-74.00597,Open-Meteo Historical Weather API,2025-06-01/2025-08-31,18.13,17.43,51.89,1.61,2208,Open-Meteo Air Quality API,2025-06-01/2025-08-31,3,aucun,0,1,séjour correct mais perfectible.
691,couple,bali,été,appartement,culture,13,4582.78,1091.81,nuageux,25.53,3.21,49,18.92,92,-8.65,115.21667,Open-Meteo Historical Weather API,2025-06-01/2025-08-31,13.38,9.86,30.22,1.86,2208,Open-Meteo Air Quality API,2025-06-01/2025-08-31,3,aucun,0,1,séjour correct mais perfectible.
692,senior,tokyo,été,appartement,business,10,6144.41,1432.85,variable,27.71,2.91,31,13.49,92,35.6895,139.69171,Open-Meteo Historical Weather API,2025-06-01/2025-08-31,24.0,22.42,51.6,1.83,2208,Open-Meteo Air Quality API,2025-06-01/2025-08-31,3,aucun,0,1,séjour correct mais perfectible.
693,famille,sydney,hiver,hôtel,culture,20,7958.51,836.13,nuageux,22.44,3.42,39,20.67,90,-33.86785,151.20732,Open-Meteo Historical Weather API,2024-12-01/2025-02-28,12.57,9.86,34.15,2.24,2160,Open-Meteo Air Quality API,2024-12-01/2025-02-28,4,aucun,0,1,très bon séjour.
694,couple,sydney,été,villa,culture,5,13229.83,1612.89,pluie,12.22,4.06,27,18.74,92,-33.86785,151.20732,Open-Meteo Historical Weather API,2025-06-01/2025-08-31,10.19,9.26,31.56,0.49,2208,Open-Meteo Air Quality API,2025-06-01/2025-08-31,4,aucun,0,1,très bon séjour.
695,senior,rome,automne,villa,randonnée,11,5997.26,453.55,variable,17.21,4.01,24,12.75,91,41.89193,12.51133,Open-Meteo Historical Weather API,2025-09-01/2025-11-30,13.51,9.22,34.28,0.79,2184,Open-Meteo Air Quality API,2025-09-01/2025-11-30,3,aucun,0,1,séjour correct mais perfectible.
696,solo,new york,automne,resort,plage,5,5599.99,767.43,nuageux,13.97,3.07,25,15.38,91,40.71427,-74.00597,Open-Meteo Historical Weather API,2025-09-01/2025-11-30,11.7,11.28,42.27,0.76,2184,Open-Meteo Air Quality API,2025-09-01/2025-11-30,3,aucun,0,1,séjour correct mais perfectible.
697,business,dubaï,printemps,resort,culture,15,13752.99,749.09,variable,28.3,0.01,0,22.56,92,25.07725,55.30927,Open-Meteo Historical Weather API,2025-03-01/2025-05-31,70.72,36.99,63.06,2.2,2208,Open-Meteo Air Quality API,2025-03-01/2025-05-31,3,aucun,0,1,séjour correct mais perfectible.
698,solo,sydney,printemps,hôtel,culture,20,6169.99,1281.38,ensoleillé,19.13,4.44,49,17.74,92,-33.86785,151.20732,Open-Meteo Historical Weather API,2025-03-01/2025-05-31,11.25,9.25,31.84,1.01,2208,Open-Meteo Air Quality API,2025-03-01/2025-05-31,4,aucun,0,1,très bon séjour.
699,solo,lisbonne,été,resort,gastronomie,21,3689.63,533.53,ensoleillé,23.39,0.06,1,17.22,92,38.72509,-9.1498,Open-Meteo Historical Weather API,2025-06-01/2025-08-31,19.54,10.92,32.89,2.16,2208,Open-Meteo Air Quality API,2025-06-01/2025-08-31,3,aucun,0,1,séjour correct mais perfectible.
700,couple,bali,été,hôtel,gastronomie,7,8132.23,1493.82,pluie,25.53,3.21,49,18.92,92,-8.65,115.21667,Open-Meteo Historical Weather API,2025-06-01/2025-08-31,13.38,9.86,30.22,1.86,2208,Open-Meteo Air Quality API,2025-06-01/2025-08-31,4,aucun,0,1,très bon séjour.
701,famille,dubaï,printemps,hôtel,randonnée,16,10228.87,757.04,nuageux,28.3,0.01,0,22.56,92,25.07725,55.30927,Open-Meteo Historical Weather API,2025-03-01/2025-05-31,70.72,36.99,63.06,2.2,2208,Open-Meteo Air Quality API,2025-03-01/2025-05-31,3,aucun,0,1,séjour correct mais perfectible.
702,couple,paris,hiver,villa,gastronomie,19,8501.75,368.39,nuageux,4.95,2.61,35,15.72,90,48.85341,2.3488,Open-Meteo Historical Weather API,2024-12-01/2025-02-28,20.98,17.57,45.01,0.13,2160,Open-Meteo Air Quality API,2024-12-01/2025-02-28,4,aucun,0,1,très bon séjour.
703,famille,new york,hiver,hôtel,randonnée,18,7728.68,777.76,ensoleillé,-0.0,2.34,32,16.49,90,40.71427,-74.00597,Open-Meteo Historical Weather API,2024-12-01/2025-02-28,14.23,13.56,43.36,0.34,2160,Open-Meteo Air Quality API,2024-12-01/2025-02-28,3,aucun,0,1,séjour correct mais perfectible.
704,senior,paris,printemps,resort,gastronomie,12,4232.75,330.99,ensoleillé,12.44,1.18,26,14.07,92,48.85341,2.3488,Open-Meteo Historical Weather API,2025-03-01/2025-05-31,15.06,12.04,38.85,0.97,2208,Open-Meteo Air Quality API,2025-03-01/2025-05-31,4,aucun,0,1,très bon séjour.
705,couple,dubaï,hiver,hôtel,plage,6,7109.21,731.28,ensoleillé,20.21,0.09,2,19.57,90,25.07725,55.30927,Open-Meteo Historical Weather API,2024-12-01/2025-02-28,59.55,32.47,55.0,1.03,2160,Open-Meteo Air Quality API,2024-12-01/2025-02-28,4,aucun,0,1,très bon séjour.
706,solo,paris,hiver,hôtel,culture,11,4645.59,339.08,ensoleillé,4.95,2.61,35,15.72,90,48.85341,2.3488,Open-Meteo Historical Weather API,2024-12-01/2025-02-28,20.98,17.57,45.01,0.13,2160,Open-Meteo Air Quality API,2024-12-01/2025-02-28,3,aucun,0,1,séjour correct mais perfectible.
707,business,paris,hiver,hôtel,randonnée,17,7006.67,420.02,variable,4.95,2.61,35,15.72,90,48.85341,2.3488,Open-Meteo Historical Weather API,2024-12-01/2025-02-28,20.98,17.57,45.01,0.13,2160,Open-Meteo Air Quality API,2024-12-01/2025-02-28,2,aucun,0,1,séjour décevant.
708,business,lisbonne,automne,hôtel,culture,14,1089.86,386.39,ensoleillé,18.72,2.83,21,17.54,91,38.72509,-9.1498,Open-Meteo Historical Weather API,2025-09-01/2025-11-30,15.83,9.72,31.17,0.9,2184,Open-Meteo Air Quality API,2025-09-01/2025-11-30,2,aucun,0,0,séjour décevant.
709,couple,rome,hiver,resort,gastronomie,10,6403.85,480.45,variable,9.23,2.57,28,13.79,90,41.89193,12.51133,Open-Meteo Historical Weather API,2024-12-01/2025-02-28,20.56,17.01,40.29,0.27,2160,Open-Meteo Air Quality API,2024-12-01/2025-02-28,3,aucun,0,1,séjour correct mais perfectible.
710,couple,bali,hiver,villa,business,7,10832.32,859.64,ensoleillé,26.28,11.89,84,14.7,90,-8.65,115.21667,Open-Meteo Historical Weather API,2024-12-01/2025-02-28,12.8,11.67,33.02,1.96,2160,Open-Meteo Air Quality API,2024-12-01/2025-02-28,3,aucun,0,1,séjour correct mais perfectible.
711,senior,lisbonne,printemps,resort,randonnée,15,3991.7,444.52,ensoleillé,15.64,3.53,41,19.08,92,38.72509,-9.1498,Open-Meteo Historical Weather API,2025-03-01/2025-05-31,15.2,9.48,34.11,1.3,2208,Open-Meteo Air Quality API,2025-03-01/2025-05-31,2,aucun,0,1,séjour décevant.
712,solo,lisbonne,printemps,villa,randonnée,11,4575.62,340.25,variable,15.64,3.53,41,19.08,92,38.72509,-9.1498,Open-Meteo Historical Weather API,2025-03-01/2025-05-31,15.2,9.48,34.11,1.3,2208,Open-Meteo Air Quality API,2025-03-01/2025-05-31,3,aucun,0,1,séjour correct mais perfectible.
713,business,new york,automne,appartement,randonnée,11,8399.56,690.47,ensoleillé,13.97,3.07,25,15.38,91,40.71427,-74.00597,Open-Meteo Historical Weather API,2025-09-01/2025-11-30,11.7,11.28,42.27,0.76,2184,Open-Meteo Air Quality API,2025-09-01/2025-11-30,3,aucun,0,1,séjour correct mais perfectible.
714,senior,new york,automne,resort,culture,20,7260.56,1101.87,ensoleillé,13.97,3.07,25,15.38,91,40.71427,-74.00597,Open-Meteo Historical Weather API,2025-09-01/2025-11-30,11.7,11.28,42.27,0.76,2184,Open-Meteo Air Quality API,2025-09-01/2025-11-30,3,aucun,0,1,séjour correct mais perfectible.
715,business,dubaï,printemps,hôtel,plage,3,10877.33,787.9,pluie,28.3,0.01,0,22.56,92,25.07725,55.30927,Open-Meteo Historical Weather API,2025-03-01/2025-05-31,70.72,36.99,63.06,2.2,2208,Open-Meteo Air Quality API,2025-03-01/2025-05-31,3,aucun,0,1,séjour correct mais perfectible.
716,famille,bali,printemps,hôtel,culture,7,5141.84,1352.26,ensoleillé,26.99,6.49,65,13.72,92,-8.65,115.21667,Open-Meteo Historical Weather API,2025-03-01/2025-05-31,12.14,10.4,31.68,2.19,2208,Open-Meteo Air Quality API,2025-03-01/2025-05-31,4,aucun,0,1,très bon séjour.
717,solo,new york,printemps,appartement,business,20,4197.35,919.54,ensoleillé,12.04,4.75,36,17.46,92,40.71427,-74.00597,Open-Meteo Historical Weather API,2025-03-01/2025-05-31,11.88,11.05,41.24,1.07,2208,Open-Meteo Air Quality API,2025-03-01/2025-05-31,2,aucun,0,1,séjour décevant.
718,famille,tokyo,hiver,resort,culture,20,10547.64,1032.39,variable,6.08,0.56,8,14.28,90,35.6895,139.69171,Open-Meteo Historical Weather API,2024-12-01/2025-02-28,31.02,30.0,55.43,0.51,2160,Open-Meteo Air Quality API,2024-12-01/2025-02-28,2,aucun,0,1,séjour décevant.
719,solo,rome,printemps,hôtel,plage,8,2533.78,427.35,ensoleillé,15.22,3.55,32,13.85,92,41.89193,12.51133,Open-Meteo Historical Weather API,2025-03-01/2025-05-31,15.93,11.65,37.47,1.19,2208,Open-Meteo Air Quality API,2025-03-01/2025-05-31,3,aucun,0,1,séjour correct mais perfectible.
720,senior,tokyo,hiver,appartement,gastronomie,21,6316.09,1197.25,pluie,6.08,0.56,8,14.28,90,35.6895,139.69171,Open-Meteo Historical Weather API,2024-12-01/2025-02-28,31.02,30.0,55.43,0.51,2160,Open-Meteo Air Quality API,2024-12-01/2025-02-28,2,bagages,0,1,séjour décevant.
721,solo,sydney,hiver,hôtel,gastronomie,7,7606.01,1565.01,ensoleillé,22.44,3.42,39,20.67,90,-33.86785,151.20732,Open-Meteo Historical Weather API,2024-12-01/2025-02-28,12.57,9.86,34.15,2.24,2160,Open-Meteo Air Quality API,2024-12-01/2025-02-28,3,aucun,0,1,séjour correct mais perfectible.
722,couple,lisbonne,été,appartement,randonnée,3,3762.33,442.9,ensoleillé,23.39,0.06,1,17.22,92,38.72509,-9.1498,Open-Meteo Historical Weather API,2025-06-01/2025-08-31,19.54,10.92,32.89,2.16,2208,Open-Meteo Air Quality API,2025-06-01/2025-08-31,3,aucun,0,1,séjour correct mais perfectible.
723,famille,rome,hiver,hôtel,gastronomie,8,5732.27,617.88,nuageux,9.23,2.57,28,13.79,90,41.89193,12.51133,Open-Meteo Historical Weather API,2024-12-01/2025-02-28,20.56,17.01,40.29,0.27,2160,Open-Meteo Air Quality API,2024-12-01/2025-02-28,2,météo,1,1,séjour décevant.
724,senior,lisbonne,hiver,villa,culture,13,3108.78,366.5,pluie,12.63,2.92,26,17.53,90,38.72509,-9.1498,Open-Meteo Historical Weather API,2024-12-01/2025-02-28,19.66,13.91,36.49,0.38,2160,Open-Meteo Air Quality API,2024-12-01/2025-02-28,3,aucun,0,1,séjour correct mais perfectible.
725,famille,lisbonne,printemps,hôtel,business,3,2923.21,284.65,ensoleillé,15.64,3.53,41,19.08,92,38.72509,-9.1498,Open-Meteo Historical Weather API,2025-03-01/2025-05-31,15.2,9.48,34.11,1.3,2208,Open-Meteo Air Quality API,2025-03-01/2025-05-31,3,bagages,0,1,séjour correct mais perfectible.
726,famille,new york,printemps,hôtel,randonnée,6,8582.69,586.61,variable,12.04,4.75,36,17.46,92,40.71427,-74.00597,Open-Meteo Historical Weather API,2025-03-01/2025-05-31,11.88,11.05,41.24,1.07,2208,Open-Meteo Air Quality API,2025-03-01/2025-05-31,3,météo,1,1,séjour correct mais perfectible.
727,famille,sydney,hiver,appartement,randonnée,18,7674.36,905.06,pluie,22.44,3.42,39,20.67,90,-33.86785,151.20732,Open-Meteo Historical Weather API,2024-12-01/2025-02-28,12.57,9.86,34.15,2.24,2160,Open-Meteo Air Quality API,2024-12-01/2025-02-28,3,aucun,0,1,séjour correct mais perfectible.
728,famille,new york,hiver,hôtel,randonnée,14,7372.7,786.69,pluie,-0.0,2.34,32,16.49,90,40.71427,-74.00597,Open-Meteo Historical Weather API,2024-12-01/2025-02-28,14.23,13.56,43.36,0.34,2160,Open-Meteo Air Quality API,2024-12-01/2025-02-28,2,aucun,0,1,séjour décevant.
729,couple,rome,hiver,villa,gastronomie,14,8848.53,431.21,nuageux,9.23,2.57,28,13.79,90,41.89193,12.51133,Open-Meteo Historical Weather API,2024-12-01/2025-02-28,20.56,17.01,40.29,0.27,2160,Open-Meteo Air Quality API,2024-12-01/2025-02-28,4,aucun,0,1,très bon séjour.
730,solo,lisbonne,printemps,appartement,gastronomie,21,2174.94,426.69,nuageux,15.64,3.53,41,19.08,92,38.72509,-9.1498,Open-Meteo Historical Weather API,2025-03-01/2025-05-31,15.2,9.48,34.11,1.3,2208,Open-Meteo Air Quality API,2025-03-01/2025-05-31,2,aucun,0,1,séjour décevant.
731,couple,tokyo,automne,hôtel,culture,7,8506.91,1044.59,pluie,18.79,4.52,34,12.27,91,35.6895,139.69171,Open-Meteo Historical Weather API,2025-09-01/2025-11-30,28.46,27.24,54.08,0.85,2184,Open-Meteo Air Quality API,2025-09-01/2025-11-30,3,aucun,0,1,séjour correct mais perfectible.
732,famille,lisbonne,automne,hôtel,randonnée,20,5039.77,437.69,ensoleillé,18.72,2.83,21,17.54,91,38.72509,-9.1498,Open-Meteo Historical Weather API,2025-09-01/2025-11-30,15.83,9.72,31.17,0.9,2184,Open-Meteo Air Quality API,2025-09-01/2025-11-30,3,aucun,0,1,séjour correct mais perfectible.
733,famille,new york,printemps,villa,randonnée,9,12151.16,856.87,variable,12.04,4.75,36,17.46,92,40.71427,-74.00597,Open-Meteo Historical Weather API,2025-03-01/2025-05-31,11.88,11.05,41.24,1.07,2208,Open-Meteo Air Quality API,2025-03-01/2025-05-31,3,aucun,0,1,séjour correct mais perfectible.
734,couple,tokyo,printemps,resort,plage,20,14915.32,1052.56,nuageux,14.52,6.04,44,15.33,92,35.6895,139.69171,Open-Meteo Historical Weather API,2025-03-01/2025-05-31,29.58,26.1,53.35,1.05,2208,Open-Meteo Air Quality API,2025-03-01/2025-05-31,5,aucun,0,1,excellent séjour.
735,famille,lisbonne,été,appartement,plage,17,2692.48,401.79,variable,23.39,0.06,1,17.22,92,38.72509,-9.1498,Open-Meteo Historical Weather API,2025-06-01/2025-08-31,19.54,10.92,32.89,2.16,2208,Open-Meteo Air Quality API,2025-06-01/2025-08-31,2,aucun,0,1,séjour décevant.
736,business,tokyo,été,hôtel,plage,7,8233.31,1556.27,variable,27.71,2.91,31,13.49,92,35.6895,139.69171,Open-Meteo Historical Weather API,2025-06-01/2025-08-31,24.0,22.42,51.6,1.83,2208,Open-Meteo Air Quality API,2025-06-01/2025-08-31,3,aucun,0,1,séjour correct mais perfectible.
737,famille,bali,hiver,villa,randonnée,6,8194.07,832.98,ensoleillé,26.28,11.89,84,14.7,90,-8.65,115.21667,Open-Meteo Historical Weather API,2024-12-01/2025-02-28,12.8,11.67,33.02,1.96,2160,Open-Meteo Air Quality API,2024-12-01/2025-02-28,4,aucun,0,1,très bon séjour.
738,couple,rome,hiver,resort,culture,13,7222.84,474.41,nuageux,9.23,2.57,28,13.79,90,41.89193,12.51133,Open-Meteo Historical Weather API,2024-12-01/2025-02-28,20.56,17.01,40.29,0.27,2160,Open-Meteo Air Quality API,2024-12-01/2025-02-28,4,aucun,0,1,très bon séjour.
739,couple,lisbonne,printemps,appartement,culture,12,3472.91,367.58,nuageux,15.64,3.53,41,19.08,92,38.72509,-9.1498,Open-Meteo Historical Weather API,2025-03-01/2025-05-31,15.2,9.48,34.11,1.3,2208,Open-Meteo Air Quality API,2025-03-01/2025-05-31,3,aucun,0,1,séjour correct mais perfectible.
740,couple,bali,été,hôtel,business,7,5457.78,1547.95,ensoleillé,25.53,3.21,49,18.92,92,-8.65,115.21667,Open-Meteo Historical Weather API,2025-06-01/2025-08-31,13.38,9.86,30.22,1.86,2208,Open-Meteo Air Quality API,2025-06-01/2025-08-31,4,aucun,0,1,très bon séjour.
741,famille,paris,hiver,hôtel,gastronomie,7,4843.48,348.69,variable,4.95,2.61,35,15.72,90,48.85341,2.3488,Open-Meteo Historical Weather API,2024-12-01/2025-02-28,20.98,17.57,45.01,0.13,2160,Open-Meteo Air Quality API,2024-12-01/2025-02-28,2,retard_vol,0,1,séjour décevant.
742,famille,dubaï,printemps,villa,gastronomie,20,14793.72,701.09,ensoleillé,28.3,0.01,0,22.56,92,25.07725,55.30927,Open-Meteo Historical Weather API,2025-03-01/2025-05-31,70.72,36.99,63.06,2.2,2208,Open-Meteo Air Quality API,2025-03-01/2025-05-31,4,retard_vol,1,1,très bon séjour.
743,senior,new york,printemps,villa,business,17,10707.19,809.2,nuageux,12.04,4.75,36,17.46,92,40.71427,-74.00597,Open-Meteo Historical Weather API,2025-03-01/2025-05-31,11.88,11.05,41.24,1.07,2208,Open-Meteo Air Quality API,2025-03-01/2025-05-31,3,aucun,0,1,séjour correct mais perfectible.
744,famille,paris,printemps,hôtel,plage,6,7835.55,437.78,variable,12.44,1.18,26,14.07,92,48.85341,2.3488,Open-Meteo Historical Weather API,2025-03-01/2025-05-31,15.06,12.04,38.85,0.97,2208,Open-Meteo Air Quality API,2025-03-01/2025-05-31,3,aucun,0,1,séjour correct mais perfectible.
745,solo,sydney,printemps,villa,culture,16,8447.52,1300.56,variable,19.13,4.44,49,17.74,92,-33.86785,151.20732,Open-Meteo Historical Weather API,2025-03-01/2025-05-31,11.25,9.25,31.84,1.01,2208,Open-Meteo Air Quality API,2025-03-01/2025-05-31,3,retard_vol,1,1,séjour correct mais perfectible.
746,couple,sydney,été,hôtel,business,5,9122.81,2077.86,ensoleillé,12.22,4.06,27,18.74,92,-33.86785,151.20732,Open-Meteo Historical Weather API,2025-06-01/2025-08-31,10.19,9.26,31.56,0.49,2208,Open-Meteo Air Quality API,2025-06-01/2025-08-31,4,aucun,0,1,très bon séjour.
747,couple,paris,été,hôtel,gastronomie,11,5543.46,433.24,variable,21.05,2.58,30,14.41,92,48.85341,2.3488,Open-Meteo Historical Weather API,2025-06-01/2025-08-31,10.28,6.83,31.49,1.5,2208,Open-Meteo Air Quality API,2025-06-01/2025-08-31,3,aucun,0,1,séjour correct mais perfectible.
748,couple,rome,hiver,hôtel,randonnée,3,3709.59,451.76,ensoleillé,9.23,2.57,28,13.79,90,41.89193,12.51133,Open-Meteo Historical Weather API,2024-12-01/2025-02-28,20.56,17.01,40.29,0.27,2160,Open-Meteo Air Quality API,2024-12-01/2025-02-28,3,aucun,0,1,séjour correct mais perfectible.
749,business,lisbonne,hiver,hôtel,culture,15,4357.3,370.06,pluie,12.63,2.92,26,17.53,90,38.72509,-9.1498,Open-Meteo Historical Weather API,2024-12-01/2025-02-28,19.66,13.91,36.49,0.38,2160,Open-Meteo Air Quality API,2024-12-01/2025-02-28,2,retard_vol,1,1,séjour décevant.
750,business,new york,automne,hôtel,business,6,6655.08,936.33,ensoleillé,13.97,3.07,25,15.38,91,40.71427,-74.00597,Open-Meteo Historical Weather API,2025-09-01/2025-11-30,11.7,11.28,42.27,0.76,2184,Open-Meteo Air Quality API,2025-09-01/2025-11-30,4,aucun,0,1,très bon séjour.
751,couple,tokyo,printemps,hôtel,randonnée,7,8426.15,938.79,nuageux,14.52,6.04,44,15.33,92,35.6895,139.69171,Open-Meteo Historical Weather API,2025-03-01/2025-05-31,29.58,26.1,53.35,1.05,2208,Open-Meteo Air Quality API,2025-03-01/2025-05-31,3,aucun,0,1,séjour correct mais perfectible.
752,couple,bali,hiver,hôtel,gastronomie,6,7238.34,1180.17,ensoleillé,26.28,11.89,84,14.7,90,-8.65,115.21667,Open-Meteo Historical Weather API,2024-12-01/2025-02-28,12.8,11.67,33.02,1.96,2160,Open-Meteo Air Quality API,2024-12-01/2025-02-28,4,aucun,0,1,très bon séjour.
753,famille,new york,printemps,appartement,plage,6,8268.62,851.24,ensoleillé,12.04,4.75,36,17.46,92,40.71427,-74.00597,Open-Meteo Historical Weather API,2025-03-01/2025-05-31,11.88,11.05,41.24,1.07,2208,Open-Meteo Air Quality API,2025-03-01/2025-05-31,4,aucun,0,1,très bon séjour.
754,couple,paris,automne,appartement,randonnée,4,4889.27,370.49,nuageux,12.33,2.12,33,16.01,91,48.85341,2.3488,Open-Meteo Historical Weather API,2025-09-01/2025-11-30,12.19,8.6,34.88,0.44,2184,Open-Meteo Air Quality API,2025-09-01/2025-11-30,3,aucun,0,1,séjour correct mais perfectible.
755,business,tokyo,été,appartement,culture,13,7570.27,1317.06,variable,27.71,2.91,31,13.49,92,35.6895,139.69171,Open-Meteo Historical Weather API,2025-06-01/2025-08-31,24.0,22.42,51.6,1.83,2208,Open-Meteo Air Quality API,2025-06-01/2025-08-31,3,aucun,0,1,séjour correct mais perfectible.
756,famille,dubaï,automne,hôtel,gastronomie,19,10490.01,750.65,nuageux,29.44,0.0,0,20.09,91,25.07725,55.30927,Open-Meteo Historical Weather API,2025-09-01/2025-11-30,80.53,41.8,60.89,1.56,2184,Open-Meteo Air Quality API,2025-09-01/2025-11-30,3,aucun,0,1,séjour correct mais perfectible.
757,couple,new york,été,appartement,plage,8,7063.0,1020.13,nuageux,24.52,2.28,32,14.21,92,40.71427,-74.00597,Open-Meteo Historical Weather API,2025-06-01/2025-08-31,18.13,17.43,51.89,1.61,2208,Open-Meteo Air Quality API,2025-06-01/2025-08-31,4,aucun,0,1,très bon séjour.
758,senior,bali,printemps,hôtel,randonnée,17,7689.28,1474.77,nuageux,26.99,6.49,65,13.72,92,-8.65,115.21667,Open-Meteo Historical Weather API,2025-03-01/2025-05-31,12.14,10.4,31.68,2.19,2208,Open-Meteo Air Quality API,2025-03-01/2025-05-31,2,aucun,0,1,séjour décevant.
759,famille,lisbonne,printemps,appartement,plage,13,4478.7,408.9,ensoleillé,15.64,3.53,41,19.08,92,38.72509,-9.1498,Open-Meteo Historical Weather API,2025-03-01/2025-05-31,15.2,9.48,34.11,1.3,2208,Open-Meteo Air Quality API,2025-03-01/2025-05-31,3,retard_vol,0,1,séjour correct mais perfectible.
760,couple,dubaï,hiver,resort,culture,7,8265.13,1028.35,ensoleillé,20.21,0.09,2,19.57,90,25.07725,55.30927,Open-Meteo Historical Weather API,2024-12-01/2025-02-28,59.55,32.47,55.0,1.03,2160,Open-Meteo Air Quality API,2024-12-01/2025-02-28,4,aucun,0,1,très bon séjour.
761,business,paris,été,hôtel,business,4,7054.67,416.71,ensoleillé,21.05,2.58,30,14.41,92,48.85341,2.3488,Open-Meteo Historical Weather API,2025-06-01/2025-08-31,10.28,6.83,31.49,1.5,2208,Open-Meteo Air Quality API,2025-06-01/2025-08-31,4,aucun,0,1,très bon séjour.
762,famille,lisbonne,été,hôtel,plage,17,4845.47,525.8,ensoleillé,23.39,0.06,1,17.22,92,38.72509,-9.1498,Open-Meteo Historical Weather API,2025-06-01/2025-08-31,19.54,10.92,32.89,2.16,2208,Open-Meteo Air Quality API,2025-06-01/2025-08-31,2,aucun,0,1,séjour décevant.
763,famille,rome,hiver,appartement,randonnée,3,3029.78,391.19,variable,9.23,2.57,28,13.79,90,41.89193,12.51133,Open-Meteo Historical Weather API,2024-12-01/2025-02-28,20.56,17.01,40.29,0.27,2160,Open-Meteo Air Quality API,2024-12-01/2025-02-28,3,aucun,0,1,séjour correct mais perfectible.
764,famille,sydney,automne,villa,business,11,10283.37,1627.78,ensoleillé,19.17,1.74,22,21.07,91,-33.86785,151.20732,Open-Meteo Historical Weather API,2025-09-01/2025-11-30,10.98,9.17,34.45,1.63,2184,Open-Meteo Air Quality API,2025-09-01/2025-11-30,3,aucun,0,1,séjour correct mais perfectible.
765,senior,bali,printemps,appartement,business,3,3449.21,1004.21,nuageux,26.99,6.49,65,13.72,92,-8.65,115.21667,Open-Meteo Historical Weather API,2025-03-01/2025-05-31,12.14,10.4,31.68,2.19,2208,Open-Meteo Air Quality API,2025-03-01/2025-05-31,3,aucun,0,1,séjour correct mais perfectible.
766,famille,dubaï,hiver,villa,culture,17,11069.34,757.44,variable,20.21,0.09,2,19.57,90,25.07725,55.30927,Open-Meteo Historical Weather API,2024-12-01/2025-02-28,59.55,32.47,55.0,1.03,2160,Open-Meteo Air Quality API,2024-12-01/2025-02-28,3,aucun,0,1,séjour correct mais perfectible.
767,famille,tokyo,printemps,villa,culture,21,11743.69,1000.02,variable,14.52,6.04,44,15.33,92,35.6895,139.69171,Open-Meteo Historical Weather API,2025-03-01/2025-05-31,29.58,26.1,53.35,1.05,2208,Open-Meteo Air Quality API,2025-03-01/2025-05-31,3,aucun,0,1,séjour correct mais perfectible.
768,famille,new york,automne,hôtel,business,9,5664.78,919.16,ensoleillé,13.97,3.07,25,15.38,91,40.71427,-74.00597,Open-Meteo Historical Weather API,2025-09-01/2025-11-30,11.7,11.28,42.27,0.76,2184,Open-Meteo Air Quality API,2025-09-01/2025-11-30,3,aucun,0,1,séjour correct mais perfectible.
769,famille,new york,automne,appartement,randonnée,8,7012.7,814.08,variable,13.97,3.07,25,15.38,91,40.71427,-74.00597,Open-Meteo Historical Weather API,2025-09-01/2025-11-30,11.7,11.28,42.27,0.76,2184,Open-Meteo Air Quality API,2025-09-01/2025-11-30,2,aucun,0,1,séjour décevant.
770,solo,rome,été,hôtel,business,13,3030.87,455.56,ensoleillé,27.22,1.32,16,14.95,92,41.89193,12.51133,Open-Meteo Historical Weather API,2025-06-01/2025-08-31,15.45,9.67,40.74,2.01,2208,Open-Meteo Air Quality API,2025-06-01/2025-08-31,2,aucun,0,1,séjour décevant.
771,famille,new york,automne,resort,business,12,13041.96,808.45,nuageux,13.97,3.07,25,15.38,91,40.71427,-74.00597,Open-Meteo Historical Weather API,2025-09-01/2025-11-30,11.7,11.28,42.27,0.76,2184,Open-Meteo Air Quality API,2025-09-01/2025-11-30,3,aucun,0,1,séjour correct mais perfectible.
772,solo,tokyo,automne,hôtel,randonnée,10,7895.3,1341.36,pluie,18.79,4.52,34,12.27,91,35.6895,139.69171,Open-Meteo Historical Weather API,2025-09-01/2025-11-30,28.46,27.24,54.08,0.85,2184,Open-Meteo Air Quality API,2025-09-01/2025-11-30,3,aucun,0,1,séjour correct mais perfectible.
773,solo,dubaï,automne,villa,plage,9,7812.1,758.88,ensoleillé,29.44,0.0,0,20.09,91,25.07725,55.30927,Open-Meteo Historical Weather API,2025-09-01/2025-11-30,80.53,41.8,60.89,1.56,2184,Open-Meteo Air Quality API,2025-09-01/2025-11-30,4,aucun,0,1,très bon séjour.
774,business,new york,automne,appartement,gastronomie,6,6248.95,652.81,variable,13.97,3.07,25,15.38,91,40.71427,-74.00597,Open-Meteo Historical Weather API,2025-09-01/2025-11-30,11.7,11.28,42.27,0.76,2184,Open-Meteo Air Quality API,2025-09-01/2025-11-30,3,retard_vol,1,1,séjour correct mais perfectible.
775,famille,dubaï,printemps,hôtel,culture,7,8932.62,838.02,nuageux,28.3,0.01,0,22.56,92,25.07725,55.30927,Open-Meteo Historical Weather API,2025-03-01/2025-05-31,70.72,36.99,63.06,2.2,2208,Open-Meteo Air Quality API,2025-03-01/2025-05-31,3,aucun,0,1,séjour correct mais perfectible.
776,senior,dubaï,été,hôtel,business,14,6473.22,693.45,nuageux,35.27,0.0,0,22.79,92,25.07725,55.30927,Open-Meteo Historical Weather API,2025-06-01/2025-08-31,128.17,54.13,71.91,2.19,2208,Open-Meteo Air Quality API,2025-06-01/2025-08-31,2,météo,0,1,séjour décevant.
777,solo,new york,été,resort,plage,16,6137.68,1137.21,pluie,24.52,2.28,32,14.21,92,40.71427,-74.00597,Open-Meteo Historical Weather API,2025-06-01/2025-08-31,18.13,17.43,51.89,1.61,2208,Open-Meteo Air Quality API,2025-06-01/2025-08-31,3,aucun,0,1,séjour correct mais perfectible.
778,famille,bali,été,appartement,randonnée,17,4738.36,1492.12,ensoleillé,25.53,3.21,49,18.92,92,-8.65,115.21667,Open-Meteo Historical Weather API,2025-06-01/2025-08-31,13.38,9.86,30.22,1.86,2208,Open-Meteo Air Quality API,2025-06-01/2025-08-31,2,aucun,0,1,séjour décevant.
779,business,rome,hiver,villa,culture,12,6997.79,499.92,ensoleillé,9.23,2.57,28,13.79,90,41.89193,12.51133,Open-Meteo Historical Weather API,2024-12-01/2025-02-28,20.56,17.01,40.29,0.27,2160,Open-Meteo Air Quality API,2024-12-01/2025-02-28,3,aucun,0,1,séjour correct mais perfectible.
780,senior,lisbonne,été,hôtel,plage,17,3286.23,597.97,ensoleillé,23.39,0.06,1,17.22,92,38.72509,-9.1498,Open-Meteo Historical Weather API,2025-06-01/2025-08-31,19.54,10.92,32.89,2.16,2208,Open-Meteo Air Quality API,2025-06-01/2025-08-31,3,aucun,0,1,séjour correct mais perfectible.
781,couple,dubaï,automne,resort,culture,14,10003.66,595.59,variable,29.44,0.0,0,20.09,91,25.07725,55.30927,Open-Meteo Historical Weather API,2025-09-01/2025-11-30,80.53,41.8,60.89,1.56,2184,Open-Meteo Air Quality API,2025-09-01/2025-11-30,5,aucun,0,1,excellent séjour.
782,senior,rome,printemps,resort,randonnée,9,5680.32,499.47,nuageux,15.22,3.55,32,13.85,92,41.89193,12.51133,Open-Meteo Historical Weather API,2025-03-01/2025-05-31,15.93,11.65,37.47,1.19,2208,Open-Meteo Air Quality API,2025-03-01/2025-05-31,4,aucun,0,1,très bon séjour.
783,couple,bali,automne,hôtel,plage,9,8690.09,1410.73,variable,26.3,6.82,61,14.71,91,-8.65,115.21667,Open-Meteo Historical Weather API,2025-09-01/2025-11-30,14.48,11.69,32.66,2.5,2184,Open-Meteo Air Quality API,2025-09-01/2025-11-30,3,aucun,0,1,séjour correct mais perfectible.
784,solo,tokyo,printemps,resort,randonnée,12,7854.74,928.41,ensoleillé,14.52,6.04,44,15.33,92,35.6895,139.69171,Open-Meteo Historical Weather API,2025-03-01/2025-05-31,29.58,26.1,53.35,1.05,2208,Open-Meteo Air Quality API,2025-03-01/2025-05-31,4,aucun,0,1,très bon séjour.
785,senior,rome,hiver,hôtel,culture,8,4466.31,389.59,nuageux,9.23,2.57,28,13.79,90,41.89193,12.51133,Open-Meteo Historical Weather API,2024-12-01/2025-02-28,20.56,17.01,40.29,0.27,2160,Open-Meteo Air Quality API,2024-12-01/2025-02-28,3,aucun,0,1,séjour correct mais perfectible.
786,couple,dubaï,hiver,hôtel,business,17,6341.88,663.81,variable,20.21,0.09,2,19.57,90,25.07725,55.30927,Open-Meteo Historical Weather API,2024-12-01/2025-02-28,59.55,32.47,55.0,1.03,2160,Open-Meteo Air Quality API,2024-12-01/2025-02-28,3,aucun,0,1,séjour correct mais perfectible.
787,business,tokyo,été,hôtel,plage,6,7331.7,1311.42,nuageux,27.71,2.91,31,13.49,92,35.6895,139.69171,Open-Meteo Historical Weather API,2025-06-01/2025-08-31,24.0,22.42,51.6,1.83,2208,Open-Meteo Air Quality API,2025-06-01/2025-08-31,3,aucun,0,1,séjour correct mais perfectible.
788,couple,paris,été,villa,gastronomie,4,6594.66,308.15,ensoleillé,21.05,2.58,30,14.41,92,48.85341,2.3488,Open-Meteo Historical Weather API,2025-06-01/2025-08-31,10.28,6.83,31.49,1.5,2208,Open-Meteo Air Quality API,2025-06-01/2025-08-31,4,aucun,0,1,très bon séjour.
789,business,rome,printemps,hôtel,randonnée,12,4547.44,494.66,ensoleillé,15.22,3.55,32,13.85,92,41.89193,12.51133,Open-Meteo Historical Weather API,2025-03-01/2025-05-31,15.93,11.65,37.47,1.19,2208,Open-Meteo Air Quality API,2025-03-01/2025-05-31,2,aucun,0,1,séjour décevant.
790,solo,tokyo,été,hôtel,culture,4,2389.08,924.9,variable,27.71,2.91,31,13.49,92,35.6895,139.69171,Open-Meteo Historical Weather API,2025-06-01/2025-08-31,24.0,22.42,51.6,1.83,2208,Open-Meteo Air Quality API,2025-06-01/2025-08-31,2,bagages,0,0,séjour décevant.
791,famille,sydney,printemps,appartement,culture,6,6016.74,1602.64,pluie,19.13,4.44,49,17.74,92,-33.86785,151.20732,Open-Meteo Historical Weather API,2025-03-01/2025-05-31,11.25,9.25,31.84,1.01,2208,Open-Meteo Air Quality API,2025-03-01/2025-05-31,3,annulation,1,1,séjour correct mais perfectible.
792,couple,dubaï,printemps,villa,business,10,13335.51,764.73,nuageux,28.3,0.01,0,22.56,92,25.07725,55.30927,Open-Meteo Historical Weather API,2025-03-01/2025-05-31,70.72,36.99,63.06,2.2,2208,Open-Meteo Air Quality API,2025-03-01/2025-05-31,3,aucun,0,1,séjour correct mais perfectible.
793,couple,sydney,automne,resort,randonnée,3,11081.19,1747.67,nuageux,19.17,1.74,22,21.07,91,-33.86785,151.20732,Open-Meteo Historical Weather API,2025-09-01/2025-11-30,10.98,9.17,34.45,1.63,2184,Open-Meteo Air Quality API,2025-09-01/2025-11-30,3,aucun,0,1,séjour correct mais perfectible.
794,famille,paris,été,hôtel,randonnée,7,5484.65,462.72,ensoleillé,21.05,2.58,30,14.41,92,48.85341,2.3488,Open-Meteo Historical Weather API,2025-06-01/2025-08-31,10.28,6.83,31.49,1.5,2208,Open-Meteo Air Quality API,2025-06-01/2025-08-31,4,aucun,0,1,très bon séjour.
795,famille,tokyo,été,appartement,randonnée,13,7795.08,1171.03,ensoleillé,27.71,2.91,31,13.49,92,35.6895,139.69171,Open-Meteo Historical Weather API,2025-06-01/2025-08-31,24.0,22.42,51.6,1.83,2208,Open-Meteo Air Quality API,2025-06-01/2025-08-31,3,aucun,0,1,séjour correct mais perfectible.
796,couple,paris,été,hôtel,culture,10,2965.31,353.63,ensoleillé,21.05,2.58,30,14.41,92,48.85341,2.3488,Open-Meteo Historical Weather API,2025-06-01/2025-08-31,10.28,6.83,31.49,1.5,2208,Open-Meteo Air Quality API,2025-06-01/2025-08-31,3,météo,1,1,séjour correct mais perfectible.
797,famille,paris,automne,appartement,gastronomie,20,5207.92,365.05,ensoleillé,12.33,2.12,33,16.01,91,48.85341,2.3488,Open-Meteo Historical Weather API,2025-09-01/2025-11-30,12.19,8.6,34.88,0.44,2184,Open-Meteo Air Quality API,2025-09-01/2025-11-30,2,aucun,0,1,séjour décevant.
798,famille,tokyo,printemps,hôtel,plage,4,11196.36,1044.28,variable,14.52,6.04,44,15.33,92,35.6895,139.69171,Open-Meteo Historical Weather API,2025-03-01/2025-05-31,29.58,26.1,53.35,1.05,2208,Open-Meteo Air Quality API,2025-03-01/2025-05-31,3,météo,1,1,séjour correct mais perfectible.
799,business,bali,printemps,hôtel,business,16,7543.5,1395.53,ensoleillé,26.99,6.49,65,13.72,92,-8.65,115.21667,Open-Meteo Historical Weather API,2025-03-01/2025-05-31,12.14,10.4,31.68,2.19,2208,Open-Meteo Air Quality API,2025-03-01/2025-05-31,4,aucun,0,1,très bon séjour.
800,business,tokyo,hiver,hôtel,plage,14,5796.54,874.49,variable,6.08,0.56,8,14.28,90,35.6895,139.69171,Open-Meteo Historical Weather API,2024-12-01/2025-02-28,31.02,30.0,55.43,0.51,2160,Open-Meteo Air Quality API,2024-12-01/2025-02-28,3,aucun,0,1,séjour correct mais perfectible.
801,business,sydney,été,appartement,business,15,7639.58,2092.01,ensoleillé,12.22,4.06,27,18.74,92,-33.86785,151.20732,Open-Meteo Historical Weather API,2025-06-01/2025-08-31,10.19,9.26,31.56,0.49,2208,Open-Meteo Air Quality API,2025-06-01/2025-08-31,3,aucun,0,1,séjour correct mais perfectible.
802,couple,paris,été,hôtel,plage,15,6663.48,507.77,ensoleillé,21.05,2.58,30,14.41,92,48.85341,2.3488,Open-Meteo Historical Weather API,2025-06-01/2025-08-31,10.28,6.83,31.49,1.5,2208,Open-Meteo Air Quality API,2025-06-01/2025-08-31,3,aucun,0,1,séjour correct mais perfectible.
803,senior,new york,été,hôtel,gastronomie,3,7229.19,966.26,ensoleillé,24.52,2.28,32,14.21,92,40.71427,-74.00597,Open-Meteo Historical Weather API,2025-06-01/2025-08-31,18.13,17.43,51.89,1.61,2208,Open-Meteo Air Quality API,2025-06-01/2025-08-31,4,aucun,0,1,très bon séjour.
804,solo,sydney,printemps,resort,randonnée,18,5077.23,1720.69,ensoleillé,19.13,4.44,49,17.74,92,-33.86785,151.20732,Open-Meteo Historical Weather API,2025-03-01/2025-05-31,11.25,9.25,31.84,1.01,2208,Open-Meteo Air Quality API,2025-03-01/2025-05-31,3,aucun,0,1,séjour correct mais perfectible.
805,famille,bali,hiver,appartement,culture,9,8891.97,987.89,pluie,26.28,11.89,84,14.7,90,-8.65,115.21667,Open-Meteo Historical Weather API,2024-12-01/2025-02-28,12.8,11.67,33.02,1.96,2160,Open-Meteo Air Quality API,2024-12-01/2025-02-28,3,aucun,0,1,séjour correct mais perfectible.
806,famille,new york,été,hôtel,gastronomie,15,5996.06,1040.12,variable,24.52,2.28,32,14.21,92,40.71427,-74.00597,Open-Meteo Historical Weather API,2025-06-01/2025-08-31,18.13,17.43,51.89,1.61,2208,Open-Meteo Air Quality API,2025-06-01/2025-08-31,3,aucun,0,1,séjour correct mais perfectible.
807,business,bali,automne,appartement,randonnée,8,6015.37,885.77,pluie,26.3,6.82,61,14.71,91,-8.65,115.21667,Open-Meteo Historical Weather API,2025-09-01/2025-11-30,14.48,11.69,32.66,2.5,2184,Open-Meteo Air Quality API,2025-09-01/2025-11-30,3,aucun,0,1,séjour correct mais perfectible.
808,famille,dubaï,printemps,appartement,gastronomie,10,4948.93,932.67,pluie,28.3,0.01,0,22.56,92,25.07725,55.30927,Open-Meteo Historical Weather API,2025-03-01/2025-05-31,70.72,36.99,63.06,2.2,2208,Open-Meteo Air Quality API,2025-03-01/2025-05-31,3,aucun,0,1,séjour correct mais perfectible.
809,solo,paris,hiver,hôtel,business,16,2890.67,246.21,variable,4.95,2.61,35,15.72,90,48.85341,2.3488,Open-Meteo Historical Weather API,2024-12-01/2025-02-28,20.98,17.57,45.01,0.13,2160,Open-Meteo Air Quality API,2024-12-01/2025-02-28,2,retard_vol,0,1,séjour décevant.
810,senior,dubaï,printemps,villa,randonnée,20,8435.23,518.5,pluie,28.3,0.01,0,22.56,92,25.07725,55.30927,Open-Meteo Historical Weather API,2025-03-01/2025-05-31,70.72,36.99,63.06,2.2,2208,Open-Meteo Air Quality API,2025-03-01/2025-05-31,2,aucun,0,1,séjour décevant.
811,famille,sydney,printemps,appartement,randonnée,19,8814.8,1151.48,nuageux,19.13,4.44,49,17.74,92,-33.86785,151.20732,Open-Meteo Historical Weather API,2025-03-01/2025-05-31,11.25,9.25,31.84,1.01,2208,Open-Meteo Air Quality API,2025-03-01/2025-05-31,3,aucun,0,1,séjour correct mais perfectible.
812,famille,sydney,printemps,hôtel,plage,16,12107.34,1609.42,nuageux,19.13,4.44,49,17.74,92,-33.86785,151.20732,Open-Meteo Historical Weather API,2025-03-01/2025-05-31,11.25,9.25,31.84,1.01,2208,Open-Meteo Air Quality API,2025-03-01/2025-05-31,4,aucun,0,1,très bon séjour.
813,senior,bali,printemps,hôtel,culture,13,5389.6,1347.65,ensoleillé,26.99,6.49,65,13.72,92,-8.65,115.21667,Open-Meteo Historical Weather API,2025-03-01/2025-05-31,12.14,10.4,31.68,2.19,2208,Open-Meteo Air Quality API,2025-03-01/2025-05-31,3,aucun,0,1,séjour correct mais perfectible.
814,solo,new york,été,hôtel,culture,13,4031.95,1025.04,ensoleillé,24.52,2.28,32,14.21,92,40.71427,-74.00597,Open-Meteo Historical Weather API,2025-06-01/2025-08-31,18.13,17.43,51.89,1.61,2208,Open-Meteo Air Quality API,2025-06-01/2025-08-31,4,aucun,0,1,très bon séjour.
815,famille,lisbonne,printemps,hôtel,culture,21,4575.94,449.69,nuageux,15.64,3.53,41,19.08,92,38.72509,-9.1498,Open-Meteo Historical Weather API,2025-03-01/2025-05-31,15.2,9.48,34.11,1.3,2208,Open-Meteo Air Quality API,2025-03-01/2025-05-31,3,aucun,0,1,séjour correct mais perfectible.
816,senior,lisbonne,printemps,resort,plage,6,4752.74,372.11,pluie,15.64,3.53,41,19.08,92,38.72509,-9.1498,Open-Meteo Historical Weather API,2025-03-01/2025-05-31,15.2,9.48,34.11,1.3,2208,Open-Meteo Air Quality API,2025-03-01/2025-05-31,3,aucun,0,1,séjour correct mais perfectible.
817,senior,dubaï,hiver,villa,culture,21,9862.35,753.23,nuageux,20.21,0.09,2,19.57,90,25.07725,55.30927,Open-Meteo Historical Weather API,2024-12-01/2025-02-28,59.55,32.47,55.0,1.03,2160,Open-Meteo Air Quality API,2024-12-01/2025-02-28,4,aucun,0,1,très bon séjour.
818,solo,new york,automne,appartement,business,15,4508.75,1102.71,variable,13.97,3.07,25,15.38,91,40.71427,-74.00597,Open-Meteo Historical Weather API,2025-09-01/2025-11-30,11.7,11.28,42.27,0.76,2184,Open-Meteo Air Quality API,2025-09-01/2025-11-30,1,annulation,1,1,très mauvaise expérience.
819,solo,tokyo,printemps,hôtel,business,14,5336.49,1003.39,ensoleillé,14.52,6.04,44,15.33,92,35.6895,139.69171,Open-Meteo Historical Weather API,2025-03-01/2025-05-31,29.58,26.1,53.35,1.05,2208,Open-Meteo Air Quality API,2025-03-01/2025-05-31,3,aucun,0,1,séjour correct mais perfectible.
820,couple,paris,printemps,resort,business,14,6640.36,301.72,pluie,12.44,1.18,26,14.07,92,48.85341,2.3488,Open-Meteo Historical Weather API,2025-03-01/2025-05-31,15.06,12.04,38.85,0.97,2208,Open-Meteo Air Quality API,2025-03-01/2025-05-31,2,aucun,0,1,séjour décevant.
821,famille,sydney,hiver,hôtel,randonnée,18,9053.15,1410.07,variable,22.44,3.42,39,20.67,90,-33.86785,151.20732,Open-Meteo Historical Weather API,2024-12-01/2025-02-28,12.57,9.86,34.15,2.24,2160,Open-Meteo Air Quality API,2024-12-01/2025-02-28,3,bagages,1,1,séjour correct mais perfectible.
822,solo,tokyo,été,resort,culture,15,8450.5,1404.1,ensoleillé,27.71,2.91,31,13.49,92,35.6895,139.69171,Open-Meteo Historical Weather API,2025-06-01/2025-08-31,24.0,22.42,51.6,1.83,2208,Open-Meteo Air Quality API,2025-06-01/2025-08-31,4,aucun,0,1,très bon séjour.
823,couple,dubaï,automne,hôtel,gastronomie,4,10133.78,713.92,variable,29.44,0.0,0,20.09,91,25.07725,55.30927,Open-Meteo Historical Weather API,2025-09-01/2025-11-30,80.53,41.8,60.89,1.56,2184,Open-Meteo Air Quality API,2025-09-01/2025-11-30,3,bagages,1,1,séjour correct mais perfectible.
824,solo,rome,hiver,villa,gastronomie,17,4666.63,531.27,variable,9.23,2.57,28,13.79,90,41.89193,12.51133,Open-Meteo Historical Weather API,2024-12-01/2025-02-28,20.56,17.01,40.29,0.27,2160,Open-Meteo Air Quality API,2024-12-01/2025-02-28,2,aucun,0,1,séjour décevant.
825,business,new york,hiver,appartement,randonnée,16,7369.33,819.21,pluie,-0.0,2.34,32,16.49,90,40.71427,-74.00597,Open-Meteo Historical Weather API,2024-12-01/2025-02-28,14.23,13.56,43.36,0.34,2160,Open-Meteo Air Quality API,2024-12-01/2025-02-28,1,annulation,1,1,très mauvaise expérience.
826,famille,new york,hiver,hôtel,culture,20,8746.08,869.51,variable,-0.0,2.34,32,16.49,90,40.71427,-74.00597,Open-Meteo Historical Weather API,2024-12-01/2025-02-28,14.23,13.56,43.36,0.34,2160,Open-Meteo Air Quality API,2024-12-01/2025-02-28,3,aucun,0,1,séjour correct mais perfectible.
827,solo,new york,été,appartement,business,20,3635.6,1070.63,nuageux,24.52,2.28,32,14.21,92,40.71427,-74.00597,Open-Meteo Historical Weather API,2025-06-01/2025-08-31,18.13,17.43,51.89,1.61,2208,Open-Meteo Air Quality API,2025-06-01/2025-08-31,2,aucun,0,1,séjour décevant.
828,famille,paris,automne,resort,culture,21,8733.01,368.1,nuageux,12.33,2.12,33,16.01,91,48.85341,2.3488,Open-Meteo Historical Weather API,2025-09-01/2025-11-30,12.19,8.6,34.88,0.44,2184,Open-Meteo Air Quality API,2025-09-01/2025-11-30,3,aucun,0,1,séjour correct mais perfectible.
829,senior,bali,printemps,appartement,business,3,5298.57,1483.95,nuageux,26.99,6.49,65,13.72,92,-8.65,115.21667,Open-Meteo Historical Weather API,2025-03-01/2025-05-31,12.14,10.4,31.68,2.19,2208,Open-Meteo Air Quality API,2025-03-01/2025-05-31,3,aucun,0,1,séjour correct mais perfectible.
830,couple,lisbonne,printemps,resort,business,14,4083.73,405.28,ensoleillé,15.64,3.53,41,19.08,92,38.72509,-9.1498,Open-Meteo Historical Weather API,2025-03-01/2025-05-31,15.2,9.48,34.11,1.3,2208,Open-Meteo Air Quality API,2025-03-01/2025-05-31,2,météo,1,1,séjour décevant.
831,solo,new york,été,hôtel,plage,20,6212.79,948.13,ensoleillé,24.52,2.28,32,14.21,92,40.71427,-74.00597,Open-Meteo Historical Weather API,2025-06-01/2025-08-31,18.13,17.43,51.89,1.61,2208,Open-Meteo Air Quality API,2025-06-01/2025-08-31,3,aucun,0,1,séjour correct mais perfectible.
832,solo,rome,été,resort,business,21,3886.17,581.46,ensoleillé,27.22,1.32,16,14.95,92,41.89193,12.51133,Open-Meteo Historical Weather API,2025-06-01/2025-08-31,15.45,9.67,40.74,2.01,2208,Open-Meteo Air Quality API,2025-06-01/2025-08-31,2,bagages,0,1,séjour décevant.
833,couple,bali,printemps,hôtel,business,13,4876.84,1358.83,ensoleillé,26.99,6.49,65,13.72,92,-8.65,115.21667,Open-Meteo Historical Weather API,2025-03-01/2025-05-31,12.14,10.4,31.68,2.19,2208,Open-Meteo Air Quality API,2025-03-01/2025-05-31,3,aucun,0,1,séjour correct mais perfectible.
834,solo,new york,hiver,resort,gastronomie,20,6981.25,968.46,variable,-0.0,2.34,32,16.49,90,40.71427,-74.00597,Open-Meteo Historical Weather API,2024-12-01/2025-02-28,14.23,13.56,43.36,0.34,2160,Open-Meteo Air Quality API,2024-12-01/2025-02-28,2,aucun,0,1,séjour décevant.
835,business,paris,printemps,hôtel,culture,19,6838.9,395.28,variable,12.44,1.18,26,14.07,92,48.85341,2.3488,Open-Meteo Historical Weather API,2025-03-01/2025-05-31,15.06,12.04,38.85,0.97,2208,Open-Meteo Air Quality API,2025-03-01/2025-05-31,3,aucun,0,1,séjour correct mais perfectible.
836,solo,sydney,été,appartement,culture,3,5864.2,1120.36,variable,12.22,4.06,27,18.74,92,-33.86785,151.20732,Open-Meteo Historical Weather API,2025-06-01/2025-08-31,10.19,9.26,31.56,0.49,2208,Open-Meteo Air Quality API,2025-06-01/2025-08-31,3,aucun,0,1,séjour correct mais perfectible.
837,business,tokyo,été,appartement,culture,19,9215.11,683.12,ensoleillé,27.71,2.91,31,13.49,92,35.6895,139.69171,Open-Meteo Historical Weather API,2025-06-01/2025-08-31,24.0,22.42,51.6,1.83,2208,Open-Meteo Air Quality API,2025-06-01/2025-08-31,3,aucun,0,1,séjour correct mais perfectible.
838,senior,paris,été,hôtel,business,15,4821.29,507.8,ensoleillé,21.05,2.58,30,14.41,92,48.85341,2.3488,Open-Meteo Historical Weather API,2025-06-01/2025-08-31,10.28,6.83,31.49,1.5,2208,Open-Meteo Air Quality API,2025-06-01/2025-08-31,3,aucun,0,1,séjour correct mais perfectible.
839,couple,paris,automne,hôtel,plage,13,4659.93,377.65,nuageux,12.33,2.12,33,16.01,91,48.85341,2.3488,Open-Meteo Historical Weather API,2025-09-01/2025-11-30,12.19,8.6,34.88,0.44,2184,Open-Meteo Air Quality API,2025-09-01/2025-11-30,4,aucun,0,1,très bon séjour.
840,solo,sydney,printemps,appartement,plage,6,4843.14,1294.95,ensoleillé,19.13,4.44,49,17.74,92,-33.86785,151.20732,Open-Meteo Historical Weather API,2025-03-01/2025-05-31,11.25,9.25,31.84,1.01,2208,Open-Meteo Air Quality API,2025-03-01/2025-05-31,4,aucun,0,1,très bon séjour.
841,famille,lisbonne,printemps,hôtel,randonnée,20,4470.9,427.49,nuageux,15.64,3.53,41,19.08,92,38.72509,-9.1498,Open-Meteo Historical Weather API,2025-03-01/2025-05-31,15.2,9.48,34.11,1.3,2208,Open-Meteo Air Quality API,2025-03-01/2025-05-31,2,bagages,1,1,séjour décevant.
842,business,sydney,hiver,resort,gastronomie,8,14176.08,1750.99,nuageux,22.44,3.42,39,20.67,90,-33.86785,151.20732,Open-Meteo Historical Weather API,2024-12-01/2025-02-28,12.57,9.86,34.15,2.24,2160,Open-Meteo Air Quality API,2024-12-01/2025-02-28,3,aucun,0,1,séjour correct mais perfectible.
843,solo,bali,automne,appartement,business,10,3903.21,1442.6,variable,26.3,6.82,61,14.71,91,-8.65,115.21667,Open-Meteo Historical Weather API,2025-09-01/2025-11-30,14.48,11.69,32.66,2.5,2184,Open-Meteo Air Quality API,2025-09-01/2025-11-30,2,aucun,0,0,séjour décevant.
844,couple,lisbonne,été,hôtel,culture,8,3528.12,526.06,ensoleillé,23.39,0.06,1,17.22,92,38.72509,-9.1498,Open-Meteo Historical Weather API,2025-06-01/2025-08-31,19.54,10.92,32.89,2.16,2208,Open-Meteo Air Quality API,2025-06-01/2025-08-31,4,aucun,0,1,très bon séjour.
845,famille,lisbonne,printemps,appartement,plage,21,4139.28,319.35,pluie,15.64,3.53,41,19.08,92,38.72509,-9.1498,Open-Meteo Historical Weather API,2025-03-01/2025-05-31,15.2,9.48,34.11,1.3,2208,Open-Meteo Air Quality API,2025-03-01/2025-05-31,2,annulation,1,1,séjour décevant.
846,senior,tokyo,hiver,resort,culture,12,7686.17,906.97,variable,6.08,0.56,8,14.28,90,35.6895,139.69171,Open-Meteo Historical Weather API,2024-12-01/2025-02-28,31.02,30.0,55.43,0.51,2160,Open-Meteo Air Quality API,2024-12-01/2025-02-28,3,aucun,0,1,séjour correct mais perfectible.
847,couple,paris,été,resort,gastronomie,5,10045.55,235.59,nuageux,21.05,2.58,30,14.41,92,48.85341,2.3488,Open-Meteo Historical Weather API,2025-06-01/2025-08-31,10.28,6.83,31.49,1.5,2208,Open-Meteo Air Quality API,2025-06-01/2025-08-31,5,aucun,0,1,excellent séjour.
848,business,bali,été,hôtel,randonnée,3,9051.03,1511.74,ensoleillé,25.53,3.21,49,18.92,92,-8.65,115.21667,Open-Meteo Historical Weather API,2025-06-01/2025-08-31,13.38,9.86,30.22,1.86,2208,Open-Meteo Air Quality API,2025-06-01/2025-08-31,3,aucun,0,1,séjour correct mais perfectible.
849,famille,lisbonne,été,hôtel,culture,21,3113.09,537.88,ensoleillé,23.39,0.06,1,17.22,92,38.72509,-9.1498,Open-Meteo Historical Weather API,2025-06-01/2025-08-31,19.54,10.92,32.89,2.16,2208,Open-Meteo Air Quality API,2025-06-01/2025-08-31,3,aucun,0,1,séjour correct mais perfectible.
850,senior,rome,hiver,hôtel,randonnée,7,4251.47,546.4,variable,9.23,2.57,28,13.79,90,41.89193,12.51133,Open-Meteo Historical Weather API,2024-12-01/2025-02-28,20.56,17.01,40.29,0.27,2160,Open-Meteo Air Quality API,2024-12-01/2025-02-28,3,aucun,0,1,séjour correct mais perfectible.
851,famille,lisbonne,automne,villa,culture,17,7023.45,426.2,ensoleillé,18.72,2.83,21,17.54,91,38.72509,-9.1498,Open-Meteo Historical Weather API,2025-09-01/2025-11-30,15.83,9.72,31.17,0.9,2184,Open-Meteo Air Quality API,2025-09-01/2025-11-30,5,aucun,0,1,excellent séjour.
852,famille,new york,été,appartement,plage,3,6267.74,975.18,ensoleillé,24.52,2.28,32,14.21,92,40.71427,-74.00597,Open-Meteo Historical Weather API,2025-06-01/2025-08-31,18.13,17.43,51.89,1.61,2208,Open-Meteo Air Quality API,2025-06-01/2025-08-31,4,aucun,0,1,très bon séjour.
853,senior,tokyo,été,appartement,randonnée,20,3972.99,1113.15,variable,27.71,2.91,31,13.49,92,35.6895,139.69171,Open-Meteo Historical Weather API,2025-06-01/2025-08-31,24.0,22.42,51.6,1.83,2208,Open-Meteo Air Quality API,2025-06-01/2025-08-31,2,aucun,0,1,séjour décevant.
854,senior,paris,été,hôtel,gastronomie,15,3810.75,351.64,nuageux,21.05,2.58,30,14.41,92,48.85341,2.3488,Open-Meteo Historical Weather API,2025-06-01/2025-08-31,10.28,6.83,31.49,1.5,2208,Open-Meteo Air Quality API,2025-06-01/2025-08-31,3,aucun,0,1,séjour correct mais perfectible.
855,famille,sydney,automne,resort,culture,7,13193.28,1261.76,pluie,19.17,1.74,22,21.07,91,-33.86785,151.20732,Open-Meteo Historical Weather API,2025-09-01/2025-11-30,10.98,9.17,34.45,1.63,2184,Open-Meteo Air Quality API,2025-09-01/2025-11-30,4,aucun,0,1,très bon séjour.
856,couple,dubaï,automne,appartement,business,19,3423.58,576.79,ensoleillé,29.44,0.0,0,20.09,91,25.07725,55.30927,Open-Meteo Historical Weather API,2025-09-01/2025-11-30,80.53,41.8,60.89,1.56,2184,Open-Meteo Air Quality API,2025-09-01/2025-11-30,2,aucun,0,1,séjour décevant.
857,business,tokyo,été,appartement,randonnée,8,5306.11,1630.61,ensoleillé,27.71,2.91,31,13.49,92,35.6895,139.69171,Open-Meteo Historical Weather API,2025-06-01/2025-08-31,24.0,22.42,51.6,1.83,2208,Open-Meteo Air Quality API,2025-06-01/2025-08-31,2,aucun,0,1,séjour décevant.
858,senior,dubaï,printemps,hôtel,business,21,7222.95,535.9,variable,28.3,0.01,0,22.56,92,25.07725,55.30927,Open-Meteo Historical Weather API,2025-03-01/2025-05-31,70.72,36.99,63.06,2.2,2208,Open-Meteo Air Quality API,2025-03-01/2025-05-31,3,aucun,0,1,séjour correct mais perfectible.
859,couple,bali,printemps,appartement,business,14,4835.08,1109.21,ensoleillé,26.99,6.49,65,13.72,92,-8.65,115.21667,Open-Meteo Historical Weather API,2025-03-01/2025-05-31,12.14,10.4,31.68,2.19,2208,Open-Meteo Air Quality API,2025-03-01/2025-05-31,2,aucun,0,1,séjour décevant.
860,solo,sydney,automne,hôtel,randonnée,11,5000.26,846.92,ensoleillé,19.17,1.74,22,21.07,91,-33.86785,151.20732,Open-Meteo Historical Weather API,2025-09-01/2025-11-30,10.98,9.17,34.45,1.63,2184,Open-Meteo Air Quality API,2025-09-01/2025-11-30,4,aucun,0,1,très bon séjour.
861,business,tokyo,été,hôtel,plage,4,8466.01,1305.14,ensoleillé,27.71,2.91,31,13.49,92,35.6895,139.69171,Open-Meteo Historical Weather API,2025-06-01/2025-08-31,24.0,22.42,51.6,1.83,2208,Open-Meteo Air Quality API,2025-06-01/2025-08-31,3,aucun,0,1,séjour correct mais perfectible.
862,business,new york,hiver,villa,randonnée,7,8827.29,849.64,pluie,-0.0,2.34,32,16.49,90,40.71427,-74.00597,Open-Meteo Historical Weather API,2024-12-01/2025-02-28,14.23,13.56,43.36,0.34,2160,Open-Meteo Air Quality API,2024-12-01/2025-02-28,3,aucun,0,1,séjour correct mais perfectible.
863,business,rome,hiver,resort,culture,4,7434.83,421.1,nuageux,9.23,2.57,28,13.79,90,41.89193,12.51133,Open-Meteo Historical Weather API,2024-12-01/2025-02-28,20.56,17.01,40.29,0.27,2160,Open-Meteo Air Quality API,2024-12-01/2025-02-28,3,aucun,0,1,séjour correct mais perfectible.
864,solo,new york,automne,hôtel,culture,19,4264.15,707.28,variable,13.97,3.07,25,15.38,91,40.71427,-74.00597,Open-Meteo Historical Weather API,2025-09-01/2025-11-30,11.7,11.28,42.27,0.76,2184,Open-Meteo Air Quality API,2025-09-01/2025-11-30,2,aucun,0,1,séjour décevant.
865,famille,dubaï,automne,resort,culture,4,8622.86,700.31,ensoleillé,29.44,0.0,0,20.09,91,25.07725,55.30927,Open-Meteo Historical Weather API,2025-09-01/2025-11-30,80.53,41.8,60.89,1.56,2184,Open-Meteo Air Quality API,2025-09-01/2025-11-30,4,aucun,0,1,très bon séjour.
866,senior,dubaï,automne,villa,culture,5,10081.63,631.4,ensoleillé,29.44,0.0,0,20.09,91,25.07725,55.30927,Open-Meteo Historical Weather API,2025-09-01/2025-11-30,80.53,41.8,60.89,1.56,2184,Open-Meteo Air Quality API,2025-09-01/2025-11-30,4,aucun,0,1,très bon séjour.
867,senior,bali,printemps,hôtel,plage,5,5557.46,1121.67,variable,26.99,6.49,65,13.72,92,-8.65,115.21667,Open-Meteo Historical Weather API,2025-03-01/2025-05-31,12.14,10.4,31.68,2.19,2208,Open-Meteo Air Quality API,2025-03-01/2025-05-31,3,aucun,0,1,séjour correct mais perfectible.
868,business,rome,été,appartement,gastronomie,21,3724.23,718.09,variable,27.22,1.32,16,14.95,92,41.89193,12.51133,Open-Meteo Historical Weather API,2025-06-01/2025-08-31,15.45,9.67,40.74,2.01,2208,Open-Meteo Air Quality API,2025-06-01/2025-08-31,2,bagages,0,1,séjour décevant.
869,famille,tokyo,automne,hôtel,business,21,4914.71,1082.54,pluie,18.79,4.52,34,12.27,91,35.6895,139.69171,Open-Meteo Historical Weather API,2025-09-01/2025-11-30,28.46,27.24,54.08,0.85,2184,Open-Meteo Air Quality API,2025-09-01/2025-11-30,1,météo,1,1,très mauvaise expérience.
870,famille,paris,printemps,hôtel,randonnée,16,6463.39,383.57,variable,12.44,1.18,26,14.07,92,48.85341,2.3488,Open-Meteo Historical Weather API,2025-03-01/2025-05-31,15.06,12.04,38.85,0.97,2208,Open-Meteo Air Quality API,2025-03-01/2025-05-31,3,aucun,0,1,séjour correct mais perfectible.
871,business,rome,hiver,resort,business,4,6835.51,412.38,ensoleillé,9.23,2.57,28,13.79,90,41.89193,12.51133,Open-Meteo Historical Weather API,2024-12-01/2025-02-28,20.56,17.01,40.29,0.27,2160,Open-Meteo Air Quality API,2024-12-01/2025-02-28,4,aucun,0,1,très bon séjour.
872,famille,new york,automne,resort,plage,12,9171.91,729.98,nuageux,13.97,3.07,25,15.38,91,40.71427,-74.00597,Open-Meteo Historical Weather API,2025-09-01/2025-11-30,11.7,11.28,42.27,0.76,2184,Open-Meteo Air Quality API,2025-09-01/2025-11-30,4,annulation,0,1,très bon séjour.
873,senior,dubaï,hiver,hôtel,business,21,4985.65,697.11,nuageux,20.21,0.09,2,19.57,90,25.07725,55.30927,Open-Meteo Historical Weather API,2024-12-01/2025-02-28,59.55,32.47,55.0,1.03,2160,Open-Meteo Air Quality API,2024-12-01/2025-02-28,2,aucun,0,1,séjour décevant.
874,couple,lisbonne,été,hôtel,culture,4,3610.11,650.5,ensoleillé,23.39,0.06,1,17.22,92,38.72509,-9.1498,Open-Meteo Historical Weather API,2025-06-01/2025-08-31,19.54,10.92,32.89,2.16,2208,Open-Meteo Air Quality API,2025-06-01/2025-08-31,4,aucun,0,1,très bon séjour.
875,business,bali,été,resort,culture,18,10711.51,1286.79,nuageux,25.53,3.21,49,18.92,92,-8.65,115.21667,Open-Meteo Historical Weather API,2025-06-01/2025-08-31,13.38,9.86,30.22,1.86,2208,Open-Meteo Air Quality API,2025-06-01/2025-08-31,4,aucun,0,1,très bon séjour.
876,senior,lisbonne,été,resort,culture,3,4366.94,477.57,pluie,23.39,0.06,1,17.22,92,38.72509,-9.1498,Open-Meteo Historical Weather API,2025-06-01/2025-08-31,19.54,10.92,32.89,2.16,2208,Open-Meteo Air Quality API,2025-06-01/2025-08-31,4,aucun,0,1,très bon séjour.
877,couple,bali,printemps,appartement,business,18,6916.14,978.52,ensoleillé,26.99,6.49,65,13.72,92,-8.65,115.21667,Open-Meteo Historical Weather API,2025-03-01/2025-05-31,12.14,10.4,31.68,2.19,2208,Open-Meteo Air Quality API,2025-03-01/2025-05-31,3,aucun,0,1,séjour correct mais perfectible.
878,couple,paris,été,appartement,randonnée,13,4925.13,208.17,ensoleillé,21.05,2.58,30,14.41,92,48.85341,2.3488,Open-Meteo Historical Weather API,2025-06-01/2025-08-31,10.28,6.83,31.49,1.5,2208,Open-Meteo Air Quality API,2025-06-01/2025-08-31,3,annulation,1,1,séjour correct mais perfectible.
879,solo,new york,hiver,hôtel,plage,19,5061.65,729.16,variable,-0.0,2.34,32,16.49,90,40.71427,-74.00597,Open-Meteo Historical Weather API,2024-12-01/2025-02-28,14.23,13.56,43.36,0.34,2160,Open-Meteo Air Quality API,2024-12-01/2025-02-28,2,météo,1,1,séjour décevant.
880,solo,new york,automne,resort,business,10,7532.49,1214.25,nuageux,13.97,3.07,25,15.38,91,40.71427,-74.00597,Open-Meteo Historical Weather API,2025-09-01/2025-11-30,11.7,11.28,42.27,0.76,2184,Open-Meteo Air Quality API,2025-09-01/2025-11-30,4,aucun,0,1,très bon séjour.
881,couple,lisbonne,hiver,resort,plage,17,4548.18,420.72,nuageux,12.63,2.92,26,17.53,90,38.72509,-9.1498,Open-Meteo Historical Weather API,2024-12-01/2025-02-28,19.66,13.91,36.49,0.38,2160,Open-Meteo Air Quality API,2024-12-01/2025-02-28,3,aucun,0,1,séjour correct mais perfectible.
882,solo,lisbonne,été,resort,culture,19,3272.21,580.84,ensoleillé,23.39,0.06,1,17.22,92,38.72509,-9.1498,Open-Meteo Historical Weather API,2025-06-01/2025-08-31,19.54,10.92,32.89,2.16,2208,Open-Meteo Air Quality API,2025-06-01/2025-08-31,4,aucun,0,1,très bon séjour.
883,senior,sydney,été,hôtel,randonnée,9,10011.71,1437.99,ensoleillé,12.22,4.06,27,18.74,92,-33.86785,151.20732,Open-Meteo Historical Weather API,2025-06-01/2025-08-31,10.19,9.26,31.56,0.49,2208,Open-Meteo Air Quality API,2025-06-01/2025-08-31,3,aucun,0,1,séjour correct mais perfectible.
884,couple,rome,hiver,hôtel,business,15,3450.44,259.1,nuageux,9.23,2.57,28,13.79,90,41.89193,12.51133,Open-Meteo Historical Weather API,2024-12-01/2025-02-28,20.56,17.01,40.29,0.27,2160,Open-Meteo Air Quality API,2024-12-01/2025-02-28,2,aucun,0,1,séjour décevant.
885,famille,paris,printemps,hôtel,business,11,6010.67,280.15,nuageux,12.44,1.18,26,14.07,92,48.85341,2.3488,Open-Meteo Historical Weather API,2025-03-01/2025-05-31,15.06,12.04,38.85,0.97,2208,Open-Meteo Air Quality API,2025-03-01/2025-05-31,4,aucun,0,1,très bon séjour.
886,couple,paris,été,hôtel,gastronomie,11,6561.03,442.51,ensoleillé,21.05,2.58,30,14.41,92,48.85341,2.3488,Open-Meteo Historical Weather API,2025-06-01/2025-08-31,10.28,6.83,31.49,1.5,2208,Open-Meteo Air Quality API,2025-06-01/2025-08-31,4,aucun,0,1,très bon séjour.
887,couple,dubaï,hiver,villa,gastronomie,18,10530.26,729.94,nuageux,20.21,0.09,2,19.57,90,25.07725,55.30927,Open-Meteo Historical Weather API,2024-12-01/2025-02-28,59.55,32.47,55.0,1.03,2160,Open-Meteo Air Quality API,2024-12-01/2025-02-28,4,aucun,0,1,très bon séjour.
888,famille,lisbonne,hiver,resort,gastronomie,7,4754.83,379.29,nuageux,12.63,2.92,26,17.53,90,38.72509,-9.1498,Open-Meteo Historical Weather API,2024-12-01/2025-02-28,19.66,13.91,36.49,0.38,2160,Open-Meteo Air Quality API,2024-12-01/2025-02-28,3,retard_vol,0,1,séjour correct mais perfectible.
889,famille,paris,printemps,resort,gastronomie,5,4669.22,316.59,ensoleillé,12.44,1.18,26,14.07,92,48.85341,2.3488,Open-Meteo Historical Weather API,2025-03-01/2025-05-31,15.06,12.04,38.85,0.97,2208,Open-Meteo Air Quality API,2025-03-01/2025-05-31,4,météo,1,1,très bon séjour.
890,business,dubaï,automne,resort,business,12,5318.06,818.4,ensoleillé,29.44,0.0,0,20.09,91,25.07725,55.30927,Open-Meteo Historical Weather API,2025-09-01/2025-11-30,80.53,41.8,60.89,1.56,2184,Open-Meteo Air Quality API,2025-09-01/2025-11-30,4,aucun,0,1,très bon séjour.
891,couple,rome,été,appartement,randonnée,18,5136.54,483.08,ensoleillé,27.22,1.32,16,14.95,92,41.89193,12.51133,Open-Meteo Historical Weather API,2025-06-01/2025-08-31,15.45,9.67,40.74,2.01,2208,Open-Meteo Air Quality API,2025-06-01/2025-08-31,3,aucun,0,1,séjour correct mais perfectible.
892,senior,lisbonne,printemps,resort,business,6,4565.16,401.05,variable,15.64,3.53,41,19.08,92,38.72509,-9.1498,Open-Meteo Historical Weather API,2025-03-01/2025-05-31,15.2,9.48,34.11,1.3,2208,Open-Meteo Air Quality API,2025-03-01/2025-05-31,3,aucun,0,1,séjour correct mais perfectible.
893,famille,paris,automne,resort,culture,9,6514.49,362.31,pluie,12.33,2.12,33,16.01,91,48.85341,2.3488,Open-Meteo Historical Weather API,2025-09-01/2025-11-30,12.19,8.6,34.88,0.44,2184,Open-Meteo Air Quality API,2025-09-01/2025-11-30,3,bagages,0,1,séjour correct mais perfectible.
894,famille,tokyo,printemps,appartement,business,15,7717.79,980.35,ensoleillé,14.52,6.04,44,15.33,92,35.6895,139.69171,Open-Meteo Historical Weather API,2025-03-01/2025-05-31,29.58,26.1,53.35,1.05,2208,Open-Meteo Air Quality API,2025-03-01/2025-05-31,3,aucun,0,1,séjour correct mais perfectible.
895,business,tokyo,printemps,hôtel,culture,12,7519.36,883.44,nuageux,14.52,6.04,44,15.33,92,35.6895,139.69171,Open-Meteo Historical Weather API,2025-03-01/2025-05-31,29.58,26.1,53.35,1.05,2208,Open-Meteo Air Quality API,2025-03-01/2025-05-31,3,aucun,0,1,séjour correct mais perfectible.
896,senior,sydney,printemps,resort,business,14,9027.98,1200.0,nuageux,19.13,4.44,49,17.74,92,-33.86785,151.20732,Open-Meteo Historical Weather API,2025-03-01/2025-05-31,11.25,9.25,31.84,1.01,2208,Open-Meteo Air Quality API,2025-03-01/2025-05-31,4,aucun,0,1,très bon séjour.
897,couple,lisbonne,printemps,resort,gastronomie,13,3568.47,508.16,nuageux,15.64,3.53,41,19.08,92,38.72509,-9.1498,Open-Meteo Historical Weather API,2025-03-01/2025-05-31,15.2,9.48,34.11,1.3,2208,Open-Meteo Air Quality API,2025-03-01/2025-05-31,5,aucun,0,1,excellent séjour.
898,famille,lisbonne,printemps,appartement,gastronomie,18,2339.29,456.09,nuageux,15.64,3.53,41,19.08,92,38.72509,-9.1498,Open-Meteo Historical Weather API,2025-03-01/2025-05-31,15.2,9.48,34.11,1.3,2208,Open-Meteo Air Quality API,2025-03-01/2025-05-31,3,aucun,0,1,séjour correct mais perfectible.
899,famille,dubaï,été,villa,randonnée,19,6087.95,977.71,variable,35.27,0.0,0,22.79,92,25.07725,55.30927,Open-Meteo Historical Weather API,2025-06-01/2025-08-31,128.17,54.13,71.91,2.19,2208,Open-Meteo Air Quality API,2025-06-01/2025-08-31,2,aucun,0,1,séjour décevant.
900,solo,sydney,hiver,appartement,randonnée,11,3139.64,1115.97,ensoleillé,22.44,3.42,39,20.67,90,-33.86785,151.20732,Open-Meteo Historical Weather API,2024-12-01/2025-02-28,12.57,9.86,34.15,2.24,2160,Open-Meteo Air Quality API,2024-12-01/2025-02-28,4,aucun,0,0,très bon séjour.
901,couple,paris,été,resort,plage,11,7960.44,306.12,ensoleillé,21.05,2.58,30,14.41,92,48.85341,2.3488,Open-Meteo Historical Weather API,2025-06-01/2025-08-31,10.28,6.83,31.49,1.5,2208,Open-Meteo Air Quality API,2025-06-01/2025-08-31,4,aucun,0,1,très bon séjour.
902,couple,tokyo,hiver,hôtel,randonnée,8,5949.93,1257.24,nuageux,6.08,0.56,8,14.28,90,35.6895,139.69171,Open-Meteo Historical Weather API,2024-12-01/2025-02-28,31.02,30.0,55.43,0.51,2160,Open-Meteo Air Quality API,2024-12-01/2025-02-28,3,aucun,0,1,séjour correct mais perfectible.
903,famille,sydney,printemps,resort,business,11,13174.61,1511.72,nuageux,19.13,4.44,49,17.74,92,-33.86785,151.20732,Open-Meteo Historical Weather API,2025-03-01/2025-05-31,11.25,9.25,31.84,1.01,2208,Open-Meteo Air Quality API,2025-03-01/2025-05-31,3,aucun,0,1,séjour correct mais perfectible.
904,couple,new york,hiver,appartement,business,18,7146.57,871.0,ensoleillé,-0.0,2.34,32,16.49,90,40.71427,-74.00597,Open-Meteo Historical Weather API,2024-12-01/2025-02-28,14.23,13.56,43.36,0.34,2160,Open-Meteo Air Quality API,2024-12-01/2025-02-28,2,aucun,0,1,séjour décevant.
905,senior,tokyo,été,villa,culture,12,10507.19,1156.36,nuageux,27.71,2.91,31,13.49,92,35.6895,139.69171,Open-Meteo Historical Weather API,2025-06-01/2025-08-31,24.0,22.42,51.6,1.83,2208,Open-Meteo Air Quality API,2025-06-01/2025-08-31,3,aucun,0,1,séjour correct mais perfectible.
906,solo,paris,été,appartement,randonnée,16,2868.42,304.17,ensoleillé,21.05,2.58,30,14.41,92,48.85341,2.3488,Open-Meteo Historical Weather API,2025-06-01/2025-08-31,10.28,6.83,31.49,1.5,2208,Open-Meteo Air Quality API,2025-06-01/2025-08-31,3,aucun,0,1,séjour correct mais perfectible.
907,couple,paris,printemps,hôtel,gastronomie,10,5352.18,404.65,pluie,12.44,1.18,26,14.07,92,48.85341,2.3488,Open-Meteo Historical Weather API,2025-03-01/2025-05-31,15.06,12.04,38.85,0.97,2208,Open-Meteo Air Quality API,2025-03-01/2025-05-31,3,aucun,0,1,séjour correct mais perfectible.
908,famille,paris,hiver,appartement,culture,16,4454.15,424.73,pluie,4.95,2.61,35,15.72,90,48.85341,2.3488,Open-Meteo Historical Weather API,2024-12-01/2025-02-28,20.98,17.57,45.01,0.13,2160,Open-Meteo Air Quality API,2024-12-01/2025-02-28,3,aucun,0,1,séjour correct mais perfectible.
909,couple,rome,printemps,appartement,plage,16,4459.9,394.99,ensoleillé,15.22,3.55,32,13.85,92,41.89193,12.51133,Open-Meteo Historical Weather API,2025-03-01/2025-05-31,15.93,11.65,37.47,1.19,2208,Open-Meteo Air Quality API,2025-03-01/2025-05-31,3,bagages,1,1,séjour correct mais perfectible.
910,couple,dubaï,automne,appartement,business,13,7877.98,603.91,variable,29.44,0.0,0,20.09,91,25.07725,55.30927,Open-Meteo Historical Weather API,2025-09-01/2025-11-30,80.53,41.8,60.89,1.56,2184,Open-Meteo Air Quality API,2025-09-01/2025-11-30,3,annulation,0,1,séjour correct mais perfectible.
911,business,tokyo,printemps,appartement,business,20,10274.69,1284.56,pluie,14.52,6.04,44,15.33,92,35.6895,139.69171,Open-Meteo Historical Weather API,2025-03-01/2025-05-31,29.58,26.1,53.35,1.05,2208,Open-Meteo Air Quality API,2025-03-01/2025-05-31,3,aucun,0,1,séjour correct mais perfectible.
912,senior,sydney,été,resort,business,19,5128.31,1356.77,ensoleillé,12.22,4.06,27,18.74,92,-33.86785,151.20732,Open-Meteo Historical Weather API,2025-06-01/2025-08-31,10.19,9.26,31.56,0.49,2208,Open-Meteo Air Quality API,2025-06-01/2025-08-31,3,aucun,0,1,séjour correct mais perfectible.
913,senior,lisbonne,printemps,resort,plage,6,3863.98,501.69,variable,15.64,3.53,41,19.08,92,38.72509,-9.1498,Open-Meteo Historical Weather API,2025-03-01/2025-05-31,15.2,9.48,34.11,1.3,2208,Open-Meteo Air Quality API,2025-03-01/2025-05-31,4,aucun,0,1,très bon séjour.
914,senior,dubaï,hiver,hôtel,business,7,6465.91,686.26,variable,20.21,0.09,2,19.57,90,25.07725,55.30927,Open-Meteo Historical Weather API,2024-12-01/2025-02-28,59.55,32.47,55.0,1.03,2160,Open-Meteo Air Quality API,2024-12-01/2025-02-28,3,aucun,0,1,séjour correct mais perfectible.
915,senior,rome,été,hôtel,culture,21,4501.15,494.05,ensoleillé,27.22,1.32,16,14.95,92,41.89193,12.51133,Open-Meteo Historical Weather API,2025-06-01/2025-08-31,15.45,9.67,40.74,2.01,2208,Open-Meteo Air Quality API,2025-06-01/2025-08-31,3,aucun,0,1,séjour correct mais perfectible.
916,senior,dubaï,printemps,appartement,gastronomie,10,3284.22,705.68,nuageux,28.3,0.01,0,22.56,92,25.07725,55.30927,Open-Meteo Historical Weather API,2025-03-01/2025-05-31,70.72,36.99,63.06,2.2,2208,Open-Meteo Air Quality API,2025-03-01/2025-05-31,4,aucun,0,1,très bon séjour.
917,famille,paris,hiver,villa,plage,8,5345.17,325.64,pluie,4.95,2.61,35,15.72,90,48.85341,2.3488,Open-Meteo Historical Weather API,2024-12-01/2025-02-28,20.98,17.57,45.01,0.13,2160,Open-Meteo Air Quality API,2024-12-01/2025-02-28,3,aucun,0,1,séjour correct mais perfectible.
918,famille,paris,automne,appartement,gastronomie,18,6313.35,420.95,pluie,12.33,2.12,33,16.01,91,48.85341,2.3488,Open-Meteo Historical Weather API,2025-09-01/2025-11-30,12.19,8.6,34.88,0.44,2184,Open-Meteo Air Quality API,2025-09-01/2025-11-30,1,retard_vol,0,1,très mauvaise expérience.
919,couple,paris,hiver,hôtel,randonnée,14,4560.37,405.81,variable,4.95,2.61,35,15.72,90,48.85341,2.3488,Open-Meteo Historical Weather API,2024-12-01/2025-02-28,20.98,17.57,45.01,0.13,2160,Open-Meteo Air Quality API,2024-12-01/2025-02-28,2,annulation,0,1,séjour décevant.
920,solo,sydney,printemps,hôtel,business,5,3972.04,1554.62,nuageux,19.13,4.44,49,17.74,92,-33.86785,151.20732,Open-Meteo Historical Weather API,2025-03-01/2025-05-31,11.25,9.25,31.84,1.01,2208,Open-Meteo Air Quality API,2025-03-01/2025-05-31,3,aucun,0,0,séjour correct mais perfectible.
921,famille,lisbonne,printemps,hôtel,randonnée,4,3134.8,392.62,ensoleillé,15.64,3.53,41,19.08,92,38.72509,-9.1498,Open-Meteo Historical Weather API,2025-03-01/2025-05-31,15.2,9.48,34.11,1.3,2208,Open-Meteo Air Quality API,2025-03-01/2025-05-31,3,aucun,0,1,séjour correct mais perfectible.
922,business,bali,printemps,appartement,randonnée,18,6900.92,1055.53,nuageux,26.99,6.49,65,13.72,92,-8.65,115.21667,Open-Meteo Historical Weather API,2025-03-01/2025-05-31,12.14,10.4,31.68,2.19,2208,Open-Meteo Air Quality API,2025-03-01/2025-05-31,3,aucun,0,1,séjour correct mais perfectible.
923,solo,bali,été,appartement,business,17,2998.08,1354.79,nuageux,25.53,3.21,49,18.92,92,-8.65,115.21667,Open-Meteo Historical Weather API,2025-06-01/2025-08-31,13.38,9.86,30.22,1.86,2208,Open-Meteo Air Quality API,2025-06-01/2025-08-31,1,aucun,0,0,très mauvaise expérience.
924,solo,sydney,hiver,villa,plage,9,9015.87,1200.39,nuageux,22.44,3.42,39,20.67,90,-33.86785,151.20732,Open-Meteo Historical Weather API,2024-12-01/2025-02-28,12.57,9.86,34.15,2.24,2160,Open-Meteo Air Quality API,2024-12-01/2025-02-28,4,aucun,0,1,très bon séjour.
925,famille,lisbonne,automne,hôtel,business,19,3248.58,480.32,ensoleillé,18.72,2.83,21,17.54,91,38.72509,-9.1498,Open-Meteo Historical Weather API,2025-09-01/2025-11-30,15.83,9.72,31.17,0.9,2184,Open-Meteo Air Quality API,2025-09-01/2025-11-30,3,aucun,0,1,séjour correct mais perfectible.
926,couple,paris,été,resort,business,5,4005.79,487.51,ensoleillé,21.05,2.58,30,14.41,92,48.85341,2.3488,Open-Meteo Historical Weather API,2025-06-01/2025-08-31,10.28,6.83,31.49,1.5,2208,Open-Meteo Air Quality API,2025-06-01/2025-08-31,4,aucun,0,1,très bon séjour.
927,famille,bali,automne,appartement,randonnée,19,7678.71,1131.05,pluie,26.3,6.82,61,14.71,91,-8.65,115.21667,Open-Meteo Historical Weather API,2025-09-01/2025-11-30,14.48,11.69,32.66,2.5,2184,Open-Meteo Air Quality API,2025-09-01/2025-11-30,2,aucun,0,1,séjour décevant.
928,senior,lisbonne,automne,hôtel,culture,4,3719.6,316.63,ensoleillé,18.72,2.83,21,17.54,91,38.72509,-9.1498,Open-Meteo Historical Weather API,2025-09-01/2025-11-30,15.83,9.72,31.17,0.9,2184,Open-Meteo Air Quality API,2025-09-01/2025-11-30,3,aucun,0,1,séjour correct mais perfectible.
929,solo,tokyo,automne,villa,culture,15,7351.82,1341.22,nuageux,18.79,4.52,34,12.27,91,35.6895,139.69171,Open-Meteo Historical Weather API,2025-09-01/2025-11-30,28.46,27.24,54.08,0.85,2184,Open-Meteo Air Quality API,2025-09-01/2025-11-30,4,aucun,0,1,très bon séjour.
930,business,sydney,été,resort,gastronomie,19,11342.91,1571.74,ensoleillé,12.22,4.06,27,18.74,92,-33.86785,151.20732,Open-Meteo Historical Weather API,2025-06-01/2025-08-31,10.19,9.26,31.56,0.49,2208,Open-Meteo Air Quality API,2025-06-01/2025-08-31,3,aucun,0,1,séjour correct mais perfectible.
931,couple,paris,printemps,hôtel,culture,14,6875.85,341.8,nuageux,12.44,1.18,26,14.07,92,48.85341,2.3488,Open-Meteo Historical Weather API,2025-03-01/2025-05-31,15.06,12.04,38.85,0.97,2208,Open-Meteo Air Quality API,2025-03-01/2025-05-31,4,aucun,0,1,très bon séjour.
932,couple,sydney,printemps,hôtel,plage,17,9267.12,1662.62,ensoleillé,19.13,4.44,49,17.74,92,-33.86785,151.20732,Open-Meteo Historical Weather API,2025-03-01/2025-05-31,11.25,9.25,31.84,1.01,2208,Open-Meteo Air Quality API,2025-03-01/2025-05-31,4,aucun,0,1,très bon séjour.
933,couple,paris,été,appartement,gastronomie,9,5339.8,375.09,ensoleillé,21.05,2.58,30,14.41,92,48.85341,2.3488,Open-Meteo Historical Weather API,2025-06-01/2025-08-31,10.28,6.83,31.49,1.5,2208,Open-Meteo Air Quality API,2025-06-01/2025-08-31,4,aucun,0,1,très bon séjour.
934,business,new york,printemps,resort,gastronomie,8,9805.36,801.2,nuageux,12.04,4.75,36,17.46,92,40.71427,-74.00597,Open-Meteo Historical Weather API,2025-03-01/2025-05-31,11.88,11.05,41.24,1.07,2208,Open-Meteo Air Quality API,2025-03-01/2025-05-31,3,bagages,1,1,séjour correct mais perfectible.
935,business,bali,été,appartement,gastronomie,8,6425.84,1300.63,ensoleillé,25.53,3.21,49,18.92,92,-8.65,115.21667,Open-Meteo Historical Weather API,2025-06-01/2025-08-31,13.38,9.86,30.22,1.86,2208,Open-Meteo Air Quality API,2025-06-01/2025-08-31,4,aucun,0,1,très bon séjour.
936,famille,lisbonne,hiver,appartement,business,5,3695.18,289.95,ensoleillé,12.63,2.92,26,17.53,90,38.72509,-9.1498,Open-Meteo Historical Weather API,2024-12-01/2025-02-28,19.66,13.91,36.49,0.38,2160,Open-Meteo Air Quality API,2024-12-01/2025-02-28,3,aucun,0,1,séjour correct mais perfectible.
937,senior,bali,automne,resort,business,8,6471.53,1215.36,nuageux,26.3,6.82,61,14.71,91,-8.65,115.21667,Open-Meteo Historical Weather API,2025-09-01/2025-11-30,14.48,11.69,32.66,2.5,2184,Open-Meteo Air Quality API,2025-09-01/2025-11-30,3,aucun,0,1,séjour correct mais perfectible.
938,famille,lisbonne,hiver,appartement,culture,7,3323.45,327.86,ensoleillé,12.63,2.92,26,17.53,90,38.72509,-9.1498,Open-Meteo Historical Weather API,2024-12-01/2025-02-28,19.66,13.91,36.49,0.38,2160,Open-Meteo Air Quality API,2024-12-01/2025-02-28,3,aucun,0,1,séjour correct mais perfectible.
939,senior,sydney,automne,villa,gastronomie,17,9845.22,1166.45,ensoleillé,19.17,1.74,22,21.07,91,-33.86785,151.20732,Open-Meteo Historical Weather API,2025-09-01/2025-11-30,10.98,9.17,34.45,1.63,2184,Open-Meteo Air Quality API,2025-09-01/2025-11-30,5,aucun,0,1,excellent séjour.
940,famille,dubaï,hiver,hôtel,gastronomie,7,8506.54,611.24,nuageux,20.21,0.09,2,19.57,90,25.07725,55.30927,Open-Meteo Historical Weather API,2024-12-01/2025-02-28,59.55,32.47,55.0,1.03,2160,Open-Meteo Air Quality API,2024-12-01/2025-02-28,4,aucun,0,1,très bon séjour.
941,couple,sydney,hiver,appartement,plage,6,4769.29,1162.63,nuageux,22.44,3.42,39,20.67,90,-33.86785,151.20732,Open-Meteo Historical Weather API,2024-12-01/2025-02-28,12.57,9.86,34.15,2.24,2160,Open-Meteo Air Quality API,2024-12-01/2025-02-28,4,aucun,0,1,très bon séjour.
942,business,bali,automne,hôtel,gastronomie,16,8725.21,976.34,nuageux,26.3,6.82,61,14.71,91,-8.65,115.21667,Open-Meteo Historical Weather API,2025-09-01/2025-11-30,14.48,11.69,32.66,2.5,2184,Open-Meteo Air Quality API,2025-09-01/2025-11-30,3,aucun,0,1,séjour correct mais perfectible.
943,famille,new york,automne,hôtel,randonnée,13,8846.0,887.82,variable,13.97,3.07,25,15.38,91,40.71427,-74.00597,Open-Meteo Historical Weather API,2025-09-01/2025-11-30,11.7,11.28,42.27,0.76,2184,Open-Meteo Air Quality API,2025-09-01/2025-11-30,3,aucun,0,1,séjour correct mais perfectible.
944,couple,bali,été,hôtel,business,7,5922.69,1318.99,ensoleillé,25.53,3.21,49,18.92,92,-8.65,115.21667,Open-Meteo Historical Weather API,2025-06-01/2025-08-31,13.38,9.86,30.22,1.86,2208,Open-Meteo Air Quality API,2025-06-01/2025-08-31,3,aucun,0,1,séjour correct mais perfectible.
945,couple,sydney,automne,appartement,culture,16,7388.96,1311.23,nuageux,19.17,1.74,22,21.07,91,-33.86785,151.20732,Open-Meteo Historical Weather API,2025-09-01/2025-11-30,10.98,9.17,34.45,1.63,2184,Open-Meteo Air Quality API,2025-09-01/2025-11-30,4,aucun,0,1,très bon séjour.
946,famille,new york,printemps,hôtel,business,7,7615.22,1210.13,variable,12.04,4.75,36,17.46,92,40.71427,-74.00597,Open-Meteo Historical Weather API,2025-03-01/2025-05-31,11.88,11.05,41.24,1.07,2208,Open-Meteo Air Quality API,2025-03-01/2025-05-31,3,aucun,0,1,séjour correct mais perfectible.
947,business,bali,automne,resort,business,17,8259.28,1117.8,nuageux,26.3,6.82,61,14.71,91,-8.65,115.21667,Open-Meteo Historical Weather API,2025-09-01/2025-11-30,14.48,11.69,32.66,2.5,2184,Open-Meteo Air Quality API,2025-09-01/2025-11-30,4,aucun,0,1,très bon séjour.
948,senior,bali,printemps,appartement,gastronomie,3,5407.54,1275.22,pluie,26.99,6.49,65,13.72,92,-8.65,115.21667,Open-Meteo Historical Weather API,2025-03-01/2025-05-31,12.14,10.4,31.68,2.19,2208,Open-Meteo Air Quality API,2025-03-01/2025-05-31,4,annulation,1,1,très bon séjour.
949,senior,bali,été,hôtel,gastronomie,14,6650.65,1532.56,ensoleillé,25.53,3.21,49,18.92,92,-8.65,115.21667,Open-Meteo Historical Weather API,2025-06-01/2025-08-31,13.38,9.86,30.22,1.86,2208,Open-Meteo Air Quality API,2025-06-01/2025-08-31,3,aucun,0,1,séjour correct mais perfectible.
950,couple,new york,printemps,appartement,culture,14,5245.12,840.38,nuageux,12.04,4.75,36,17.46,92,40.71427,-74.00597,Open-Meteo Historical Weather API,2025-03-01/2025-05-31,11.88,11.05,41.24,1.07,2208,Open-Meteo Air Quality API,2025-03-01/2025-05-31,3,aucun,0,1,séjour correct mais perfectible.
951,solo,tokyo,hiver,villa,gastronomie,10,6899.19,1101.75,variable,6.08,0.56,8,14.28,90,35.6895,139.69171,Open-Meteo Historical Weather API,2024-12-01/2025-02-28,31.02,30.0,55.43,0.51,2160,Open-Meteo Air Quality API,2024-12-01/2025-02-28,2,aucun,0,1,séjour décevant.
952,famille,bali,été,hôtel,randonnée,16,6842.99,1362.06,ensoleillé,25.53,3.21,49,18.92,92,-8.65,115.21667,Open-Meteo Historical Weather API,2025-06-01/2025-08-31,13.38,9.86,30.22,1.86,2208,Open-Meteo Air Quality API,2025-06-01/2025-08-31,3,aucun,0,1,séjour correct mais perfectible.
953,famille,sydney,été,hôtel,culture,10,8284.81,1589.93,variable,12.22,4.06,27,18.74,92,-33.86785,151.20732,Open-Meteo Historical Weather API,2025-06-01/2025-08-31,10.19,9.26,31.56,0.49,2208,Open-Meteo Air Quality API,2025-06-01/2025-08-31,3,aucun,0,1,séjour correct mais perfectible.
954,famille,sydney,hiver,villa,gastronomie,15,18261.32,1162.76,nuageux,22.44,3.42,39,20.67,90,-33.86785,151.20732,Open-Meteo Historical Weather API,2024-12-01/2025-02-28,12.57,9.86,34.15,2.24,2160,Open-Meteo Air Quality API,2024-12-01/2025-02-28,4,aucun,0,1,très bon séjour.
955,senior,bali,automne,hôtel,business,7,6300.09,1047.7,nuageux,26.3,6.82,61,14.71,91,-8.65,115.21667,Open-Meteo Historical Weather API,2025-09-01/2025-11-30,14.48,11.69,32.66,2.5,2184,Open-Meteo Air Quality API,2025-09-01/2025-11-30,3,aucun,0,1,séjour correct mais perfectible.
956,senior,dubaï,été,hôtel,randonnée,13,6480.75,828.52,ensoleillé,35.27,0.0,0,22.79,92,25.07725,55.30927,Open-Meteo Historical Weather API,2025-06-01/2025-08-31,128.17,54.13,71.91,2.19,2208,Open-Meteo Air Quality API,2025-06-01/2025-08-31,3,aucun,0,1,séjour correct mais perfectible.
957,business,rome,hiver,villa,gastronomie,17,6194.48,290.28,nuageux,9.23,2.57,28,13.79,90,41.89193,12.51133,Open-Meteo Historical Weather API,2024-12-01/2025-02-28,20.56,17.01,40.29,0.27,2160,Open-Meteo Air Quality API,2024-12-01/2025-02-28,3,aucun,0,1,séjour correct mais perfectible.
958,solo,dubaï,été,appartement,gastronomie,21,4667.42,1048.44,ensoleillé,35.27,0.0,0,22.79,92,25.07725,55.30927,Open-Meteo Historical Weather API,2025-06-01/2025-08-31,128.17,54.13,71.91,2.19,2208,Open-Meteo Air Quality API,2025-06-01/2025-08-31,2,aucun,0,1,séjour décevant.
959,couple,lisbonne,hiver,appartement,business,9,2554.8,527.8,variable,12.63,2.92,26,17.53,90,38.72509,-9.1498,Open-Meteo Historical Weather API,2024-12-01/2025-02-28,19.66,13.91,36.49,0.38,2160,Open-Meteo Air Quality API,2024-12-01/2025-02-28,2,bagages,1,1,séjour décevant.
960,solo,new york,hiver,resort,gastronomie,11,5549.44,876.06,pluie,-0.0,2.34,32,16.49,90,40.71427,-74.00597,Open-Meteo Historical Weather API,2024-12-01/2025-02-28,14.23,13.56,43.36,0.34,2160,Open-Meteo Air Quality API,2024-12-01/2025-02-28,2,aucun,0,1,séjour décevant.
961,solo,lisbonne,été,villa,plage,12,4397.23,502.11,pluie,23.39,0.06,1,17.22,92,38.72509,-9.1498,Open-Meteo Historical Weather API,2025-06-01/2025-08-31,19.54,10.92,32.89,2.16,2208,Open-Meteo Air Quality API,2025-06-01/2025-08-31,4,aucun,0,1,très bon séjour.
962,couple,bali,hiver,appartement,randonnée,19,5517.21,1373.78,nuageux,26.28,11.89,84,14.7,90,-8.65,115.21667,Open-Meteo Historical Weather API,2024-12-01/2025-02-28,12.8,11.67,33.02,1.96,2160,Open-Meteo Air Quality API,2024-12-01/2025-02-28,3,aucun,0,1,séjour correct mais perfectible.
963,famille,lisbonne,hiver,appartement,business,21,1525.09,289.39,nuageux,12.63,2.92,26,17.53,90,38.72509,-9.1498,Open-Meteo Historical Weather API,2024-12-01/2025-02-28,19.66,13.91,36.49,0.38,2160,Open-Meteo Air Quality API,2024-12-01/2025-02-28,2,aucun,0,1,séjour décevant.
964,famille,tokyo,été,appartement,randonnée,15,6918.04,1446.02,ensoleillé,27.71,2.91,31,13.49,92,35.6895,139.69171,Open-Meteo Historical Weather API,2025-06-01/2025-08-31,24.0,22.42,51.6,1.83,2208,Open-Meteo Air Quality API,2025-06-01/2025-08-31,3,aucun,0,1,séjour correct mais perfectible.
965,senior,paris,hiver,appartement,randonnée,18,4162.66,323.13,nuageux,4.95,2.61,35,15.72,90,48.85341,2.3488,Open-Meteo Historical Weather API,2024-12-01/2025-02-28,20.98,17.57,45.01,0.13,2160,Open-Meteo Air Quality API,2024-12-01/2025-02-28,2,aucun,0,1,séjour décevant.
966,couple,sydney,automne,resort,plage,4,9484.21,1836.03,nuageux,19.17,1.74,22,21.07,91,-33.86785,151.20732,Open-Meteo Historical Weather API,2025-09-01/2025-11-30,10.98,9.17,34.45,1.63,2184,Open-Meteo Air Quality API,2025-09-01/2025-11-30,5,aucun,0,1,excellent séjour.
967,senior,dubaï,été,hôtel,culture,17,6687.91,798.01,variable,35.27,0.0,0,22.79,92,25.07725,55.30927,Open-Meteo Historical Weather API,2025-06-01/2025-08-31,128.17,54.13,71.91,2.19,2208,Open-Meteo Air Quality API,2025-06-01/2025-08-31,3,aucun,0,1,séjour correct mais perfectible.
968,famille,new york,hiver,resort,plage,18,6229.34,988.95,variable,-0.0,2.34,32,16.49,90,40.71427,-74.00597,Open-Meteo Historical Weather API,2024-12-01/2025-02-28,14.23,13.56,43.36,0.34,2160,Open-Meteo Air Quality API,2024-12-01/2025-02-28,3,aucun,0,1,séjour correct mais perfectible.
969,solo,new york,été,resort,randonnée,16,2444.1,970.79,ensoleillé,24.52,2.28,32,14.21,92,40.71427,-74.00597,Open-Meteo Historical Weather API,2025-06-01/2025-08-31,18.13,17.43,51.89,1.61,2208,Open-Meteo Air Quality API,2025-06-01/2025-08-31,3,aucun,0,0,séjour correct mais perfectible.
970,famille,tokyo,hiver,hôtel,culture,14,6864.37,1465.17,nuageux,6.08,0.56,8,14.28,90,35.6895,139.69171,Open-Meteo Historical Weather API,2024-12-01/2025-02-28,31.02,30.0,55.43,0.51,2160,Open-Meteo Air Quality API,2024-12-01/2025-02-28,4,aucun,0,1,très bon séjour.
971,couple,rome,été,resort,business,20,5708.76,482.03,ensoleillé,27.22,1.32,16,14.95,92,41.89193,12.51133,Open-Meteo Historical Weather API,2025-06-01/2025-08-31,15.45,9.67,40.74,2.01,2208,Open-Meteo Air Quality API,2025-06-01/2025-08-31,3,aucun,0,1,séjour correct mais perfectible.
972,famille,tokyo,hiver,appartement,randonnée,15,2082.02,1270.2,pluie,6.08,0.56,8,14.28,90,35.6895,139.69171,Open-Meteo Historical Weather API,2024-12-01/2025-02-28,31.02,30.0,55.43,0.51,2160,Open-Meteo Air Quality API,2024-12-01/2025-02-28,1,météo,1,0,très mauvaise expérience.
973,famille,rome,automne,hôtel,randonnée,19,4027.31,500.76,pluie,17.21,4.01,24,12.75,91,41.89193,12.51133,Open-Meteo Historical Weather API,2025-09-01/2025-11-30,13.51,9.22,34.28,0.79,2184,Open-Meteo Air Quality API,2025-09-01/2025-11-30,1,aucun,0,1,très mauvaise expérience.
974,senior,tokyo,hiver,hôtel,plage,6,4165.89,1126.41,pluie,6.08,0.56,8,14.28,90,35.6895,139.69171,Open-Meteo Historical Weather API,2024-12-01/2025-02-28,31.02,30.0,55.43,0.51,2160,Open-Meteo Air Quality API,2024-12-01/2025-02-28,2,annulation,0,1,séjour décevant.
975,couple,lisbonne,été,hôtel,gastronomie,15,3407.84,466.88,ensoleillé,23.39,0.06,1,17.22,92,38.72509,-9.1498,Open-Meteo Historical Weather API,2025-06-01/2025-08-31,19.54,10.92,32.89,2.16,2208,Open-Meteo Air Quality API,2025-06-01/2025-08-31,4,aucun,0,1,très bon séjour.
976,solo,tokyo,hiver,hôtel,business,11,7829.0,923.93,ensoleillé,6.08,0.56,8,14.28,90,35.6895,139.69171,Open-Meteo Historical Weather API,2024-12-01/2025-02-28,31.02,30.0,55.43,0.51,2160,Open-Meteo Air Quality API,2024-12-01/2025-02-28,2,aucun,0,1,séjour décevant.
977,couple,sydney,hiver,appartement,randonnée,19,6402.74,694.86,variable,22.44,3.42,39,20.67,90,-33.86785,151.20732,Open-Meteo Historical Weather API,2024-12-01/2025-02-28,12.57,9.86,34.15,2.24,2160,Open-Meteo Air Quality API,2024-12-01/2025-02-28,2,aucun,0,1,séjour décevant.
978,couple,rome,printemps,resort,randonnée,19,5247.88,537.03,pluie,15.22,3.55,32,13.85,92,41.89193,12.51133,Open-Meteo Historical Weather API,2025-03-01/2025-05-31,15.93,11.65,37.47,1.19,2208,Open-Meteo Air Quality API,2025-03-01/2025-05-31,2,aucun,0,1,séjour décevant.
979,solo,new york,été,hôtel,randonnée,19,6141.13,914.74,variable,24.52,2.28,32,14.21,92,40.71427,-74.00597,Open-Meteo Historical Weather API,2025-06-01/2025-08-31,18.13,17.43,51.89,1.61,2208,Open-Meteo Air Quality API,2025-06-01/2025-08-31,3,aucun,0,1,séjour correct mais perfectible.
980,famille,bali,automne,appartement,business,7,5874.01,1392.11,nuageux,26.3,6.82,61,14.71,91,-8.65,115.21667,Open-Meteo Historical Weather API,2025-09-01/2025-11-30,14.48,11.69,32.66,2.5,2184,Open-Meteo Air Quality API,2025-09-01/2025-11-30,3,aucun,0,1,séjour correct mais perfectible.
981,senior,lisbonne,hiver,hôtel,gastronomie,12,3258.24,404.06,pluie,12.63,2.92,26,17.53,90,38.72509,-9.1498,Open-Meteo Historical Weather API,2024-12-01/2025-02-28,19.66,13.91,36.49,0.38,2160,Open-Meteo Air Quality API,2024-12-01/2025-02-28,2,météo,1,1,séjour décevant.
982,business,new york,hiver,hôtel,culture,3,10834.76,1033.64,nuageux,-0.0,2.34,32,16.49,90,40.71427,-74.00597,Open-Meteo Historical Weather API,2024-12-01/2025-02-28,14.23,13.56,43.36,0.34,2160,Open-Meteo Air Quality API,2024-12-01/2025-02-28,3,aucun,0,1,séjour correct mais perfectible.
983,business,dubaï,printemps,appartement,culture,21,7693.59,801.04,variable,28.3,0.01,0,22.56,92,25.07725,55.30927,Open-Meteo Historical Weather API,2025-03-01/2025-05-31,70.72,36.99,63.06,2.2,2208,Open-Meteo Air Quality API,2025-03-01/2025-05-31,2,aucun,0,1,séjour décevant.
984,couple,paris,printemps,resort,culture,7,6912.73,194.72,ensoleillé,12.44,1.18,26,14.07,92,48.85341,2.3488,Open-Meteo Historical Weather API,2025-03-01/2025-05-31,15.06,12.04,38.85,0.97,2208,Open-Meteo Air Quality API,2025-03-01/2025-05-31,3,aucun,0,1,séjour correct mais perfectible.
985,famille,dubaï,automne,appartement,gastronomie,14,6216.62,777.48,pluie,29.44,0.0,0,20.09,91,25.07725,55.30927,Open-Meteo Historical Weather API,2025-09-01/2025-11-30,80.53,41.8,60.89,1.56,2184,Open-Meteo Air Quality API,2025-09-01/2025-11-30,3,aucun,0,1,séjour correct mais perfectible.
986,senior,sydney,automne,appartement,gastronomie,12,5901.47,1219.58,ensoleillé,19.17,1.74,22,21.07,91,-33.86785,151.20732,Open-Meteo Historical Weather API,2025-09-01/2025-11-30,10.98,9.17,34.45,1.63,2184,Open-Meteo Air Quality API,2025-09-01/2025-11-30,4,aucun,0,1,très bon séjour.
987,couple,new york,automne,villa,gastronomie,20,12546.56,1028.25,ensoleillé,13.97,3.07,25,15.38,91,40.71427,-74.00597,Open-Meteo Historical Weather API,2025-09-01/2025-11-30,11.7,11.28,42.27,0.76,2184,Open-Meteo Air Quality API,2025-09-01/2025-11-30,5,aucun,0,1,excellent séjour.
988,famille,new york,hiver,hôtel,plage,18,7667.1,940.45,ensoleillé,-0.0,2.34,32,16.49,90,40.71427,-74.00597,Open-Meteo Historical Weather API,2024-12-01/2025-02-28,14.23,13.56,43.36,0.34,2160,Open-Meteo Air Quality API,2024-12-01/2025-02-28,3,aucun,0,1,séjour correct mais perfectible.
989,couple,lisbonne,printemps,appartement,gastronomie,17,3751.62,421.24,nuageux,15.64,3.53,41,19.08,92,38.72509,-9.1498,Open-Meteo Historical Weather API,2025-03-01/2025-05-31,15.2,9.48,34.11,1.3,2208,Open-Meteo Air Quality API,2025-03-01/2025-05-31,3,aucun,0,1,séjour correct mais perfectible.
990,business,rome,été,appartement,business,15,3392.13,504.98,pluie,27.22,1.32,16,14.95,92,41.89193,12.51133,Open-Meteo Historical Weather API,2025-06-01/2025-08-31,15.45,9.67,40.74,2.01,2208,Open-Meteo Air Quality API,2025-06-01/2025-08-31,3,aucun,0,1,séjour correct mais perfectible.
991,solo,new york,printemps,hôtel,plage,5,6819.2,710.37,variable,12.04,4.75,36,17.46,92,40.71427,-74.00597,Open-Meteo Historical Weather API,2025-03-01/2025-05-31,11.88,11.05,41.24,1.07,2208,Open-Meteo Air Quality API,2025-03-01/2025-05-31,3,aucun,0,1,séjour correct mais perfectible.
992,business,sydney,été,villa,business,20,16405.95,1414.47,nuageux,12.22,4.06,27,18.74,92,-33.86785,151.20732,Open-Meteo Historical Weather API,2025-06-01/2025-08-31,10.19,9.26,31.56,0.49,2208,Open-Meteo Air Quality API,2025-06-01/2025-08-31,4,aucun,0,1,très bon séjour.
993,business,rome,printemps,hôtel,gastronomie,4,4229.71,304.21,nuageux,15.22,3.55,32,13.85,92,41.89193,12.51133,Open-Meteo Historical Weather API,2025-03-01/2025-05-31,15.93,11.65,37.47,1.19,2208,Open-Meteo Air Quality API,2025-03-01/2025-05-31,3,aucun,0,1,séjour correct mais perfectible.
994,famille,tokyo,printemps,appartement,randonnée,11,7969.3,938.43,pluie,14.52,6.04,44,15.33,92,35.6895,139.69171,Open-Meteo Historical Weather API,2025-03-01/2025-05-31,29.58,26.1,53.35,1.05,2208,Open-Meteo Air Quality API,2025-03-01/2025-05-31,2,météo,0,1,séjour décevant.
995,senior,tokyo,automne,resort,plage,10,7733.82,773.27,ensoleillé,18.79,4.52,34,12.27,91,35.6895,139.69171,Open-Meteo Historical Weather API,2025-09-01/2025-11-30,28.46,27.24,54.08,0.85,2184,Open-Meteo Air Quality API,2025-09-01/2025-11-30,3,aucun,0,1,séjour correct mais perfectible.
996,couple,sydney,printemps,resort,culture,10,10325.38,963.57,pluie,19.13,4.44,49,17.74,92,-33.86785,151.20732,Open-Meteo Historical Weather API,2025-03-01/2025-05-31,11.25,9.25,31.84,1.01,2208,Open-Meteo Air Quality API,2025-03-01/2025-05-31,4,aucun,0,1,très bon séjour.
997,solo,lisbonne,automne,hôtel,plage,21,2314.51,387.97,pluie,18.72,2.83,21,17.54,91,38.72509,-9.1498,Open-Meteo Historical Weather API,2025-09-01/2025-11-30,15.83,9.72,31.17,0.9,2184,Open-Meteo Air Quality API,2025-09-01/2025-11-30,1,bagages,1,1,très mauvaise expérience.
998,famille,bali,printemps,villa,gastronomie,7,10036.2,1260.55,nuageux,26.99,6.49,65,13.72,92,-8.65,115.21667,Open-Meteo Historical Weather API,2025-03-01/2025-05-31,12.14,10.4,31.68,2.19,2208,Open-Meteo Air Quality API,2025-03-01/2025-05-31,3,aucun,0,1,séjour correct mais perfectible.
999,senior,bali,hiver,resort,plage,14,8887.38,1143.42,ensoleillé,26.28,11.89,84,14.7,90,-8.65,115.21667,Open-Meteo Historical Weather API,2024-12-01/2025-02-28,12.8,11.67,33.02,1.96,2160,Open-Meteo Air Quality API,2024-12-01/2025-02-28,4,aucun,0,1,très bon séjour.
1000,couple,sydney,printemps,hôtel,business,7,9135.4,1183.28,ensoleillé,19.13,4.44,49,17.74,92,-33.86785,151.20732,Open-Meteo Historical Weather API,2025-03-01/2025-05-31,11.25,9.25,31.84,1.01,2208,Open-Meteo Air Quality API,2025-03-01/2025-05-31,3,aucun,0,1,séjour correct mais perfectible.
1001,famille,dubaï,hiver,hôtel,plage,20,5883.92,580.63,nuageux,20.21,0.09,2,19.57,90,25.07725,55.30927,Open-Meteo Historical Weather API,2024-12-01/2025-02-28,59.55,32.47,55.0,1.03,2160,Open-Meteo Air Quality API,2024-12-01/2025-02-28,3,aucun,0,1,séjour correct mais perfectible.
1002,couple,bali,été,appartement,business,16,3889.36,1279.52,variable,25.53,3.21,49,18.92,92,-8.65,115.21667,Open-Meteo Historical Weather API,2025-06-01/2025-08-31,13.38,9.86,30.22,1.86,2208,Open-Meteo Air Quality API,2025-06-01/2025-08-31,2,bagages,0,1,séjour décevant.
1003,famille,dubaï,hiver,hôtel,gastronomie,10,8285.84,596.4,pluie,20.21,0.09,2,19.57,90,25.07725,55.30927,Open-Meteo Historical Weather API,2024-12-01/2025-02-28,59.55,32.47,55.0,1.03,2160,Open-Meteo Air Quality API,2024-12-01/2025-02-28,3,aucun,0,1,séjour correct mais perfectible.
1004,famille,new york,été,resort,plage,4,11131.44,991.66,ensoleillé,24.52,2.28,32,14.21,92,40.71427,-74.00597,Open-Meteo Historical Weather API,2025-06-01/2025-08-31,18.13,17.43,51.89,1.61,2208,Open-Meteo Air Quality API,2025-06-01/2025-08-31,4,aucun,0,1,très bon séjour.
1005,solo,bali,automne,appartement,culture,5,3117.35,835.04,nuageux,26.3,6.82,61,14.71,91,-8.65,115.21667,Open-Meteo Historical Weather API,2025-09-01/2025-11-30,14.48,11.69,32.66,2.5,2184,Open-Meteo Air Quality API,2025-09-01/2025-11-30,4,aucun,0,1,très bon séjour.
1006,couple,paris,printemps,hôtel,business,7,7020.46,394.18,pluie,12.44,1.18,26,14.07,92,48.85341,2.3488,Open-Meteo Historical Weather API,2025-03-01/2025-05-31,15.06,12.04,38.85,0.97,2208,Open-Meteo Air Quality API,2025-03-01/2025-05-31,3,retard_vol,0,1,séjour correct mais perfectible.
1007,senior,new york,hiver,resort,randonnée,10,10080.18,763.24,nuageux,-0.0,2.34,32,16.49,90,40.71427,-74.00597,Open-Meteo Historical Weather API,2024-12-01/2025-02-28,14.23,13.56,43.36,0.34,2160,Open-Meteo Air Quality API,2024-12-01/2025-02-28,3,aucun,0,1,séjour correct mais perfectible.
1008,couple,tokyo,printemps,hôtel,business,19,6554.04,1121.11,ensoleillé,14.52,6.04,44,15.33,92,35.6895,139.69171,Open-Meteo Historical Weather API,2025-03-01/2025-05-31,29.58,26.1,53.35,1.05,2208,Open-Meteo Air Quality API,2025-03-01/2025-05-31,3,aucun,0,1,séjour correct mais perfectible.
1009,business,dubaï,été,villa,culture,5,10366.6,957.91,nuageux,35.27,0.0,0,22.79,92,25.07725,55.30927,Open-Meteo Historical Weather API,2025-06-01/2025-08-31,128.17,54.13,71.91,2.19,2208,Open-Meteo Air Quality API,2025-06-01/2025-08-31,3,aucun,0,1,séjour correct mais perfectible.
1010,couple,tokyo,été,appartement,culture,13,5919.66,1312.12,ensoleillé,27.71,2.91,31,13.49,92,35.6895,139.69171,Open-Meteo Historical Weather API,2025-06-01/2025-08-31,24.0,22.42,51.6,1.83,2208,Open-Meteo Air Quality API,2025-06-01/2025-08-31,4,aucun,0,1,très bon séjour.
1011,solo,paris,hiver,hôtel,randonnée,9,3470.66,400.34,nuageux,4.95,2.61,35,15.72,90,48.85341,2.3488,Open-Meteo Historical Weather API,2024-12-01/2025-02-28,20.98,17.57,45.01,0.13,2160,Open-Meteo Air Quality API,2024-12-01/2025-02-28,2,aucun,0,1,séjour décevant.
1012,solo,new york,été,resort,plage,3,8270.78,629.89,ensoleillé,24.52,2.28,32,14.21,92,40.71427,-74.00597,Open-Meteo Historical Weather API,2025-06-01/2025-08-31,18.13,17.43,51.89,1.61,2208,Open-Meteo Air Quality API,2025-06-01/2025-08-31,4,aucun,0,1,très bon séjour.
1013,couple,tokyo,printemps,resort,gastronomie,14,11557.65,956.85,ensoleillé,14.52,6.04,44,15.33,92,35.6895,139.69171,Open-Meteo Historical Weather API,2025-03-01/2025-05-31,29.58,26.1,53.35,1.05,2208,Open-Meteo Air Quality API,2025-03-01/2025-05-31,4,aucun,0,1,très bon séjour.
1014,senior,bali,printemps,villa,business,16,8606.39,1378.34,variable,26.99,6.49,65,13.72,92,-8.65,115.21667,Open-Meteo Historical Weather API,2025-03-01/2025-05-31,12.14,10.4,31.68,2.19,2208,Open-Meteo Air Quality API,2025-03-01/2025-05-31,2,aucun,0,1,séjour décevant.
1015,couple,bali,hiver,hôtel,gastronomie,21,7124.66,1255.41,variable,26.28,11.89,84,14.7,90,-8.65,115.21667,Open-Meteo Historical Weather API,2024-12-01/2025-02-28,12.8,11.67,33.02,1.96,2160,Open-Meteo Air Quality API,2024-12-01/2025-02-28,3,aucun,0,1,séjour correct mais perfectible.
1016,famille,sydney,automne,resort,culture,12,13921.68,1732.54,variable,19.17,1.74,22,21.07,91,-33.86785,151.20732,Open-Meteo Historical Weather API,2025-09-01/2025-11-30,10.98,9.17,34.45,1.63,2184,Open-Meteo Air Quality API,2025-09-01/2025-11-30,5,annulation,0,1,excellent séjour.
1017,solo,new york,hiver,villa,culture,9,7613.15,1110.77,variable,-0.0,2.34,32,16.49,90,40.71427,-74.00597,Open-Meteo Historical Weather API,2024-12-01/2025-02-28,14.23,13.56,43.36,0.34,2160,Open-Meteo Air Quality API,2024-12-01/2025-02-28,3,aucun,0,1,séjour correct mais perfectible.
1018,business,tokyo,hiver,hôtel,randonnée,19,10341.47,1106.62,nuageux,6.08,0.56,8,14.28,90,35.6895,139.69171,Open-Meteo Historical Weather API,2024-12-01/2025-02-28,31.02,30.0,55.43,0.51,2160,Open-Meteo Air Quality API,2024-12-01/2025-02-28,3,aucun,0,1,séjour correct mais perfectible.
1019,famille,bali,hiver,resort,plage,7,10077.55,1097.84,nuageux,26.28,11.89,84,14.7,90,-8.65,115.21667,Open-Meteo Historical Weather API,2024-12-01/2025-02-28,12.8,11.67,33.02,1.96,2160,Open-Meteo Air Quality API,2024-12-01/2025-02-28,4,aucun,0,1,très bon séjour.
1020,couple,lisbonne,été,hôtel,business,15,3986.18,371.04,nuageux,23.39,0.06,1,17.22,92,38.72509,-9.1498,Open-Meteo Historical Weather API,2025-06-01/2025-08-31,19.54,10.92,32.89,2.16,2208,Open-Meteo Air Quality API,2025-06-01/2025-08-31,4,aucun,0,1,très bon séjour.
1021,senior,new york,printemps,resort,culture,20,7085.07,777.2,ensoleillé,12.04,4.75,36,17.46,92,40.71427,-74.00597,Open-Meteo Historical Weather API,2025-03-01/2025-05-31,11.88,11.05,41.24,1.07,2208,Open-Meteo Air Quality API,2025-03-01/2025-05-31,4,aucun,0,1,très bon séjour.
1022,business,dubaï,printemps,hôtel,gastronomie,3,7232.68,648.56,variable,28.3,0.01,0,22.56,92,25.07725,55.30927,Open-Meteo Historical Weather API,2025-03-01/2025-05-31,70.72,36.99,63.06,2.2,2208,Open-Meteo Air Quality API,2025-03-01/2025-05-31,2,aucun,0,1,séjour décevant.
1023,senior,new york,printemps,villa,gastronomie,20,9288.3,759.23,ensoleillé,12.04,4.75,36,17.46,92,40.71427,-74.00597,Open-Meteo Historical Weather API,2025-03-01/2025-05-31,11.88,11.05,41.24,1.07,2208,Open-Meteo Air Quality API,2025-03-01/2025-05-31,4,météo,0,1,très bon séjour.
1024,solo,tokyo,été,hôtel,business,6,4621.29,1034.19,ensoleillé,27.71,2.91,31,13.49,92,35.6895,139.69171,Open-Meteo Historical Weather API,2025-06-01/2025-08-31,24.0,22.42,51.6,1.83,2208,Open-Meteo Air Quality API,2025-06-01/2025-08-31,4,aucun,0,1,très bon séjour.
1025,solo,paris,printemps,hôtel,culture,12,2530.64,375.3,nuageux,12.44,1.18,26,14.07,92,48.85341,2.3488,Open-Meteo Historical Weather API,2025-03-01/2025-05-31,15.06,12.04,38.85,0.97,2208,Open-Meteo Air Quality API,2025-03-01/2025-05-31,3,aucun,0,1,séjour correct mais perfectible.
1026,couple,dubaï,automne,appartement,culture,7,6405.2,913.78,variable,29.44,0.0,0,20.09,91,25.07725,55.30927,Open-Meteo Historical Weather API,2025-09-01/2025-11-30,80.53,41.8,60.89,1.56,2184,Open-Meteo Air Quality API,2025-09-01/2025-11-30,3,aucun,0,1,séjour correct mais perfectible.
1027,senior,rome,printemps,appartement,culture,5,3604.98,525.59,nuageux,15.22,3.55,32,13.85,92,41.89193,12.51133,Open-Meteo Historical Weather API,2025-03-01/2025-05-31,15.93,11.65,37.47,1.19,2208,Open-Meteo Air Quality API,2025-03-01/2025-05-31,4,météo,0,1,très bon séjour.
1028,couple,dubaï,hiver,appartement,randonnée,16,3932.97,659.38,pluie,20.21,0.09,2,19.57,90,25.07725,55.30927,Open-Meteo Historical Weather API,2024-12-01/2025-02-28,59.55,32.47,55.0,1.03,2160,Open-Meteo Air Quality API,2024-12-01/2025-02-28,2,annulation,1,1,séjour décevant.
1029,business,bali,automne,appartement,culture,12,6018.17,1359.9,nuageux,26.3,6.82,61,14.71,91,-8.65,115.21667,Open-Meteo Historical Weather API,2025-09-01/2025-11-30,14.48,11.69,32.66,2.5,2184,Open-Meteo Air Quality API,2025-09-01/2025-11-30,4,aucun,0,1,très bon séjour.
1030,couple,dubaï,automne,hôtel,business,12,6524.31,743.68,nuageux,29.44,0.0,0,20.09,91,25.07725,55.30927,Open-Meteo Historical Weather API,2025-09-01/2025-11-30,80.53,41.8,60.89,1.56,2184,Open-Meteo Air Quality API,2025-09-01/2025-11-30,3,aucun,0,1,séjour correct mais perfectible.
1031,solo,dubaï,printemps,resort,randonnée,12,6364.97,694.87,pluie,28.3,0.01,0,22.56,92,25.07725,55.30927,Open-Meteo Historical Weather API,2025-03-01/2025-05-31,70.72,36.99,63.06,2.2,2208,Open-Meteo Air Quality API,2025-03-01/2025-05-31,3,aucun,0,1,séjour correct mais perfectible.
1032,business,sydney,automne,hôtel,gastronomie,17,7810.26,1275.87,nuageux,19.17,1.74,22,21.07,91,-33.86785,151.20732,Open-Meteo Historical Weather API,2025-09-01/2025-11-30,10.98,9.17,34.45,1.63,2184,Open-Meteo Air Quality API,2025-09-01/2025-11-30,3,aucun,0,1,séjour correct mais perfectible.
1033,solo,dubaï,été,hôtel,culture,21,3437.59,796.27,nuageux,35.27,0.0,0,22.79,92,25.07725,55.30927,Open-Meteo Historical Weather API,2025-06-01/2025-08-31,128.17,54.13,71.91,2.19,2208,Open-Meteo Air Quality API,2025-06-01/2025-08-31,3,aucun,0,1,séjour correct mais perfectible.
1034,senior,new york,printemps,villa,gastronomie,12,11052.02,949.61,ensoleillé,12.04,4.75,36,17.46,92,40.71427,-74.00597,Open-Meteo Historical Weather API,2025-03-01/2025-05-31,11.88,11.05,41.24,1.07,2208,Open-Meteo Air Quality API,2025-03-01/2025-05-31,4,aucun,0,1,très bon séjour.
1035,couple,sydney,automne,appartement,business,5,4454.84,1332.68,nuageux,19.17,1.74,22,21.07,91,-33.86785,151.20732,Open-Meteo Historical Weather API,2025-09-01/2025-11-30,10.98,9.17,34.45,1.63,2184,Open-Meteo Air Quality API,2025-09-01/2025-11-30,3,aucun,0,1,séjour correct mais perfectible.
1036,solo,rome,été,hôtel,gastronomie,9,2937.53,461.38,variable,27.22,1.32,16,14.95,92,41.89193,12.51133,Open-Meteo Historical Weather API,2025-06-01/2025-08-31,15.45,9.67,40.74,2.01,2208,Open-Meteo Air Quality API,2025-06-01/2025-08-31,3,aucun,0,1,séjour correct mais perfectible.
1037,couple,paris,printemps,hôtel,randonnée,12,4826.97,301.06,ensoleillé,12.44,1.18,26,14.07,92,48.85341,2.3488,Open-Meteo Historical Weather API,2025-03-01/2025-05-31,15.06,12.04,38.85,0.97,2208,Open-Meteo Air Quality API,2025-03-01/2025-05-31,2,aucun,0,1,séjour décevant.
1038,couple,new york,été,villa,plage,4,10156.84,1058.23,nuageux,24.52,2.28,32,14.21,92,40.71427,-74.00597,Open-Meteo Historical Weather API,2025-06-01/2025-08-31,18.13,17.43,51.89,1.61,2208,Open-Meteo Air Quality API,2025-06-01/2025-08-31,4,aucun,0,1,très bon séjour.
1039,couple,sydney,printemps,hôtel,business,7,8655.9,1400.3,nuageux,19.13,4.44,49,17.74,92,-33.86785,151.20732,Open-Meteo Historical Weather API,2025-03-01/2025-05-31,11.25,9.25,31.84,1.01,2208,Open-Meteo Air Quality API,2025-03-01/2025-05-31,4,aucun,0,1,très bon séjour.
1040,famille,sydney,hiver,hôtel,culture,6,12746.39,1226.73,variable,22.44,3.42,39,20.67,90,-33.86785,151.20732,Open-Meteo Historical Weather API,2024-12-01/2025-02-28,12.57,9.86,34.15,2.24,2160,Open-Meteo Air Quality API,2024-12-01/2025-02-28,4,aucun,0,1,très bon séjour.
1041,famille,new york,automne,hôtel,gastronomie,21,5366.37,676.8,ensoleillé,13.97,3.07,25,15.38,91,40.71427,-74.00597,Open-Meteo Historical Weather API,2025-09-01/2025-11-30,11.7,11.28,42.27,0.76,2184,Open-Meteo Air Quality API,2025-09-01/2025-11-30,2,aucun,0,1,séjour décevant.
1042,solo,new york,été,hôtel,gastronomie,10,6183.72,1228.85,ensoleillé,24.52,2.28,32,14.21,92,40.71427,-74.00597,Open-Meteo Historical Weather API,2025-06-01/2025-08-31,18.13,17.43,51.89,1.61,2208,Open-Meteo Air Quality API,2025-06-01/2025-08-31,3,aucun,0,1,séjour correct mais perfectible.
1043,solo,new york,été,hôtel,gastronomie,19,2318.93,1190.51,pluie,24.52,2.28,32,14.21,92,40.71427,-74.00597,Open-Meteo Historical Weather API,2025-06-01/2025-08-31,18.13,17.43,51.89,1.61,2208,Open-Meteo Air Quality API,2025-06-01/2025-08-31,1,aucun,0,0,très mauvaise expérience.
1044,solo,sydney,été,villa,business,13,11185.68,985.25,nuageux,12.22,4.06,27,18.74,92,-33.86785,151.20732,Open-Meteo Historical Weather API,2025-06-01/2025-08-31,10.19,9.26,31.56,0.49,2208,Open-Meteo Air Quality API,2025-06-01/2025-08-31,4,aucun,0,1,très bon séjour.
1045,famille,sydney,été,hôtel,culture,12,5191.86,1903.89,ensoleillé,12.22,4.06,27,18.74,92,-33.86785,151.20732,Open-Meteo Historical Weather API,2025-06-01/2025-08-31,10.19,9.26,31.56,0.49,2208,Open-Meteo Air Quality API,2025-06-01/2025-08-31,3,météo,1,0,séjour correct mais perfectible.
1046,couple,paris,printemps,resort,business,20,9984.04,336.83,ensoleillé,12.44,1.18,26,14.07,92,48.85341,2.3488,Open-Meteo Historical Weather API,2025-03-01/2025-05-31,15.06,12.04,38.85,0.97,2208,Open-Meteo Air Quality API,2025-03-01/2025-05-31,3,aucun,0,1,séjour correct mais perfectible.
1047,famille,new york,automne,appartement,business,16,6207.4,879.07,nuageux,13.97,3.07,25,15.38,91,40.71427,-74.00597,Open-Meteo Historical Weather API,2025-09-01/2025-11-30,11.7,11.28,42.27,0.76,2184,Open-Meteo Air Quality API,2025-09-01/2025-11-30,3,aucun,0,1,séjour correct mais perfectible.
1048,business,bali,été,resort,culture,7,12437.63,1635.02,variable,25.53,3.21,49,18.92,92,-8.65,115.21667,Open-Meteo Historical Weather API,2025-06-01/2025-08-31,13.38,9.86,30.22,1.86,2208,Open-Meteo Air Quality API,2025-06-01/2025-08-31,3,bagages,1,1,séjour correct mais perfectible.
1049,senior,sydney,été,appartement,gastronomie,8,7911.38,1990.3,nuageux,12.22,4.06,27,18.74,92,-33.86785,151.20732,Open-Meteo Historical Weather API,2025-06-01/2025-08-31,10.19,9.26,31.56,0.49,2208,Open-Meteo Air Quality API,2025-06-01/2025-08-31,4,aucun,0,1,très bon séjour.
1050,famille,new york,printemps,appartement,randonnée,15,6137.61,1003.44,variable,12.04,4.75,36,17.46,92,40.71427,-74.00597,Open-Meteo Historical Weather API,2025-03-01/2025-05-31,11.88,11.05,41.24,1.07,2208,Open-Meteo Air Quality API,2025-03-01/2025-05-31,3,aucun,0,1,séjour correct mais perfectible.
1051,solo,dubaï,printemps,resort,culture,3,5635.63,730.37,variable,28.3,0.01,0,22.56,92,25.07725,55.30927,Open-Meteo Historical Weather API,2025-03-01/2025-05-31,70.72,36.99,63.06,2.2,2208,Open-Meteo Air Quality API,2025-03-01/2025-05-31,5,météo,0,1,excellent séjour.
1052,famille,bali,hiver,resort,culture,5,7271.04,865.24,pluie,26.28,11.89,84,14.7,90,-8.65,115.21667,Open-Meteo Historical Weather API,2024-12-01/2025-02-28,12.8,11.67,33.02,1.96,2160,Open-Meteo Air Quality API,2024-12-01/2025-02-28,4,aucun,0,1,très bon séjour.
1053,couple,tokyo,printemps,appartement,gastronomie,4,7311.52,667.04,nuageux,14.52,6.04,44,15.33,92,35.6895,139.69171,Open-Meteo Historical Weather API,2025-03-01/2025-05-31,29.58,26.1,53.35,1.05,2208,Open-Meteo Air Quality API,2025-03-01/2025-05-31,4,aucun,0,1,très bon séjour.
1054,famille,paris,hiver,appartement,plage,16,4446.77,405.32,pluie,4.95,2.61,35,15.72,90,48.85341,2.3488,Open-Meteo Historical Weather API,2024-12-01/2025-02-28,20.98,17.57,45.01,0.13,2160,Open-Meteo Air Quality API,2024-12-01/2025-02-28,2,bagages,0,1,séjour décevant.
1055,couple,dubaï,été,appartement,business,11,4571.34,1025.53,pluie,35.27,0.0,0,22.79,92,25.07725,55.30927,Open-Meteo Historical Weather API,2025-06-01/2025-08-31,128.17,54.13,71.91,2.19,2208,Open-Meteo Air Quality API,2025-06-01/2025-08-31,2,annulation,1,1,séjour décevant.
1056,solo,rome,automne,hôtel,business,3,3461.95,384.01,pluie,17.21,4.01,24,12.75,91,41.89193,12.51133,Open-Meteo Historical Weather API,2025-09-01/2025-11-30,13.51,9.22,34.28,0.79,2184,Open-Meteo Air Quality API,2025-09-01/2025-11-30,3,aucun,0,1,séjour correct mais perfectible.
1057,senior,bali,printemps,appartement,randonnée,17,3876.5,1094.16,ensoleillé,26.99,6.49,65,13.72,92,-8.65,115.21667,Open-Meteo Historical Weather API,2025-03-01/2025-05-31,12.14,10.4,31.68,2.19,2208,Open-Meteo Air Quality API,2025-03-01/2025-05-31,3,aucun,0,1,séjour correct mais perfectible.
1058,famille,sydney,printemps,appartement,gastronomie,15,7172.94,1169.6,variable,19.13,4.44,49,17.74,92,-33.86785,151.20732,Open-Meteo Historical Weather API,2025-03-01/2025-05-31,11.25,9.25,31.84,1.01,2208,Open-Meteo Air Quality API,2025-03-01/2025-05-31,3,aucun,0,1,séjour correct mais perfectible.
1059,solo,dubaï,été,hôtel,plage,16,5011.37,739.19,nuageux,35.27,0.0,0,22.79,92,25.07725,55.30927,Open-Meteo Historical Weather API,2025-06-01/2025-08-31,128.17,54.13,71.91,2.19,2208,Open-Meteo Air Quality API,2025-06-01/2025-08-31,2,aucun,0,1,séjour décevant.
1060,business,bali,hiver,appartement,business,6,5456.82,1372.52,variable,26.28,11.89,84,14.7,90,-8.65,115.21667,Open-Meteo Historical Weather API,2024-12-01/2025-02-28,12.8,11.67,33.02,1.96,2160,Open-Meteo Air Quality API,2024-12-01/2025-02-28,3,annulation,0,1,séjour correct mais perfectible.
1061,senior,bali,automne,hôtel,randonnée,19,5253.05,1195.2,nuageux,26.3,6.82,61,14.71,91,-8.65,115.21667,Open-Meteo Historical Weather API,2025-09-01/2025-11-30,14.48,11.69,32.66,2.5,2184,Open-Meteo Air Quality API,2025-09-01/2025-11-30,2,aucun,0,1,séjour décevant.
1062,solo,paris,printemps,hôtel,randonnée,6,5008.33,335.56,nuageux,12.44,1.18,26,14.07,92,48.85341,2.3488,Open-Meteo Historical Weather API,2025-03-01/2025-05-31,15.06,12.04,38.85,0.97,2208,Open-Meteo Air Quality API,2025-03-01/2025-05-31,3,aucun,0,1,séjour correct mais perfectible.
1063,couple,dubaï,hiver,appartement,gastronomie,13,5325.46,1034.85,pluie,20.21,0.09,2,19.57,90,25.07725,55.30927,Open-Meteo Historical Weather API,2024-12-01/2025-02-28,59.55,32.47,55.0,1.03,2160,Open-Meteo Air Quality API,2024-12-01/2025-02-28,3,aucun,0,1,séjour correct mais perfectible.
1064,solo,paris,hiver,hôtel,randonnée,13,3447.78,259.63,pluie,4.95,2.61,35,15.72,90,48.85341,2.3488,Open-Meteo Historical Weather API,2024-12-01/2025-02-28,20.98,17.57,45.01,0.13,2160,Open-Meteo Air Quality API,2024-12-01/2025-02-28,2,aucun,0,1,séjour décevant.
1065,couple,paris,automne,hôtel,culture,7,4999.66,384.52,ensoleillé,12.33,2.12,33,16.01,91,48.85341,2.3488,Open-Meteo Historical Weather API,2025-09-01/2025-11-30,12.19,8.6,34.88,0.44,2184,Open-Meteo Air Quality API,2025-09-01/2025-11-30,4,bagages,1,1,très bon séjour.
1066,senior,bali,printemps,hôtel,business,10,6478.88,932.86,ensoleillé,26.99,6.49,65,13.72,92,-8.65,115.21667,Open-Meteo Historical Weather API,2025-03-01/2025-05-31,12.14,10.4,31.68,2.19,2208,Open-Meteo Air Quality API,2025-03-01/2025-05-31,4,aucun,0,1,très bon séjour.
1067,couple,paris,été,appartement,business,3,3294.15,401.3,nuageux,21.05,2.58,30,14.41,92,48.85341,2.3488,Open-Meteo Historical Weather API,2025-06-01/2025-08-31,10.28,6.83,31.49,1.5,2208,Open-Meteo Air Quality API,2025-06-01/2025-08-31,3,aucun,0,1,séjour correct mais perfectible.
1068,business,rome,hiver,resort,gastronomie,11,7350.23,462.04,variable,9.23,2.57,28,13.79,90,41.89193,12.51133,Open-Meteo Historical Weather API,2024-12-01/2025-02-28,20.56,17.01,40.29,0.27,2160,Open-Meteo Air Quality API,2024-12-01/2025-02-28,3,aucun,0,1,séjour correct mais perfectible.
1069,famille,tokyo,hiver,appartement,plage,15,7570.15,1209.63,ensoleillé,6.08,0.56,8,14.28,90,35.6895,139.69171,Open-Meteo Historical Weather API,2024-12-01/2025-02-28,31.02,30.0,55.43,0.51,2160,Open-Meteo Air Quality API,2024-12-01/2025-02-28,3,aucun,0,1,séjour correct mais perfectible.
1070,couple,tokyo,automne,appartement,business,8,3779.68,1000.64,ensoleillé,18.79,4.52,34,12.27,91,35.6895,139.69171,Open-Meteo Historical Weather API,2025-09-01/2025-11-30,28.46,27.24,54.08,0.85,2184,Open-Meteo Air Quality API,2025-09-01/2025-11-30,3,aucun,0,1,séjour correct mais perfectible.
1071,senior,lisbonne,hiver,resort,randonnée,13,5962.5,354.9,nuageux,12.63,2.92,26,17.53,90,38.72509,-9.1498,Open-Meteo Historical Weather API,2024-12-01/2025-02-28,19.66,13.91,36.49,0.38,2160,Open-Meteo Air Quality API,2024-12-01/2025-02-28,3,aucun,0,1,séjour correct mais perfectible.
1072,solo,sydney,hiver,villa,business,21,11312.06,1234.69,nuageux,22.44,3.42,39,20.67,90,-33.86785,151.20732,Open-Meteo Historical Weather API,2024-12-01/2025-02-28,12.57,9.86,34.15,2.24,2160,Open-Meteo Air Quality API,2024-12-01/2025-02-28,4,aucun,0,1,très bon séjour.
1073,couple,new york,été,appartement,randonnée,7,4864.16,808.03,ensoleillé,24.52,2.28,32,14.21,92,40.71427,-74.00597,Open-Meteo Historical Weather API,2025-06-01/2025-08-31,18.13,17.43,51.89,1.61,2208,Open-Meteo Air Quality API,2025-06-01/2025-08-31,4,aucun,0,1,très bon séjour.
1074,senior,rome,automne,hôtel,gastronomie,8,3076.28,501.22,nuageux,17.21,4.01,24,12.75,91,41.89193,12.51133,Open-Meteo Historical Weather API,2025-09-01/2025-11-30,13.51,9.22,34.28,0.79,2184,Open-Meteo Air Quality API,2025-09-01/2025-11-30,4,aucun,0,1,très bon séjour.
1075,senior,tokyo,printemps,villa,gastronomie,5,10994.24,1103.17,nuageux,14.52,6.04,44,15.33,92,35.6895,139.69171,Open-Meteo Historical Weather API,2025-03-01/2025-05-31,29.58,26.1,53.35,1.05,2208,Open-Meteo Air Quality API,2025-03-01/2025-05-31,4,aucun,0,1,très bon séjour.
1076,couple,new york,hiver,resort,gastronomie,13,6176.79,916.58,nuageux,-0.0,2.34,32,16.49,90,40.71427,-74.00597,Open-Meteo Historical Weather API,2024-12-01/2025-02-28,14.23,13.56,43.36,0.34,2160,Open-Meteo Air Quality API,2024-12-01/2025-02-28,3,aucun,0,1,séjour correct mais perfectible.
1077,solo,sydney,automne,hôtel,plage,6,7676.04,1283.73,nuageux,19.17,1.74,22,21.07,91,-33.86785,151.20732,Open-Meteo Historical Weather API,2025-09-01/2025-11-30,10.98,9.17,34.45,1.63,2184,Open-Meteo Air Quality API,2025-09-01/2025-11-30,4,aucun,0,1,très bon séjour.
1078,couple,rome,été,hôtel,gastronomie,19,3856.84,512.56,variable,27.22,1.32,16,14.95,92,41.89193,12.51133,Open-Meteo Historical Weather API,2025-06-01/2025-08-31,15.45,9.67,40.74,2.01,2208,Open-Meteo Air Quality API,2025-06-01/2025-08-31,2,météo,0,1,séjour décevant.
1079,solo,rome,automne,resort,gastronomie,8,5250.81,545.22,nuageux,17.21,4.01,24,12.75,91,41.89193,12.51133,Open-Meteo Historical Weather API,2025-09-01/2025-11-30,13.51,9.22,34.28,0.79,2184,Open-Meteo Air Quality API,2025-09-01/2025-11-30,4,aucun,0,1,très bon séjour.
1080,couple,lisbonne,été,hôtel,business,15,2947.07,530.87,nuageux,23.39,0.06,1,17.22,92,38.72509,-9.1498,Open-Meteo Historical Weather API,2025-06-01/2025-08-31,19.54,10.92,32.89,2.16,2208,Open-Meteo Air Quality API,2025-06-01/2025-08-31,2,aucun,0,1,séjour décevant.
1081,famille,lisbonne,été,resort,gastronomie,6,5047.26,562.59,ensoleillé,23.39,0.06,1,17.22,92,38.72509,-9.1498,Open-Meteo Historical Weather API,2025-06-01/2025-08-31,19.54,10.92,32.89,2.16,2208,Open-Meteo Air Quality API,2025-06-01/2025-08-31,4,aucun,0,1,très bon séjour.
1082,senior,dubaï,printemps,hôtel,business,9,8260.96,746.95,pluie,28.3,0.01,0,22.56,92,25.07725,55.30927,Open-Meteo Historical Weather API,2025-03-01/2025-05-31,70.72,36.99,63.06,2.2,2208,Open-Meteo Air Quality API,2025-03-01/2025-05-31,2,aucun,0,1,séjour décevant.
1083,senior,tokyo,printemps,resort,randonnée,6,8383.21,1305.65,pluie,14.52,6.04,44,15.33,92,35.6895,139.69171,Open-Meteo Historical Weather API,2025-03-01/2025-05-31,29.58,26.1,53.35,1.05,2208,Open-Meteo Air Quality API,2025-03-01/2025-05-31,3,retard_vol,0,1,séjour correct mais perfectible.
1084,business,new york,été,hôtel,randonnée,13,9538.74,927.88,ensoleillé,24.52,2.28,32,14.21,92,40.71427,-74.00597,Open-Meteo Historical Weather API,2025-06-01/2025-08-31,18.13,17.43,51.89,1.61,2208,Open-Meteo Air Quality API,2025-06-01/2025-08-31,3,aucun,0,1,séjour correct mais perfectible.
1085,senior,new york,été,appartement,plage,3,6957.07,966.74,nuageux,24.52,2.28,32,14.21,92,40.71427,-74.00597,Open-Meteo Historical Weather API,2025-06-01/2025-08-31,18.13,17.43,51.89,1.61,2208,Open-Meteo Air Quality API,2025-06-01/2025-08-31,4,aucun,0,1,très bon séjour.
1086,business,dubaï,automne,hôtel,culture,4,7460.19,850.58,pluie,29.44,0.0,0,20.09,91,25.07725,55.30927,Open-Meteo Historical Weather API,2025-09-01/2025-11-30,80.53,41.8,60.89,1.56,2184,Open-Meteo Air Quality API,2025-09-01/2025-11-30,3,aucun,0,1,séjour correct mais perfectible.
1087,business,bali,été,hôtel,plage,12,5598.73,1563.01,ensoleillé,25.53,3.21,49,18.92,92,-8.65,115.21667,Open-Meteo Historical Weather API,2025-06-01/2025-08-31,13.38,9.86,30.22,1.86,2208,Open-Meteo Air Quality API,2025-06-01/2025-08-31,3,aucun,0,1,séjour correct mais perfectible.
1088,business,rome,printemps,resort,randonnée,13,4562.59,426.47,pluie,15.22,3.55,32,13.85,92,41.89193,12.51133,Open-Meteo Historical Weather API,2025-03-01/2025-05-31,15.93,11.65,37.47,1.19,2208,Open-Meteo Air Quality API,2025-03-01/2025-05-31,3,aucun,0,1,séjour correct mais perfectible.
1089,couple,rome,printemps,resort,business,9,6064.91,365.25,ensoleillé,15.22,3.55,32,13.85,92,41.89193,12.51133,Open-Meteo Historical Weather API,2025-03-01/2025-05-31,15.93,11.65,37.47,1.19,2208,Open-Meteo Air Quality API,2025-03-01/2025-05-31,4,aucun,0,1,très bon séjour.
1090,couple,lisbonne,été,resort,culture,11,4884.89,431.94,ensoleillé,23.39,0.06,1,17.22,92,38.72509,-9.1498,Open-Meteo Historical Weather API,2025-06-01/2025-08-31,19.54,10.92,32.89,2.16,2208,Open-Meteo Air Quality API,2025-06-01/2025-08-31,5,aucun,0,1,excellent séjour.
1091,famille,tokyo,printemps,resort,gastronomie,10,13476.71,920.56,variable,14.52,6.04,44,15.33,92,35.6895,139.69171,Open-Meteo Historical Weather API,2025-03-01/2025-05-31,29.58,26.1,53.35,1.05,2208,Open-Meteo Air Quality API,2025-03-01/2025-05-31,3,aucun,0,1,séjour correct mais perfectible.
1092,solo,bali,été,hôtel,business,17,4194.87,1778.23,ensoleillé,25.53,3.21,49,18.92,92,-8.65,115.21667,Open-Meteo Historical Weather API,2025-06-01/2025-08-31,13.38,9.86,30.22,1.86,2208,Open-Meteo Air Quality API,2025-06-01/2025-08-31,2,météo,1,0,séjour décevant.
1093,couple,bali,été,appartement,culture,11,3483.75,1542.65,ensoleillé,25.53,3.21,49,18.92,92,-8.65,115.21667,Open-Meteo Historical Weather API,2025-06-01/2025-08-31,13.38,9.86,30.22,1.86,2208,Open-Meteo Air Quality API,2025-06-01/2025-08-31,2,aucun,0,0,séjour décevant.
1094,couple,bali,hiver,resort,business,19,3738.56,991.45,ensoleillé,26.28,11.89,84,14.7,90,-8.65,115.21667,Open-Meteo Historical Weather API,2024-12-01/2025-02-28,12.8,11.67,33.02,1.96,2160,Open-Meteo Air Quality API,2024-12-01/2025-02-28,3,bagages,0,1,séjour correct mais perfectible.
1095,solo,dubaï,été,hôtel,culture,7,7985.14,670.63,variable,35.27,0.0,0,22.79,92,25.07725,55.30927,Open-Meteo Historical Weather API,2025-06-01/2025-08-31,128.17,54.13,71.91,2.19,2208,Open-Meteo Air Quality API,2025-06-01/2025-08-31,2,aucun,0,1,séjour décevant.
1096,couple,dubaï,été,appartement,gastronomie,6,6222.39,710.28,ensoleillé,35.27,0.0,0,22.79,92,25.07725,55.30927,Open-Meteo Historical Weather API,2025-06-01/2025-08-31,128.17,54.13,71.91,2.19,2208,Open-Meteo Air Quality API,2025-06-01/2025-08-31,3,aucun,0,1,séjour correct mais perfectible.
1097,famille,rome,automne,appartement,plage,10,4176.93,404.74,ensoleillé,17.21,4.01,24,12.75,91,41.89193,12.51133,Open-Meteo Historical Weather API,2025-09-01/2025-11-30,13.51,9.22,34.28,0.79,2184,Open-Meteo Air Quality API,2025-09-01/2025-11-30,3,aucun,0,1,séjour correct mais perfectible.
1098,business,paris,printemps,resort,randonnée,4,8623.07,339.5,nuageux,12.44,1.18,26,14.07,92,48.85341,2.3488,Open-Meteo Historical Weather API,2025-03-01/2025-05-31,15.06,12.04,38.85,0.97,2208,Open-Meteo Air Quality API,2025-03-01/2025-05-31,3,aucun,0,1,séjour correct mais perfectible.
1099,senior,rome,été,resort,culture,15,3498.32,637.53,nuageux,27.22,1.32,16,14.95,92,41.89193,12.51133,Open-Meteo Historical Weather API,2025-06-01/2025-08-31,15.45,9.67,40.74,2.01,2208,Open-Meteo Air Quality API,2025-06-01/2025-08-31,4,aucun,0,1,très bon séjour.
1100,famille,sydney,printemps,hôtel,randonnée,10,7780.96,1073.84,nuageux,19.13,4.44,49,17.74,92,-33.86785,151.20732,Open-Meteo Historical Weather API,2025-03-01/2025-05-31,11.25,9.25,31.84,1.01,2208,Open-Meteo Air Quality API,2025-03-01/2025-05-31,3,aucun,0,1,séjour correct mais perfectible.
1101,famille,bali,été,resort,culture,9,12330.73,1916.24,variable,25.53,3.21,49,18.92,92,-8.65,115.21667,Open-Meteo Historical Weather API,2025-06-01/2025-08-31,13.38,9.86,30.22,1.86,2208,Open-Meteo Air Quality API,2025-06-01/2025-08-31,4,aucun,0,1,très bon séjour.
1102,couple,sydney,hiver,hôtel,plage,13,9387.66,1079.27,ensoleillé,22.44,3.42,39,20.67,90,-33.86785,151.20732,Open-Meteo Historical Weather API,2024-12-01/2025-02-28,12.57,9.86,34.15,2.24,2160,Open-Meteo Air Quality API,2024-12-01/2025-02-28,4,aucun,0,1,très bon séjour.
1103,business,tokyo,automne,hôtel,plage,4,7904.08,783.69,nuageux,18.79,4.52,34,12.27,91,35.6895,139.69171,Open-Meteo Historical Weather API,2025-09-01/2025-11-30,28.46,27.24,54.08,0.85,2184,Open-Meteo Air Quality API,2025-09-01/2025-11-30,3,retard_vol,0,1,séjour correct mais perfectible.
1104,business,new york,automne,villa,randonnée,10,9527.81,1108.31,nuageux,13.97,3.07,25,15.38,91,40.71427,-74.00597,Open-Meteo Historical Weather API,2025-09-01/2025-11-30,11.7,11.28,42.27,0.76,2184,Open-Meteo Air Quality API,2025-09-01/2025-11-30,3,aucun,0,1,séjour correct mais perfectible.
1105,famille,lisbonne,été,appartement,randonnée,21,3009.65,555.04,ensoleillé,23.39,0.06,1,17.22,92,38.72509,-9.1498,Open-Meteo Historical Weather API,2025-06-01/2025-08-31,19.54,10.92,32.89,2.16,2208,Open-Meteo Air Quality API,2025-06-01/2025-08-31,3,aucun,0,1,séjour correct mais perfectible.
1106,business,lisbonne,été,hôtel,business,14,4187.72,433.68,variable,23.39,0.06,1,17.22,92,38.72509,-9.1498,Open-Meteo Historical Weather API,2025-06-01/2025-08-31,19.54,10.92,32.89,2.16,2208,Open-Meteo Air Quality API,2025-06-01/2025-08-31,3,aucun,0,1,séjour correct mais perfectible.
1107,famille,rome,hiver,hôtel,randonnée,13,7174.27,480.89,pluie,9.23,2.57,28,13.79,90,41.89193,12.51133,Open-Meteo Historical Weather API,2024-12-01/2025-02-28,20.56,17.01,40.29,0.27,2160,Open-Meteo Air Quality API,2024-12-01/2025-02-28,3,aucun,0,1,séjour correct mais perfectible.
1108,couple,new york,été,appartement,gastronomie,12,5659.46,1076.4,ensoleillé,24.52,2.28,32,14.21,92,40.71427,-74.00597,Open-Meteo Historical Weather API,2025-06-01/2025-08-31,18.13,17.43,51.89,1.61,2208,Open-Meteo Air Quality API,2025-06-01/2025-08-31,4,bagages,1,1,très bon séjour.
1109,senior,lisbonne,printemps,hôtel,gastronomie,11,2524.98,389.35,ensoleillé,15.64,3.53,41,19.08,92,38.72509,-9.1498,Open-Meteo Historical Weather API,2025-03-01/2025-05-31,15.2,9.48,34.11,1.3,2208,Open-Meteo Air Quality API,2025-03-01/2025-05-31,3,aucun,0,1,séjour correct mais perfectible.
1110,famille,lisbonne,été,hôtel,randonnée,20,4086.62,343.76,ensoleillé,23.39,0.06,1,17.22,92,38.72509,-9.1498,Open-Meteo Historical Weather API,2025-06-01/2025-08-31,19.54,10.92,32.89,2.16,2208,Open-Meteo Air Quality API,2025-06-01/2025-08-31,2,aucun,0,1,séjour décevant.
1111,famille,paris,hiver,hôtel,business,20,6327.76,193.64,variable,4.95,2.61,35,15.72,90,48.85341,2.3488,Open-Meteo Historical Weather API,2024-12-01/2025-02-28,20.98,17.57,45.01,0.13,2160,Open-Meteo Air Quality API,2024-12-01/2025-02-28,2,météo,0,1,séjour décevant.
1112,couple,sydney,été,appartement,culture,10,4829.71,1300.75,ensoleillé,12.22,4.06,27,18.74,92,-33.86785,151.20732,Open-Meteo Historical Weather API,2025-06-01/2025-08-31,10.19,9.26,31.56,0.49,2208,Open-Meteo Air Quality API,2025-06-01/2025-08-31,4,aucun,0,1,très bon séjour.
1113,solo,dubaï,printemps,resort,plage,20,6661.48,928.84,variable,28.3,0.01,0,22.56,92,25.07725,55.30927,Open-Meteo Historical Weather API,2025-03-01/2025-05-31,70.72,36.99,63.06,2.2,2208,Open-Meteo Air Quality API,2025-03-01/2025-05-31,3,aucun,0,1,séjour correct mais perfectible.
1114,senior,bali,été,hôtel,randonnée,4,7456.51,1810.2,ensoleillé,25.53,3.21,49,18.92,92,-8.65,115.21667,Open-Meteo Historical Weather API,2025-06-01/2025-08-31,13.38,9.86,30.22,1.86,2208,Open-Meteo Air Quality API,2025-06-01/2025-08-31,3,aucun,0,1,séjour correct mais perfectible.
1115,senior,new york,été,hôtel,plage,9,7048.67,955.73,variable,24.52,2.28,32,14.21,92,40.71427,-74.00597,Open-Meteo Historical Weather API,2025-06-01/2025-08-31,18.13,17.43,51.89,1.61,2208,Open-Meteo Air Quality API,2025-06-01/2025-08-31,3,aucun,0,1,séjour correct mais perfectible.
1116,famille,dubaï,printemps,resort,randonnée,8,8060.91,579.3,pluie,28.3,0.01,0,22.56,92,25.07725,55.30927,Open-Meteo Historical Weather API,2025-03-01/2025-05-31,70.72,36.99,63.06,2.2,2208,Open-Meteo Air Quality API,2025-03-01/2025-05-31,3,aucun,0,1,séjour correct mais perfectible.
1117,famille,new york,printemps,resort,culture,16,9145.76,892.55,ensoleillé,12.04,4.75,36,17.46,92,40.71427,-74.00597,Open-Meteo Historical Weather API,2025-03-01/2025-05-31,11.88,11.05,41.24,1.07,2208,Open-Meteo Air Quality API,2025-03-01/2025-05-31,4,aucun,0,1,très bon séjour.
1118,business,new york,automne,appartement,business,14,4686.71,917.16,ensoleillé,13.97,3.07,25,15.38,91,40.71427,-74.00597,Open-Meteo Historical Weather API,2025-09-01/2025-11-30,11.7,11.28,42.27,0.76,2184,Open-Meteo Air Quality API,2025-09-01/2025-11-30,3,bagages,1,1,séjour correct mais perfectible.
1119,couple,bali,été,hôtel,gastronomie,11,6017.45,1503.73,nuageux,25.53,3.21,49,18.92,92,-8.65,115.21667,Open-Meteo Historical Weather API,2025-06-01/2025-08-31,13.38,9.86,30.22,1.86,2208,Open-Meteo Air Quality API,2025-06-01/2025-08-31,4,retard_vol,0,1,très bon séjour.
1120,senior,new york,hiver,appartement,plage,7,5992.28,463.36,ensoleillé,-0.0,2.34,32,16.49,90,40.71427,-74.00597,Open-Meteo Historical Weather API,2024-12-01/2025-02-28,14.23,13.56,43.36,0.34,2160,Open-Meteo Air Quality API,2024-12-01/2025-02-28,3,aucun,0,1,séjour correct mais perfectible.
1121,solo,new york,printemps,villa,plage,12,6034.04,1333.14,ensoleillé,12.04,4.75,36,17.46,92,40.71427,-74.00597,Open-Meteo Historical Weather API,2025-03-01/2025-05-31,11.88,11.05,41.24,1.07,2208,Open-Meteo Air Quality API,2025-03-01/2025-05-31,4,aucun,0,1,très bon séjour.
1122,famille,tokyo,printemps,resort,gastronomie,8,15587.07,1264.04,pluie,14.52,6.04,44,15.33,92,35.6895,139.69171,Open-Meteo Historical Weather API,2025-03-01/2025-05-31,29.58,26.1,53.35,1.05,2208,Open-Meteo Air Quality API,2025-03-01/2025-05-31,3,aucun,0,1,séjour correct mais perfectible.
1123,business,new york,été,hôtel,randonnée,12,10568.71,967.28,variable,24.52,2.28,32,14.21,92,40.71427,-74.00597,Open-Meteo Historical Weather API,2025-06-01/2025-08-31,18.13,17.43,51.89,1.61,2208,Open-Meteo Air Quality API,2025-06-01/2025-08-31,3,météo,1,1,séjour correct mais perfectible.
1124,famille,new york,été,appartement,gastronomie,9,4111.71,873.29,nuageux,24.52,2.28,32,14.21,92,40.71427,-74.00597,Open-Meteo Historical Weather API,2025-06-01/2025-08-31,18.13,17.43,51.89,1.61,2208,Open-Meteo Air Quality API,2025-06-01/2025-08-31,3,aucun,0,1,séjour correct mais perfectible.
1125,couple,paris,hiver,hôtel,plage,19,3172.53,412.2,variable,4.95,2.61,35,15.72,90,48.85341,2.3488,Open-Meteo Historical Weather API,2024-12-01/2025-02-28,20.98,17.57,45.01,0.13,2160,Open-Meteo Air Quality API,2024-12-01/2025-02-28,2,aucun,0,1,séjour décevant.
1126,solo,dubaï,été,hôtel,randonnée,17,3836.09,899.66,ensoleillé,35.27,0.0,0,22.79,92,25.07725,55.30927,Open-Meteo Historical Weather API,2025-06-01/2025-08-31,128.17,54.13,71.91,2.19,2208,Open-Meteo Air Quality API,2025-06-01/2025-08-31,3,aucun,0,1,séjour correct mais perfectible.
1127,solo,dubaï,été,hôtel,gastronomie,6,6590.51,839.7,nuageux,35.27,0.0,0,22.79,92,25.07725,55.30927,Open-Meteo Historical Weather API,2025-06-01/2025-08-31,128.17,54.13,71.91,2.19,2208,Open-Meteo Air Quality API,2025-06-01/2025-08-31,3,aucun,0,1,séjour correct mais perfectible.
1128,business,rome,été,villa,randonnée,20,9321.35,574.81,ensoleillé,27.22,1.32,16,14.95,92,41.89193,12.51133,Open-Meteo Historical Weather API,2025-06-01/2025-08-31,15.45,9.67,40.74,2.01,2208,Open-Meteo Air Quality API,2025-06-01/2025-08-31,3,aucun,0,1,séjour correct mais perfectible.
1129,solo,lisbonne,hiver,hôtel,randonnée,15,3517.91,372.29,pluie,12.63,2.92,26,17.53,90,38.72509,-9.1498,Open-Meteo Historical Weather API,2024-12-01/2025-02-28,19.66,13.91,36.49,0.38,2160,Open-Meteo Air Quality API,2024-12-01/2025-02-28,3,aucun,0,1,séjour correct mais perfectible.
1130,senior,dubaï,printemps,appartement,randonnée,9,5309.1,750.63,nuageux,28.3,0.01,0,22.56,92,25.07725,55.30927,Open-Meteo Historical Weather API,2025-03-01/2025-05-31,70.72,36.99,63.06,2.2,2208,Open-Meteo Air Quality API,2025-03-01/2025-05-31,3,aucun,0,1,séjour correct mais perfectible.
1131,senior,lisbonne,printemps,resort,plage,13,4077.98,429.68,nuageux,15.64,3.53,41,19.08,92,38.72509,-9.1498,Open-Meteo Historical Weather API,2025-03-01/2025-05-31,15.2,9.48,34.11,1.3,2208,Open-Meteo Air Quality API,2025-03-01/2025-05-31,3,aucun,0,1,séjour correct mais perfectible.
1132,solo,sydney,hiver,resort,randonnée,6,5354.54,1380.34,variable,22.44,3.42,39,20.67,90,-33.86785,151.20732,Open-Meteo Historical Weather API,2024-12-01/2025-02-28,12.57,9.86,34.15,2.24,2160,Open-Meteo Air Quality API,2024-12-01/2025-02-28,4,aucun,0,1,très bon séjour.
1133,famille,sydney,printemps,hôtel,randonnée,3,10155.45,1368.08,nuageux,19.13,4.44,49,17.74,92,-33.86785,151.20732,Open-Meteo Historical Weather API,2025-03-01/2025-05-31,11.25,9.25,31.84,1.01,2208,Open-Meteo Air Quality API,2025-03-01/2025-05-31,4,aucun,0,1,très bon séjour.
1134,business,sydney,hiver,resort,business,10,12259.55,1625.93,pluie,22.44,3.42,39,20.67,90,-33.86785,151.20732,Open-Meteo Historical Weather API,2024-12-01/2025-02-28,12.57,9.86,34.15,2.24,2160,Open-Meteo Air Quality API,2024-12-01/2025-02-28,3,bagages,0,1,séjour correct mais perfectible.
1135,senior,paris,hiver,hôtel,business,17,4684.96,249.38,nuageux,4.95,2.61,35,15.72,90,48.85341,2.3488,Open-Meteo Historical Weather API,2024-12-01/2025-02-28,20.98,17.57,45.01,0.13,2160,Open-Meteo Air Quality API,2024-12-01/2025-02-28,2,aucun,0,1,séjour décevant.
1136,couple,bali,été,resort,gastronomie,9,10508.78,1162.11,ensoleillé,25.53,3.21,49,18.92,92,-8.65,115.21667,Open-Meteo Historical Weather API,2025-06-01/2025-08-31,13.38,9.86,30.22,1.86,2208,Open-Meteo Air Quality API,2025-06-01/2025-08-31,5,aucun,0,1,excellent séjour.
1137,couple,new york,printemps,hôtel,randonnée,10,6999.87,854.06,ensoleillé,12.04,4.75,36,17.46,92,40.71427,-74.00597,Open-Meteo Historical Weather API,2025-03-01/2025-05-31,11.88,11.05,41.24,1.07,2208,Open-Meteo Air Quality API,2025-03-01/2025-05-31,3,aucun,0,1,séjour correct mais perfectible.
1138,couple,sydney,été,hôtel,gastronomie,21,10601.09,1332.47,variable,12.22,4.06,27,18.74,92,-33.86785,151.20732,Open-Meteo Historical Weather API,2025-06-01/2025-08-31,10.19,9.26,31.56,0.49,2208,Open-Meteo Air Quality API,2025-06-01/2025-08-31,3,annulation,0,1,séjour correct mais perfectible.
1139,famille,rome,hiver,resort,culture,21,4021.67,417.92,nuageux,9.23,2.57,28,13.79,90,41.89193,12.51133,Open-Meteo Historical Weather API,2024-12-01/2025-02-28,20.56,17.01,40.29,0.27,2160,Open-Meteo Air Quality API,2024-12-01/2025-02-28,3,bagages,0,1,séjour correct mais perfectible.
1140,solo,lisbonne,été,hôtel,randonnée,11,4124.87,552.34,nuageux,23.39,0.06,1,17.22,92,38.72509,-9.1498,Open-Meteo Historical Weather API,2025-06-01/2025-08-31,19.54,10.92,32.89,2.16,2208,Open-Meteo Air Quality API,2025-06-01/2025-08-31,3,aucun,0,1,séjour correct mais perfectible.
1141,couple,rome,printemps,hôtel,culture,3,3946.89,437.93,nuageux,15.22,3.55,32,13.85,92,41.89193,12.51133,Open-Meteo Historical Weather API,2025-03-01/2025-05-31,15.93,11.65,37.47,1.19,2208,Open-Meteo Air Quality API,2025-03-01/2025-05-31,3,retard_vol,1,1,séjour correct mais perfectible.
1142,business,sydney,été,villa,business,15,17174.81,1028.92,variable,12.22,4.06,27,18.74,92,-33.86785,151.20732,Open-Meteo Historical Weather API,2025-06-01/2025-08-31,10.19,9.26,31.56,0.49,2208,Open-Meteo Air Quality API,2025-06-01/2025-08-31,3,aucun,0,1,séjour correct mais perfectible.
1143,business,dubaï,été,hôtel,gastronomie,16,10119.93,763.06,nuageux,35.27,0.0,0,22.79,92,25.07725,55.30927,Open-Meteo Historical Weather API,2025-06-01/2025-08-31,128.17,54.13,71.91,2.19,2208,Open-Meteo Air Quality API,2025-06-01/2025-08-31,3,aucun,0,1,séjour correct mais perfectible.
1144,business,rome,printemps,hôtel,plage,20,4786.88,454.71,ensoleillé,15.22,3.55,32,13.85,92,41.89193,12.51133,Open-Meteo Historical Weather API,2025-03-01/2025-05-31,15.93,11.65,37.47,1.19,2208,Open-Meteo Air Quality API,2025-03-01/2025-05-31,3,aucun,0,1,séjour correct mais perfectible.
1145,couple,rome,été,hôtel,plage,21,5074.8,534.79,ensoleillé,27.22,1.32,16,14.95,92,41.89193,12.51133,Open-Meteo Historical Weather API,2025-06-01/2025-08-31,15.45,9.67,40.74,2.01,2208,Open-Meteo Air Quality API,2025-06-01/2025-08-31,3,aucun,0,1,séjour correct mais perfectible.
1146,couple,lisbonne,printemps,hôtel,business,14,4289.83,418.03,nuageux,15.64,3.53,41,19.08,92,38.72509,-9.1498,Open-Meteo Historical Weather API,2025-03-01/2025-05-31,15.2,9.48,34.11,1.3,2208,Open-Meteo Air Quality API,2025-03-01/2025-05-31,3,aucun,0,1,séjour correct mais perfectible.
1147,business,dubaï,été,appartement,gastronomie,5,5876.46,896.53,ensoleillé,35.27,0.0,0,22.79,92,25.07725,55.30927,Open-Meteo Historical Weather API,2025-06-01/2025-08-31,128.17,54.13,71.91,2.19,2208,Open-Meteo Air Quality API,2025-06-01/2025-08-31,2,aucun,0,1,séjour décevant.
1148,business,bali,hiver,hôtel,randonnée,7,6554.28,1121.26,nuageux,26.28,11.89,84,14.7,90,-8.65,115.21667,Open-Meteo Historical Weather API,2024-12-01/2025-02-28,12.8,11.67,33.02,1.96,2160,Open-Meteo Air Quality API,2024-12-01/2025-02-28,3,aucun,0,1,séjour correct mais perfectible.
1149,couple,lisbonne,printemps,resort,culture,16,4544.85,298.4,ensoleillé,15.64,3.53,41,19.08,92,38.72509,-9.1498,Open-Meteo Historical Weather API,2025-03-01/2025-05-31,15.2,9.48,34.11,1.3,2208,Open-Meteo Air Quality API,2025-03-01/2025-05-31,3,aucun,0,1,séjour correct mais perfectible.
1150,senior,lisbonne,hiver,resort,business,14,4166.38,349.83,ensoleillé,12.63,2.92,26,17.53,90,38.72509,-9.1498,Open-Meteo Historical Weather API,2024-12-01/2025-02-28,19.66,13.91,36.49,0.38,2160,Open-Meteo Air Quality API,2024-12-01/2025-02-28,3,aucun,0,1,séjour correct mais perfectible.
1151,famille,new york,automne,hôtel,gastronomie,11,10817.73,754.72,variable,13.97,3.07,25,15.38,91,40.71427,-74.00597,Open-Meteo Historical Weather API,2025-09-01/2025-11-30,11.7,11.28,42.27,0.76,2184,Open-Meteo Air Quality API,2025-09-01/2025-11-30,3,aucun,0,1,séjour correct mais perfectible.
1152,senior,bali,printemps,villa,randonnée,10,9860.75,1090.98,variable,26.99,6.49,65,13.72,92,-8.65,115.21667,Open-Meteo Historical Weather API,2025-03-01/2025-05-31,12.14,10.4,31.68,2.19,2208,Open-Meteo Air Quality API,2025-03-01/2025-05-31,3,bagages,0,1,séjour correct mais perfectible.
1153,famille,rome,été,villa,business,16,7059.16,597.06,nuageux,27.22,1.32,16,14.95,92,41.89193,12.51133,Open-Meteo Historical Weather API,2025-06-01/2025-08-31,15.45,9.67,40.74,2.01,2208,Open-Meteo Air Quality API,2025-06-01/2025-08-31,4,aucun,0,1,très bon séjour.
1154,famille,sydney,printemps,hôtel,plage,11,10687.37,1394.56,ensoleillé,19.13,4.44,49,17.74,92,-33.86785,151.20732,Open-Meteo Historical Weather API,2025-03-01/2025-05-31,11.25,9.25,31.84,1.01,2208,Open-Meteo Air Quality API,2025-03-01/2025-05-31,4,aucun,0,1,très bon séjour.
1155,solo,bali,printemps,hôtel,business,5,2454.02,1320.57,variable,26.99,6.49,65,13.72,92,-8.65,115.21667,Open-Meteo Historical Weather API,2025-03-01/2025-05-31,12.14,10.4,31.68,2.19,2208,Open-Meteo Air Quality API,2025-03-01/2025-05-31,1,annulation,1,0,très mauvaise expérience.
1156,famille,lisbonne,hiver,hôtel,gastronomie,21,3579.57,353.73,pluie,12.63,2.92,26,17.53,90,38.72509,-9.1498,Open-Meteo Historical Weather API,2024-12-01/2025-02-28,19.66,13.91,36.49,0.38,2160,Open-Meteo Air Quality API,2024-12-01/2025-02-28,2,météo,0,1,séjour décevant.
1157,famille,tokyo,automne,hôtel,plage,9,9293.42,1335.08,variable,18.79,4.52,34,12.27,91,35.6895,139.69171,Open-Meteo Historical Weather API,2025-09-01/2025-11-30,28.46,27.24,54.08,0.85,2184,Open-Meteo Air Quality API,2025-09-01/2025-11-30,4,bagages,0,1,très bon séjour.
1158,famille,tokyo,été,resort,randonnée,8,13605.78,1389.06,ensoleillé,27.71,2.91,31,13.49,92,35.6895,139.69171,Open-Meteo Historical Weather API,2025-06-01/2025-08-31,24.0,22.42,51.6,1.83,2208,Open-Meteo Air Quality API,2025-06-01/2025-08-31,4,aucun,0,1,très bon séjour.
1159,couple,rome,hiver,resort,culture,4,5611.23,459.09,ensoleillé,9.23,2.57,28,13.79,90,41.89193,12.51133,Open-Meteo Historical Weather API,2024-12-01/2025-02-28,20.56,17.01,40.29,0.27,2160,Open-Meteo Air Quality API,2024-12-01/2025-02-28,4,aucun,0,1,très bon séjour.
1160,business,paris,été,resort,culture,11,10731.6,457.85,nuageux,21.05,2.58,30,14.41,92,48.85341,2.3488,Open-Meteo Historical Weather API,2025-06-01/2025-08-31,10.28,6.83,31.49,1.5,2208,Open-Meteo Air Quality API,2025-06-01/2025-08-31,3,météo,0,1,séjour correct mais perfectible.
1161,famille,paris,printemps,hôtel,plage,21,7121.86,307.43,variable,12.44,1.18,26,14.07,92,48.85341,2.3488,Open-Meteo Historical Weather API,2025-03-01/2025-05-31,15.06,12.04,38.85,0.97,2208,Open-Meteo Air Quality API,2025-03-01/2025-05-31,3,annulation,1,1,séjour correct mais perfectible.
1162,solo,sydney,hiver,hôtel,culture,6,5269.72,806.55,ensoleillé,22.44,3.42,39,20.67,90,-33.86785,151.20732,Open-Meteo Historical Weather API,2024-12-01/2025-02-28,12.57,9.86,34.15,2.24,2160,Open-Meteo Air Quality API,2024-12-01/2025-02-28,4,aucun,0,1,très bon séjour.
1163,business,tokyo,été,villa,business,7,13350.64,1103.69,ensoleillé,27.71,2.91,31,13.49,92,35.6895,139.69171,Open-Meteo Historical Weather API,2025-06-01/2025-08-31,24.0,22.42,51.6,1.83,2208,Open-Meteo Air Quality API,2025-06-01/2025-08-31,4,aucun,0,1,très bon séjour.
1164,famille,sydney,hiver,villa,culture,6,14902.1,1474.9,pluie,22.44,3.42,39,20.67,90,-33.86785,151.20732,Open-Meteo Historical Weather API,2024-12-01/2025-02-28,12.57,9.86,34.15,2.24,2160,Open-Meteo Air Quality API,2024-12-01/2025-02-28,4,aucun,0,1,très bon séjour.
1165,famille,tokyo,hiver,hôtel,culture,4,7877.36,1065.16,variable,6.08,0.56,8,14.28,90,35.6895,139.69171,Open-Meteo Historical Weather API,2024-12-01/2025-02-28,31.02,30.0,55.43,0.51,2160,Open-Meteo Air Quality API,2024-12-01/2025-02-28,3,aucun,0,1,séjour correct mais perfectible.
1166,senior,bali,été,appartement,plage,14,6456.88,1323.58,nuageux,25.53,3.21,49,18.92,92,-8.65,115.21667,Open-Meteo Historical Weather API,2025-06-01/2025-08-31,13.38,9.86,30.22,1.86,2208,Open-Meteo Air Quality API,2025-06-01/2025-08-31,3,aucun,0,1,séjour correct mais perfectible.
1167,business,new york,printemps,resort,culture,8,8505.9,720.28,variable,12.04,4.75,36,17.46,92,40.71427,-74.00597,Open-Meteo Historical Weather API,2025-03-01/2025-05-31,11.88,11.05,41.24,1.07,2208,Open-Meteo Air Quality API,2025-03-01/2025-05-31,3,aucun,0,1,séjour correct mais perfectible.
1168,solo,tokyo,automne,appartement,culture,17,4799.08,680.35,pluie,18.79,4.52,34,12.27,91,35.6895,139.69171,Open-Meteo Historical Weather API,2025-09-01/2025-11-30,28.46,27.24,54.08,0.85,2184,Open-Meteo Air Quality API,2025-09-01/2025-11-30,3,aucun,0,1,séjour correct mais perfectible.
1169,business,bali,été,resort,plage,10,11254.92,1705.03,pluie,25.53,3.21,49,18.92,92,-8.65,115.21667,Open-Meteo Historical Weather API,2025-06-01/2025-08-31,13.38,9.86,30.22,1.86,2208,Open-Meteo Air Quality API,2025-06-01/2025-08-31,4,aucun,0,1,très bon séjour.
1170,famille,dubaï,automne,appartement,randonnée,15,5970.21,673.81,nuageux,29.44,0.0,0,20.09,91,25.07725,55.30927,Open-Meteo Historical Weather API,2025-09-01/2025-11-30,80.53,41.8,60.89,1.56,2184,Open-Meteo Air Quality API,2025-09-01/2025-11-30,3,aucun,0,1,séjour correct mais perfectible.
1171,couple,dubaï,été,hôtel,business,4,5993.96,762.14,ensoleillé,35.27,0.0,0,22.79,92,25.07725,55.30927,Open-Meteo Historical Weather API,2025-06-01/2025-08-31,128.17,54.13,71.91,2.19,2208,Open-Meteo Air Quality API,2025-06-01/2025-08-31,3,aucun,0,1,séjour correct mais perfectible.
1172,business,sydney,automne,hôtel,business,9,10078.44,1142.83,pluie,19.17,1.74,22,21.07,91,-33.86785,151.20732,Open-Meteo Historical Weather API,2025-09-01/2025-11-30,10.98,9.17,34.45,1.63,2184,Open-Meteo Air Quality API,2025-09-01/2025-11-30,4,aucun,0,1,très bon séjour.
1173,couple,dubaï,printemps,villa,plage,10,11621.39,858.07,nuageux,28.3,0.01,0,22.56,92,25.07725,55.30927,Open-Meteo Historical Weather API,2025-03-01/2025-05-31,70.72,36.99,63.06,2.2,2208,Open-Meteo Air Quality API,2025-03-01/2025-05-31,4,aucun,0,1,très bon séjour.
1174,business,bali,été,hôtel,culture,4,6897.76,1572.28,ensoleillé,25.53,3.21,49,18.92,92,-8.65,115.21667,Open-Meteo Historical Weather API,2025-06-01/2025-08-31,13.38,9.86,30.22,1.86,2208,Open-Meteo Air Quality API,2025-06-01/2025-08-31,3,aucun,0,1,séjour correct mais perfectible.
1175,solo,paris,été,hôtel,gastronomie,10,2863.55,341.1,ensoleillé,21.05,2.58,30,14.41,92,48.85341,2.3488,Open-Meteo Historical Weather API,2025-06-01/2025-08-31,10.28,6.83,31.49,1.5,2208,Open-Meteo Air Quality API,2025-06-01/2025-08-31,2,aucun,0,1,séjour décevant.
1176,business,bali,automne,appartement,gastronomie,11,7963.63,1391.06,pluie,26.3,6.82,61,14.71,91,-8.65,115.21667,Open-Meteo Historical Weather API,2025-09-01/2025-11-30,14.48,11.69,32.66,2.5,2184,Open-Meteo Air Quality API,2025-09-01/2025-11-30,3,retard_vol,1,1,séjour correct mais perfectible.
1177,couple,tokyo,hiver,appartement,gastronomie,10,6779.45,1022.58,variable,6.08,0.56,8,14.28,90,35.6895,139.69171,Open-Meteo Historical Weather API,2024-12-01/2025-02-28,31.02,30.0,55.43,0.51,2160,Open-Meteo Air Quality API,2024-12-01/2025-02-28,3,aucun,0,1,séjour correct mais perfectible.
1178,couple,sydney,été,appartement,business,12,8214.9,1365.42,ensoleillé,12.22,4.06,27,18.74,92,-33.86785,151.20732,Open-Meteo Historical Weather API,2025-06-01/2025-08-31,10.19,9.26,31.56,0.49,2208,Open-Meteo Air Quality API,2025-06-01/2025-08-31,3,aucun,0,1,séjour correct mais perfectible.
1179,famille,bali,été,appartement,gastronomie,18,6823.29,1285.28,variable,25.53,3.21,49,18.92,92,-8.65,115.21667,Open-Meteo Historical Weather API,2025-06-01/2025-08-31,13.38,9.86,30.22,1.86,2208,Open-Meteo Air Quality API,2025-06-01/2025-08-31,3,aucun,0,1,séjour correct mais perfectible.
1180,famille,lisbonne,printemps,appartement,gastronomie,17,5022.86,326.42,ensoleillé,15.64,3.53,41,19.08,92,38.72509,-9.1498,Open-Meteo Historical Weather API,2025-03-01/2025-05-31,15.2,9.48,34.11,1.3,2208,Open-Meteo Air Quality API,2025-03-01/2025-05-31,3,aucun,0,1,séjour correct mais perfectible.
1181,business,bali,automne,hôtel,culture,3,9651.03,876.58,ensoleillé,26.3,6.82,61,14.71,91,-8.65,115.21667,Open-Meteo Historical Weather API,2025-09-01/2025-11-30,14.48,11.69,32.66,2.5,2184,Open-Meteo Air Quality API,2025-09-01/2025-11-30,4,aucun,0,1,très bon séjour.
1182,famille,sydney,printemps,resort,gastronomie,15,9909.78,1481.61,ensoleillé,19.13,4.44,49,17.74,92,-33.86785,151.20732,Open-Meteo Historical Weather API,2025-03-01/2025-05-31,11.25,9.25,31.84,1.01,2208,Open-Meteo Air Quality API,2025-03-01/2025-05-31,3,aucun,0,1,séjour correct mais perfectible.
1183,famille,paris,hiver,appartement,business,20,5410.92,336.1,nuageux,4.95,2.61,35,15.72,90,48.85341,2.3488,Open-Meteo Historical Weather API,2024-12-01/2025-02-28,20.98,17.57,45.01,0.13,2160,Open-Meteo Air Quality API,2024-12-01/2025-02-28,2,aucun,0,1,séjour décevant.
1184,famille,lisbonne,été,appartement,randonnée,19,2978.44,498.22,ensoleillé,23.39,0.06,1,17.22,92,38.72509,-9.1498,Open-Meteo Historical Weather API,2025-06-01/2025-08-31,19.54,10.92,32.89,2.16,2208,Open-Meteo Air Quality API,2025-06-01/2025-08-31,3,aucun,0,1,séjour correct mais perfectible.
1185,famille,rome,printemps,hôtel,business,9,4450.96,473.26,nuageux,15.22,3.55,32,13.85,92,41.89193,12.51133,Open-Meteo Historical Weather API,2025-03-01/2025-05-31,15.93,11.65,37.47,1.19,2208,Open-Meteo Air Quality API,2025-03-01/2025-05-31,3,météo,0,1,séjour correct mais perfectible.
1186,business,sydney,hiver,hôtel,culture,17,7064.81,1428.36,pluie,22.44,3.42,39,20.67,90,-33.86785,151.20732,Open-Meteo Historical Weather API,2024-12-01/2025-02-28,12.57,9.86,34.15,2.24,2160,Open-Meteo Air Quality API,2024-12-01/2025-02-28,2,annulation,1,1,séjour décevant.
1187,couple,bali,hiver,appartement,business,18,4763.99,726.48,pluie,26.28,11.89,84,14.7,90,-8.65,115.21667,Open-Meteo Historical Weather API,2024-12-01/2025-02-28,12.8,11.67,33.02,1.96,2160,Open-Meteo Air Quality API,2024-12-01/2025-02-28,2,annulation,0,1,séjour décevant.
1188,senior,paris,hiver,hôtel,randonnée,9,5532.34,295.39,variable,4.95,2.61,35,15.72,90,48.85341,2.3488,Open-Meteo Historical Weather API,2024-12-01/2025-02-28,20.98,17.57,45.01,0.13,2160,Open-Meteo Air Quality API,2024-12-01/2025-02-28,3,aucun,0,1,séjour correct mais perfectible.
1189,famille,lisbonne,été,hôtel,gastronomie,19,4079.87,494.35,variable,23.39,0.06,1,17.22,92,38.72509,-9.1498,Open-Meteo Historical Weather API,2025-06-01/2025-08-31,19.54,10.92,32.89,2.16,2208,Open-Meteo Air Quality API,2025-06-01/2025-08-31,2,aucun,0,1,séjour décevant.
1190,solo,paris,automne,appartement,plage,15,2327.55,269.69,nuageux,12.33,2.12,33,16.01,91,48.85341,2.3488,Open-Meteo Historical Weather API,2025-09-01/2025-11-30,12.19,8.6,34.88,0.44,2184,Open-Meteo Air Quality API,2025-09-01/2025-11-30,2,aucun,0,1,séjour décevant.
1191,couple,bali,été,resort,business,17,5153.25,1448.12,ensoleillé,25.53,3.21,49,18.92,92,-8.65,115.21667,Open-Meteo Historical Weather API,2025-06-01/2025-08-31,13.38,9.86,30.22,1.86,2208,Open-Meteo Air Quality API,2025-06-01/2025-08-31,3,aucun,0,1,séjour correct mais perfectible.
1192,couple,dubaï,hiver,hôtel,business,17,9959.32,524.77,nuageux,20.21,0.09,2,19.57,90,25.07725,55.30927,Open-Meteo Historical Weather API,2024-12-01/2025-02-28,59.55,32.47,55.0,1.03,2160,Open-Meteo Air Quality API,2024-12-01/2025-02-28,3,aucun,0,1,séjour correct mais perfectible.
1193,senior,new york,été,hôtel,randonnée,17,7329.3,1005.97,nuageux,24.52,2.28,32,14.21,92,40.71427,-74.00597,Open-Meteo Historical Weather API,2025-06-01/2025-08-31,18.13,17.43,51.89,1.61,2208,Open-Meteo Air Quality API,2025-06-01/2025-08-31,3,aucun,0,1,séjour correct mais perfectible.
1194,senior,sydney,automne,hôtel,plage,21,6377.71,1676.74,nuageux,19.17,1.74,22,21.07,91,-33.86785,151.20732,Open-Meteo Historical Weather API,2025-09-01/2025-11-30,10.98,9.17,34.45,1.63,2184,Open-Meteo Air Quality API,2025-09-01/2025-11-30,2,aucun,0,1,séjour décevant.
1195,senior,tokyo,été,appartement,culture,19,6521.87,1411.75,nuageux,27.71,2.91,31,13.49,92,35.6895,139.69171,Open-Meteo Historical Weather API,2025-06-01/2025-08-31,24.0,22.42,51.6,1.83,2208,Open-Meteo Air Quality API,2025-06-01/2025-08-31,3,aucun,0,1,séjour correct mais perfectible.
1196,famille,dubaï,printemps,resort,culture,11,14482.84,466.81,nuageux,28.3,0.01,0,22.56,92,25.07725,55.30927,Open-Meteo Historical Weather API,2025-03-01/2025-05-31,70.72,36.99,63.06,2.2,2208,Open-Meteo Air Quality API,2025-03-01/2025-05-31,5,aucun,0,1,excellent séjour.
1197,famille,lisbonne,hiver,hôtel,gastronomie,13,4705.12,438.03,pluie,12.63,2.92,26,17.53,90,38.72509,-9.1498,Open-Meteo Historical Weather API,2024-12-01/2025-02-28,19.66,13.91,36.49,0.38,2160,Open-Meteo Air Quality API,2024-12-01/2025-02-28,2,retard_vol,0,1,séjour décevant.
1198,solo,dubaï,automne,hôtel,plage,15,1893.99,929.6,ensoleillé,29.44,0.0,0,20.09,91,25.07725,55.30927,Open-Meteo Historical Weather API,2025-09-01/2025-11-30,80.53,41.8,60.89,1.56,2184,Open-Meteo Air Quality API,2025-09-01/2025-11-30,1,météo,1,0,très mauvaise expérience.
1199,couple,rome,automne,hôtel,business,19,6809.07,676.56,ensoleillé,17.21,4.01,24,12.75,91,41.89193,12.51133,Open-Meteo Historical Weather API,2025-09-01/2025-11-30,13.51,9.22,34.28,0.79,2184,Open-Meteo Air Quality API,2025-09-01/2025-11-30,3,aucun,0,1,séjour correct mais perfectible.
1200,business,bali,hiver,hôtel,gastronomie,10,4597.03,1248.34,nuageux,26.28,11.89,84,14.7,90,-8.65,115.21667,Open-Meteo Historical Weather API,2024-12-01/2025-02-28,12.8,11.67,33.02,1.96,2160,Open-Meteo Air Quality API,2024-12-01/2025-02-28,4,aucun,0,1,très bon séjour.
1201,solo,tokyo,automne,hôtel,culture,8,5223.99,792.12,variable,18.79,4.52,34,12.27,91,35.6895,139.69171,Open-Meteo Historical Weather API,2025-09-01/2025-11-30,28.46,27.24,54.08,0.85,2184,Open-Meteo Air Quality API,2025-09-01/2025-11-30,4,aucun,0,1,très bon séjour.
1202,solo,lisbonne,hiver,resort,business,17,2432.11,409.73,pluie,12.63,2.92,26,17.53,90,38.72509,-9.1498,Open-Meteo Historical Weather API,2024-12-01/2025-02-28,19.66,13.91,36.49,0.38,2160,Open-Meteo Air Quality API,2024-12-01/2025-02-28,3,aucun,0,1,séjour correct mais perfectible.
1203,business,lisbonne,hiver,hôtel,gastronomie,21,3767.4,489.17,pluie,12.63,2.92,26,17.53,90,38.72509,-9.1498,Open-Meteo Historical Weather API,2024-12-01/2025-02-28,19.66,13.91,36.49,0.38,2160,Open-Meteo Air Quality API,2024-12-01/2025-02-28,2,retard_vol,1,1,séjour décevant.
1204,business,rome,été,hôtel,plage,20,5711.31,513.12,nuageux,27.22,1.32,16,14.95,92,41.89193,12.51133,Open-Meteo Historical Weather API,2025-06-01/2025-08-31,15.45,9.67,40.74,2.01,2208,Open-Meteo Air Quality API,2025-06-01/2025-08-31,2,aucun,0,1,séjour décevant.
1205,famille,paris,été,resort,business,5,4069.2,490.54,ensoleillé,21.05,2.58,30,14.41,92,48.85341,2.3488,Open-Meteo Historical Weather API,2025-06-01/2025-08-31,10.28,6.83,31.49,1.5,2208,Open-Meteo Air Quality API,2025-06-01/2025-08-31,4,aucun,0,1,très bon séjour.
1206,famille,new york,printemps,resort,culture,20,10144.51,721.54,ensoleillé,12.04,4.75,36,17.46,92,40.71427,-74.00597,Open-Meteo Historical Weather API,2025-03-01/2025-05-31,11.88,11.05,41.24,1.07,2208,Open-Meteo Air Quality API,2025-03-01/2025-05-31,3,aucun,0,1,séjour correct mais perfectible.
1207,solo,dubaï,automne,hôtel,business,17,6131.83,746.92,ensoleillé,29.44,0.0,0,20.09,91,25.07725,55.30927,Open-Meteo Historical Weather API,2025-09-01/2025-11-30,80.53,41.8,60.89,1.56,2184,Open-Meteo Air Quality API,2025-09-01/2025-11-30,3,aucun,0,1,séjour correct mais perfectible.
1208,couple,rome,automne,hôtel,culture,5,3502.29,248.34,ensoleillé,17.21,4.01,24,12.75,91,41.89193,12.51133,Open-Meteo Historical Weather API,2025-09-01/2025-11-30,13.51,9.22,34.28,0.79,2184,Open-Meteo Air Quality API,2025-09-01/2025-11-30,4,bagages,1,1,très bon séjour.
1209,couple,bali,hiver,hôtel,business,3,4303.65,953.28,ensoleillé,26.28,11.89,84,14.7,90,-8.65,115.21667,Open-Meteo Historical Weather API,2024-12-01/2025-02-28,12.8,11.67,33.02,1.96,2160,Open-Meteo Air Quality API,2024-12-01/2025-02-28,3,aucun,0,1,séjour correct mais perfectible.
1210,couple,dubaï,été,hôtel,business,6,6591.6,825.09,ensoleillé,35.27,0.0,0,22.79,92,25.07725,55.30927,Open-Meteo Historical Weather API,2025-06-01/2025-08-31,128.17,54.13,71.91,2.19,2208,Open-Meteo Air Quality API,2025-06-01/2025-08-31,3,bagages,0,1,séjour correct mais perfectible.
1211,business,sydney,été,appartement,randonnée,20,7779.37,1433.67,nuageux,12.22,4.06,27,18.74,92,-33.86785,151.20732,Open-Meteo Historical Weather API,2025-06-01/2025-08-31,10.19,9.26,31.56,0.49,2208,Open-Meteo Air Quality API,2025-06-01/2025-08-31,3,aucun,0,1,séjour correct mais perfectible.
1212,business,paris,été,hôtel,plage,17,5648.82,316.31,ensoleillé,21.05,2.58,30,14.41,92,48.85341,2.3488,Open-Meteo Historical Weather API,2025-06-01/2025-08-31,10.28,6.83,31.49,1.5,2208,Open-Meteo Air Quality API,2025-06-01/2025-08-31,3,aucun,0,1,séjour correct mais perfectible.
1213,solo,new york,automne,appartement,plage,13,3139.55,773.55,ensoleillé,13.97,3.07,25,15.38,91,40.71427,-74.00597,Open-Meteo Historical Weather API,2025-09-01/2025-11-30,11.7,11.28,42.27,0.76,2184,Open-Meteo Air Quality API,2025-09-01/2025-11-30,2,retard_vol,1,1,séjour décevant.
1214,couple,rome,été,appartement,culture,14,3928.74,562.51,ensoleillé,27.22,1.32,16,14.95,92,41.89193,12.51133,Open-Meteo Historical Weather API,2025-06-01/2025-08-31,15.45,9.67,40.74,2.01,2208,Open-Meteo Air Quality API,2025-06-01/2025-08-31,4,aucun,0,1,très bon séjour.
1215,couple,rome,hiver,hôtel,randonnée,10,4863.12,443.02,nuageux,9.23,2.57,28,13.79,90,41.89193,12.51133,Open-Meteo Historical Weather API,2024-12-01/2025-02-28,20.56,17.01,40.29,0.27,2160,Open-Meteo Air Quality API,2024-12-01/2025-02-28,2,aucun,0,1,séjour décevant.
1216,solo,rome,hiver,hôtel,gastronomie,20,2370.17,454.94,nuageux,9.23,2.57,28,13.79,90,41.89193,12.51133,Open-Meteo Historical Weather API,2024-12-01/2025-02-28,20.56,17.01,40.29,0.27,2160,Open-Meteo Air Quality API,2024-12-01/2025-02-28,2,aucun,0,1,séjour décevant.
1217,couple,new york,automne,hôtel,culture,5,5731.23,961.99,ensoleillé,13.97,3.07,25,15.38,91,40.71427,-74.00597,Open-Meteo Historical Weather API,2025-09-01/2025-11-30,11.7,11.28,42.27,0.76,2184,Open-Meteo Air Quality API,2025-09-01/2025-11-30,4,aucun,0,1,très bon séjour.
1218,solo,rome,automne,hôtel,gastronomie,8,3188.97,422.2,ensoleillé,17.21,4.01,24,12.75,91,41.89193,12.51133,Open-Meteo Historical Weather API,2025-09-01/2025-11-30,13.51,9.22,34.28,0.79,2184,Open-Meteo Air Quality API,2025-09-01/2025-11-30,3,aucun,0,1,séjour correct mais perfectible.
1219,solo,lisbonne,hiver,resort,plage,6,2552.17,472.97,variable,12.63,2.92,26,17.53,90,38.72509,-9.1498,Open-Meteo Historical Weather API,2024-12-01/2025-02-28,19.66,13.91,36.49,0.38,2160,Open-Meteo Air Quality API,2024-12-01/2025-02-28,3,annulation,1,1,séjour correct mais perfectible.
1220,famille,rome,hiver,hôtel,randonnée,19,5139.37,369.87,nuageux,9.23,2.57,28,13.79,90,41.89193,12.51133,Open-Meteo Historical Weather API,2024-12-01/2025-02-28,20.56,17.01,40.29,0.27,2160,Open-Meteo Air Quality API,2024-12-01/2025-02-28,2,aucun,0,1,séjour décevant.
1221,famille,lisbonne,été,appartement,plage,13,4491.22,604.01,ensoleillé,23.39,0.06,1,17.22,92,38.72509,-9.1498,Open-Meteo Historical Weather API,2025-06-01/2025-08-31,19.54,10.92,32.89,2.16,2208,Open-Meteo Air Quality API,2025-06-01/2025-08-31,3,aucun,0,1,séjour correct mais perfectible.
1222,famille,tokyo,hiver,resort,randonnée,15,10781.22,1260.36,nuageux,6.08,0.56,8,14.28,90,35.6895,139.69171,Open-Meteo Historical Weather API,2024-12-01/2025-02-28,31.02,30.0,55.43,0.51,2160,Open-Meteo Air Quality API,2024-12-01/2025-02-28,3,aucun,0,1,séjour correct mais perfectible.
1223,senior,bali,hiver,appartement,culture,20,3540.26,1076.31,nuageux,26.28,11.89,84,14.7,90,-8.65,115.21667,Open-Meteo Historical Weather API,2024-12-01/2025-02-28,12.8,11.67,33.02,1.96,2160,Open-Meteo Air Quality API,2024-12-01/2025-02-28,3,aucun,0,1,séjour correct mais perfectible.
1224,solo,lisbonne,automne,appartement,gastronomie,6,2308.79,360.21,nuageux,18.72,2.83,21,17.54,91,38.72509,-9.1498,Open-Meteo Historical Weather API,2025-09-01/2025-11-30,15.83,9.72,31.17,0.9,2184,Open-Meteo Air Quality API,2025-09-01/2025-11-30,3,aucun,0,1,séjour correct mais perfectible.
1225,famille,new york,automne,resort,culture,21,9945.48,881.63,nuageux,13.97,3.07,25,15.38,91,40.71427,-74.00597,Open-Meteo Historical Weather API,2025-09-01/2025-11-30,11.7,11.28,42.27,0.76,2184,Open-Meteo Air Quality API,2025-09-01/2025-11-30,3,aucun,0,1,séjour correct mais perfectible.
1226,senior,new york,automne,villa,plage,5,9590.36,941.6,variable,13.97,3.07,25,15.38,91,40.71427,-74.00597,Open-Meteo Historical Weather API,2025-09-01/2025-11-30,11.7,11.28,42.27,0.76,2184,Open-Meteo Air Quality API,2025-09-01/2025-11-30,3,aucun,0,1,séjour correct mais perfectible.
1227,couple,paris,été,villa,culture,17,8328.47,494.37,variable,21.05,2.58,30,14.41,92,48.85341,2.3488,Open-Meteo Historical Weather API,2025-06-01/2025-08-31,10.28,6.83,31.49,1.5,2208,Open-Meteo Air Quality API,2025-06-01/2025-08-31,3,aucun,0,1,séjour correct mais perfectible.
1228,couple,dubaï,printemps,hôtel,gastronomie,16,7833.79,531.09,nuageux,28.3,0.01,0,22.56,92,25.07725,55.30927,Open-Meteo Historical Weather API,2025-03-01/2025-05-31,70.72,36.99,63.06,2.2,2208,Open-Meteo Air Quality API,2025-03-01/2025-05-31,3,aucun,0,1,séjour correct mais perfectible.
1229,senior,dubaï,automne,hôtel,randonnée,18,6510.46,755.12,ensoleillé,29.44,0.0,0,20.09,91,25.07725,55.30927,Open-Meteo Historical Weather API,2025-09-01/2025-11-30,80.53,41.8,60.89,1.56,2184,Open-Meteo Air Quality API,2025-09-01/2025-11-30,3,aucun,0,1,séjour correct mais perfectible.
1230,famille,new york,printemps,hôtel,culture,6,8169.46,526.17,nuageux,12.04,4.75,36,17.46,92,40.71427,-74.00597,Open-Meteo Historical Weather API,2025-03-01/2025-05-31,11.88,11.05,41.24,1.07,2208,Open-Meteo Air Quality API,2025-03-01/2025-05-31,4,météo,0,1,très bon séjour.
1231,famille,new york,printemps,hôtel,plage,21,12038.95,822.87,ensoleillé,12.04,4.75,36,17.46,92,40.71427,-74.00597,Open-Meteo Historical Weather API,2025-03-01/2025-05-31,11.88,11.05,41.24,1.07,2208,Open-Meteo Air Quality API,2025-03-01/2025-05-31,3,aucun,0,1,séjour correct mais perfectible.
1232,solo,tokyo,automne,resort,gastronomie,18,8646.59,1324.79,pluie,18.79,4.52,34,12.27,91,35.6895,139.69171,Open-Meteo Historical Weather API,2025-09-01/2025-11-30,28.46,27.24,54.08,0.85,2184,Open-Meteo Air Quality API,2025-09-01/2025-11-30,2,aucun,0,1,séjour décevant.
1233,famille,bali,été,hôtel,gastronomie,5,8437.5,1010.73,ensoleillé,25.53,3.21,49,18.92,92,-8.65,115.21667,Open-Meteo Historical Weather API,2025-06-01/2025-08-31,13.38,9.86,30.22,1.86,2208,Open-Meteo Air Quality API,2025-06-01/2025-08-31,4,retard_vol,1,1,très bon séjour.
1234,solo,lisbonne,automne,resort,plage,13,3333.52,270.61,pluie,18.72,2.83,21,17.54,91,38.72509,-9.1498,Open-Meteo Historical Weather API,2025-09-01/2025-11-30,15.83,9.72,31.17,0.9,2184,Open-Meteo Air Quality API,2025-09-01/2025-11-30,3,aucun,0,1,séjour correct mais perfectible.
1235,famille,lisbonne,hiver,appartement,business,18,2643.65,395.1,nuageux,12.63,2.92,26,17.53,90,38.72509,-9.1498,Open-Meteo Historical Weather API,2024-12-01/2025-02-28,19.66,13.91,36.49,0.38,2160,Open-Meteo Air Quality API,2024-12-01/2025-02-28,3,aucun,0,1,séjour correct mais perfectible.
1236,famille,rome,automne,hôtel,randonnée,12,6171.48,562.38,nuageux,17.21,4.01,24,12.75,91,41.89193,12.51133,Open-Meteo Historical Weather API,2025-09-01/2025-11-30,13.51,9.22,34.28,0.79,2184,Open-Meteo Air Quality API,2025-09-01/2025-11-30,4,aucun,0,1,très bon séjour.
1237,famille,sydney,été,resort,plage,10,12161.69,1623.85,ensoleillé,12.22,4.06,27,18.74,92,-33.86785,151.20732,Open-Meteo Historical Weather API,2025-06-01/2025-08-31,10.19,9.26,31.56,0.49,2208,Open-Meteo Air Quality API,2025-06-01/2025-08-31,4,aucun,0,1,très bon séjour.
1238,couple,lisbonne,été,hôtel,gastronomie,8,3142.88,294.67,ensoleillé,23.39,0.06,1,17.22,92,38.72509,-9.1498,Open-Meteo Historical Weather API,2025-06-01/2025-08-31,19.54,10.92,32.89,2.16,2208,Open-Meteo Air Quality API,2025-06-01/2025-08-31,4,aucun,0,1,très bon séjour.
1239,famille,lisbonne,automne,appartement,business,12,3213.21,264.87,pluie,18.72,2.83,21,17.54,91,38.72509,-9.1498,Open-Meteo Historical Weather API,2025-09-01/2025-11-30,15.83,9.72,31.17,0.9,2184,Open-Meteo Air Quality API,2025-09-01/2025-11-30,2,météo,1,1,séjour décevant.
1240,famille,dubaï,printemps,resort,culture,21,7697.22,712.32,nuageux,28.3,0.01,0,22.56,92,25.07725,55.30927,Open-Meteo Historical Weather API,2025-03-01/2025-05-31,70.72,36.99,63.06,2.2,2208,Open-Meteo Air Quality API,2025-03-01/2025-05-31,3,bagages,1,1,séjour correct mais perfectible.
1241,senior,new york,été,hôtel,culture,14,8431.07,790.1,ensoleillé,24.52,2.28,32,14.21,92,40.71427,-74.00597,Open-Meteo Historical Weather API,2025-06-01/2025-08-31,18.13,17.43,51.89,1.61,2208,Open-Meteo Air Quality API,2025-06-01/2025-08-31,4,aucun,0,1,très bon séjour.
1242,couple,new york,été,appartement,business,16,6791.18,1027.68,ensoleillé,24.52,2.28,32,14.21,92,40.71427,-74.00597,Open-Meteo Historical Weather API,2025-06-01/2025-08-31,18.13,17.43,51.89,1.61,2208,Open-Meteo Air Quality API,2025-06-01/2025-08-31,4,aucun,0,1,très bon séjour.
1243,couple,rome,été,hôtel,plage,17,4471.82,549.73,pluie,27.22,1.32,16,14.95,92,41.89193,12.51133,Open-Meteo Historical Weather API,2025-06-01/2025-08-31,15.45,9.67,40.74,2.01,2208,Open-Meteo Air Quality API,2025-06-01/2025-08-31,3,aucun,0,1,séjour correct mais perfectible.
1244,famille,lisbonne,automne,appartement,gastronomie,17,3362.85,346.5,nuageux,18.72,2.83,21,17.54,91,38.72509,-9.1498,Open-Meteo Historical Weather API,2025-09-01/2025-11-30,15.83,9.72,31.17,0.9,2184,Open-Meteo Air Quality API,2025-09-01/2025-11-30,2,aucun,0,1,séjour décevant.
1245,couple,tokyo,été,resort,randonnée,10,8077.4,1643.73,ensoleillé,27.71,2.91,31,13.49,92,35.6895,139.69171,Open-Meteo Historical Weather API,2025-06-01/2025-08-31,24.0,22.42,51.6,1.83,2208,Open-Meteo Air Quality API,2025-06-01/2025-08-31,4,aucun,0,1,très bon séjour.
1246,couple,bali,hiver,hôtel,culture,17,3294.58,1272.23,nuageux,26.28,11.89,84,14.7,90,-8.65,115.21667,Open-Meteo Historical Weather API,2024-12-01/2025-02-28,12.8,11.67,33.02,1.96,2160,Open-Meteo Air Quality API,2024-12-01/2025-02-28,3,aucun,0,0,séjour correct mais perfectible.
1247,solo,rome,hiver,appartement,business,9,1749.57,548.14,pluie,9.23,2.57,28,13.79,90,41.89193,12.51133,Open-Meteo Historical Weather API,2024-12-01/2025-02-28,20.56,17.01,40.29,0.27,2160,Open-Meteo Air Quality API,2024-12-01/2025-02-28,1,annulation,0,1,très mauvaise expérience.
1248,famille,sydney,automne,appartement,plage,14,6469.23,1515.42,nuageux,19.17,1.74,22,21.07,91,-33.86785,151.20732,Open-Meteo Historical Weather API,2025-09-01/2025-11-30,10.98,9.17,34.45,1.63,2184,Open-Meteo Air Quality API,2025-09-01/2025-11-30,3,aucun,0,1,séjour correct mais perfectible.
1249,senior,bali,automne,appartement,plage,8,3880.97,1118.93,ensoleillé,26.3,6.82,61,14.71,91,-8.65,115.21667,Open-Meteo Historical Weather API,2025-09-01/2025-11-30,14.48,11.69,32.66,2.5,2184,Open-Meteo Air Quality API,2025-09-01/2025-11-30,3,aucun,0,1,séjour correct mais perfectible.
1250,senior,tokyo,automne,resort,business,20,9599.53,1013.25,nuageux,18.79,4.52,34,12.27,91,35.6895,139.69171,Open-Meteo Historical Weather API,2025-09-01/2025-11-30,28.46,27.24,54.08,0.85,2184,Open-Meteo Air Quality API,2025-09-01/2025-11-30,3,aucun,0,1,séjour correct mais perfectible.
1251,famille,lisbonne,hiver,appartement,gastronomie,16,4000.87,359.64,nuageux,12.63,2.92,26,17.53,90,38.72509,-9.1498,Open-Meteo Historical Weather API,2024-12-01/2025-02-28,19.66,13.91,36.49,0.38,2160,Open-Meteo Air Quality API,2024-12-01/2025-02-28,2,aucun,0,1,séjour décevant.
1252,famille,new york,printemps,hôtel,randonnée,14,8046.04,954.21,ensoleillé,12.04,4.75,36,17.46,92,40.71427,-74.00597,Open-Meteo Historical Weather API,2025-03-01/2025-05-31,11.88,11.05,41.24,1.07,2208,Open-Meteo Air Quality API,2025-03-01/2025-05-31,3,aucun,0,1,séjour correct mais perfectible.
1253,famille,sydney,été,appartement,plage,11,10129.41,1354.42,nuageux,12.22,4.06,27,18.74,92,-33.86785,151.20732,Open-Meteo Historical Weather API,2025-06-01/2025-08-31,10.19,9.26,31.56,0.49,2208,Open-Meteo Air Quality API,2025-06-01/2025-08-31,4,aucun,0,1,très bon séjour.
1254,solo,dubaï,été,appartement,randonnée,12,3323.23,1082.48,ensoleillé,35.27,0.0,0,22.79,92,25.07725,55.30927,Open-Meteo Historical Weather API,2025-06-01/2025-08-31,128.17,54.13,71.91,2.19,2208,Open-Meteo Air Quality API,2025-06-01/2025-08-31,2,aucun,0,1,séjour décevant.
1255,famille,rome,hiver,hôtel,plage,17,4797.55,389.58,ensoleillé,9.23,2.57,28,13.79,90,41.89193,12.51133,Open-Meteo Historical Weather API,2024-12-01/2025-02-28,20.56,17.01,40.29,0.27,2160,Open-Meteo Air Quality API,2024-12-01/2025-02-28,3,aucun,0,1,séjour correct mais perfectible.
1256,senior,tokyo,été,hôtel,randonnée,8,7139.01,1286.83,nuageux,27.71,2.91,31,13.49,92,35.6895,139.69171,Open-Meteo Historical Weather API,2025-06-01/2025-08-31,24.0,22.42,51.6,1.83,2208,Open-Meteo Air Quality API,2025-06-01/2025-08-31,4,aucun,0,1,très bon séjour.
1257,business,dubaï,hiver,hôtel,plage,18,10542.39,671.14,variable,20.21,0.09,2,19.57,90,25.07725,55.30927,Open-Meteo Historical Weather API,2024-12-01/2025-02-28,59.55,32.47,55.0,1.03,2160,Open-Meteo Air Quality API,2024-12-01/2025-02-28,3,aucun,0,1,séjour correct mais perfectible.
1258,business,tokyo,été,hôtel,plage,8,9721.3,1138.46,ensoleillé,27.71,2.91,31,13.49,92,35.6895,139.69171,Open-Meteo Historical Weather API,2025-06-01/2025-08-31,24.0,22.42,51.6,1.83,2208,Open-Meteo Air Quality API,2025-06-01/2025-08-31,3,aucun,0,1,séjour correct mais perfectible.
1259,solo,rome,printemps,hôtel,business,5,3186.98,625.96,nuageux,15.22,3.55,32,13.85,92,41.89193,12.51133,Open-Meteo Historical Weather API,2025-03-01/2025-05-31,15.93,11.65,37.47,1.19,2208,Open-Meteo Air Quality API,2025-03-01/2025-05-31,3,retard_vol,0,1,séjour correct mais perfectible.
1260,senior,rome,hiver,hôtel,culture,17,2597.79,414.44,ensoleillé,9.23,2.57,28,13.79,90,41.89193,12.51133,Open-Meteo Historical Weather API,2024-12-01/2025-02-28,20.56,17.01,40.29,0.27,2160,Open-Meteo Air Quality API,2024-12-01/2025-02-28,2,aucun,0,1,séjour décevant.
1261,famille,rome,hiver,resort,business,16,4957.49,425.32,pluie,9.23,2.57,28,13.79,90,41.89193,12.51133,Open-Meteo Historical Weather API,2024-12-01/2025-02-28,20.56,17.01,40.29,0.27,2160,Open-Meteo Air Quality API,2024-12-01/2025-02-28,2,aucun,0,1,séjour décevant.
1262,couple,paris,automne,hôtel,randonnée,9,6453.77,308.16,nuageux,12.33,2.12,33,16.01,91,48.85341,2.3488,Open-Meteo Historical Weather API,2025-09-01/2025-11-30,12.19,8.6,34.88,0.44,2184,Open-Meteo Air Quality API,2025-09-01/2025-11-30,4,aucun,0,1,très bon séjour.
1263,couple,sydney,été,hôtel,randonnée,15,4456.08,1545.33,nuageux,12.22,4.06,27,18.74,92,-33.86785,151.20732,Open-Meteo Historical Weather API,2025-06-01/2025-08-31,10.19,9.26,31.56,0.49,2208,Open-Meteo Air Quality API,2025-06-01/2025-08-31,2,aucun,0,1,séjour décevant.
1264,senior,dubaï,automne,appartement,randonnée,16,6862.3,687.24,nuageux,29.44,0.0,0,20.09,91,25.07725,55.30927,Open-Meteo Historical Weather API,2025-09-01/2025-11-30,80.53,41.8,60.89,1.56,2184,Open-Meteo Air Quality API,2025-09-01/2025-11-30,2,aucun,0,1,séjour décevant.
1265,solo,new york,printemps,hôtel,gastronomie,17,5753.86,678.75,ensoleillé,12.04,4.75,36,17.46,92,40.71427,-74.00597,Open-Meteo Historical Weather API,2025-03-01/2025-05-31,11.88,11.05,41.24,1.07,2208,Open-Meteo Air Quality API,2025-03-01/2025-05-31,2,aucun,0,1,séjour décevant.
1266,business,new york,printemps,resort,plage,21,9399.88,785.07,variable,12.04,4.75,36,17.46,92,40.71427,-74.00597,Open-Meteo Historical Weather API,2025-03-01/2025-05-31,11.88,11.05,41.24,1.07,2208,Open-Meteo Air Quality API,2025-03-01/2025-05-31,3,aucun,0,1,séjour correct mais perfectible.
1267,famille,sydney,printemps,appartement,randonnée,19,6317.14,1442.67,ensoleillé,19.13,4.44,49,17.74,92,-33.86785,151.20732,Open-Meteo Historical Weather API,2025-03-01/2025-05-31,11.25,9.25,31.84,1.01,2208,Open-Meteo Air Quality API,2025-03-01/2025-05-31,2,aucun,0,1,séjour décevant.
1268,senior,bali,été,villa,business,11,12102.83,1607.85,ensoleillé,25.53,3.21,49,18.92,92,-8.65,115.21667,Open-Meteo Historical Weather API,2025-06-01/2025-08-31,13.38,9.86,30.22,1.86,2208,Open-Meteo Air Quality API,2025-06-01/2025-08-31,4,aucun,0,1,très bon séjour.
1269,couple,bali,printemps,resort,randonnée,7,10156.45,1154.97,ensoleillé,26.99,6.49,65,13.72,92,-8.65,115.21667,Open-Meteo Historical Weather API,2025-03-01/2025-05-31,12.14,10.4,31.68,2.19,2208,Open-Meteo Air Quality API,2025-03-01/2025-05-31,4,aucun,0,1,très bon séjour.
1270,couple,new york,été,hôtel,culture,4,7010.81,1013.65,ensoleillé,24.52,2.28,32,14.21,92,40.71427,-74.00597,Open-Meteo Historical Weather API,2025-06-01/2025-08-31,18.13,17.43,51.89,1.61,2208,Open-Meteo Air Quality API,2025-06-01/2025-08-31,4,aucun,0,1,très bon séjour.
1271,senior,lisbonne,automne,hôtel,randonnée,13,3521.27,355.31,ensoleillé,18.72,2.83,21,17.54,91,38.72509,-9.1498,Open-Meteo Historical Weather API,2025-09-01/2025-11-30,15.83,9.72,31.17,0.9,2184,Open-Meteo Air Quality API,2025-09-01/2025-11-30,3,aucun,0,1,séjour correct mais perfectible.
1272,couple,paris,automne,villa,business,15,6468.11,318.35,nuageux,12.33,2.12,33,16.01,91,48.85341,2.3488,Open-Meteo Historical Weather API,2025-09-01/2025-11-30,12.19,8.6,34.88,0.44,2184,Open-Meteo Air Quality API,2025-09-01/2025-11-30,4,aucun,0,1,très bon séjour.
1273,couple,new york,printemps,appartement,culture,16,6079.07,709.31,ensoleillé,12.04,4.75,36,17.46,92,40.71427,-74.00597,Open-Meteo Historical Weather API,2025-03-01/2025-05-31,11.88,11.05,41.24,1.07,2208,Open-Meteo Air Quality API,2025-03-01/2025-05-31,3,aucun,0,1,séjour correct mais perfectible.
1274,solo,sydney,été,appartement,business,3,4123.52,1104.18,nuageux,12.22,4.06,27,18.74,92,-33.86785,151.20732,Open-Meteo Historical Weather API,2025-06-01/2025-08-31,10.19,9.26,31.56,0.49,2208,Open-Meteo Air Quality API,2025-06-01/2025-08-31,4,annulation,0,1,très bon séjour.
1275,famille,paris,printemps,appartement,gastronomie,16,4818.87,305.75,variable,12.44,1.18,26,14.07,92,48.85341,2.3488,Open-Meteo Historical Weather API,2025-03-01/2025-05-31,15.06,12.04,38.85,0.97,2208,Open-Meteo Air Quality API,2025-03-01/2025-05-31,2,aucun,0,1,séjour décevant.
1276,couple,rome,hiver,hôtel,business,17,6012.57,523.23,nuageux,9.23,2.57,28,13.79,90,41.89193,12.51133,Open-Meteo Historical Weather API,2024-12-01/2025-02-28,20.56,17.01,40.29,0.27,2160,Open-Meteo Air Quality API,2024-12-01/2025-02-28,3,aucun,0,1,séjour correct mais perfectible.
1277,famille,lisbonne,été,resort,randonnée,16,5066.14,414.14,ensoleillé,23.39,0.06,1,17.22,92,38.72509,-9.1498,Open-Meteo Historical Weather API,2025-06-01/2025-08-31,19.54,10.92,32.89,2.16,2208,Open-Meteo Air Quality API,2025-06-01/2025-08-31,3,aucun,0,1,séjour correct mais perfectible.
1278,famille,sydney,été,appartement,gastronomie,12,5949.73,1438.46,ensoleillé,12.22,4.06,27,18.74,92,-33.86785,151.20732,Open-Meteo Historical Weather API,2025-06-01/2025-08-31,10.19,9.26,31.56,0.49,2208,Open-Meteo Air Quality API,2025-06-01/2025-08-31,3,aucun,0,1,séjour correct mais perfectible.
1279,senior,new york,été,appartement,plage,3,3922.78,937.02,ensoleillé,24.52,2.28,32,14.21,92,40.71427,-74.00597,Open-Meteo Historical Weather API,2025-06-01/2025-08-31,18.13,17.43,51.89,1.61,2208,Open-Meteo Air Quality API,2025-06-01/2025-08-31,4,aucun,0,1,très bon séjour.
1280,solo,new york,hiver,hôtel,plage,12,5328.98,1040.44,pluie,-0.0,2.34,32,16.49,90,40.71427,-74.00597,Open-Meteo Historical Weather API,2024-12-01/2025-02-28,14.23,13.56,43.36,0.34,2160,Open-Meteo Air Quality API,2024-12-01/2025-02-28,2,annulation,1,1,séjour décevant.
1281,couple,tokyo,automne,resort,culture,15,7909.73,874.54,variable,18.79,4.52,34,12.27,91,35.6895,139.69171,Open-Meteo Historical Weather API,2025-09-01/2025-11-30,28.46,27.24,54.08,0.85,2184,Open-Meteo Air Quality API,2025-09-01/2025-11-30,3,aucun,0,1,séjour correct mais perfectible.
1282,couple,lisbonne,automne,hôtel,randonnée,13,3795.31,398.95,variable,18.72,2.83,21,17.54,91,38.72509,-9.1498,Open-Meteo Historical Weather API,2025-09-01/2025-11-30,15.83,9.72,31.17,0.9,2184,Open-Meteo Air Quality API,2025-09-01/2025-11-30,2,aucun,0,1,séjour décevant.
1283,couple,tokyo,printemps,villa,plage,13,7093.68,1037.06,variable,14.52,6.04,44,15.33,92,35.6895,139.69171,Open-Meteo Historical Weather API,2025-03-01/2025-05-31,29.58,26.1,53.35,1.05,2208,Open-Meteo Air Quality API,2025-03-01/2025-05-31,4,aucun,0,1,très bon séjour.
1284,solo,paris,automne,hôtel,randonnée,12,4312.55,354.28,nuageux,12.33,2.12,33,16.01,91,48.85341,2.3488,Open-Meteo Historical Weather API,2025-09-01/2025-11-30,12.19,8.6,34.88,0.44,2184,Open-Meteo Air Quality API,2025-09-01/2025-11-30,3,aucun,0,1,séjour correct mais perfectible.
1285,senior,paris,printemps,appartement,randonnée,13,3106.01,365.39,nuageux,12.44,1.18,26,14.07,92,48.85341,2.3488,Open-Meteo Historical Weather API,2025-03-01/2025-05-31,15.06,12.04,38.85,0.97,2208,Open-Meteo Air Quality API,2025-03-01/2025-05-31,2,aucun,0,1,séjour décevant.
1286,senior,sydney,été,hôtel,culture,9,7869.34,1549.78,ensoleillé,12.22,4.06,27,18.74,92,-33.86785,151.20732,Open-Meteo Historical Weather API,2025-06-01/2025-08-31,10.19,9.26,31.56,0.49,2208,Open-Meteo Air Quality API,2025-06-01/2025-08-31,4,retard_vol,0,1,très bon séjour.
1287,couple,tokyo,automne,resort,plage,14,8792.95,1199.88,variable,18.79,4.52,34,12.27,91,35.6895,139.69171,Open-Meteo Historical Weather API,2025-09-01/2025-11-30,28.46,27.24,54.08,0.85,2184,Open-Meteo Air Quality API,2025-09-01/2025-11-30,3,météo,1,1,séjour correct mais perfectible.
1288,couple,rome,automne,appartement,plage,8,4858.99,447.63,nuageux,17.21,4.01,24,12.75,91,41.89193,12.51133,Open-Meteo Historical Weather API,2025-09-01/2025-11-30,13.51,9.22,34.28,0.79,2184,Open-Meteo Air Quality API,2025-09-01/2025-11-30,4,aucun,0,1,très bon séjour.
1289,couple,bali,automne,hôtel,culture,12,6433.91,1511.09,ensoleillé,26.3,6.82,61,14.71,91,-8.65,115.21667,Open-Meteo Historical Weather API,2025-09-01/2025-11-30,14.48,11.69,32.66,2.5,2184,Open-Meteo Air Quality API,2025-09-01/2025-11-30,3,aucun,0,1,séjour correct mais perfectible.
1290,solo,paris,printemps,appartement,plage,10,4384.09,352.8,pluie,12.44,1.18,26,14.07,92,48.85341,2.3488,Open-Meteo Historical Weather API,2025-03-01/2025-05-31,15.06,12.04,38.85,0.97,2208,Open-Meteo Air Quality API,2025-03-01/2025-05-31,2,aucun,0,1,séjour décevant.
1291,couple,tokyo,automne,appartement,gastronomie,16,7000.8,728.04,nuageux,18.79,4.52,34,12.27,91,35.6895,139.69171,Open-Meteo Historical Weather API,2025-09-01/2025-11-30,28.46,27.24,54.08,0.85,2184,Open-Meteo Air Quality API,2025-09-01/2025-11-30,3,aucun,0,1,séjour correct mais perfectible.
1292,solo,sydney,été,appartement,culture,20,6359.45,1710.25,variable,12.22,4.06,27,18.74,92,-33.86785,151.20732,Open-Meteo Historical Weather API,2025-06-01/2025-08-31,10.19,9.26,31.56,0.49,2208,Open-Meteo Air Quality API,2025-06-01/2025-08-31,3,retard_vol,1,1,séjour correct mais perfectible.
1293,solo,lisbonne,hiver,hôtel,gastronomie,15,2472.93,406.82,pluie,12.63,2.92,26,17.53,90,38.72509,-9.1498,Open-Meteo Historical Weather API,2024-12-01/2025-02-28,19.66,13.91,36.49,0.38,2160,Open-Meteo Air Quality API,2024-12-01/2025-02-28,2,aucun,0,1,séjour décevant.
1294,couple,lisbonne,hiver,appartement,plage,5,3176.38,382.23,variable,12.63,2.92,26,17.53,90,38.72509,-9.1498,Open-Meteo Historical Weather API,2024-12-01/2025-02-28,19.66,13.91,36.49,0.38,2160,Open-Meteo Air Quality API,2024-12-01/2025-02-28,2,aucun,0,1,séjour décevant.
1295,couple,rome,été,resort,culture,15,6816.05,506.19,ensoleillé,27.22,1.32,16,14.95,92,41.89193,12.51133,Open-Meteo Historical Weather API,2025-06-01/2025-08-31,15.45,9.67,40.74,2.01,2208,Open-Meteo Air Quality API,2025-06-01/2025-08-31,3,aucun,0,1,séjour correct mais perfectible.
1296,couple,bali,été,resort,plage,9,9292.96,840.48,ensoleillé,25.53,3.21,49,18.92,92,-8.65,115.21667,Open-Meteo Historical Weather API,2025-06-01/2025-08-31,13.38,9.86,30.22,1.86,2208,Open-Meteo Air Quality API,2025-06-01/2025-08-31,5,aucun,0,1,excellent séjour.
1297,famille,lisbonne,été,resort,randonnée,3,5779.54,291.27,nuageux,23.39,0.06,1,17.22,92,38.72509,-9.1498,Open-Meteo Historical Weather API,2025-06-01/2025-08-31,19.54,10.92,32.89,2.16,2208,Open-Meteo Air Quality API,2025-06-01/2025-08-31,3,aucun,0,1,séjour correct mais perfectible.
1298,famille,rome,automne,resort,plage,6,5735.3,583.45,ensoleillé,17.21,4.01,24,12.75,91,41.89193,12.51133,Open-Meteo Historical Weather API,2025-09-01/2025-11-30,13.51,9.22,34.28,0.79,2184,Open-Meteo Air Quality API,2025-09-01/2025-11-30,5,aucun,0,1,excellent séjour.
1299,business,bali,été,hôtel,gastronomie,21,7479.29,1213.99,ensoleillé,25.53,3.21,49,18.92,92,-8.65,115.21667,Open-Meteo Historical Weather API,2025-06-01/2025-08-31,13.38,9.86,30.22,1.86,2208,Open-Meteo Air Quality API,2025-06-01/2025-08-31,3,aucun,0,1,séjour correct mais perfectible.
1300,couple,sydney,printemps,hôtel,culture,11,10252.34,1525.96,variable,19.13,4.44,49,17.74,92,-33.86785,151.20732,Open-Meteo Historical Weather API,2025-03-01/2025-05-31,11.25,9.25,31.84,1.01,2208,Open-Meteo Air Quality API,2025-03-01/2025-05-31,3,annulation,1,1,séjour correct mais perfectible.
1301,famille,sydney,printemps,hôtel,culture,6,12222.23,924.89,variable,19.13,4.44,49,17.74,92,-33.86785,151.20732,Open-Meteo Historical Weather API,2025-03-01/2025-05-31,11.25,9.25,31.84,1.01,2208,Open-Meteo Air Quality API,2025-03-01/2025-05-31,4,aucun,0,1,très bon séjour.
1302,solo,lisbonne,été,hôtel,plage,5,2253.93,363.91,variable,23.39,0.06,1,17.22,92,38.72509,-9.1498,Open-Meteo Historical Weather API,2025-06-01/2025-08-31,19.54,10.92,32.89,2.16,2208,Open-Meteo Air Quality API,2025-06-01/2025-08-31,3,aucun,0,1,séjour correct mais perfectible.
1303,business,dubaï,été,hôtel,randonnée,15,7109.17,926.9,ensoleillé,35.27,0.0,0,22.79,92,25.07725,55.30927,Open-Meteo Historical Weather API,2025-06-01/2025-08-31,128.17,54.13,71.91,2.19,2208,Open-Meteo Air Quality API,2025-06-01/2025-08-31,3,aucun,0,1,séjour correct mais perfectible.
1304,couple,rome,été,hôtel,plage,17,3444.69,521.2,ensoleillé,27.22,1.32,16,14.95,92,41.89193,12.51133,Open-Meteo Historical Weather API,2025-06-01/2025-08-31,15.45,9.67,40.74,2.01,2208,Open-Meteo Air Quality API,2025-06-01/2025-08-31,3,retard_vol,1,1,séjour correct mais perfectible.
1305,business,dubaï,été,appartement,randonnée,9,8242.26,905.94,variable,35.27,0.0,0,22.79,92,25.07725,55.30927,Open-Meteo Historical Weather API,2025-06-01/2025-08-31,128.17,54.13,71.91,2.19,2208,Open-Meteo Air Quality API,2025-06-01/2025-08-31,3,aucun,0,1,séjour correct mais perfectible.
1306,senior,lisbonne,été,resort,randonnée,4,3400.83,447.3,ensoleillé,23.39,0.06,1,17.22,92,38.72509,-9.1498,Open-Meteo Historical Weather API,2025-06-01/2025-08-31,19.54,10.92,32.89,2.16,2208,Open-Meteo Air Quality API,2025-06-01/2025-08-31,3,aucun,0,1,séjour correct mais perfectible.
1307,solo,new york,été,hôtel,culture,9,6116.46,965.51,ensoleillé,24.52,2.28,32,14.21,92,40.71427,-74.00597,Open-Meteo Historical Weather API,2025-06-01/2025-08-31,18.13,17.43,51.89,1.61,2208,Open-Meteo Air Quality API,2025-06-01/2025-08-31,4,aucun,0,1,très bon séjour.
1308,solo,rome,automne,appartement,culture,15,2843.5,394.92,nuageux,17.21,4.01,24,12.75,91,41.89193,12.51133,Open-Meteo Historical Weather API,2025-09-01/2025-11-30,13.51,9.22,34.28,0.79,2184,Open-Meteo Air Quality API,2025-09-01/2025-11-30,3,aucun,0,1,séjour correct mais perfectible.
1309,famille,sydney,hiver,villa,business,5,12033.77,1020.6,variable,22.44,3.42,39,20.67,90,-33.86785,151.20732,Open-Meteo Historical Weather API,2024-12-01/2025-02-28,12.57,9.86,34.15,2.24,2160,Open-Meteo Air Quality API,2024-12-01/2025-02-28,3,aucun,0,1,séjour correct mais perfectible.
1310,senior,lisbonne,été,appartement,randonnée,8,3769.25,561.61,ensoleillé,23.39,0.06,1,17.22,92,38.72509,-9.1498,Open-Meteo Historical Weather API,2025-06-01/2025-08-31,19.54,10.92,32.89,2.16,2208,Open-Meteo Air Quality API,2025-06-01/2025-08-31,3,aucun,0,1,séjour correct mais perfectible.
1311,couple,sydney,été,appartement,plage,3,4560.91,1966.77,ensoleillé,12.22,4.06,27,18.74,92,-33.86785,151.20732,Open-Meteo Historical Weather API,2025-06-01/2025-08-31,10.19,9.26,31.56,0.49,2208,Open-Meteo Air Quality API,2025-06-01/2025-08-31,4,bagages,0,0,très bon séjour.
1312,senior,paris,hiver,villa,plage,11,9778.19,284.56,nuageux,4.95,2.61,35,15.72,90,48.85341,2.3488,Open-Meteo Historical Weather API,2024-12-01/2025-02-28,20.98,17.57,45.01,0.13,2160,Open-Meteo Air Quality API,2024-12-01/2025-02-28,3,aucun,0,1,séjour correct mais perfectible.
1313,solo,new york,été,resort,business,6,6934.6,803.67,ensoleillé,24.52,2.28,32,14.21,92,40.71427,-74.00597,Open-Meteo Historical Weather API,2025-06-01/2025-08-31,18.13,17.43,51.89,1.61,2208,Open-Meteo Air Quality API,2025-06-01/2025-08-31,3,aucun,0,1,séjour correct mais perfectible.
1314,famille,rome,été,villa,business,6,3899.45,497.76,nuageux,27.22,1.32,16,14.95,92,41.89193,12.51133,Open-Meteo Historical Weather API,2025-06-01/2025-08-31,15.45,9.67,40.74,2.01,2208,Open-Meteo Air Quality API,2025-06-01/2025-08-31,3,aucun,0,1,séjour correct mais perfectible.
1315,famille,dubaï,été,villa,randonnée,5,15310.07,876.62,ensoleillé,35.27,0.0,0,22.79,92,25.07725,55.30927,Open-Meteo Historical Weather API,2025-06-01/2025-08-31,128.17,54.13,71.91,2.19,2208,Open-Meteo Air Quality API,2025-06-01/2025-08-31,2,aucun,0,1,séjour décevant.
1316,business,bali,été,hôtel,business,16,9407.62,1312.59,ensoleillé,25.53,3.21,49,18.92,92,-8.65,115.21667,Open-Meteo Historical Weather API,2025-06-01/2025-08-31,13.38,9.86,30.22,1.86,2208,Open-Meteo Air Quality API,2025-06-01/2025-08-31,4,aucun,0,1,très bon séjour.
1317,solo,tokyo,printemps,appartement,gastronomie,12,4064.33,1144.41,nuageux,14.52,6.04,44,15.33,92,35.6895,139.69171,Open-Meteo Historical Weather API,2025-03-01/2025-05-31,29.58,26.1,53.35,1.05,2208,Open-Meteo Air Quality API,2025-03-01/2025-05-31,3,bagages,1,1,séjour correct mais perfectible.
1318,famille,dubaï,hiver,appartement,plage,21,5051.44,693.79,nuageux,20.21,0.09,2,19.57,90,25.07725,55.30927,Open-Meteo Historical Weather API,2024-12-01/2025-02-28,59.55,32.47,55.0,1.03,2160,Open-Meteo Air Quality API,2024-12-01/2025-02-28,3,aucun,0,1,séjour correct mais perfectible.
1319,business,new york,printemps,appartement,randonnée,10,4832.46,832.46,ensoleillé,12.04,4.75,36,17.46,92,40.71427,-74.00597,Open-Meteo Historical Weather API,2025-03-01/2025-05-31,11.88,11.05,41.24,1.07,2208,Open-Meteo Air Quality API,2025-03-01/2025-05-31,3,aucun,0,1,séjour correct mais perfectible.
1320,senior,paris,printemps,appartement,randonnée,7,6203.39,502.02,variable,12.44,1.18,26,14.07,92,48.85341,2.3488,Open-Meteo Historical Weather API,2025-03-01/2025-05-31,15.06,12.04,38.85,0.97,2208,Open-Meteo Air Quality API,2025-03-01/2025-05-31,2,aucun,0,1,séjour décevant.
1321,couple,rome,été,hôtel,culture,6,3426.48,480.8,ensoleillé,27.22,1.32,16,14.95,92,41.89193,12.51133,Open-Meteo Historical Weather API,2025-06-01/2025-08-31,15.45,9.67,40.74,2.01,2208,Open-Meteo Air Quality API,2025-06-01/2025-08-31,4,aucun,0,1,très bon séjour.
1322,couple,rome,automne,hôtel,plage,21,3104.65,582.84,nuageux,17.21,4.01,24,12.75,91,41.89193,12.51133,Open-Meteo Historical Weather API,2025-09-01/2025-11-30,13.51,9.22,34.28,0.79,2184,Open-Meteo Air Quality API,2025-09-01/2025-11-30,3,aucun,0,1,séjour correct mais perfectible.
1323,famille,dubaï,été,resort,plage,14,10351.16,1041.12,ensoleillé,35.27,0.0,0,22.79,92,25.07725,55.30927,Open-Meteo Historical Weather API,2025-06-01/2025-08-31,128.17,54.13,71.91,2.19,2208,Open-Meteo Air Quality API,2025-06-01/2025-08-31,3,aucun,0,1,séjour correct mais perfectible.
1324,business,dubaï,hiver,appartement,culture,9,4458.45,763.52,variable,20.21,0.09,2,19.57,90,25.07725,55.30927,Open-Meteo Historical Weather API,2024-12-01/2025-02-28,59.55,32.47,55.0,1.03,2160,Open-Meteo Air Quality API,2024-12-01/2025-02-28,3,aucun,0,1,séjour correct mais perfectible.
1325,couple,bali,printemps,appartement,randonnée,15,3986.16,751.29,pluie,26.99,6.49,65,13.72,92,-8.65,115.21667,Open-Meteo Historical Weather API,2025-03-01/2025-05-31,12.14,10.4,31.68,2.19,2208,Open-Meteo Air Quality API,2025-03-01/2025-05-31,3,aucun,0,1,séjour correct mais perfectible.
1326,senior,dubaï,hiver,appartement,randonnée,13,6456.72,703.91,ensoleillé,20.21,0.09,2,19.57,90,25.07725,55.30927,Open-Meteo Historical Weather API,2024-12-01/2025-02-28,59.55,32.47,55.0,1.03,2160,Open-Meteo Air Quality API,2024-12-01/2025-02-28,3,aucun,0,1,séjour correct mais perfectible.
1327,couple,rome,été,appartement,business,5,3886.1,481.81,ensoleillé,27.22,1.32,16,14.95,92,41.89193,12.51133,Open-Meteo Historical Weather API,2025-06-01/2025-08-31,15.45,9.67,40.74,2.01,2208,Open-Meteo Air Quality API,2025-06-01/2025-08-31,3,aucun,0,1,séjour correct mais perfectible.
1328,solo,tokyo,printemps,villa,business,16,7259.96,1053.8,nuageux,14.52,6.04,44,15.33,92,35.6895,139.69171,Open-Meteo Historical Weather API,2025-03-01/2025-05-31,29.58,26.1,53.35,1.05,2208,Open-Meteo Air Quality API,2025-03-01/2025-05-31,4,aucun,0,1,très bon séjour.
1329,couple,bali,été,hôtel,gastronomie,5,6224.97,1097.36,nuageux,25.53,3.21,49,18.92,92,-8.65,115.21667,Open-Meteo Historical Weather API,2025-06-01/2025-08-31,13.38,9.86,30.22,1.86,2208,Open-Meteo Air Quality API,2025-06-01/2025-08-31,4,aucun,0,1,très bon séjour.
1330,famille,rome,été,villa,business,6,6472.27,603.28,variable,27.22,1.32,16,14.95,92,41.89193,12.51133,Open-Meteo Historical Weather API,2025-06-01/2025-08-31,15.45,9.67,40.74,2.01,2208,Open-Meteo Air Quality API,2025-06-01/2025-08-31,3,aucun,0,1,séjour correct mais perfectible.
1331,business,lisbonne,été,hôtel,business,16,4438.62,527.9,nuageux,23.39,0.06,1,17.22,92,38.72509,-9.1498,Open-Meteo Historical Weather API,2025-06-01/2025-08-31,19.54,10.92,32.89,2.16,2208,Open-Meteo Air Quality API,2025-06-01/2025-08-31,4,aucun,0,1,très bon séjour.
1332,couple,bali,printemps,resort,gastronomie,11,6451.11,1392.2,variable,26.99,6.49,65,13.72,92,-8.65,115.21667,Open-Meteo Historical Weather API,2025-03-01/2025-05-31,12.14,10.4,31.68,2.19,2208,Open-Meteo Air Quality API,2025-03-01/2025-05-31,3,aucun,0,1,séjour correct mais perfectible.
1333,solo,lisbonne,printemps,hôtel,business,7,2261.12,353.86,nuageux,15.64,3.53,41,19.08,92,38.72509,-9.1498,Open-Meteo Historical Weather API,2025-03-01/2025-05-31,15.2,9.48,34.11,1.3,2208,Open-Meteo Air Quality API,2025-03-01/2025-05-31,2,annulation,0,1,séjour décevant.
1334,senior,rome,été,resort,plage,4,4420.23,429.74,ensoleillé,27.22,1.32,16,14.95,92,41.89193,12.51133,Open-Meteo Historical Weather API,2025-06-01/2025-08-31,15.45,9.67,40.74,2.01,2208,Open-Meteo Air Quality API,2025-06-01/2025-08-31,3,aucun,0,1,séjour correct mais perfectible.
1335,senior,lisbonne,été,hôtel,plage,14,2873.86,476.78,nuageux,23.39,0.06,1,17.22,92,38.72509,-9.1498,Open-Meteo Historical Weather API,2025-06-01/2025-08-31,19.54,10.92,32.89,2.16,2208,Open-Meteo Air Quality API,2025-06-01/2025-08-31,3,aucun,0,1,séjour correct mais perfectible.
1336,senior,rome,hiver,hôtel,business,16,5023.16,592.24,pluie,9.23,2.57,28,13.79,90,41.89193,12.51133,Open-Meteo Historical Weather API,2024-12-01/2025-02-28,20.56,17.01,40.29,0.27,2160,Open-Meteo Air Quality API,2024-12-01/2025-02-28,2,aucun,0,1,séjour décevant.
1337,famille,dubaï,automne,resort,plage,6,11431.14,708.74,ensoleillé,29.44,0.0,0,20.09,91,25.07725,55.30927,Open-Meteo Historical Weather API,2025-09-01/2025-11-30,80.53,41.8,60.89,1.56,2184,Open-Meteo Air Quality API,2025-09-01/2025-11-30,4,aucun,0,1,très bon séjour.
1338,solo,bali,été,appartement,culture,10,2909.64,1467.48,ensoleillé,25.53,3.21,49,18.92,92,-8.65,115.21667,Open-Meteo Historical Weather API,2025-06-01/2025-08-31,13.38,9.86,30.22,1.86,2208,Open-Meteo Air Quality API,2025-06-01/2025-08-31,3,aucun,0,0,séjour correct mais perfectible.
1339,senior,paris,printemps,hôtel,gastronomie,9,3641.93,335.2,ensoleillé,12.44,1.18,26,14.07,92,48.85341,2.3488,Open-Meteo Historical Weather API,2025-03-01/2025-05-31,15.06,12.04,38.85,0.97,2208,Open-Meteo Air Quality API,2025-03-01/2025-05-31,3,aucun,0,1,séjour correct mais perfectible.
1340,couple,new york,hiver,appartement,culture,19,5699.72,772.97,nuageux,-0.0,2.34,32,16.49,90,40.71427,-74.00597,Open-Meteo Historical Weather API,2024-12-01/2025-02-28,14.23,13.56,43.36,0.34,2160,Open-Meteo Air Quality API,2024-12-01/2025-02-28,3,aucun,0,1,séjour correct mais perfectible.
1341,famille,dubaï,printemps,hôtel,culture,18,11527.96,782.94,variable,28.3,0.01,0,22.56,92,25.07725,55.30927,Open-Meteo Historical Weather API,2025-03-01/2025-05-31,70.72,36.99,63.06,2.2,2208,Open-Meteo Air Quality API,2025-03-01/2025-05-31,3,bagages,1,1,séjour correct mais perfectible.
1342,business,lisbonne,printemps,hôtel,plage,8,3482.57,372.75,ensoleillé,15.64,3.53,41,19.08,92,38.72509,-9.1498,Open-Meteo Historical Weather API,2025-03-01/2025-05-31,15.2,9.48,34.11,1.3,2208,Open-Meteo Air Quality API,2025-03-01/2025-05-31,4,aucun,0,1,très bon séjour.
1343,couple,sydney,printemps,hôtel,randonnée,12,7909.15,1394.42,pluie,19.13,4.44,49,17.74,92,-33.86785,151.20732,Open-Meteo Historical Weather API,2025-03-01/2025-05-31,11.25,9.25,31.84,1.01,2208,Open-Meteo Air Quality API,2025-03-01/2025-05-31,3,aucun,0,1,séjour correct mais perfectible.
1344,solo,new york,été,resort,culture,20,6606.48,1094.63,ensoleillé,24.52,2.28,32,14.21,92,40.71427,-74.00597,Open-Meteo Historical Weather API,2025-06-01/2025-08-31,18.13,17.43,51.89,1.61,2208,Open-Meteo Air Quality API,2025-06-01/2025-08-31,3,aucun,0,1,séjour correct mais perfectible.
1345,senior,tokyo,printemps,appartement,business,9,5778.89,1115.68,nuageux,14.52,6.04,44,15.33,92,35.6895,139.69171,Open-Meteo Historical Weather API,2025-03-01/2025-05-31,29.58,26.1,53.35,1.05,2208,Open-Meteo Air Quality API,2025-03-01/2025-05-31,4,aucun,0,1,très bon séjour.
1346,solo,lisbonne,automne,resort,business,5,2913.39,418.16,variable,18.72,2.83,21,17.54,91,38.72509,-9.1498,Open-Meteo Historical Weather API,2025-09-01/2025-11-30,15.83,9.72,31.17,0.9,2184,Open-Meteo Air Quality API,2025-09-01/2025-11-30,3,aucun,0,1,séjour correct mais perfectible.
1347,couple,paris,automne,appartement,business,8,5347.56,296.26,pluie,12.33,2.12,33,16.01,91,48.85341,2.3488,Open-Meteo Historical Weather API,2025-09-01/2025-11-30,12.19,8.6,34.88,0.44,2184,Open-Meteo Air Quality API,2025-09-01/2025-11-30,3,aucun,0,1,séjour correct mais perfectible.
1348,couple,lisbonne,hiver,resort,business,14,4949.91,317.48,variable,12.63,2.92,26,17.53,90,38.72509,-9.1498,Open-Meteo Historical Weather API,2024-12-01/2025-02-28,19.66,13.91,36.49,0.38,2160,Open-Meteo Air Quality API,2024-12-01/2025-02-28,3,aucun,0,1,séjour correct mais perfectible.
1349,couple,dubaï,hiver,appartement,business,21,6613.57,694.63,nuageux,20.21,0.09,2,19.57,90,25.07725,55.30927,Open-Meteo Historical Weather API,2024-12-01/2025-02-28,59.55,32.47,55.0,1.03,2160,Open-Meteo Air Quality API,2024-12-01/2025-02-28,3,aucun,0,1,séjour correct mais perfectible.
1350,famille,sydney,été,villa,gastronomie,8,15446.46,1528.87,ensoleillé,12.22,4.06,27,18.74,92,-33.86785,151.20732,Open-Meteo Historical Weather API,2025-06-01/2025-08-31,10.19,9.26,31.56,0.49,2208,Open-Meteo Air Quality API,2025-06-01/2025-08-31,4,aucun,0,1,très bon séjour.
1351,business,sydney,automne,hôtel,randonnée,4,12265.85,1177.78,pluie,19.17,1.74,22,21.07,91,-33.86785,151.20732,Open-Meteo Historical Weather API,2025-09-01/2025-11-30,10.98,9.17,34.45,1.63,2184,Open-Meteo Air Quality API,2025-09-01/2025-11-30,3,aucun,0,1,séjour correct mais perfectible.
1352,business,dubaï,automne,hôtel,gastronomie,6,11462.84,730.37,pluie,29.44,0.0,0,20.09,91,25.07725,55.30927,Open-Meteo Historical Weather API,2025-09-01/2025-11-30,80.53,41.8,60.89,1.56,2184,Open-Meteo Air Quality API,2025-09-01/2025-11-30,3,aucun,0,1,séjour correct mais perfectible.
1353,couple,lisbonne,hiver,hôtel,culture,10,4654.19,442.12,pluie,12.63,2.92,26,17.53,90,38.72509,-9.1498,Open-Meteo Historical Weather API,2024-12-01/2025-02-28,19.66,13.91,36.49,0.38,2160,Open-Meteo Air Quality API,2024-12-01/2025-02-28,3,aucun,0,1,séjour correct mais perfectible.
1354,couple,lisbonne,printemps,resort,gastronomie,4,6801.56,461.23,pluie,15.64,3.53,41,19.08,92,38.72509,-9.1498,Open-Meteo Historical Weather API,2025-03-01/2025-05-31,15.2,9.48,34.11,1.3,2208,Open-Meteo Air Quality API,2025-03-01/2025-05-31,4,aucun,0,1,très bon séjour.
1355,senior,dubaï,hiver,resort,business,3,10237.61,877.94,nuageux,20.21,0.09,2,19.57,90,25.07725,55.30927,Open-Meteo Historical Weather API,2024-12-01/2025-02-28,59.55,32.47,55.0,1.03,2160,Open-Meteo Air Quality API,2024-12-01/2025-02-28,4,aucun,0,1,très bon séjour.
1356,famille,new york,automne,hôtel,culture,15,7060.54,648.84,ensoleillé,13.97,3.07,25,15.38,91,40.71427,-74.00597,Open-Meteo Historical Weather API,2025-09-01/2025-11-30,11.7,11.28,42.27,0.76,2184,Open-Meteo Air Quality API,2025-09-01/2025-11-30,3,aucun,0,1,séjour correct mais perfectible.
1357,solo,lisbonne,été,appartement,randonnée,18,2521.64,354.53,variable,23.39,0.06,1,17.22,92,38.72509,-9.1498,Open-Meteo Historical Weather API,2025-06-01/2025-08-31,19.54,10.92,32.89,2.16,2208,Open-Meteo Air Quality API,2025-06-01/2025-08-31,3,aucun,0,1,séjour correct mais perfectible.
1358,couple,lisbonne,été,villa,business,7,6035.86,425.02,ensoleillé,23.39,0.06,1,17.22,92,38.72509,-9.1498,Open-Meteo Historical Weather API,2025-06-01/2025-08-31,19.54,10.92,32.89,2.16,2208,Open-Meteo Air Quality API,2025-06-01/2025-08-31,4,aucun,0,1,très bon séjour.
1359,business,dubaï,été,hôtel,business,12,12090.95,837.94,nuageux,35.27,0.0,0,22.79,92,25.07725,55.30927,Open-Meteo Historical Weather API,2025-06-01/2025-08-31,128.17,54.13,71.91,2.19,2208,Open-Meteo Air Quality API,2025-06-01/2025-08-31,4,aucun,0,1,très bon séjour.
1360,famille,paris,printemps,hôtel,gastronomie,13,4707.61,334.98,nuageux,12.44,1.18,26,14.07,92,48.85341,2.3488,Open-Meteo Historical Weather API,2025-03-01/2025-05-31,15.06,12.04,38.85,0.97,2208,Open-Meteo Air Quality API,2025-03-01/2025-05-31,3,aucun,0,1,séjour correct mais perfectible.
1361,solo,paris,été,hôtel,plage,15,4203.57,371.92,variable,21.05,2.58,30,14.41,92,48.85341,2.3488,Open-Meteo Historical Weather API,2025-06-01/2025-08-31,10.28,6.83,31.49,1.5,2208,Open-Meteo Air Quality API,2025-06-01/2025-08-31,3,bagages,0,1,séjour correct mais perfectible.
1362,couple,tokyo,hiver,hôtel,randonnée,21,6461.25,992.46,variable,6.08,0.56,8,14.28,90,35.6895,139.69171,Open-Meteo Historical Weather API,2024-12-01/2025-02-28,31.02,30.0,55.43,0.51,2160,Open-Meteo Air Quality API,2024-12-01/2025-02-28,2,retard_vol,0,1,séjour décevant.
1363,solo,paris,été,appartement,business,19,3416.26,448.93,ensoleillé,21.05,2.58,30,14.41,92,48.85341,2.3488,Open-Meteo Historical Weather API,2025-06-01/2025-08-31,10.28,6.83,31.49,1.5,2208,Open-Meteo Air Quality API,2025-06-01/2025-08-31,2,météo,1,1,séjour décevant.
1364,famille,rome,été,resort,plage,9,5889.22,403.91,variable,27.22,1.32,16,14.95,92,41.89193,12.51133,Open-Meteo Historical Weather API,2025-06-01/2025-08-31,15.45,9.67,40.74,2.01,2208,Open-Meteo Air Quality API,2025-06-01/2025-08-31,4,aucun,0,1,très bon séjour.
1365,couple,dubaï,été,hôtel,gastronomie,21,7517.29,1174.41,ensoleillé,35.27,0.0,0,22.79,92,25.07725,55.30927,Open-Meteo Historical Weather API,2025-06-01/2025-08-31,128.17,54.13,71.91,2.19,2208,Open-Meteo Air Quality API,2025-06-01/2025-08-31,3,aucun,0,1,séjour correct mais perfectible.
1366,solo,bali,printemps,resort,culture,3,3848.67,1154.35,nuageux,26.99,6.49,65,13.72,92,-8.65,115.21667,Open-Meteo Historical Weather API,2025-03-01/2025-05-31,12.14,10.4,31.68,2.19,2208,Open-Meteo Air Quality API,2025-03-01/2025-05-31,4,aucun,0,1,très bon séjour.
1367,famille,tokyo,automne,hôtel,randonnée,21,10265.22,1248.61,variable,18.79,4.52,34,12.27,91,35.6895,139.69171,Open-Meteo Historical Weather API,2025-09-01/2025-11-30,28.46,27.24,54.08,0.85,2184,Open-Meteo Air Quality API,2025-09-01/2025-11-30,3,aucun,0,1,séjour correct mais perfectible.
1368,famille,bali,été,hôtel,business,5,7453.22,1215.33,ensoleillé,25.53,3.21,49,18.92,92,-8.65,115.21667,Open-Meteo Historical Weather API,2025-06-01/2025-08-31,13.38,9.86,30.22,1.86,2208,Open-Meteo Air Quality API,2025-06-01/2025-08-31,3,aucun,0,1,séjour correct mais perfectible.
1369,famille,paris,hiver,hôtel,gastronomie,5,6180.22,386.18,nuageux,4.95,2.61,35,15.72,90,48.85341,2.3488,Open-Meteo Historical Weather API,2024-12-01/2025-02-28,20.98,17.57,45.01,0.13,2160,Open-Meteo Air Quality API,2024-12-01/2025-02-28,3,aucun,0,1,séjour correct mais perfectible.
1370,couple,rome,hiver,resort,plage,5,7681.14,458.11,pluie,9.23,2.57,28,13.79,90,41.89193,12.51133,Open-Meteo Historical Weather API,2024-12-01/2025-02-28,20.56,17.01,40.29,0.27,2160,Open-Meteo Air Quality API,2024-12-01/2025-02-28,3,aucun,0,1,séjour correct mais perfectible.
1371,famille,sydney,été,resort,randonnée,5,10795.62,1770.58,variable,12.22,4.06,27,18.74,92,-33.86785,151.20732,Open-Meteo Historical Weather API,2025-06-01/2025-08-31,10.19,9.26,31.56,0.49,2208,Open-Meteo Air Quality API,2025-06-01/2025-08-31,3,aucun,0,1,séjour correct mais perfectible.
1372,senior,paris,printemps,appartement,randonnée,11,4355.82,337.49,ensoleillé,12.44,1.18,26,14.07,92,48.85341,2.3488,Open-Meteo Historical Weather API,2025-03-01/2025-05-31,15.06,12.04,38.85,0.97,2208,Open-Meteo Air Quality API,2025-03-01/2025-05-31,2,aucun,0,1,séjour décevant.
1373,couple,new york,hiver,hôtel,randonnée,15,7358.83,1087.39,pluie,-0.0,2.34,32,16.49,90,40.71427,-74.00597,Open-Meteo Historical Weather API,2024-12-01/2025-02-28,14.23,13.56,43.36,0.34,2160,Open-Meteo Air Quality API,2024-12-01/2025-02-28,3,aucun,0,1,séjour correct mais perfectible.
1374,business,lisbonne,hiver,appartement,business,17,3850.77,277.94,nuageux,12.63,2.92,26,17.53,90,38.72509,-9.1498,Open-Meteo Historical Weather API,2024-12-01/2025-02-28,19.66,13.91,36.49,0.38,2160,Open-Meteo Air Quality API,2024-12-01/2025-02-28,2,aucun,0,1,séjour décevant.
1375,senior,lisbonne,hiver,hôtel,randonnée,3,5091.69,444.94,nuageux,12.63,2.92,26,17.53,90,38.72509,-9.1498,Open-Meteo Historical Weather API,2024-12-01/2025-02-28,19.66,13.91,36.49,0.38,2160,Open-Meteo Air Quality API,2024-12-01/2025-02-28,3,aucun,0,1,séjour correct mais perfectible.
1376,famille,dubaï,printemps,hôtel,gastronomie,8,7929.77,714.96,pluie,28.3,0.01,0,22.56,92,25.07725,55.30927,Open-Meteo Historical Weather API,2025-03-01/2025-05-31,70.72,36.99,63.06,2.2,2208,Open-Meteo Air Quality API,2025-03-01/2025-05-31,3,aucun,0,1,séjour correct mais perfectible.
1377,solo,new york,été,appartement,gastronomie,5,3720.36,819.15,ensoleillé,24.52,2.28,32,14.21,92,40.71427,-74.00597,Open-Meteo Historical Weather API,2025-06-01/2025-08-31,18.13,17.43,51.89,1.61,2208,Open-Meteo Air Quality API,2025-06-01/2025-08-31,4,aucun,0,1,très bon séjour.
1378,senior,new york,hiver,appartement,randonnée,5,7917.37,1148.67,pluie,-0.0,2.34,32,16.49,90,40.71427,-74.00597,Open-Meteo Historical Weather API,2024-12-01/2025-02-28,14.23,13.56,43.36,0.34,2160,Open-Meteo Air Quality API,2024-12-01/2025-02-28,2,aucun,0,1,séjour décevant.
1379,solo,lisbonne,été,hôtel,gastronomie,17,2416.54,597.61,nuageux,23.39,0.06,1,17.22,92,38.72509,-9.1498,Open-Meteo Historical Weather API,2025-06-01/2025-08-31,19.54,10.92,32.89,2.16,2208,Open-Meteo Air Quality API,2025-06-01/2025-08-31,3,aucun,0,1,séjour correct mais perfectible.
1380,couple,bali,printemps,resort,randonnée,15,5013.17,720.71,variable,26.99,6.49,65,13.72,92,-8.65,115.21667,Open-Meteo Historical Weather API,2025-03-01/2025-05-31,12.14,10.4,31.68,2.19,2208,Open-Meteo Air Quality API,2025-03-01/2025-05-31,3,aucun,0,1,séjour correct mais perfectible.
1381,couple,tokyo,printemps,appartement,plage,6,5216.27,1083.41,pluie,14.52,6.04,44,15.33,92,35.6895,139.69171,Open-Meteo Historical Weather API,2025-03-01/2025-05-31,29.58,26.1,53.35,1.05,2208,Open-Meteo Air Quality API,2025-03-01/2025-05-31,3,retard_vol,0,1,séjour correct mais perfectible.
1382,famille,paris,printemps,villa,gastronomie,8,6292.98,394.46,ensoleillé,12.44,1.18,26,14.07,92,48.85341,2.3488,Open-Meteo Historical Weather API,2025-03-01/2025-05-31,15.06,12.04,38.85,0.97,2208,Open-Meteo Air Quality API,2025-03-01/2025-05-31,4,aucun,0,1,très bon séjour.
1383,solo,rome,été,resort,gastronomie,20,2337.51,573.22,nuageux,27.22,1.32,16,14.95,92,41.89193,12.51133,Open-Meteo Historical Weather API,2025-06-01/2025-08-31,15.45,9.67,40.74,2.01,2208,Open-Meteo Air Quality API,2025-06-01/2025-08-31,3,aucun,0,1,séjour correct mais perfectible.
1384,senior,new york,automne,hôtel,plage,13,6293.74,1081.88,pluie,13.97,3.07,25,15.38,91,40.71427,-74.00597,Open-Meteo Historical Weather API,2025-09-01/2025-11-30,11.7,11.28,42.27,0.76,2184,Open-Meteo Air Quality API,2025-09-01/2025-11-30,3,aucun,0,1,séjour correct mais perfectible.
1385,senior,new york,été,resort,culture,7,8417.92,1239.08,ensoleillé,24.52,2.28,32,14.21,92,40.71427,-74.00597,Open-Meteo Historical Weather API,2025-06-01/2025-08-31,18.13,17.43,51.89,1.61,2208,Open-Meteo Air Quality API,2025-06-01/2025-08-31,4,aucun,0,1,très bon séjour.
1386,famille,paris,hiver,hôtel,culture,20,7533.1,366.71,pluie,4.95,2.61,35,15.72,90,48.85341,2.3488,Open-Meteo Historical Weather API,2024-12-01/2025-02-28,20.98,17.57,45.01,0.13,2160,Open-Meteo Air Quality API,2024-12-01/2025-02-28,2,retard_vol,1,1,séjour décevant.
1387,business,sydney,printemps,hôtel,randonnée,6,11669.3,1832.84,pluie,19.13,4.44,49,17.74,92,-33.86785,151.20732,Open-Meteo Historical Weather API,2025-03-01/2025-05-31,11.25,9.25,31.84,1.01,2208,Open-Meteo Air Quality API,2025-03-01/2025-05-31,3,aucun,0,1,séjour correct mais perfectible.
1388,couple,new york,hiver,resort,gastronomie,8,10155.99,993.34,ensoleillé,-0.0,2.34,32,16.49,90,40.71427,-74.00597,Open-Meteo Historical Weather API,2024-12-01/2025-02-28,14.23,13.56,43.36,0.34,2160,Open-Meteo Air Quality API,2024-12-01/2025-02-28,4,aucun,0,1,très bon séjour.
1389,senior,rome,automne,appartement,randonnée,16,2691.46,421.54,nuageux,17.21,4.01,24,12.75,91,41.89193,12.51133,Open-Meteo Historical Weather API,2025-09-01/2025-11-30,13.51,9.22,34.28,0.79,2184,Open-Meteo Air Quality API,2025-09-01/2025-11-30,2,météo,0,1,séjour décevant.
1390,famille,sydney,hiver,hôtel,culture,12,11265.88,1170.75,pluie,22.44,3.42,39,20.67,90,-33.86785,151.20732,Open-Meteo Historical Weather API,2024-12-01/2025-02-28,12.57,9.86,34.15,2.24,2160,Open-Meteo Air Quality API,2024-12-01/2025-02-28,4,aucun,0,1,très bon séjour.
1391,senior,dubaï,automne,appartement,plage,4,6918.52,856.66,nuageux,29.44,0.0,0,20.09,91,25.07725,55.30927,Open-Meteo Historical Weather API,2025-09-01/2025-11-30,80.53,41.8,60.89,1.56,2184,Open-Meteo Air Quality API,2025-09-01/2025-11-30,4,aucun,0,1,très bon séjour.
1392,business,bali,été,appartement,culture,18,6906.65,1163.31,pluie,25.53,3.21,49,18.92,92,-8.65,115.21667,Open-Meteo Historical Weather API,2025-06-01/2025-08-31,13.38,9.86,30.22,1.86,2208,Open-Meteo Air Quality API,2025-06-01/2025-08-31,3,aucun,0,1,séjour correct mais perfectible.
1393,famille,lisbonne,été,appartement,plage,7,3710.36,415.33,ensoleillé,23.39,0.06,1,17.22,92,38.72509,-9.1498,Open-Meteo Historical Weather API,2025-06-01/2025-08-31,19.54,10.92,32.89,2.16,2208,Open-Meteo Air Quality API,2025-06-01/2025-08-31,3,bagages,1,1,séjour correct mais perfectible.
1394,famille,lisbonne,automne,hôtel,plage,16,2988.12,363.61,pluie,18.72,2.83,21,17.54,91,38.72509,-9.1498,Open-Meteo Historical Weather API,2025-09-01/2025-11-30,15.83,9.72,31.17,0.9,2184,Open-Meteo Air Quality API,2025-09-01/2025-11-30,3,bagages,1,1,séjour correct mais perfectible.
1395,business,new york,hiver,hôtel,randonnée,9,11087.78,904.41,pluie,-0.0,2.34,32,16.49,90,40.71427,-74.00597,Open-Meteo Historical Weather API,2024-12-01/2025-02-28,14.23,13.56,43.36,0.34,2160,Open-Meteo Air Quality API,2024-12-01/2025-02-28,2,aucun,0,1,séjour décevant.
1396,famille,paris,été,hôtel,plage,17,8322.86,398.62,ensoleillé,21.05,2.58,30,14.41,92,48.85341,2.3488,Open-Meteo Historical Weather API,2025-06-01/2025-08-31,10.28,6.83,31.49,1.5,2208,Open-Meteo Air Quality API,2025-06-01/2025-08-31,4,aucun,0,1,très bon séjour.
1397,solo,bali,hiver,hôtel,gastronomie,20,4781.17,877.39,pluie,26.28,11.89,84,14.7,90,-8.65,115.21667,Open-Meteo Historical Weather API,2024-12-01/2025-02-28,12.8,11.67,33.02,1.96,2160,Open-Meteo Air Quality API,2024-12-01/2025-02-28,2,aucun,0,1,séjour décevant.
1398,senior,paris,automne,hôtel,plage,17,4294.05,423.21,ensoleillé,12.33,2.12,33,16.01,91,48.85341,2.3488,Open-Meteo Historical Weather API,2025-09-01/2025-11-30,12.19,8.6,34.88,0.44,2184,Open-Meteo Air Quality API,2025-09-01/2025-11-30,2,aucun,0,1,séjour décevant.
1399,solo,paris,été,hôtel,randonnée,20,3610.57,382.94,ensoleillé,21.05,2.58,30,14.41,92,48.85341,2.3488,Open-Meteo Historical Weather API,2025-06-01/2025-08-31,10.28,6.83,31.49,1.5,2208,Open-Meteo Air Quality API,2025-06-01/2025-08-31,2,retard_vol,0,1,séjour décevant.
1400,couple,bali,hiver,hôtel,plage,13,5626.55,1568.13,pluie,26.28,11.89,84,14.7,90,-8.65,115.21667,Open-Meteo Historical Weather API,2024-12-01/2025-02-28,12.8,11.67,33.02,1.96,2160,Open-Meteo Air Quality API,2024-12-01/2025-02-28,3,aucun,0,1,séjour correct mais perfectible.
1401,couple,tokyo,automne,hôtel,business,4,6997.33,1107.45,ensoleillé,18.79,4.52,34,12.27,91,35.6895,139.69171,Open-Meteo Historical Weather API,2025-09-01/2025-11-30,28.46,27.24,54.08,0.85,2184,Open-Meteo Air Quality API,2025-09-01/2025-11-30,2,aucun,0,1,séjour décevant.
1402,famille,dubaï,hiver,villa,culture,13,12955.45,859.67,variable,20.21,0.09,2,19.57,90,25.07725,55.30927,Open-Meteo Historical Weather API,2024-12-01/2025-02-28,59.55,32.47,55.0,1.03,2160,Open-Meteo Air Quality API,2024-12-01/2025-02-28,4,aucun,0,1,très bon séjour.
1403,senior,paris,hiver,appartement,randonnée,11,4299.85,389.74,pluie,4.95,2.61,35,15.72,90,48.85341,2.3488,Open-Meteo Historical Weather API,2024-12-01/2025-02-28,20.98,17.57,45.01,0.13,2160,Open-Meteo Air Quality API,2024-12-01/2025-02-28,2,aucun,0,1,séjour décevant.
1404,couple,rome,été,hôtel,plage,16,5249.72,656.69,ensoleillé,27.22,1.32,16,14.95,92,41.89193,12.51133,Open-Meteo Historical Weather API,2025-06-01/2025-08-31,15.45,9.67,40.74,2.01,2208,Open-Meteo Air Quality API,2025-06-01/2025-08-31,3,aucun,0,1,séjour correct mais perfectible.
1405,famille,bali,printemps,villa,business,7,11182.11,1268.06,ensoleillé,26.99,6.49,65,13.72,92,-8.65,115.21667,Open-Meteo Historical Weather API,2025-03-01/2025-05-31,12.14,10.4,31.68,2.19,2208,Open-Meteo Air Quality API,2025-03-01/2025-05-31,3,aucun,0,1,séjour correct mais perfectible.
1406,couple,new york,automne,hôtel,culture,16,5831.28,885.98,variable,13.97,3.07,25,15.38,91,40.71427,-74.00597,Open-Meteo Historical Weather API,2025-09-01/2025-11-30,11.7,11.28,42.27,0.76,2184,Open-Meteo Air Quality API,2025-09-01/2025-11-30,3,bagages,1,1,séjour correct mais perfectible.
1407,senior,dubaï,été,hôtel,business,11,5748.42,988.54,ensoleillé,35.27,0.0,0,22.79,92,25.07725,55.30927,Open-Meteo Historical Weather API,2025-06-01/2025-08-31,128.17,54.13,71.91,2.19,2208,Open-Meteo Air Quality API,2025-06-01/2025-08-31,2,retard_vol,1,1,séjour décevant.
1408,famille,tokyo,été,appartement,plage,15,6279.37,1793.42,nuageux,27.71,2.91,31,13.49,92,35.6895,139.69171,Open-Meteo Historical Weather API,2025-06-01/2025-08-31,24.0,22.42,51.6,1.83,2208,Open-Meteo Air Quality API,2025-06-01/2025-08-31,3,aucun,0,1,séjour correct mais perfectible.
1409,senior,new york,printemps,resort,randonnée,10,8199.25,808.72,ensoleillé,12.04,4.75,36,17.46,92,40.71427,-74.00597,Open-Meteo Historical Weather API,2025-03-01/2025-05-31,11.88,11.05,41.24,1.07,2208,Open-Meteo Air Quality API,2025-03-01/2025-05-31,3,aucun,0,1,séjour correct mais perfectible.
1410,business,paris,hiver,hôtel,plage,10,9066.44,400.08,variable,4.95,2.61,35,15.72,90,48.85341,2.3488,Open-Meteo Historical Weather API,2024-12-01/2025-02-28,20.98,17.57,45.01,0.13,2160,Open-Meteo Air Quality API,2024-12-01/2025-02-28,2,météo,1,1,séjour décevant.
1411,business,paris,automne,hôtel,gastronomie,7,9295.51,349.67,nuageux,12.33,2.12,33,16.01,91,48.85341,2.3488,Open-Meteo Historical Weather API,2025-09-01/2025-11-30,12.19,8.6,34.88,0.44,2184,Open-Meteo Air Quality API,2025-09-01/2025-11-30,3,aucun,0,1,séjour correct mais perfectible.
1412,senior,rome,hiver,resort,plage,18,6046.07,490.99,nuageux,9.23,2.57,28,13.79,90,41.89193,12.51133,Open-Meteo Historical Weather API,2024-12-01/2025-02-28,20.56,17.01,40.29,0.27,2160,Open-Meteo Air Quality API,2024-12-01/2025-02-28,3,aucun,0,1,séjour correct mais perfectible.
1413,business,tokyo,été,resort,plage,4,12185.27,1248.4,ensoleillé,27.71,2.91,31,13.49,92,35.6895,139.69171,Open-Meteo Historical Weather API,2025-06-01/2025-08-31,24.0,22.42,51.6,1.83,2208,Open-Meteo Air Quality API,2025-06-01/2025-08-31,4,aucun,0,1,très bon séjour.
1414,senior,lisbonne,printemps,hôtel,gastronomie,7,2395.49,232.41,ensoleillé,15.64,3.53,41,19.08,92,38.72509,-9.1498,Open-Meteo Historical Weather API,2025-03-01/2025-05-31,15.2,9.48,34.11,1.3,2208,Open-Meteo Air Quality API,2025-03-01/2025-05-31,3,aucun,0,1,séjour correct mais perfectible.
1415,famille,rome,printemps,resort,business,11,6480.43,433.78,pluie,15.22,3.55,32,13.85,92,41.89193,12.51133,Open-Meteo Historical Weather API,2025-03-01/2025-05-31,15.93,11.65,37.47,1.19,2208,Open-Meteo Air Quality API,2025-03-01/2025-05-31,3,aucun,0,1,séjour correct mais perfectible.
1416,business,tokyo,été,hôtel,culture,5,7848.88,1461.92,ensoleillé,27.71,2.91,31,13.49,92,35.6895,139.69171,Open-Meteo Historical Weather API,2025-06-01/2025-08-31,24.0,22.42,51.6,1.83,2208,Open-Meteo Air Quality API,2025-06-01/2025-08-31,3,aucun,0,1,séjour correct mais perfectible.
1417,solo,sydney,été,resort,culture,20,10027.32,1322.71,ensoleillé,12.22,4.06,27,18.74,92,-33.86785,151.20732,Open-Meteo Historical Weather API,2025-06-01/2025-08-31,10.19,9.26,31.56,0.49,2208,Open-Meteo Air Quality API,2025-06-01/2025-08-31,4,aucun,0,1,très bon séjour.
1418,solo,bali,été,hôtel,business,9,2886.68,1581.95,ensoleillé,25.53,3.21,49,18.92,92,-8.65,115.21667,Open-Meteo Historical Weather API,2025-06-01/2025-08-31,13.38,9.86,30.22,1.86,2208,Open-Meteo Air Quality API,2025-06-01/2025-08-31,1,bagages,1,0,très mauvaise expérience.
1419,senior,dubaï,automne,appartement,business,7,5745.27,723.13,pluie,29.44,0.0,0,20.09,91,25.07725,55.30927,Open-Meteo Historical Weather API,2025-09-01/2025-11-30,80.53,41.8,60.89,1.56,2184,Open-Meteo Air Quality API,2025-09-01/2025-11-30,3,aucun,0,1,séjour correct mais perfectible.
1420,senior,tokyo,printemps,appartement,plage,7,4781.71,1013.81,variable,14.52,6.04,44,15.33,92,35.6895,139.69171,Open-Meteo Historical Weather API,2025-03-01/2025-05-31,29.58,26.1,53.35,1.05,2208,Open-Meteo Air Quality API,2025-03-01/2025-05-31,3,aucun,0,1,séjour correct mais perfectible.
1421,business,tokyo,printemps,hôtel,randonnée,6,9480.11,1221.2,ensoleillé,14.52,6.04,44,15.33,92,35.6895,139.69171,Open-Meteo Historical Weather API,2025-03-01/2025-05-31,29.58,26.1,53.35,1.05,2208,Open-Meteo Air Quality API,2025-03-01/2025-05-31,3,aucun,0,1,séjour correct mais perfectible.
1422,couple,sydney,hiver,appartement,culture,15,7709.3,1459.36,variable,22.44,3.42,39,20.67,90,-33.86785,151.20732,Open-Meteo Historical Weather API,2024-12-01/2025-02-28,12.57,9.86,34.15,2.24,2160,Open-Meteo Air Quality API,2024-12-01/2025-02-28,3,bagages,1,1,séjour correct mais perfectible.
1423,couple,rome,été,hôtel,business,12,5266.78,571.2,nuageux,27.22,1.32,16,14.95,92,41.89193,12.51133,Open-Meteo Historical Weather API,2025-06-01/2025-08-31,15.45,9.67,40.74,2.01,2208,Open-Meteo Air Quality API,2025-06-01/2025-08-31,3,aucun,0,1,séjour correct mais perfectible.
1424,couple,sydney,printemps,hôtel,culture,7,8090.51,1537.72,ensoleillé,19.13,4.44,49,17.74,92,-33.86785,151.20732,Open-Meteo Historical Weather API,2025-03-01/2025-05-31,11.25,9.25,31.84,1.01,2208,Open-Meteo Air Quality API,2025-03-01/2025-05-31,4,aucun,0,1,très bon séjour.
1425,couple,dubaï,été,resort,culture,19,9923.47,856.2,ensoleillé,35.27,0.0,0,22.79,92,25.07725,55.30927,Open-Meteo Historical Weather API,2025-06-01/2025-08-31,128.17,54.13,71.91,2.19,2208,Open-Meteo Air Quality API,2025-06-01/2025-08-31,3,aucun,0,1,séjour correct mais perfectible.
1426,couple,dubaï,hiver,resort,randonnée,15,7261.18,492.77,nuageux,20.21,0.09,2,19.57,90,25.07725,55.30927,Open-Meteo Historical Weather API,2024-12-01/2025-02-28,59.55,32.47,55.0,1.03,2160,Open-Meteo Air Quality API,2024-12-01/2025-02-28,3,aucun,0,1,séjour correct mais perfectible.
1427,famille,new york,automne,appartement,randonnée,10,7156.36,792.15,ensoleillé,13.97,3.07,25,15.38,91,40.71427,-74.00597,Open-Meteo Historical Weather API,2025-09-01/2025-11-30,11.7,11.28,42.27,0.76,2184,Open-Meteo Air Quality API,2025-09-01/2025-11-30,4,aucun,0,1,très bon séjour.
1428,famille,sydney,automne,villa,plage,12,16688.31,877.77,pluie,19.17,1.74,22,21.07,91,-33.86785,151.20732,Open-Meteo Historical Weather API,2025-09-01/2025-11-30,10.98,9.17,34.45,1.63,2184,Open-Meteo Air Quality API,2025-09-01/2025-11-30,5,aucun,0,1,excellent séjour.
1429,business,dubaï,automne,hôtel,randonnée,15,9121.03,782.83,nuageux,29.44,0.0,0,20.09,91,25.07725,55.30927,Open-Meteo Historical Weather API,2025-09-01/2025-11-30,80.53,41.8,60.89,1.56,2184,Open-Meteo Air Quality API,2025-09-01/2025-11-30,3,aucun,0,1,séjour correct mais perfectible.
1430,couple,sydney,hiver,hôtel,plage,5,7245.06,1509.71,nuageux,22.44,3.42,39,20.67,90,-33.86785,151.20732,Open-Meteo Historical Weather API,2024-12-01/2025-02-28,12.57,9.86,34.15,2.24,2160,Open-Meteo Air Quality API,2024-12-01/2025-02-28,4,aucun,0,1,très bon séjour.
1431,senior,dubaï,automne,resort,business,18,7579.28,818.65,pluie,29.44,0.0,0,20.09,91,25.07725,55.30927,Open-Meteo Historical Weather API,2025-09-01/2025-11-30,80.53,41.8,60.89,1.56,2184,Open-Meteo Air Quality API,2025-09-01/2025-11-30,3,aucun,0,1,séjour correct mais perfectible.
1432,solo,sydney,printemps,hôtel,plage,7,7223.22,1414.45,ensoleillé,19.13,4.44,49,17.74,92,-33.86785,151.20732,Open-Meteo Historical Weather API,2025-03-01/2025-05-31,11.25,9.25,31.84,1.01,2208,Open-Meteo Air Quality API,2025-03-01/2025-05-31,3,aucun,0,1,séjour correct mais perfectible.
1433,famille,bali,printemps,hôtel,randonnée,3,5417.33,1350.36,variable,26.99,6.49,65,13.72,92,-8.65,115.21667,Open-Meteo Historical Weather API,2025-03-01/2025-05-31,12.14,10.4,31.68,2.19,2208,Open-Meteo Air Quality API,2025-03-01/2025-05-31,2,annulation,1,1,séjour décevant.
1434,famille,tokyo,printemps,villa,business,12,10040.19,752.02,nuageux,14.52,6.04,44,15.33,92,35.6895,139.69171,Open-Meteo Historical Weather API,2025-03-01/2025-05-31,29.58,26.1,53.35,1.05,2208,Open-Meteo Air Quality API,2025-03-01/2025-05-31,4,aucun,0,1,très bon séjour.
1435,famille,bali,printemps,appartement,business,19,6620.39,1127.73,ensoleillé,26.99,6.49,65,13.72,92,-8.65,115.21667,Open-Meteo Historical Weather API,2025-03-01/2025-05-31,12.14,10.4,31.68,2.19,2208,Open-Meteo Air Quality API,2025-03-01/2025-05-31,3,aucun,0,1,séjour correct mais perfectible.
1436,senior,sydney,été,villa,randonnée,16,10204.22,1143.31,ensoleillé,12.22,4.06,27,18.74,92,-33.86785,151.20732,Open-Meteo Historical Weather API,2025-06-01/2025-08-31,10.19,9.26,31.56,0.49,2208,Open-Meteo Air Quality API,2025-06-01/2025-08-31,3,aucun,0,1,séjour correct mais perfectible.
1437,famille,sydney,printemps,hôtel,gastronomie,8,6415.49,1216.15,ensoleillé,19.13,4.44,49,17.74,92,-33.86785,151.20732,Open-Meteo Historical Weather API,2025-03-01/2025-05-31,11.25,9.25,31.84,1.01,2208,Open-Meteo Air Quality API,2025-03-01/2025-05-31,4,aucun,0,1,très bon séjour.
1438,solo,dubaï,printemps,hôtel,gastronomie,10,6350.99,903.65,variable,28.3,0.01,0,22.56,92,25.07725,55.30927,Open-Meteo Historical Weather API,2025-03-01/2025-05-31,70.72,36.99,63.06,2.2,2208,Open-Meteo Air Quality API,2025-03-01/2025-05-31,3,aucun,0,1,séjour correct mais perfectible.
1439,senior,new york,été,resort,business,14,6481.65,1200.37,ensoleillé,24.52,2.28,32,14.21,92,40.71427,-74.00597,Open-Meteo Historical Weather API,2025-06-01/2025-08-31,18.13,17.43,51.89,1.61,2208,Open-Meteo Air Quality API,2025-06-01/2025-08-31,4,aucun,0,1,très bon séjour.
1440,senior,bali,automne,villa,culture,7,8165.79,1287.09,variable,26.3,6.82,61,14.71,91,-8.65,115.21667,Open-Meteo Historical Weather API,2025-09-01/2025-11-30,14.48,11.69,32.66,2.5,2184,Open-Meteo Air Quality API,2025-09-01/2025-11-30,3,aucun,0,1,séjour correct mais perfectible.
1441,famille,rome,été,hôtel,gastronomie,18,4271.02,513.64,variable,27.22,1.32,16,14.95,92,41.89193,12.51133,Open-Meteo Historical Weather API,2025-06-01/2025-08-31,15.45,9.67,40.74,2.01,2208,Open-Meteo Air Quality API,2025-06-01/2025-08-31,2,aucun,0,1,séjour décevant.
1442,famille,tokyo,été,hôtel,randonnée,8,8167.61,1017.41,ensoleillé,27.71,2.91,31,13.49,92,35.6895,139.69171,Open-Meteo Historical Weather API,2025-06-01/2025-08-31,24.0,22.42,51.6,1.83,2208,Open-Meteo Air Quality API,2025-06-01/2025-08-31,4,annulation,1,1,très bon séjour.
1443,famille,new york,hiver,hôtel,randonnée,7,6668.58,878.62,pluie,-0.0,2.34,32,16.49,90,40.71427,-74.00597,Open-Meteo Historical Weather API,2024-12-01/2025-02-28,14.23,13.56,43.36,0.34,2160,Open-Meteo Air Quality API,2024-12-01/2025-02-28,3,météo,0,1,séjour correct mais perfectible.
1444,famille,new york,automne,appartement,culture,4,7856.53,1019.93,nuageux,13.97,3.07,25,15.38,91,40.71427,-74.00597,Open-Meteo Historical Weather API,2025-09-01/2025-11-30,11.7,11.28,42.27,0.76,2184,Open-Meteo Air Quality API,2025-09-01/2025-11-30,4,bagages,1,1,très bon séjour.
1445,famille,tokyo,hiver,appartement,business,16,7341.54,1127.47,ensoleillé,6.08,0.56,8,14.28,90,35.6895,139.69171,Open-Meteo Historical Weather API,2024-12-01/2025-02-28,31.02,30.0,55.43,0.51,2160,Open-Meteo Air Quality API,2024-12-01/2025-02-28,3,aucun,0,1,séjour correct mais perfectible.
1446,solo,sydney,printemps,appartement,plage,3,5888.95,928.95,variable,19.13,4.44,49,17.74,92,-33.86785,151.20732,Open-Meteo Historical Weather API,2025-03-01/2025-05-31,11.25,9.25,31.84,1.01,2208,Open-Meteo Air Quality API,2025-03-01/2025-05-31,3,aucun,0,1,séjour correct mais perfectible.
1447,senior,rome,hiver,hôtel,culture,18,3537.54,458.47,nuageux,9.23,2.57,28,13.79,90,41.89193,12.51133,Open-Meteo Historical Weather API,2024-12-01/2025-02-28,20.56,17.01,40.29,0.27,2160,Open-Meteo Air Quality API,2024-12-01/2025-02-28,3,météo,0,1,séjour correct mais perfectible.
1448,solo,bali,été,appartement,gastronomie,21,5378.21,889.65,variable,25.53,3.21,49,18.92,92,-8.65,115.21667,Open-Meteo Historical Weather API,2025-06-01/2025-08-31,13.38,9.86,30.22,1.86,2208,Open-Meteo Air Quality API,2025-06-01/2025-08-31,2,aucun,0,1,séjour décevant.
1449,solo,tokyo,printemps,resort,plage,5,3973.88,1201.99,nuageux,14.52,6.04,44,15.33,92,35.6895,139.69171,Open-Meteo Historical Weather API,2025-03-01/2025-05-31,29.58,26.1,53.35,1.05,2208,Open-Meteo Air Quality API,2025-03-01/2025-05-31,4,aucun,0,1,très bon séjour.
1450,famille,sydney,été,hôtel,plage,4,6141.48,1342.65,ensoleillé,12.22,4.06,27,18.74,92,-33.86785,151.20732,Open-Meteo Historical Weather API,2025-06-01/2025-08-31,10.19,9.26,31.56,0.49,2208,Open-Meteo Air Quality API,2025-06-01/2025-08-31,4,aucun,0,1,très bon séjour.
1451,business,sydney,printemps,hôtel,randonnée,20,14203.21,1013.79,ensoleillé,19.13,4.44,49,17.74,92,-33.86785,151.20732,Open-Meteo Historical Weather API,2025-03-01/2025-05-31,11.25,9.25,31.84,1.01,2208,Open-Meteo Air Quality API,2025-03-01/2025-05-31,3,aucun,0,1,séjour correct mais perfectible.
1452,solo,sydney,printemps,resort,randonnée,5,8149.65,1491.4,ensoleillé,19.13,4.44,49,17.74,92,-33.86785,151.20732,Open-Meteo Historical Weather API,2025-03-01/2025-05-31,11.25,9.25,31.84,1.01,2208,Open-Meteo Air Quality API,2025-03-01/2025-05-31,4,aucun,0,1,très bon séjour.
1453,senior,sydney,printemps,hôtel,plage,10,8375.07,1430.89,ensoleillé,19.13,4.44,49,17.74,92,-33.86785,151.20732,Open-Meteo Historical Weather API,2025-03-01/2025-05-31,11.25,9.25,31.84,1.01,2208,Open-Meteo Air Quality API,2025-03-01/2025-05-31,3,aucun,0,1,séjour correct mais perfectible.
1454,senior,dubaï,hiver,villa,randonnée,19,10255.75,729.28,pluie,20.21,0.09,2,19.57,90,25.07725,55.30927,Open-Meteo Historical Weather API,2024-12-01/2025-02-28,59.55,32.47,55.0,1.03,2160,Open-Meteo Air Quality API,2024-12-01/2025-02-28,3,aucun,0,1,séjour correct mais perfectible.
1455,couple,new york,printemps,resort,business,5,10130.99,1185.33,ensoleillé,12.04,4.75,36,17.46,92,40.71427,-74.00597,Open-Meteo Historical Weather API,2025-03-01/2025-05-31,11.88,11.05,41.24,1.07,2208,Open-Meteo Air Quality API,2025-03-01/2025-05-31,3,aucun,0,1,séjour correct mais perfectible.
1456,famille,rome,été,hôtel,culture,15,5271.12,591.69,variable,27.22,1.32,16,14.95,92,41.89193,12.51133,Open-Meteo Historical Weather API,2025-06-01/2025-08-31,15.45,9.67,40.74,2.01,2208,Open-Meteo Air Quality API,2025-06-01/2025-08-31,3,aucun,0,1,séjour correct mais perfectible.
1457,famille,new york,été,appartement,randonnée,10,5346.82,886.56,ensoleillé,24.52,2.28,32,14.21,92,40.71427,-74.00597,Open-Meteo Historical Weather API,2025-06-01/2025-08-31,18.13,17.43,51.89,1.61,2208,Open-Meteo Air Quality API,2025-06-01/2025-08-31,3,aucun,0,1,séjour correct mais perfectible.
1458,couple,tokyo,hiver,appartement,culture,11,7353.77,1148.13,nuageux,6.08,0.56,8,14.28,90,35.6895,139.69171,Open-Meteo Historical Weather API,2024-12-01/2025-02-28,31.02,30.0,55.43,0.51,2160,Open-Meteo Air Quality API,2024-12-01/2025-02-28,3,aucun,0,1,séjour correct mais perfectible.
1459,senior,paris,été,hôtel,gastronomie,20,5658.03,391.73,ensoleillé,21.05,2.58,30,14.41,92,48.85341,2.3488,Open-Meteo Historical Weather API,2025-06-01/2025-08-31,10.28,6.83,31.49,1.5,2208,Open-Meteo Air Quality API,2025-06-01/2025-08-31,3,aucun,0,1,séjour correct mais perfectible.
1460,couple,sydney,printemps,resort,culture,15,13471.11,1596.42,ensoleillé,19.13,4.44,49,17.74,92,-33.86785,151.20732,Open-Meteo Historical Weather API,2025-03-01/2025-05-31,11.25,9.25,31.84,1.01,2208,Open-Meteo Air Quality API,2025-03-01/2025-05-31,4,aucun,0,1,très bon séjour.
1461,business,new york,hiver,hôtel,randonnée,9,12493.2,892.99,pluie,-0.0,2.34,32,16.49,90,40.71427,-74.00597,Open-Meteo Historical Weather API,2024-12-01/2025-02-28,14.23,13.56,43.36,0.34,2160,Open-Meteo Air Quality API,2024-12-01/2025-02-28,2,aucun,0,1,séjour décevant.
1462,solo,dubaï,hiver,hôtel,plage,20,5251.96,747.87,nuageux,20.21,0.09,2,19.57,90,25.07725,55.30927,Open-Meteo Historical Weather API,2024-12-01/2025-02-28,59.55,32.47,55.0,1.03,2160,Open-Meteo Air Quality API,2024-12-01/2025-02-28,3,aucun,0,1,séjour correct mais perfectible.
1463,famille,rome,été,appartement,randonnée,14,2959.83,393.14,nuageux,27.22,1.32,16,14.95,92,41.89193,12.51133,Open-Meteo Historical Weather API,2025-06-01/2025-08-31,15.45,9.67,40.74,2.01,2208,Open-Meteo Air Quality API,2025-06-01/2025-08-31,3,aucun,0,1,séjour correct mais perfectible.
1464,couple,dubaï,printemps,resort,business,4,11814.62,707.73,nuageux,28.3,0.01,0,22.56,92,25.07725,55.30927,Open-Meteo Historical Weather API,2025-03-01/2025-05-31,70.72,36.99,63.06,2.2,2208,Open-Meteo Air Quality API,2025-03-01/2025-05-31,4,aucun,0,1,très bon séjour.
1465,solo,bali,été,hôtel,gastronomie,10,3464.1,1343.26,ensoleillé,25.53,3.21,49,18.92,92,-8.65,115.21667,Open-Meteo Historical Weather API,2025-06-01/2025-08-31,13.38,9.86,30.22,1.86,2208,Open-Meteo Air Quality API,2025-06-01/2025-08-31,2,aucun,0,0,séjour décevant.
1466,solo,new york,printemps,hôtel,plage,7,5569.44,693.3,nuageux,12.04,4.75,36,17.46,92,40.71427,-74.00597,Open-Meteo Historical Weather API,2025-03-01/2025-05-31,11.88,11.05,41.24,1.07,2208,Open-Meteo Air Quality API,2025-03-01/2025-05-31,3,bagages,1,1,séjour correct mais perfectible.
1467,couple,tokyo,été,resort,business,15,8963.43,1189.6,ensoleillé,27.71,2.91,31,13.49,92,35.6895,139.69171,Open-Meteo Historical Weather API,2025-06-01/2025-08-31,24.0,22.42,51.6,1.83,2208,Open-Meteo Air Quality API,2025-06-01/2025-08-31,3,aucun,0,1,séjour correct mais perfectible.
1468,famille,new york,printemps,hôtel,business,19,7495.57,916.67,ensoleillé,12.04,4.75,36,17.46,92,40.71427,-74.00597,Open-Meteo Historical Weather API,2025-03-01/2025-05-31,11.88,11.05,41.24,1.07,2208,Open-Meteo Air Quality API,2025-03-01/2025-05-31,2,bagages,1,1,séjour décevant.
1469,business,dubaï,été,villa,gastronomie,3,14397.4,825.35,nuageux,35.27,0.0,0,22.79,92,25.07725,55.30927,Open-Meteo Historical Weather API,2025-06-01/2025-08-31,128.17,54.13,71.91,2.19,2208,Open-Meteo Air Quality API,2025-06-01/2025-08-31,4,aucun,0,1,très bon séjour.
1470,famille,rome,été,resort,culture,17,6513.68,396.03,ensoleillé,27.22,1.32,16,14.95,92,41.89193,12.51133,Open-Meteo Historical Weather API,2025-06-01/2025-08-31,15.45,9.67,40.74,2.01,2208,Open-Meteo Air Quality API,2025-06-01/2025-08-31,3,aucun,0,1,séjour correct mais perfectible.
1471,senior,tokyo,printemps,appartement,plage,20,6588.89,998.36,ensoleillé,14.52,6.04,44,15.33,92,35.6895,139.69171,Open-Meteo Historical Weather API,2025-03-01/2025-05-31,29.58,26.1,53.35,1.05,2208,Open-Meteo Air Quality API,2025-03-01/2025-05-31,2,annulation,1,1,séjour décevant.
1472,famille,dubaï,hiver,hôtel,gastronomie,21,6416.69,641.03,pluie,20.21,0.09,2,19.57,90,25.07725,55.30927,Open-Meteo Historical Weather API,2024-12-01/2025-02-28,59.55,32.47,55.0,1.03,2160,Open-Meteo Air Quality API,2024-12-01/2025-02-28,2,météo,1,1,séjour décevant.
1473,famille,rome,été,appartement,business,15,3899.61,549.5,ensoleillé,27.22,1.32,16,14.95,92,41.89193,12.51133,Open-Meteo Historical Weather API,2025-06-01/2025-08-31,15.45,9.67,40.74,2.01,2208,Open-Meteo Air Quality API,2025-06-01/2025-08-31,2,aucun,0,1,séjour décevant.
1474,couple,lisbonne,automne,hôtel,gastronomie,8,2990.53,385.85,variable,18.72,2.83,21,17.54,91,38.72509,-9.1498,Open-Meteo Historical Weather API,2025-09-01/2025-11-30,15.83,9.72,31.17,0.9,2184,Open-Meteo Air Quality API,2025-09-01/2025-11-30,3,aucun,0,1,séjour correct mais perfectible.
1475,solo,bali,automne,hôtel,plage,5,4268.5,1064.8,variable,26.3,6.82,61,14.71,91,-8.65,115.21667,Open-Meteo Historical Weather API,2025-09-01/2025-11-30,14.48,11.69,32.66,2.5,2184,Open-Meteo Air Quality API,2025-09-01/2025-11-30,3,aucun,0,1,séjour correct mais perfectible.
1476,solo,tokyo,printemps,hôtel,culture,20,5329.03,964.82,pluie,14.52,6.04,44,15.33,92,35.6895,139.69171,Open-Meteo Historical Weather API,2025-03-01/2025-05-31,29.58,26.1,53.35,1.05,2208,Open-Meteo Air Quality API,2025-03-01/2025-05-31,2,aucun,0,1,séjour décevant.
1477,couple,dubaï,été,hôtel,culture,10,9559.08,835.99,ensoleillé,35.27,0.0,0,22.79,92,25.07725,55.30927,Open-Meteo Historical Weather API,2025-06-01/2025-08-31,128.17,54.13,71.91,2.19,2208,Open-Meteo Air Quality API,2025-06-01/2025-08-31,2,retard_vol,1,1,séjour décevant.
1478,senior,sydney,printemps,villa,culture,9,10650.92,1525.34,nuageux,19.13,4.44,49,17.74,92,-33.86785,151.20732,Open-Meteo Historical Weather API,2025-03-01/2025-05-31,11.25,9.25,31.84,1.01,2208,Open-Meteo Air Quality API,2025-03-01/2025-05-31,5,aucun,0,1,excellent séjour.
1479,couple,sydney,hiver,appartement,culture,16,3579.64,1365.2,ensoleillé,22.44,3.42,39,20.67,90,-33.86785,151.20732,Open-Meteo Historical Weather API,2024-12-01/2025-02-28,12.57,9.86,34.15,2.24,2160,Open-Meteo Air Quality API,2024-12-01/2025-02-28,2,météo,1,0,séjour décevant.
1480,couple,bali,été,resort,plage,16,10128.63,1704.6,pluie,25.53,3.21,49,18.92,92,-8.65,115.21667,Open-Meteo Historical Weather API,2025-06-01/2025-08-31,13.38,9.86,30.22,1.86,2208,Open-Meteo Air Quality API,2025-06-01/2025-08-31,4,annulation,1,1,très bon séjour.
1481,couple,tokyo,été,resort,plage,18,10438.95,1491.72,ensoleillé,27.71,2.91,31,13.49,92,35.6895,139.69171,Open-Meteo Historical Weather API,2025-06-01/2025-08-31,24.0,22.42,51.6,1.83,2208,Open-Meteo Air Quality API,2025-06-01/2025-08-31,4,aucun,0,1,très bon séjour.
1482,famille,rome,été,resort,culture,19,6003.09,674.05,ensoleillé,27.22,1.32,16,14.95,92,41.89193,12.51133,Open-Meteo Historical Weather API,2025-06-01/2025-08-31,15.45,9.67,40.74,2.01,2208,Open-Meteo Air Quality API,2025-06-01/2025-08-31,4,bagages,1,1,très bon séjour.
1483,solo,bali,automne,resort,business,19,5043.27,1433.31,nuageux,26.3,6.82,61,14.71,91,-8.65,115.21667,Open-Meteo Historical Weather API,2025-09-01/2025-11-30,14.48,11.69,32.66,2.5,2184,Open-Meteo Air Quality API,2025-09-01/2025-11-30,3,aucun,0,1,séjour correct mais perfectible.
1484,famille,rome,printemps,appartement,plage,6,3210.17,576.6,pluie,15.22,3.55,32,13.85,92,41.89193,12.51133,Open-Meteo Historical Weather API,2025-03-01/2025-05-31,15.93,11.65,37.47,1.19,2208,Open-Meteo Air Quality API,2025-03-01/2025-05-31,4,aucun,0,1,très bon séjour.
1485,solo,paris,été,resort,gastronomie,6,6675.41,327.28,ensoleillé,21.05,2.58,30,14.41,92,48.85341,2.3488,Open-Meteo Historical Weather API,2025-06-01/2025-08-31,10.28,6.83,31.49,1.5,2208,Open-Meteo Air Quality API,2025-06-01/2025-08-31,4,aucun,0,1,très bon séjour.
1486,famille,sydney,printemps,appartement,gastronomie,6,7820.8,1451.5,ensoleillé,19.13,4.44,49,17.74,92,-33.86785,151.20732,Open-Meteo Historical Weather API,2025-03-01/2025-05-31,11.25,9.25,31.84,1.01,2208,Open-Meteo Air Quality API,2025-03-01/2025-05-31,3,annulation,0,1,séjour correct mais perfectible.
1487,senior,sydney,hiver,hôtel,randonnée,14,4811.84,1585.09,variable,22.44,3.42,39,20.67,90,-33.86785,151.20732,Open-Meteo Historical Weather API,2024-12-01/2025-02-28,12.57,9.86,34.15,2.24,2160,Open-Meteo Air Quality API,2024-12-01/2025-02-28,2,aucun,0,1,séjour décevant.
1488,couple,new york,printemps,villa,culture,14,11192.75,1064.05,ensoleillé,12.04,4.75,36,17.46,92,40.71427,-74.00597,Open-Meteo Historical Weather API,2025-03-01/2025-05-31,11.88,11.05,41.24,1.07,2208,Open-Meteo Air Quality API,2025-03-01/2025-05-31,4,aucun,0,1,très bon séjour.
1489,senior,paris,automne,hôtel,business,19,6250.87,301.44,variable,12.33,2.12,33,16.01,91,48.85341,2.3488,Open-Meteo Historical Weather API,2025-09-01/2025-11-30,12.19,8.6,34.88,0.44,2184,Open-Meteo Air Quality API,2025-09-01/2025-11-30,2,aucun,0,1,séjour décevant.
1490,couple,paris,printemps,hôtel,business,19,5378.96,391.41,nuageux,12.44,1.18,26,14.07,92,48.85341,2.3488,Open-Meteo Historical Weather API,2025-03-01/2025-05-31,15.06,12.04,38.85,0.97,2208,Open-Meteo Air Quality API,2025-03-01/2025-05-31,3,aucun,0,1,séjour correct mais perfectible.
1491,famille,paris,hiver,appartement,plage,18,3930.97,354.74,variable,4.95,2.61,35,15.72,90,48.85341,2.3488,Open-Meteo Historical Weather API,2024-12-01/2025-02-28,20.98,17.57,45.01,0.13,2160,Open-Meteo Air Quality API,2024-12-01/2025-02-28,2,aucun,0,1,séjour décevant.
1492,business,tokyo,été,hôtel,gastronomie,4,7428.65,1650.93,variable,27.71,2.91,31,13.49,92,35.6895,139.69171,Open-Meteo Historical Weather API,2025-06-01/2025-08-31,24.0,22.42,51.6,1.83,2208,Open-Meteo Air Quality API,2025-06-01/2025-08-31,3,aucun,0,1,séjour correct mais perfectible.
1493,solo,rome,automne,hôtel,business,16,2471.2,337.63,nuageux,17.21,4.01,24,12.75,91,41.89193,12.51133,Open-Meteo Historical Weather API,2025-09-01/2025-11-30,13.51,9.22,34.28,0.79,2184,Open-Meteo Air Quality API,2025-09-01/2025-11-30,3,aucun,0,1,séjour correct mais perfectible.
1494,business,lisbonne,automne,hôtel,randonnée,19,6006.44,327.38,variable,18.72,2.83,21,17.54,91,38.72509,-9.1498,Open-Meteo Historical Weather API,2025-09-01/2025-11-30,15.83,9.72,31.17,0.9,2184,Open-Meteo Air Quality API,2025-09-01/2025-11-30,3,retard_vol,0,1,séjour correct mais perfectible.
1495,couple,sydney,été,resort,business,21,10088.4,1034.05,ensoleillé,12.22,4.06,27,18.74,92,-33.86785,151.20732,Open-Meteo Historical Weather API,2025-06-01/2025-08-31,10.19,9.26,31.56,0.49,2208,Open-Meteo Air Quality API,2025-06-01/2025-08-31,3,aucun,0,1,séjour correct mais perfectible.
1496,solo,dubaï,printemps,villa,gastronomie,9,4477.33,718.22,ensoleillé,28.3,0.01,0,22.56,92,25.07725,55.30927,Open-Meteo Historical Weather API,2025-03-01/2025-05-31,70.72,36.99,63.06,2.2,2208,Open-Meteo Air Quality API,2025-03-01/2025-05-31,3,aucun,0,1,séjour correct mais perfectible.
1497,senior,sydney,été,appartement,gastronomie,17,6927.63,2159.09,ensoleillé,12.22,4.06,27,18.74,92,-33.86785,151.20732,Open-Meteo Historical Weather API,2025-06-01/2025-08-31,10.19,9.26,31.56,0.49,2208,Open-Meteo Air Quality API,2025-06-01/2025-08-31,3,aucun,0,1,séjour correct mais perfectible.
1498,solo,lisbonne,automne,resort,randonnée,10,3340.53,376.97,nuageux,18.72,2.83,21,17.54,91,38.72509,-9.1498,Open-Meteo Historical Weather API,2025-09-01/2025-11-30,15.83,9.72,31.17,0.9,2184,Open-Meteo Air Quality API,2025-09-01/2025-11-30,4,aucun,0,1,très bon séjour.
1499,couple,new york,automne,villa,business,6,9408.98,865.46,ensoleillé,13.97,3.07,25,15.38,91,40.71427,-74.00597,Open-Meteo Historical Weather API,2025-09-01/2025-11-30,11.7,11.28,42.27,0.76,2184,Open-Meteo Air Quality API,2025-09-01/2025-11-30,3,aucun,0,1,séjour correct mais perfectible.
1500,solo,rome,automne,resort,gastronomie,9,3001.23,494.57,nuageux,17.21,4.01,24,12.75,91,41.89193,12.51133,Open-Meteo Historical Weather API,2025-09-01/2025-11-30,13.51,9.22,34.28,0.79,2184,Open-Meteo Air Quality API,2025-09-01/2025-11-30,3,aucun,0,1,séjour correct mais perfectible.
1501,solo,sydney,printemps,appartement,gastronomie,7,3708.15,1272.79,variable,19.13,4.44,49,17.74,92,-33.86785,151.20732,Open-Meteo Historical Weather API,2025-03-01/2025-05-31,11.25,9.25,31.84,1.01,2208,Open-Meteo Air Quality API,2025-03-01/2025-05-31,3,aucun,0,1,séjour correct mais perfectible.
1502,senior,paris,hiver,hôtel,gastronomie,20,6120.95,373.06,variable,4.95,2.61,35,15.72,90,48.85341,2.3488,Open-Meteo Historical Weather API,2024-12-01/2025-02-28,20.98,17.57,45.01,0.13,2160,Open-Meteo Air Quality API,2024-12-01/2025-02-28,2,aucun,0,1,séjour décevant.
1503,couple,tokyo,été,resort,plage,6,10017.3,1326.47,ensoleillé,27.71,2.91,31,13.49,92,35.6895,139.69171,Open-Meteo Historical Weather API,2025-06-01/2025-08-31,24.0,22.42,51.6,1.83,2208,Open-Meteo Air Quality API,2025-06-01/2025-08-31,4,aucun,0,1,très bon séjour.
1504,couple,new york,hiver,hôtel,culture,5,7958.17,720.63,nuageux,-0.0,2.34,32,16.49,90,40.71427,-74.00597,Open-Meteo Historical Weather API,2024-12-01/2025-02-28,14.23,13.56,43.36,0.34,2160,Open-Meteo Air Quality API,2024-12-01/2025-02-28,4,aucun,0,1,très bon séjour.
1505,business,sydney,hiver,hôtel,randonnée,14,10801.93,1277.99,ensoleillé,22.44,3.42,39,20.67,90,-33.86785,151.20732,Open-Meteo Historical Weather API,2024-12-01/2025-02-28,12.57,9.86,34.15,2.24,2160,Open-Meteo Air Quality API,2024-12-01/2025-02-28,4,aucun,0,1,très bon séjour.
1506,solo,bali,été,appartement,randonnée,13,3924.37,1538.22,ensoleillé,25.53,3.21,49,18.92,92,-8.65,115.21667,Open-Meteo Historical Weather API,2025-06-01/2025-08-31,13.38,9.86,30.22,1.86,2208,Open-Meteo Air Quality API,2025-06-01/2025-08-31,2,aucun,0,0,séjour décevant.
1507,business,rome,été,hôtel,culture,13,4821.12,619.75,variable,27.22,1.32,16,14.95,92,41.89193,12.51133,Open-Meteo Historical Weather API,2025-06-01/2025-08-31,15.45,9.67,40.74,2.01,2208,Open-Meteo Air Quality API,2025-06-01/2025-08-31,2,aucun,0,1,séjour décevant.
1508,couple,sydney,automne,resort,plage,5,9785.85,1603.85,variable,19.17,1.74,22,21.07,91,-33.86785,151.20732,Open-Meteo Historical Weather API,2025-09-01/2025-11-30,10.98,9.17,34.45,1.63,2184,Open-Meteo Air Quality API,2025-09-01/2025-11-30,4,aucun,0,1,très bon séjour.
1509,famille,tokyo,été,appartement,culture,12,9003.51,1313.81,ensoleillé,27.71,2.91,31,13.49,92,35.6895,139.69171,Open-Meteo Historical Weather API,2025-06-01/2025-08-31,24.0,22.42,51.6,1.83,2208,Open-Meteo Air Quality API,2025-06-01/2025-08-31,3,aucun,0,1,séjour correct mais perfectible.
1510,business,bali,automne,hôtel,gastronomie,20,10161.88,1223.65,ensoleillé,26.3,6.82,61,14.71,91,-8.65,115.21667,Open-Meteo Historical Weather API,2025-09-01/2025-11-30,14.48,11.69,32.66,2.5,2184,Open-Meteo Air Quality API,2025-09-01/2025-11-30,3,aucun,0,1,séjour correct mais perfectible.
1511,famille,lisbonne,été,resort,culture,4,3783.65,508.95,ensoleillé,23.39,0.06,1,17.22,92,38.72509,-9.1498,Open-Meteo Historical Weather API,2025-06-01/2025-08-31,19.54,10.92,32.89,2.16,2208,Open-Meteo Air Quality API,2025-06-01/2025-08-31,4,météo,1,1,très bon séjour.
1512,famille,lisbonne,été,appartement,plage,18,3239.26,400.39,ensoleillé,23.39,0.06,1,17.22,92,38.72509,-9.1498,Open-Meteo Historical Weather API,2025-06-01/2025-08-31,19.54,10.92,32.89,2.16,2208,Open-Meteo Air Quality API,2025-06-01/2025-08-31,4,aucun,0,1,très bon séjour.
1513,solo,bali,hiver,appartement,culture,5,4336.36,1018.39,ensoleillé,26.28,11.89,84,14.7,90,-8.65,115.21667,Open-Meteo Historical Weather API,2024-12-01/2025-02-28,12.8,11.67,33.02,1.96,2160,Open-Meteo Air Quality API,2024-12-01/2025-02-28,3,aucun,0,1,séjour correct mais perfectible.
1514,business,lisbonne,été,hôtel,randonnée,7,6363.26,438.33,ensoleillé,23.39,0.06,1,17.22,92,38.72509,-9.1498,Open-Meteo Historical Weather API,2025-06-01/2025-08-31,19.54,10.92,32.89,2.16,2208,Open-Meteo Air Quality API,2025-06-01/2025-08-31,3,aucun,0,1,séjour correct mais perfectible.
1515,senior,lisbonne,hiver,villa,business,20,6903.08,292.79,nuageux,12.63,2.92,26,17.53,90,38.72509,-9.1498,Open-Meteo Historical Weather API,2024-12-01/2025-02-28,19.66,13.91,36.49,0.38,2160,Open-Meteo Air Quality API,2024-12-01/2025-02-28,3,aucun,0,1,séjour correct mais perfectible.
1516,couple,lisbonne,hiver,appartement,randonnée,8,2435.2,407.83,nuageux,12.63,2.92,26,17.53,90,38.72509,-9.1498,Open-Meteo Historical Weather API,2024-12-01/2025-02-28,19.66,13.91,36.49,0.38,2160,Open-Meteo Air Quality API,2024-12-01/2025-02-28,3,aucun,0,1,séjour correct mais perfectible.
1517,famille,paris,hiver,appartement,plage,12,6279.11,416.09,variable,4.95,2.61,35,15.72,90,48.85341,2.3488,Open-Meteo Historical Weather API,2024-12-01/2025-02-28,20.98,17.57,45.01,0.13,2160,Open-Meteo Air Quality API,2024-12-01/2025-02-28,3,aucun,0,1,séjour correct mais perfectible.
1518,senior,dubaï,automne,hôtel,gastronomie,10,6543.33,610.53,pluie,29.44,0.0,0,20.09,91,25.07725,55.30927,Open-Meteo Historical Weather API,2025-09-01/2025-11-30,80.53,41.8,60.89,1.56,2184,Open-Meteo Air Quality API,2025-09-01/2025-11-30,2,météo,0,1,séjour décevant.
1519,famille,rome,été,appartement,plage,14,4986.6,572.59,ensoleillé,27.22,1.32,16,14.95,92,41.89193,12.51133,Open-Meteo Historical Weather API,2025-06-01/2025-08-31,15.45,9.67,40.74,2.01,2208,Open-Meteo Air Quality API,2025-06-01/2025-08-31,4,aucun,0,1,très bon séjour.
1520,famille,rome,automne,appartement,randonnée,10,4758.11,399.04,nuageux,17.21,4.01,24,12.75,91,41.89193,12.51133,Open-Meteo Historical Weather API,2025-09-01/2025-11-30,13.51,9.22,34.28,0.79,2184,Open-Meteo Air Quality API,2025-09-01/2025-11-30,3,aucun,0,1,séjour correct mais perfectible.
1521,couple,rome,automne,hôtel,culture,11,3104.29,367.66,variable,17.21,4.01,24,12.75,91,41.89193,12.51133,Open-Meteo Historical Weather API,2025-09-01/2025-11-30,13.51,9.22,34.28,0.79,2184,Open-Meteo Air Quality API,2025-09-01/2025-11-30,3,aucun,0,1,séjour correct mais perfectible.
1522,solo,dubaï,automne,villa,gastronomie,18,7958.16,959.0,ensoleillé,29.44,0.0,0,20.09,91,25.07725,55.30927,Open-Meteo Historical Weather API,2025-09-01/2025-11-30,80.53,41.8,60.89,1.56,2184,Open-Meteo Air Quality API,2025-09-01/2025-11-30,3,aucun,0,1,séjour correct mais perfectible.
1523,senior,bali,hiver,villa,culture,13,10430.11,942.54,variable,26.28,11.89,84,14.7,90,-8.65,115.21667,Open-Meteo Historical Weather API,2024-12-01/2025-02-28,12.8,11.67,33.02,1.96,2160,Open-Meteo Air Quality API,2024-12-01/2025-02-28,4,aucun,0,1,très bon séjour.
1524,business,lisbonne,automne,resort,business,13,5600.06,292.49,ensoleillé,18.72,2.83,21,17.54,91,38.72509,-9.1498,Open-Meteo Historical Weather API,2025-09-01/2025-11-30,15.83,9.72,31.17,0.9,2184,Open-Meteo Air Quality API,2025-09-01/2025-11-30,4,aucun,0,1,très bon séjour.
1525,business,bali,automne,appartement,gastronomie,18,6010.63,1194.45,variable,26.3,6.82,61,14.71,91,-8.65,115.21667,Open-Meteo Historical Weather API,2025-09-01/2025-11-30,14.48,11.69,32.66,2.5,2184,Open-Meteo Air Quality API,2025-09-01/2025-11-30,3,aucun,0,1,séjour correct mais perfectible.
1526,famille,paris,automne,resort,gastronomie,11,4890.4,366.92,ensoleillé,12.33,2.12,33,16.01,91,48.85341,2.3488,Open-Meteo Historical Weather API,2025-09-01/2025-11-30,12.19,8.6,34.88,0.44,2184,Open-Meteo Air Quality API,2025-09-01/2025-11-30,4,bagages,1,1,très bon séjour.
1527,couple,lisbonne,hiver,appartement,plage,18,3395.97,425.64,variable,12.63,2.92,26,17.53,90,38.72509,-9.1498,Open-Meteo Historical Weather API,2024-12-01/2025-02-28,19.66,13.91,36.49,0.38,2160,Open-Meteo Air Quality API,2024-12-01/2025-02-28,2,aucun,0,1,séjour décevant.
1528,couple,rome,hiver,appartement,randonnée,16,3687.93,612.1,ensoleillé,9.23,2.57,28,13.79,90,41.89193,12.51133,Open-Meteo Historical Weather API,2024-12-01/2025-02-28,20.56,17.01,40.29,0.27,2160,Open-Meteo Air Quality API,2024-12-01/2025-02-28,3,aucun,0,1,séjour correct mais perfectible.
1529,famille,sydney,automne,hôtel,culture,19,7516.84,1118.15,variable,19.17,1.74,22,21.07,91,-33.86785,151.20732,Open-Meteo Historical Weather API,2025-09-01/2025-11-30,10.98,9.17,34.45,1.63,2184,Open-Meteo Air Quality API,2025-09-01/2025-11-30,3,aucun,0,1,séjour correct mais perfectible.
1530,couple,paris,hiver,hôtel,plage,11,4827.24,313.56,pluie,4.95,2.61,35,15.72,90,48.85341,2.3488,Open-Meteo Historical Weather API,2024-12-01/2025-02-28,20.98,17.57,45.01,0.13,2160,Open-Meteo Air Quality API,2024-12-01/2025-02-28,2,météo,1,1,séjour décevant.
1531,couple,bali,printemps,hôtel,randonnée,13,6410.74,1483.02,ensoleillé,26.99,6.49,65,13.72,92,-8.65,115.21667,Open-Meteo Historical Weather API,2025-03-01/2025-05-31,12.14,10.4,31.68,2.19,2208,Open-Meteo Air Quality API,2025-03-01/2025-05-31,3,annulation,1,1,séjour correct mais perfectible.
1532,famille,sydney,printemps,villa,plage,5,11993.03,1519.75,pluie,19.13,4.44,49,17.74,92,-33.86785,151.20732,Open-Meteo Historical Weather API,2025-03-01/2025-05-31,11.25,9.25,31.84,1.01,2208,Open-Meteo Air Quality API,2025-03-01/2025-05-31,4,bagages,1,1,très bon séjour.
1533,solo,sydney,hiver,hôtel,business,5,5907.48,1487.22,ensoleillé,22.44,3.42,39,20.67,90,-33.86785,151.20732,Open-Meteo Historical Weather API,2024-12-01/2025-02-28,12.57,9.86,34.15,2.24,2160,Open-Meteo Air Quality API,2024-12-01/2025-02-28,2,retard_vol,0,1,séjour décevant.
1534,business,new york,hiver,appartement,gastronomie,5,4538.81,759.75,pluie,-0.0,2.34,32,16.49,90,40.71427,-74.00597,Open-Meteo Historical Weather API,2024-12-01/2025-02-28,14.23,13.56,43.36,0.34,2160,Open-Meteo Air Quality API,2024-12-01/2025-02-28,2,bagages,1,1,séjour décevant.
1535,famille,rome,automne,resort,culture,15,8016.29,541.2,nuageux,17.21,4.01,24,12.75,91,41.89193,12.51133,Open-Meteo Historical Weather API,2025-09-01/2025-11-30,13.51,9.22,34.28,0.79,2184,Open-Meteo Air Quality API,2025-09-01/2025-11-30,4,aucun,0,1,très bon séjour.
1536,couple,lisbonne,automne,hôtel,culture,9,3612.6,434.94,pluie,18.72,2.83,21,17.54,91,38.72509,-9.1498,Open-Meteo Historical Weather API,2025-09-01/2025-11-30,15.83,9.72,31.17,0.9,2184,Open-Meteo Air Quality API,2025-09-01/2025-11-30,3,bagages,0,1,séjour correct mais perfectible.
1537,business,rome,automne,villa,randonnée,8,5908.77,465.35,variable,17.21,4.01,24,12.75,91,41.89193,12.51133,Open-Meteo Historical Weather API,2025-09-01/2025-11-30,13.51,9.22,34.28,0.79,2184,Open-Meteo Air Quality API,2025-09-01/2025-11-30,3,aucun,0,1,séjour correct mais perfectible.
1538,business,tokyo,printemps,resort,plage,14,5449.01,939.45,nuageux,14.52,6.04,44,15.33,92,35.6895,139.69171,Open-Meteo Historical Weather API,2025-03-01/2025-05-31,29.58,26.1,53.35,1.05,2208,Open-Meteo Air Quality API,2025-03-01/2025-05-31,3,aucun,0,1,séjour correct mais perfectible.
1539,business,lisbonne,printemps,hôtel,randonnée,10,5518.84,387.3,pluie,15.64,3.53,41,19.08,92,38.72509,-9.1498,Open-Meteo Historical Weather API,2025-03-01/2025-05-31,15.2,9.48,34.11,1.3,2208,Open-Meteo Air Quality API,2025-03-01/2025-05-31,3,aucun,0,1,séjour correct mais perfectible.
1540,couple,tokyo,printemps,hôtel,plage,5,8533.13,1361.56,variable,14.52,6.04,44,15.33,92,35.6895,139.69171,Open-Meteo Historical Weather API,2025-03-01/2025-05-31,29.58,26.1,53.35,1.05,2208,Open-Meteo Air Quality API,2025-03-01/2025-05-31,4,aucun,0,1,très bon séjour.
1541,business,tokyo,printemps,hôtel,randonnée,13,9940.33,843.24,nuageux,14.52,6.04,44,15.33,92,35.6895,139.69171,Open-Meteo Historical Weather API,2025-03-01/2025-05-31,29.58,26.1,53.35,1.05,2208,Open-Meteo Air Quality API,2025-03-01/2025-05-31,3,aucun,0,1,séjour correct mais perfectible.
1542,famille,dubaï,hiver,hôtel,randonnée,13,9305.82,599.23,nuageux,20.21,0.09,2,19.57,90,25.07725,55.30927,Open-Meteo Historical Weather API,2024-12-01/2025-02-28,59.55,32.47,55.0,1.03,2160,Open-Meteo Air Quality API,2024-12-01/2025-02-28,4,aucun,0,1,très bon séjour.
1543,couple,lisbonne,été,hôtel,culture,5,4281.83,397.73,ensoleillé,23.39,0.06,1,17.22,92,38.72509,-9.1498,Open-Meteo Historical Weather API,2025-06-01/2025-08-31,19.54,10.92,32.89,2.16,2208,Open-Meteo Air Quality API,2025-06-01/2025-08-31,4,annulation,1,1,très bon séjour.
1544,famille,dubaï,automne,resort,randonnée,8,10193.14,648.24,ensoleillé,29.44,0.0,0,20.09,91,25.07725,55.30927,Open-Meteo Historical Weather API,2025-09-01/2025-11-30,80.53,41.8,60.89,1.56,2184,Open-Meteo Air Quality API,2025-09-01/2025-11-30,3,aucun,0,1,séjour correct mais perfectible.
1545,couple,bali,été,hôtel,plage,7,5853.25,1353.16,ensoleillé,25.53,3.21,49,18.92,92,-8.65,115.21667,Open-Meteo Historical Weather API,2025-06-01/2025-08-31,13.38,9.86,30.22,1.86,2208,Open-Meteo Air Quality API,2025-06-01/2025-08-31,5,aucun,0,1,excellent séjour.
1546,couple,tokyo,printemps,hôtel,business,16,6902.54,1231.17,ensoleillé,14.52,6.04,44,15.33,92,35.6895,139.69171,Open-Meteo Historical Weather API,2025-03-01/2025-05-31,29.58,26.1,53.35,1.05,2208,Open-Meteo Air Quality API,2025-03-01/2025-05-31,2,aucun,0,1,séjour décevant.
1547,famille,tokyo,printemps,hôtel,plage,7,9549.39,1137.21,pluie,14.52,6.04,44,15.33,92,35.6895,139.69171,Open-Meteo Historical Weather API,2025-03-01/2025-05-31,29.58,26.1,53.35,1.05,2208,Open-Meteo Air Quality API,2025-03-01/2025-05-31,3,retard_vol,0,1,séjour correct mais perfectible.
1548,business,sydney,hiver,hôtel,randonnée,3,13400.31,1314.24,pluie,22.44,3.42,39,20.67,90,-33.86785,151.20732,Open-Meteo Historical Weather API,2024-12-01/2025-02-28,12.57,9.86,34.15,2.24,2160,Open-Meteo Air Quality API,2024-12-01/2025-02-28,3,aucun,0,1,séjour correct mais perfectible.
1549,couple,bali,printemps,villa,randonnée,8,8786.48,1207.34,nuageux,26.99,6.49,65,13.72,92,-8.65,115.21667,Open-Meteo Historical Weather API,2025-03-01/2025-05-31,12.14,10.4,31.68,2.19,2208,Open-Meteo Air Quality API,2025-03-01/2025-05-31,3,aucun,0,1,séjour correct mais perfectible.
1550,couple,sydney,été,hôtel,plage,11,10863.57,1706.3,ensoleillé,12.22,4.06,27,18.74,92,-33.86785,151.20732,Open-Meteo Historical Weather API,2025-06-01/2025-08-31,10.19,9.26,31.56,0.49,2208,Open-Meteo Air Quality API,2025-06-01/2025-08-31,4,aucun,0,1,très bon séjour.
1551,famille,lisbonne,printemps,hôtel,business,17,4479.87,264.97,ensoleillé,15.64,3.53,41,19.08,92,38.72509,-9.1498,Open-Meteo Historical Weather API,2025-03-01/2025-05-31,15.2,9.48,34.11,1.3,2208,Open-Meteo Air Quality API,2025-03-01/2025-05-31,3,aucun,0,1,séjour correct mais perfectible.
1552,couple,bali,été,resort,randonnée,3,8399.08,1618.75,nuageux,25.53,3.21,49,18.92,92,-8.65,115.21667,Open-Meteo Historical Weather API,2025-06-01/2025-08-31,13.38,9.86,30.22,1.86,2208,Open-Meteo Air Quality API,2025-06-01/2025-08-31,4,aucun,0,1,très bon séjour.
1553,couple,bali,automne,villa,culture,19,13746.83,978.93,nuageux,26.3,6.82,61,14.71,91,-8.65,115.21667,Open-Meteo Historical Weather API,2025-09-01/2025-11-30,14.48,11.69,32.66,2.5,2184,Open-Meteo Air Quality API,2025-09-01/2025-11-30,4,aucun,0,1,très bon séjour.
1554,couple,tokyo,printemps,appartement,plage,9,8497.89,966.18,variable,14.52,6.04,44,15.33,92,35.6895,139.69171,Open-Meteo Historical Weather API,2025-03-01/2025-05-31,29.58,26.1,53.35,1.05,2208,Open-Meteo Air Quality API,2025-03-01/2025-05-31,3,météo,0,1,séjour correct mais perfectible.
1555,famille,new york,hiver,appartement,gastronomie,9,9296.96,902.09,pluie,-0.0,2.34,32,16.49,90,40.71427,-74.00597,Open-Meteo Historical Weather API,2024-12-01/2025-02-28,14.23,13.56,43.36,0.34,2160,Open-Meteo Air Quality API,2024-12-01/2025-02-28,2,aucun,0,1,séjour décevant.
1556,business,paris,hiver,villa,plage,3,7771.15,345.25,nuageux,4.95,2.61,35,15.72,90,48.85341,2.3488,Open-Meteo Historical Weather API,2024-12-01/2025-02-28,20.98,17.57,45.01,0.13,2160,Open-Meteo Air Quality API,2024-12-01/2025-02-28,3,aucun,0,1,séjour correct mais perfectible.
1557,senior,sydney,hiver,resort,randonnée,8,14433.7,1413.94,pluie,22.44,3.42,39,20.67,90,-33.86785,151.20732,Open-Meteo Historical Weather API,2024-12-01/2025-02-28,12.57,9.86,34.15,2.24,2160,Open-Meteo Air Quality API,2024-12-01/2025-02-28,4,aucun,0,1,très bon séjour.
1558,couple,sydney,été,villa,gastronomie,11,11674.94,1573.16,nuageux,12.22,4.06,27,18.74,92,-33.86785,151.20732,Open-Meteo Historical Weather API,2025-06-01/2025-08-31,10.19,9.26,31.56,0.49,2208,Open-Meteo Air Quality API,2025-06-01/2025-08-31,4,aucun,0,1,très bon séjour.
1559,solo,paris,automne,hôtel,business,14,3556.62,331.77,ensoleillé,12.33,2.12,33,16.01,91,48.85341,2.3488,Open-Meteo Historical Weather API,2025-09-01/2025-11-30,12.19,8.6,34.88,0.44,2184,Open-Meteo Air Quality API,2025-09-01/2025-11-30,3,aucun,0,1,séjour correct mais perfectible.
1560,senior,dubaï,automne,appartement,randonnée,17,2780.85,892.62,pluie,29.44,0.0,0,20.09,91,25.07725,55.30927,Open-Meteo Historical Weather API,2025-09-01/2025-11-30,80.53,41.8,60.89,1.56,2184,Open-Meteo Air Quality API,2025-09-01/2025-11-30,2,retard_vol,1,1,séjour décevant.
1561,senior,tokyo,été,appartement,culture,12,6345.39,1396.91,ensoleillé,27.71,2.91,31,13.49,92,35.6895,139.69171,Open-Meteo Historical Weather API,2025-06-01/2025-08-31,24.0,22.42,51.6,1.83,2208,Open-Meteo Air Quality API,2025-06-01/2025-08-31,4,aucun,0,1,très bon séjour.
1562,solo,paris,printemps,villa,plage,4,4134.91,369.03,ensoleillé,12.44,1.18,26,14.07,92,48.85341,2.3488,Open-Meteo Historical Weather API,2025-03-01/2025-05-31,15.06,12.04,38.85,0.97,2208,Open-Meteo Air Quality API,2025-03-01/2025-05-31,3,aucun,0,1,séjour correct mais perfectible.
1563,senior,bali,hiver,resort,randonnée,10,8023.77,1293.35,ensoleillé,26.28,11.89,84,14.7,90,-8.65,115.21667,Open-Meteo Historical Weather API,2024-12-01/2025-02-28,12.8,11.67,33.02,1.96,2160,Open-Meteo Air Quality API,2024-12-01/2025-02-28,4,aucun,0,1,très bon séjour.
1564,senior,sydney,printemps,appartement,culture,16,4755.43,1134.95,nuageux,19.13,4.44,49,17.74,92,-33.86785,151.20732,Open-Meteo Historical Weather API,2025-03-01/2025-05-31,11.25,9.25,31.84,1.01,2208,Open-Meteo Air Quality API,2025-03-01/2025-05-31,3,aucun,0,1,séjour correct mais perfectible.
1565,business,lisbonne,printemps,hôtel,gastronomie,15,6279.72,528.75,pluie,15.64,3.53,41,19.08,92,38.72509,-9.1498,Open-Meteo Historical Weather API,2025-03-01/2025-05-31,15.2,9.48,34.11,1.3,2208,Open-Meteo Air Quality API,2025-03-01/2025-05-31,2,aucun,0,1,séjour décevant.
1566,couple,dubaï,automne,resort,gastronomie,14,9531.44,562.96,ensoleillé,29.44,0.0,0,20.09,91,25.07725,55.30927,Open-Meteo Historical Weather API,2025-09-01/2025-11-30,80.53,41.8,60.89,1.56,2184,Open-Meteo Air Quality API,2025-09-01/2025-11-30,4,aucun,0,1,très bon séjour.
1567,famille,bali,printemps,hôtel,culture,12,10706.21,1173.43,pluie,26.99,6.49,65,13.72,92,-8.65,115.21667,Open-Meteo Historical Weather API,2025-03-01/2025-05-31,12.14,10.4,31.68,2.19,2208,Open-Meteo Air Quality API,2025-03-01/2025-05-31,4,aucun,0,1,très bon séjour.
1568,famille,rome,printemps,resort,plage,12,4790.07,426.8,pluie,15.22,3.55,32,13.85,92,41.89193,12.51133,Open-Meteo Historical Weather API,2025-03-01/2025-05-31,15.93,11.65,37.47,1.19,2208,Open-Meteo Air Quality API,2025-03-01/2025-05-31,3,aucun,0,1,séjour correct mais perfectible.
1569,couple,lisbonne,printemps,appartement,culture,21,3958.1,357.81,ensoleillé,15.64,3.53,41,19.08,92,38.72509,-9.1498,Open-Meteo Historical Weather API,2025-03-01/2025-05-31,15.2,9.48,34.11,1.3,2208,Open-Meteo Air Quality API,2025-03-01/2025-05-31,4,aucun,0,1,très bon séjour.
1570,couple,new york,hiver,hôtel,business,14,4344.5,780.5,ensoleillé,-0.0,2.34,32,16.49,90,40.71427,-74.00597,Open-Meteo Historical Weather API,2024-12-01/2025-02-28,14.23,13.56,43.36,0.34,2160,Open-Meteo Air Quality API,2024-12-01/2025-02-28,2,aucun,0,1,séjour décevant.
1571,couple,tokyo,automne,hôtel,culture,14,7947.9,904.15,ensoleillé,18.79,4.52,34,12.27,91,35.6895,139.69171,Open-Meteo Historical Weather API,2025-09-01/2025-11-30,28.46,27.24,54.08,0.85,2184,Open-Meteo Air Quality API,2025-09-01/2025-11-30,4,aucun,0,1,très bon séjour.
1572,solo,dubaï,hiver,hôtel,randonnée,9,4215.67,849.73,ensoleillé,20.21,0.09,2,19.57,90,25.07725,55.30927,Open-Meteo Historical Weather API,2024-12-01/2025-02-28,59.55,32.47,55.0,1.03,2160,Open-Meteo Air Quality API,2024-12-01/2025-02-28,4,aucun,0,1,très bon séjour.
1573,solo,rome,hiver,appartement,randonnée,12,2288.53,352.42,variable,9.23,2.57,28,13.79,90,41.89193,12.51133,Open-Meteo Historical Weather API,2024-12-01/2025-02-28,20.56,17.01,40.29,0.27,2160,Open-Meteo Air Quality API,2024-12-01/2025-02-28,2,annulation,1,1,séjour décevant.
1574,business,dubaï,hiver,appartement,business,16,6178.0,823.93,variable,20.21,0.09,2,19.57,90,25.07725,55.30927,Open-Meteo Historical Weather API,2024-12-01/2025-02-28,59.55,32.47,55.0,1.03,2160,Open-Meteo Air Quality API,2024-12-01/2025-02-28,3,aucun,0,1,séjour correct mais perfectible.
1575,famille,new york,automne,appartement,culture,19,5423.28,949.23,ensoleillé,13.97,3.07,25,15.38,91,40.71427,-74.00597,Open-Meteo Historical Weather API,2025-09-01/2025-11-30,11.7,11.28,42.27,0.76,2184,Open-Meteo Air Quality API,2025-09-01/2025-11-30,3,annulation,1,1,séjour correct mais perfectible.
1576,famille,rome,été,hôtel,business,17,3574.59,494.59,ensoleillé,27.22,1.32,16,14.95,92,41.89193,12.51133,Open-Meteo Historical Weather API,2025-06-01/2025-08-31,15.45,9.67,40.74,2.01,2208,Open-Meteo Air Quality API,2025-06-01/2025-08-31,2,aucun,0,1,séjour décevant.
1577,business,dubaï,été,appartement,business,15,6291.58,905.19,ensoleillé,35.27,0.0,0,22.79,92,25.07725,55.30927,Open-Meteo Historical Weather API,2025-06-01/2025-08-31,128.17,54.13,71.91,2.19,2208,Open-Meteo Air Quality API,2025-06-01/2025-08-31,2,bagages,1,1,séjour décevant.
1578,business,lisbonne,printemps,appartement,gastronomie,17,3784.19,369.2,ensoleillé,15.64,3.53,41,19.08,92,38.72509,-9.1498,Open-Meteo Historical Weather API,2025-03-01/2025-05-31,15.2,9.48,34.11,1.3,2208,Open-Meteo Air Quality API,2025-03-01/2025-05-31,2,aucun,0,1,séjour décevant.
1579,senior,new york,hiver,hôtel,plage,3,8591.13,681.55,nuageux,-0.0,2.34,32,16.49,90,40.71427,-74.00597,Open-Meteo Historical Weather API,2024-12-01/2025-02-28,14.23,13.56,43.36,0.34,2160,Open-Meteo Air Quality API,2024-12-01/2025-02-28,3,aucun,0,1,séjour correct mais perfectible.
1580,senior,tokyo,automne,hôtel,randonnée,8,7689.13,843.91,ensoleillé,18.79,4.52,34,12.27,91,35.6895,139.69171,Open-Meteo Historical Weather API,2025-09-01/2025-11-30,28.46,27.24,54.08,0.85,2184,Open-Meteo Air Quality API,2025-09-01/2025-11-30,4,aucun,0,1,très bon séjour.
1581,senior,paris,hiver,resort,randonnée,7,7759.74,391.29,nuageux,4.95,2.61,35,15.72,90,48.85341,2.3488,Open-Meteo Historical Weather API,2024-12-01/2025-02-28,20.98,17.57,45.01,0.13,2160,Open-Meteo Air Quality API,2024-12-01/2025-02-28,3,aucun,0,1,séjour correct mais perfectible.
1582,couple,rome,hiver,hôtel,business,15,2901.64,498.89,nuageux,9.23,2.57,28,13.79,90,41.89193,12.51133,Open-Meteo Historical Weather API,2024-12-01/2025-02-28,20.56,17.01,40.29,0.27,2160,Open-Meteo Air Quality API,2024-12-01/2025-02-28,2,annulation,1,1,séjour décevant.
1583,couple,tokyo,été,hôtel,randonnée,17,6876.08,1292.97,ensoleillé,27.71,2.91,31,13.49,92,35.6895,139.69171,Open-Meteo Historical Weather API,2025-06-01/2025-08-31,24.0,22.42,51.6,1.83,2208,Open-Meteo Air Quality API,2025-06-01/2025-08-31,3,aucun,0,1,séjour correct mais perfectible.
1584,couple,lisbonne,hiver,hôtel,randonnée,5,4163.12,353.22,nuageux,12.63,2.92,26,17.53,90,38.72509,-9.1498,Open-Meteo Historical Weather API,2024-12-01/2025-02-28,19.66,13.91,36.49,0.38,2160,Open-Meteo Air Quality API,2024-12-01/2025-02-28,4,aucun,0,1,très bon séjour.
1585,solo,paris,hiver,hôtel,business,6,4026.68,338.0,nuageux,4.95,2.61,35,15.72,90,48.85341,2.3488,Open-Meteo Historical Weather API,2024-12-01/2025-02-28,20.98,17.57,45.01,0.13,2160,Open-Meteo Air Quality API,2024-12-01/2025-02-28,4,aucun,0,1,très bon séjour.
1586,senior,paris,automne,hôtel,plage,12,4004.07,329.49,nuageux,12.33,2.12,33,16.01,91,48.85341,2.3488,Open-Meteo Historical Weather API,2025-09-01/2025-11-30,12.19,8.6,34.88,0.44,2184,Open-Meteo Air Quality API,2025-09-01/2025-11-30,3,aucun,0,1,séjour correct mais perfectible.
1587,couple,sydney,été,hôtel,culture,21,9885.06,1051.63,ensoleillé,12.22,4.06,27,18.74,92,-33.86785,151.20732,Open-Meteo Historical Weather API,2025-06-01/2025-08-31,10.19,9.26,31.56,0.49,2208,Open-Meteo Air Quality API,2025-06-01/2025-08-31,4,aucun,0,1,très bon séjour.
1588,solo,rome,printemps,appartement,gastronomie,3,2241.99,454.96,ensoleillé,15.22,3.55,32,13.85,92,41.89193,12.51133,Open-Meteo Historical Weather API,2025-03-01/2025-05-31,15.93,11.65,37.47,1.19,2208,Open-Meteo Air Quality API,2025-03-01/2025-05-31,4,aucun,0,1,très bon séjour.
1589,couple,paris,printemps,resort,business,19,5388.37,382.91,variable,12.44,1.18,26,14.07,92,48.85341,2.3488,Open-Meteo Historical Weather API,2025-03-01/2025-05-31,15.06,12.04,38.85,0.97,2208,Open-Meteo Air Quality API,2025-03-01/2025-05-31,2,annulation,0,1,séjour décevant.
1590,famille,new york,été,resort,gastronomie,6,11458.78,1015.21,ensoleillé,24.52,2.28,32,14.21,92,40.71427,-74.00597,Open-Meteo Historical Weather API,2025-06-01/2025-08-31,18.13,17.43,51.89,1.61,2208,Open-Meteo Air Quality API,2025-06-01/2025-08-31,4,aucun,0,1,très bon séjour.
1591,famille,paris,hiver,appartement,gastronomie,8,4910.26,461.46,pluie,4.95,2.61,35,15.72,90,48.85341,2.3488,Open-Meteo Historical Weather API,2024-12-01/2025-02-28,20.98,17.57,45.01,0.13,2160,Open-Meteo Air Quality API,2024-12-01/2025-02-28,2,aucun,0,1,séjour décevant.
1592,famille,tokyo,hiver,resort,business,15,9668.18,860.14,ensoleillé,6.08,0.56,8,14.28,90,35.6895,139.69171,Open-Meteo Historical Weather API,2024-12-01/2025-02-28,31.02,30.0,55.43,0.51,2160,Open-Meteo Air Quality API,2024-12-01/2025-02-28,3,aucun,0,1,séjour correct mais perfectible.
1593,senior,new york,été,hôtel,business,16,6002.02,883.64,ensoleillé,24.52,2.28,32,14.21,92,40.71427,-74.00597,Open-Meteo Historical Weather API,2025-06-01/2025-08-31,18.13,17.43,51.89,1.61,2208,Open-Meteo Air Quality API,2025-06-01/2025-08-31,3,aucun,0,1,séjour correct mais perfectible.
1594,couple,tokyo,été,hôtel,culture,19,5811.3,1268.67,ensoleillé,27.71,2.91,31,13.49,92,35.6895,139.69171,Open-Meteo Historical Weather API,2025-06-01/2025-08-31,24.0,22.42,51.6,1.83,2208,Open-Meteo Air Quality API,2025-06-01/2025-08-31,3,aucun,0,1,séjour correct mais perfectible.
1595,business,bali,automne,hôtel,culture,3,7075.25,1200.46,pluie,26.3,6.82,61,14.71,91,-8.65,115.21667,Open-Meteo Historical Weather API,2025-09-01/2025-11-30,14.48,11.69,32.66,2.5,2184,Open-Meteo Air Quality API,2025-09-01/2025-11-30,3,retard_vol,1,1,séjour correct mais perfectible.
1596,business,sydney,printemps,resort,business,3,15913.15,855.12,variable,19.13,4.44,49,17.74,92,-33.86785,151.20732,Open-Meteo Historical Weather API,2025-03-01/2025-05-31,11.25,9.25,31.84,1.01,2208,Open-Meteo Air Quality API,2025-03-01/2025-05-31,4,aucun,0,1,très bon séjour.
1597,famille,tokyo,hiver,resort,business,12,11512.78,1163.91,nuageux,6.08,0.56,8,14.28,90,35.6895,139.69171,Open-Meteo Historical Weather API,2024-12-01/2025-02-28,31.02,30.0,55.43,0.51,2160,Open-Meteo Air Quality API,2024-12-01/2025-02-28,2,aucun,0,1,séjour décevant.
1598,famille,bali,été,hôtel,culture,13,8633.65,1417.65,ensoleillé,25.53,3.21,49,18.92,92,-8.65,115.21667,Open-Meteo Historical Weather API,2025-06-01/2025-08-31,13.38,9.86,30.22,1.86,2208,Open-Meteo Air Quality API,2025-06-01/2025-08-31,3,aucun,0,1,séjour correct mais perfectible.
1599,business,paris,été,resort,randonnée,7,9047.47,255.44,nuageux,21.05,2.58,30,14.41,92,48.85341,2.3488,Open-Meteo Historical Weather API,2025-06-01/2025-08-31,10.28,6.83,31.49,1.5,2208,Open-Meteo Air Quality API,2025-06-01/2025-08-31,4,aucun,0,1,très bon séjour.
1600,couple,lisbonne,hiver,villa,culture,15,4516.9,372.02,nuageux,12.63,2.92,26,17.53,90,38.72509,-9.1498,Open-Meteo Historical Weather API,2024-12-01/2025-02-28,19.66,13.91,36.49,0.38,2160,Open-Meteo Air Quality API,2024-12-01/2025-02-28,4,aucun,0,1,très bon séjour.
1601,senior,rome,été,hôtel,randonnée,8,2602.92,453.72,ensoleillé,27.22,1.32,16,14.95,92,41.89193,12.51133,Open-Meteo Historical Weather API,2025-06-01/2025-08-31,15.45,9.67,40.74,2.01,2208,Open-Meteo Air Quality API,2025-06-01/2025-08-31,3,aucun,0,1,séjour correct mais perfectible.
1602,famille,paris,hiver,resort,gastronomie,20,5950.79,321.44,variable,4.95,2.61,35,15.72,90,48.85341,2.3488,Open-Meteo Historical Weather API,2024-12-01/2025-02-28,20.98,17.57,45.01,0.13,2160,Open-Meteo Air Quality API,2024-12-01/2025-02-28,2,aucun,0,1,séjour décevant.
1603,solo,lisbonne,automne,resort,gastronomie,6,2761.54,288.47,nuageux,18.72,2.83,21,17.54,91,38.72509,-9.1498,Open-Meteo Historical Weather API,2025-09-01/2025-11-30,15.83,9.72,31.17,0.9,2184,Open-Meteo Air Quality API,2025-09-01/2025-11-30,4,annulation,1,1,très bon séjour.
1604,business,rome,automne,appartement,business,15,3681.64,483.71,nuageux,17.21,4.01,24,12.75,91,41.89193,12.51133,Open-Meteo Historical Weather API,2025-09-01/2025-11-30,13.51,9.22,34.28,0.79,2184,Open-Meteo Air Quality API,2025-09-01/2025-11-30,4,aucun,0,1,très bon séjour.
1605,famille,paris,printemps,appartement,gastronomie,13,5961.92,460.99,ensoleillé,12.44,1.18,26,14.07,92,48.85341,2.3488,Open-Meteo Historical Weather API,2025-03-01/2025-05-31,15.06,12.04,38.85,0.97,2208,Open-Meteo Air Quality API,2025-03-01/2025-05-31,3,aucun,0,1,séjour correct mais perfectible.
1606,couple,lisbonne,automne,appartement,business,4,3582.34,398.13,ensoleillé,18.72,2.83,21,17.54,91,38.72509,-9.1498,Open-Meteo Historical Weather API,2025-09-01/2025-11-30,15.83,9.72,31.17,0.9,2184,Open-Meteo Air Quality API,2025-09-01/2025-11-30,4,aucun,0,1,très bon séjour.
1607,senior,new york,automne,hôtel,business,14,10168.44,519.61,variable,13.97,3.07,25,15.38,91,40.71427,-74.00597,Open-Meteo Historical Weather API,2025-09-01/2025-11-30,11.7,11.28,42.27,0.76,2184,Open-Meteo Air Quality API,2025-09-01/2025-11-30,3,aucun,0,1,séjour correct mais perfectible.
1608,couple,rome,hiver,resort,business,5,4471.9,473.13,ensoleillé,9.23,2.57,28,13.79,90,41.89193,12.51133,Open-Meteo Historical Weather API,2024-12-01/2025-02-28,20.56,17.01,40.29,0.27,2160,Open-Meteo Air Quality API,2024-12-01/2025-02-28,3,aucun,0,1,séjour correct mais perfectible.
1609,couple,lisbonne,printemps,appartement,plage,13,3989.45,366.69,ensoleillé,15.64,3.53,41,19.08,92,38.72509,-9.1498,Open-Meteo Historical Weather API,2025-03-01/2025-05-31,15.2,9.48,34.11,1.3,2208,Open-Meteo Air Quality API,2025-03-01/2025-05-31,3,aucun,0,1,séjour correct mais perfectible.
1610,couple,paris,été,hôtel,culture,15,7020.41,331.15,ensoleillé,21.05,2.58,30,14.41,92,48.85341,2.3488,Open-Meteo Historical Weather API,2025-06-01/2025-08-31,10.28,6.83,31.49,1.5,2208,Open-Meteo Air Quality API,2025-06-01/2025-08-31,3,annulation,1,1,séjour correct mais perfectible.
1611,couple,paris,hiver,villa,randonnée,4,7154.72,372.28,nuageux,4.95,2.61,35,15.72,90,48.85341,2.3488,Open-Meteo Historical Weather API,2024-12-01/2025-02-28,20.98,17.57,45.01,0.13,2160,Open-Meteo Air Quality API,2024-12-01/2025-02-28,3,aucun,0,1,séjour correct mais perfectible.
1612,business,rome,printemps,hôtel,gastronomie,7,5934.98,521.26,ensoleillé,15.22,3.55,32,13.85,92,41.89193,12.51133,Open-Meteo Historical Weather API,2025-03-01/2025-05-31,15.93,11.65,37.47,1.19,2208,Open-Meteo Air Quality API,2025-03-01/2025-05-31,4,aucun,0,1,très bon séjour.
1613,business,bali,printemps,resort,gastronomie,8,12331.81,1011.62,ensoleillé,26.99,6.49,65,13.72,92,-8.65,115.21667,Open-Meteo Historical Weather API,2025-03-01/2025-05-31,12.14,10.4,31.68,2.19,2208,Open-Meteo Air Quality API,2025-03-01/2025-05-31,3,météo,0,1,séjour correct mais perfectible.
1614,couple,tokyo,automne,resort,randonnée,20,9376.85,739.33,nuageux,18.79,4.52,34,12.27,91,35.6895,139.69171,Open-Meteo Historical Weather API,2025-09-01/2025-11-30,28.46,27.24,54.08,0.85,2184,Open-Meteo Air Quality API,2025-09-01/2025-11-30,3,aucun,0,1,séjour correct mais perfectible.
1615,business,sydney,printemps,resort,business,7,12428.05,829.27,nuageux,19.13,4.44,49,17.74,92,-33.86785,151.20732,Open-Meteo Historical Weather API,2025-03-01/2025-05-31,11.25,9.25,31.84,1.01,2208,Open-Meteo Air Quality API,2025-03-01/2025-05-31,4,météo,0,1,très bon séjour.
1616,famille,tokyo,été,appartement,business,20,6177.68,1090.54,nuageux,27.71,2.91,31,13.49,92,35.6895,139.69171,Open-Meteo Historical Weather API,2025-06-01/2025-08-31,24.0,22.42,51.6,1.83,2208,Open-Meteo Air Quality API,2025-06-01/2025-08-31,3,aucun,0,1,séjour correct mais perfectible.
1617,famille,new york,printemps,hôtel,gastronomie,13,3980.95,826.21,ensoleillé,12.04,4.75,36,17.46,92,40.71427,-74.00597,Open-Meteo Historical Weather API,2025-03-01/2025-05-31,11.88,11.05,41.24,1.07,2208,Open-Meteo Air Quality API,2025-03-01/2025-05-31,3,météo,0,1,séjour correct mais perfectible.
1618,solo,dubaï,hiver,resort,plage,21,6214.88,634.98,variable,20.21,0.09,2,19.57,90,25.07725,55.30927,Open-Meteo Historical Weather API,2024-12-01/2025-02-28,59.55,32.47,55.0,1.03,2160,Open-Meteo Air Quality API,2024-12-01/2025-02-28,3,aucun,0,1,séjour correct mais perfectible.
1619,senior,lisbonne,automne,resort,plage,18,3607.37,333.26,ensoleillé,18.72,2.83,21,17.54,91,38.72509,-9.1498,Open-Meteo Historical Weather API,2025-09-01/2025-11-30,15.83,9.72,31.17,0.9,2184,Open-Meteo Air Quality API,2025-09-01/2025-11-30,2,aucun,0,1,séjour décevant.
1620,famille,sydney,hiver,appartement,randonnée,8,5903.25,1432.89,nuageux,22.44,3.42,39,20.67,90,-33.86785,151.20732,Open-Meteo Historical Weather API,2024-12-01/2025-02-28,12.57,9.86,34.15,2.24,2160,Open-Meteo Air Quality API,2024-12-01/2025-02-28,4,aucun,0,1,très bon séjour.
1621,famille,dubaï,hiver,resort,business,13,10682.92,758.32,variable,20.21,0.09,2,19.57,90,25.07725,55.30927,Open-Meteo Historical Weather API,2024-12-01/2025-02-28,59.55,32.47,55.0,1.03,2160,Open-Meteo Air Quality API,2024-12-01/2025-02-28,3,météo,1,1,séjour correct mais perfectible.
1622,solo,new york,printemps,villa,gastronomie,16,5116.77,880.54,variable,12.04,4.75,36,17.46,92,40.71427,-74.00597,Open-Meteo Historical Weather API,2025-03-01/2025-05-31,11.88,11.05,41.24,1.07,2208,Open-Meteo Air Quality API,2025-03-01/2025-05-31,3,aucun,0,1,séjour correct mais perfectible.
1623,business,sydney,été,appartement,plage,4,9895.52,1759.45,ensoleillé,12.22,4.06,27,18.74,92,-33.86785,151.20732,Open-Meteo Historical Weather API,2025-06-01/2025-08-31,10.19,9.26,31.56,0.49,2208,Open-Meteo Air Quality API,2025-06-01/2025-08-31,3,aucun,0,1,séjour correct mais perfectible.
1624,famille,rome,printemps,hôtel,gastronomie,15,5471.11,396.84,ensoleillé,15.22,3.55,32,13.85,92,41.89193,12.51133,Open-Meteo Historical Weather API,2025-03-01/2025-05-31,15.93,11.65,37.47,1.19,2208,Open-Meteo Air Quality API,2025-03-01/2025-05-31,3,aucun,0,1,séjour correct mais perfectible.
1625,couple,dubaï,hiver,appartement,business,11,5085.07,562.09,variable,20.21,0.09,2,19.57,90,25.07725,55.30927,Open-Meteo Historical Weather API,2024-12-01/2025-02-28,59.55,32.47,55.0,1.03,2160,Open-Meteo Air Quality API,2024-12-01/2025-02-28,3,aucun,0,1,séjour correct mais perfectible.
1626,business,new york,printemps,villa,gastronomie,3,12868.24,770.08,ensoleillé,12.04,4.75,36,17.46,92,40.71427,-74.00597,Open-Meteo Historical Weather API,2025-03-01/2025-05-31,11.88,11.05,41.24,1.07,2208,Open-Meteo Air Quality API,2025-03-01/2025-05-31,3,aucun,0,1,séjour correct mais perfectible.
1627,couple,rome,printemps,hôtel,gastronomie,19,3174.05,402.1,ensoleillé,15.22,3.55,32,13.85,92,41.89193,12.51133,Open-Meteo Historical Weather API,2025-03-01/2025-05-31,15.93,11.65,37.47,1.19,2208,Open-Meteo Air Quality API,2025-03-01/2025-05-31,3,aucun,0,1,séjour correct mais perfectible.
1628,famille,paris,hiver,resort,plage,8,8708.93,220.77,pluie,4.95,2.61,35,15.72,90,48.85341,2.3488,Open-Meteo Historical Weather API,2024-12-01/2025-02-28,20.98,17.57,45.01,0.13,2160,Open-Meteo Air Quality API,2024-12-01/2025-02-28,3,aucun,0,1,séjour correct mais perfectible.
1629,famille,tokyo,été,hôtel,business,19,9100.26,1117.33,pluie,27.71,2.91,31,13.49,92,35.6895,139.69171,Open-Meteo Historical Weather API,2025-06-01/2025-08-31,24.0,22.42,51.6,1.83,2208,Open-Meteo Air Quality API,2025-06-01/2025-08-31,2,aucun,0,1,séjour décevant.
1630,couple,bali,hiver,resort,plage,6,8196.45,1378.7,pluie,26.28,11.89,84,14.7,90,-8.65,115.21667,Open-Meteo Historical Weather API,2024-12-01/2025-02-28,12.8,11.67,33.02,1.96,2160,Open-Meteo Air Quality API,2024-12-01/2025-02-28,3,aucun,0,1,séjour correct mais perfectible.
1631,couple,lisbonne,printemps,hôtel,business,13,3997.5,434.78,nuageux,15.64,3.53,41,19.08,92,38.72509,-9.1498,Open-Meteo Historical Weather API,2025-03-01/2025-05-31,15.2,9.48,34.11,1.3,2208,Open-Meteo Air Quality API,2025-03-01/2025-05-31,4,aucun,0,1,très bon séjour.
1632,senior,bali,été,appartement,randonnée,10,4147.2,1485.28,variable,25.53,3.21,49,18.92,92,-8.65,115.21667,Open-Meteo Historical Weather API,2025-06-01/2025-08-31,13.38,9.86,30.22,1.86,2208,Open-Meteo Air Quality API,2025-06-01/2025-08-31,2,météo,1,0,séjour décevant.
1633,solo,dubaï,été,hôtel,plage,19,3259.79,845.57,ensoleillé,35.27,0.0,0,22.79,92,25.07725,55.30927,Open-Meteo Historical Weather API,2025-06-01/2025-08-31,128.17,54.13,71.91,2.19,2208,Open-Meteo Air Quality API,2025-06-01/2025-08-31,2,aucun,0,1,séjour décevant.
1634,business,bali,printemps,resort,randonnée,21,11727.78,1449.92,pluie,26.99,6.49,65,13.72,92,-8.65,115.21667,Open-Meteo Historical Weather API,2025-03-01/2025-05-31,12.14,10.4,31.68,2.19,2208,Open-Meteo Air Quality API,2025-03-01/2025-05-31,3,aucun,0,1,séjour correct mais perfectible.
1635,senior,paris,printemps,hôtel,plage,17,5688.5,283.21,ensoleillé,12.44,1.18,26,14.07,92,48.85341,2.3488,Open-Meteo Historical Weather API,2025-03-01/2025-05-31,15.06,12.04,38.85,0.97,2208,Open-Meteo Air Quality API,2025-03-01/2025-05-31,3,aucun,0,1,séjour correct mais perfectible.
1636,couple,lisbonne,printemps,appartement,plage,19,2604.32,314.01,pluie,15.64,3.53,41,19.08,92,38.72509,-9.1498,Open-Meteo Historical Weather API,2025-03-01/2025-05-31,15.2,9.48,34.11,1.3,2208,Open-Meteo Air Quality API,2025-03-01/2025-05-31,2,retard_vol,0,1,séjour décevant.
1637,couple,rome,automne,resort,plage,17,5858.77,541.07,nuageux,17.21,4.01,24,12.75,91,41.89193,12.51133,Open-Meteo Historical Weather API,2025-09-01/2025-11-30,13.51,9.22,34.28,0.79,2184,Open-Meteo Air Quality API,2025-09-01/2025-11-30,3,aucun,0,1,séjour correct mais perfectible.
1638,senior,tokyo,hiver,resort,culture,8,11522.71,1055.22,nuageux,6.08,0.56,8,14.28,90,35.6895,139.69171,Open-Meteo Historical Weather API,2024-12-01/2025-02-28,31.02,30.0,55.43,0.51,2160,Open-Meteo Air Quality API,2024-12-01/2025-02-28,4,aucun,0,1,très bon séjour.
1639,famille,sydney,hiver,hôtel,business,20,11792.35,1142.94,pluie,22.44,3.42,39,20.67,90,-33.86785,151.20732,Open-Meteo Historical Weather API,2024-12-01/2025-02-28,12.57,9.86,34.15,2.24,2160,Open-Meteo Air Quality API,2024-12-01/2025-02-28,3,aucun,0,1,séjour correct mais perfectible.
1640,business,sydney,printemps,hôtel,randonnée,13,8976.92,1429.15,variable,19.13,4.44,49,17.74,92,-33.86785,151.20732,Open-Meteo Historical Weather API,2025-03-01/2025-05-31,11.25,9.25,31.84,1.01,2208,Open-Meteo Air Quality API,2025-03-01/2025-05-31,3,aucun,0,1,séjour correct mais perfectible.
1641,business,tokyo,hiver,resort,culture,9,7985.61,967.13,nuageux,6.08,0.56,8,14.28,90,35.6895,139.69171,Open-Meteo Historical Weather API,2024-12-01/2025-02-28,31.02,30.0,55.43,0.51,2160,Open-Meteo Air Quality API,2024-12-01/2025-02-28,3,aucun,0,1,séjour correct mais perfectible.
1642,famille,sydney,hiver,villa,randonnée,6,9711.09,1104.02,ensoleillé,22.44,3.42,39,20.67,90,-33.86785,151.20732,Open-Meteo Historical Weather API,2024-12-01/2025-02-28,12.57,9.86,34.15,2.24,2160,Open-Meteo Air Quality API,2024-12-01/2025-02-28,4,aucun,0,1,très bon séjour.
1643,couple,bali,hiver,hôtel,gastronomie,16,5774.81,970.87,ensoleillé,26.28,11.89,84,14.7,90,-8.65,115.21667,Open-Meteo Historical Weather API,2024-12-01/2025-02-28,12.8,11.67,33.02,1.96,2160,Open-Meteo Air Quality API,2024-12-01/2025-02-28,3,aucun,0,1,séjour correct mais perfectible.
1644,famille,tokyo,été,appartement,randonnée,8,9472.43,1310.71,nuageux,27.71,2.91,31,13.49,92,35.6895,139.69171,Open-Meteo Historical Weather API,2025-06-01/2025-08-31,24.0,22.42,51.6,1.83,2208,Open-Meteo Air Quality API,2025-06-01/2025-08-31,3,aucun,0,1,séjour correct mais perfectible.
1645,famille,paris,été,hôtel,business,15,5021.66,428.3,nuageux,21.05,2.58,30,14.41,92,48.85341,2.3488,Open-Meteo Historical Weather API,2025-06-01/2025-08-31,10.28,6.83,31.49,1.5,2208,Open-Meteo Air Quality API,2025-06-01/2025-08-31,3,annulation,1,1,séjour correct mais perfectible.
1646,couple,new york,été,appartement,gastronomie,4,5129.44,1276.83,ensoleillé,24.52,2.28,32,14.21,92,40.71427,-74.00597,Open-Meteo Historical Weather API,2025-06-01/2025-08-31,18.13,17.43,51.89,1.61,2208,Open-Meteo Air Quality API,2025-06-01/2025-08-31,5,aucun,0,1,excellent séjour.
1647,couple,new york,été,hôtel,gastronomie,15,6222.81,950.63,ensoleillé,24.52,2.28,32,14.21,92,40.71427,-74.00597,Open-Meteo Historical Weather API,2025-06-01/2025-08-31,18.13,17.43,51.89,1.61,2208,Open-Meteo Air Quality API,2025-06-01/2025-08-31,4,aucun,0,1,très bon séjour.
1648,business,paris,printemps,resort,business,15,7174.53,330.65,nuageux,12.44,1.18,26,14.07,92,48.85341,2.3488,Open-Meteo Historical Weather API,2025-03-01/2025-05-31,15.06,12.04,38.85,0.97,2208,Open-Meteo Air Quality API,2025-03-01/2025-05-31,5,aucun,0,1,excellent séjour.
1649,senior,new york,automne,hôtel,culture,12,6823.11,1070.26,nuageux,13.97,3.07,25,15.38,91,40.71427,-74.00597,Open-Meteo Historical Weather API,2025-09-01/2025-11-30,11.7,11.28,42.27,0.76,2184,Open-Meteo Air Quality API,2025-09-01/2025-11-30,3,aucun,0,1,séjour correct mais perfectible.
1650,business,tokyo,été,hôtel,plage,15,6824.7,1458.82,ensoleillé,27.71,2.91,31,13.49,92,35.6895,139.69171,Open-Meteo Historical Weather API,2025-06-01/2025-08-31,24.0,22.42,51.6,1.83,2208,Open-Meteo Air Quality API,2025-06-01/2025-08-31,4,aucun,0,1,très bon séjour.
1651,couple,lisbonne,automne,hôtel,plage,21,4458.81,389.91,nuageux,18.72,2.83,21,17.54,91,38.72509,-9.1498,Open-Meteo Historical Weather API,2025-09-01/2025-11-30,15.83,9.72,31.17,0.9,2184,Open-Meteo Air Quality API,2025-09-01/2025-11-30,3,aucun,0,1,séjour correct mais perfectible.
1652,couple,new york,été,hôtel,randonnée,18,6970.6,721.17,ensoleillé,24.52,2.28,32,14.21,92,40.71427,-74.00597,Open-Meteo Historical Weather API,2025-06-01/2025-08-31,18.13,17.43,51.89,1.61,2208,Open-Meteo Air Quality API,2025-06-01/2025-08-31,3,aucun,0,1,séjour correct mais perfectible.
1653,couple,lisbonne,printemps,resort,plage,11,6954.34,324.47,variable,15.64,3.53,41,19.08,92,38.72509,-9.1498,Open-Meteo Historical Weather API,2025-03-01/2025-05-31,15.2,9.48,34.11,1.3,2208,Open-Meteo Air Quality API,2025-03-01/2025-05-31,4,aucun,0,1,très bon séjour.
1654,famille,lisbonne,printemps,villa,culture,19,4453.11,307.9,nuageux,15.64,3.53,41,19.08,92,38.72509,-9.1498,Open-Meteo Historical Weather API,2025-03-01/2025-05-31,15.2,9.48,34.11,1.3,2208,Open-Meteo Air Quality API,2025-03-01/2025-05-31,3,aucun,0,1,séjour correct mais perfectible.
1655,senior,rome,printemps,resort,gastronomie,21,6892.27,452.95,ensoleillé,15.22,3.55,32,13.85,92,41.89193,12.51133,Open-Meteo Historical Weather API,2025-03-01/2025-05-31,15.93,11.65,37.47,1.19,2208,Open-Meteo Air Quality API,2025-03-01/2025-05-31,4,aucun,0,1,très bon séjour.
1656,couple,lisbonne,hiver,villa,plage,6,6817.82,345.23,variable,12.63,2.92,26,17.53,90,38.72509,-9.1498,Open-Meteo Historical Weather API,2024-12-01/2025-02-28,19.66,13.91,36.49,0.38,2160,Open-Meteo Air Quality API,2024-12-01/2025-02-28,4,aucun,0,1,très bon séjour.
1657,famille,sydney,printemps,resort,gastronomie,9,10719.9,1675.08,ensoleillé,19.13,4.44,49,17.74,92,-33.86785,151.20732,Open-Meteo Historical Weather API,2025-03-01/2025-05-31,11.25,9.25,31.84,1.01,2208,Open-Meteo Air Quality API,2025-03-01/2025-05-31,3,aucun,0,1,séjour correct mais perfectible.
1658,business,dubaï,hiver,hôtel,business,17,7761.24,502.0,variable,20.21,0.09,2,19.57,90,25.07725,55.30927,Open-Meteo Historical Weather API,2024-12-01/2025-02-28,59.55,32.47,55.0,1.03,2160,Open-Meteo Air Quality API,2024-12-01/2025-02-28,3,retard_vol,0,1,séjour correct mais perfectible.
1659,couple,tokyo,hiver,hôtel,business,12,6059.59,830.51,nuageux,6.08,0.56,8,14.28,90,35.6895,139.69171,Open-Meteo Historical Weather API,2024-12-01/2025-02-28,31.02,30.0,55.43,0.51,2160,Open-Meteo Air Quality API,2024-12-01/2025-02-28,3,aucun,0,1,séjour correct mais perfectible.
1660,famille,new york,automne,hôtel,business,5,6622.67,887.43,variable,13.97,3.07,25,15.38,91,40.71427,-74.00597,Open-Meteo Historical Weather API,2025-09-01/2025-11-30,11.7,11.28,42.27,0.76,2184,Open-Meteo Air Quality API,2025-09-01/2025-11-30,3,aucun,0,1,séjour correct mais perfectible.
1661,famille,new york,été,hôtel,business,11,8278.9,1097.14,pluie,24.52,2.28,32,14.21,92,40.71427,-74.00597,Open-Meteo Historical Weather API,2025-06-01/2025-08-31,18.13,17.43,51.89,1.61,2208,Open-Meteo Air Quality API,2025-06-01/2025-08-31,3,aucun,0,1,séjour correct mais perfectible.
1662,solo,bali,été,appartement,culture,10,3677.15,725.07,pluie,25.53,3.21,49,18.92,92,-8.65,115.21667,Open-Meteo Historical Weather API,2025-06-01/2025-08-31,13.38,9.86,30.22,1.86,2208,Open-Meteo Air Quality API,2025-06-01/2025-08-31,3,aucun,0,1,séjour correct mais perfectible.
1663,business,bali,printemps,appartement,business,17,4114.75,790.77,ensoleillé,26.99,6.49,65,13.72,92,-8.65,115.21667,Open-Meteo Historical Weather API,2025-03-01/2025-05-31,12.14,10.4,31.68,2.19,2208,Open-Meteo Air Quality API,2025-03-01/2025-05-31,3,aucun,0,1,séjour correct mais perfectible.
1664,famille,new york,été,resort,business,12,15572.31,955.41,pluie,24.52,2.28,32,14.21,92,40.71427,-74.00597,Open-Meteo Historical Weather API,2025-06-01/2025-08-31,18.13,17.43,51.89,1.61,2208,Open-Meteo Air Quality API,2025-06-01/2025-08-31,3,bagages,0,1,séjour correct mais perfectible.
1665,senior,sydney,automne,resort,culture,5,9181.55,1617.31,pluie,19.17,1.74,22,21.07,91,-33.86785,151.20732,Open-Meteo Historical Weather API,2025-09-01/2025-11-30,10.98,9.17,34.45,1.63,2184,Open-Meteo Air Quality API,2025-09-01/2025-11-30,4,bagages,0,1,très bon séjour.
1666,senior,bali,été,hôtel,gastronomie,3,5975.02,1818.1,ensoleillé,25.53,3.21,49,18.92,92,-8.65,115.21667,Open-Meteo Historical Weather API,2025-06-01/2025-08-31,13.38,9.86,30.22,1.86,2208,Open-Meteo Air Quality API,2025-06-01/2025-08-31,3,aucun,0,1,séjour correct mais perfectible.
1667,business,new york,été,resort,business,8,9700.06,928.17,ensoleillé,24.52,2.28,32,14.21,92,40.71427,-74.00597,Open-Meteo Historical Weather API,2025-06-01/2025-08-31,18.13,17.43,51.89,1.61,2208,Open-Meteo Air Quality API,2025-06-01/2025-08-31,5,aucun,0,1,excellent séjour.
1668,famille,bali,printemps,hôtel,gastronomie,5,6711.17,1114.68,nuageux,26.99,6.49,65,13.72,92,-8.65,115.21667,Open-Meteo Historical Weather API,2025-03-01/2025-05-31,12.14,10.4,31.68,2.19,2208,Open-Meteo Air Quality API,2025-03-01/2025-05-31,4,aucun,0,1,très bon séjour.
1669,famille,lisbonne,printemps,hôtel,plage,19,3814.04,322.76,variable,15.64,3.53,41,19.08,92,38.72509,-9.1498,Open-Meteo Historical Weather API,2025-03-01/2025-05-31,15.2,9.48,34.11,1.3,2208,Open-Meteo Air Quality API,2025-03-01/2025-05-31,3,aucun,0,1,séjour correct mais perfectible.
1670,senior,lisbonne,été,hôtel,plage,8,3417.8,499.51,nuageux,23.39,0.06,1,17.22,92,38.72509,-9.1498,Open-Meteo Historical Weather API,2025-06-01/2025-08-31,19.54,10.92,32.89,2.16,2208,Open-Meteo Air Quality API,2025-06-01/2025-08-31,4,aucun,0,1,très bon séjour.
1671,couple,paris,automne,hôtel,gastronomie,15,5183.31,446.3,nuageux,12.33,2.12,33,16.01,91,48.85341,2.3488,Open-Meteo Historical Weather API,2025-09-01/2025-11-30,12.19,8.6,34.88,0.44,2184,Open-Meteo Air Quality API,2025-09-01/2025-11-30,3,aucun,0,1,séjour correct mais perfectible.
1672,solo,bali,printemps,appartement,plage,5,4308.64,1410.0,nuageux,26.99,6.49,65,13.72,92,-8.65,115.21667,Open-Meteo Historical Weather API,2025-03-01/2025-05-31,12.14,10.4,31.68,2.19,2208,Open-Meteo Air Quality API,2025-03-01/2025-05-31,3,aucun,0,1,séjour correct mais perfectible.
1673,business,tokyo,printemps,hôtel,plage,11,9974.89,1044.52,ensoleillé,14.52,6.04,44,15.33,92,35.6895,139.69171,Open-Meteo Historical Weather API,2025-03-01/2025-05-31,29.58,26.1,53.35,1.05,2208,Open-Meteo Air Quality API,2025-03-01/2025-05-31,3,aucun,0,1,séjour correct mais perfectible.
1674,famille,tokyo,printemps,hôtel,randonnée,20,10094.2,891.52,nuageux,14.52,6.04,44,15.33,92,35.6895,139.69171,Open-Meteo Historical Weather API,2025-03-01/2025-05-31,29.58,26.1,53.35,1.05,2208,Open-Meteo Air Quality API,2025-03-01/2025-05-31,3,aucun,0,1,séjour correct mais perfectible.
1675,business,dubaï,printemps,villa,gastronomie,15,12298.4,701.03,pluie,28.3,0.01,0,22.56,92,25.07725,55.30927,Open-Meteo Historical Weather API,2025-03-01/2025-05-31,70.72,36.99,63.06,2.2,2208,Open-Meteo Air Quality API,2025-03-01/2025-05-31,3,aucun,0,1,séjour correct mais perfectible.
1676,senior,paris,automne,villa,gastronomie,8,7527.42,436.99,nuageux,12.33,2.12,33,16.01,91,48.85341,2.3488,Open-Meteo Historical Weather API,2025-09-01/2025-11-30,12.19,8.6,34.88,0.44,2184,Open-Meteo Air Quality API,2025-09-01/2025-11-30,4,aucun,0,1,très bon séjour.
1677,business,sydney,été,resort,gastronomie,17,12132.32,1423.41,nuageux,12.22,4.06,27,18.74,92,-33.86785,151.20732,Open-Meteo Historical Weather API,2025-06-01/2025-08-31,10.19,9.26,31.56,0.49,2208,Open-Meteo Air Quality API,2025-06-01/2025-08-31,2,retard_vol,1,1,séjour décevant.
1678,couple,sydney,printemps,resort,gastronomie,12,12512.02,875.19,nuageux,19.13,4.44,49,17.74,92,-33.86785,151.20732,Open-Meteo Historical Weather API,2025-03-01/2025-05-31,11.25,9.25,31.84,1.01,2208,Open-Meteo Air Quality API,2025-03-01/2025-05-31,4,aucun,0,1,très bon séjour.
1679,senior,bali,printemps,appartement,business,7,5172.6,1075.48,ensoleillé,26.99,6.49,65,13.72,92,-8.65,115.21667,Open-Meteo Historical Weather API,2025-03-01/2025-05-31,12.14,10.4,31.68,2.19,2208,Open-Meteo Air Quality API,2025-03-01/2025-05-31,3,aucun,0,1,séjour correct mais perfectible.
1680,solo,lisbonne,printemps,hôtel,randonnée,21,2501.86,360.91,pluie,15.64,3.53,41,19.08,92,38.72509,-9.1498,Open-Meteo Historical Weather API,2025-03-01/2025-05-31,15.2,9.48,34.11,1.3,2208,Open-Meteo Air Quality API,2025-03-01/2025-05-31,2,aucun,0,1,séjour décevant.
1681,business,lisbonne,hiver,resort,gastronomie,20,5392.46,255.42,ensoleillé,12.63,2.92,26,17.53,90,38.72509,-9.1498,Open-Meteo Historical Weather API,2024-12-01/2025-02-28,19.66,13.91,36.49,0.38,2160,Open-Meteo Air Quality API,2024-12-01/2025-02-28,3,annulation,1,1,séjour correct mais perfectible.
1682,business,tokyo,été,hôtel,culture,13,9271.69,1290.75,variable,27.71,2.91,31,13.49,92,35.6895,139.69171,Open-Meteo Historical Weather API,2025-06-01/2025-08-31,24.0,22.42,51.6,1.83,2208,Open-Meteo Air Quality API,2025-06-01/2025-08-31,2,météo,0,1,séjour décevant.
1683,business,sydney,automne,hôtel,randonnée,3,10318.65,1418.41,variable,19.17,1.74,22,21.07,91,-33.86785,151.20732,Open-Meteo Historical Weather API,2025-09-01/2025-11-30,10.98,9.17,34.45,1.63,2184,Open-Meteo Air Quality API,2025-09-01/2025-11-30,3,aucun,0,1,séjour correct mais perfectible.
1684,couple,tokyo,été,villa,plage,10,10883.36,1653.79,variable,27.71,2.91,31,13.49,92,35.6895,139.69171,Open-Meteo Historical Weather API,2025-06-01/2025-08-31,24.0,22.42,51.6,1.83,2208,Open-Meteo Air Quality API,2025-06-01/2025-08-31,4,aucun,0,1,très bon séjour.
1685,famille,new york,hiver,appartement,plage,12,5954.85,646.15,variable,-0.0,2.34,32,16.49,90,40.71427,-74.00597,Open-Meteo Historical Weather API,2024-12-01/2025-02-28,14.23,13.56,43.36,0.34,2160,Open-Meteo Air Quality API,2024-12-01/2025-02-28,2,aucun,0,1,séjour décevant.
1686,famille,tokyo,été,villa,randonnée,20,14805.59,1401.92,ensoleillé,27.71,2.91,31,13.49,92,35.6895,139.69171,Open-Meteo Historical Weather API,2025-06-01/2025-08-31,24.0,22.42,51.6,1.83,2208,Open-Meteo Air Quality API,2025-06-01/2025-08-31,4,aucun,0,1,très bon séjour.
1687,solo,paris,été,appartement,randonnée,16,3629.38,484.87,ensoleillé,21.05,2.58,30,14.41,92,48.85341,2.3488,Open-Meteo Historical Weather API,2025-06-01/2025-08-31,10.28,6.83,31.49,1.5,2208,Open-Meteo Air Quality API,2025-06-01/2025-08-31,3,aucun,0,1,séjour correct mais perfectible.
1688,solo,new york,printemps,resort,plage,7,9023.07,929.5,pluie,12.04,4.75,36,17.46,92,40.71427,-74.00597,Open-Meteo Historical Weather API,2025-03-01/2025-05-31,11.88,11.05,41.24,1.07,2208,Open-Meteo Air Quality API,2025-03-01/2025-05-31,3,aucun,0,1,séjour correct mais perfectible.
1689,solo,paris,été,appartement,randonnée,12,2662.38,338.15,ensoleillé,21.05,2.58,30,14.41,92,48.85341,2.3488,Open-Meteo Historical Weather API,2025-06-01/2025-08-31,10.28,6.83,31.49,1.5,2208,Open-Meteo Air Quality API,2025-06-01/2025-08-31,3,aucun,0,1,séjour correct mais perfectible.
1690,couple,dubaï,été,appartement,culture,6,6393.53,667.67,pluie,35.27,0.0,0,22.79,92,25.07725,55.30927,Open-Meteo Historical Weather API,2025-06-01/2025-08-31,128.17,54.13,71.91,2.19,2208,Open-Meteo Air Quality API,2025-06-01/2025-08-31,3,aucun,0,1,séjour correct mais perfectible.
1691,business,dubaï,automne,resort,business,12,6162.39,712.25,ensoleillé,29.44,0.0,0,20.09,91,25.07725,55.30927,Open-Meteo Historical Weather API,2025-09-01/2025-11-30,80.53,41.8,60.89,1.56,2184,Open-Meteo Air Quality API,2025-09-01/2025-11-30,4,aucun,0,1,très bon séjour.
1692,senior,new york,hiver,hôtel,gastronomie,13,8087.54,863.8,variable,-0.0,2.34,32,16.49,90,40.71427,-74.00597,Open-Meteo Historical Weather API,2024-12-01/2025-02-28,14.23,13.56,43.36,0.34,2160,Open-Meteo Air Quality API,2024-12-01/2025-02-28,3,aucun,0,1,séjour correct mais perfectible.
1693,famille,lisbonne,hiver,resort,plage,12,3516.68,341.73,pluie,12.63,2.92,26,17.53,90,38.72509,-9.1498,Open-Meteo Historical Weather API,2024-12-01/2025-02-28,19.66,13.91,36.49,0.38,2160,Open-Meteo Air Quality API,2024-12-01/2025-02-28,3,aucun,0,1,séjour correct mais perfectible.
1694,business,tokyo,printemps,hôtel,culture,11,7442.75,1294.12,variable,14.52,6.04,44,15.33,92,35.6895,139.69171,Open-Meteo Historical Weather API,2025-03-01/2025-05-31,29.58,26.1,53.35,1.05,2208,Open-Meteo Air Quality API,2025-03-01/2025-05-31,3,aucun,0,1,séjour correct mais perfectible.
1695,solo,tokyo,hiver,resort,plage,11,7339.93,974.26,nuageux,6.08,0.56,8,14.28,90,35.6895,139.69171,Open-Meteo Historical Weather API,2024-12-01/2025-02-28,31.02,30.0,55.43,0.51,2160,Open-Meteo Air Quality API,2024-12-01/2025-02-28,3,aucun,0,1,séjour correct mais perfectible.
1696,solo,tokyo,printemps,hôtel,plage,18,4723.81,692.09,nuageux,14.52,6.04,44,15.33,92,35.6895,139.69171,Open-Meteo Historical Weather API,2025-03-01/2025-05-31,29.58,26.1,53.35,1.05,2208,Open-Meteo Air Quality API,2025-03-01/2025-05-31,3,aucun,0,1,séjour correct mais perfectible.
1697,famille,new york,été,resort,gastronomie,12,8623.23,962.55,variable,24.52,2.28,32,14.21,92,40.71427,-74.00597,Open-Meteo Historical Weather API,2025-06-01/2025-08-31,18.13,17.43,51.89,1.61,2208,Open-Meteo Air Quality API,2025-06-01/2025-08-31,3,aucun,0,1,séjour correct mais perfectible.
1698,business,rome,hiver,hôtel,gastronomie,3,4801.71,488.9,nuageux,9.23,2.57,28,13.79,90,41.89193,12.51133,Open-Meteo Historical Weather API,2024-12-01/2025-02-28,20.56,17.01,40.29,0.27,2160,Open-Meteo Air Quality API,2024-12-01/2025-02-28,3,bagages,1,1,séjour correct mais perfectible.
1699,senior,paris,printemps,hôtel,randonnée,17,5732.96,371.54,ensoleillé,12.44,1.18,26,14.07,92,48.85341,2.3488,Open-Meteo Historical Weather API,2025-03-01/2025-05-31,15.06,12.04,38.85,0.97,2208,Open-Meteo Air Quality API,2025-03-01/2025-05-31,2,aucun,0,1,séjour décevant.
1700,business,lisbonne,automne,resort,business,14,4470.55,402.86,ensoleillé,18.72,2.83,21,17.54,91,38.72509,-9.1498,Open-Meteo Historical Weather API,2025-09-01/2025-11-30,15.83,9.72,31.17,0.9,2184,Open-Meteo Air Quality API,2025-09-01/2025-11-30,3,aucun,0,1,séjour correct mais perfectible.
1701,senior,new york,été,hôtel,plage,16,6758.51,1272.72,ensoleillé,24.52,2.28,32,14.21,92,40.71427,-74.00597,Open-Meteo Historical Weather API,2025-06-01/2025-08-31,18.13,17.43,51.89,1.61,2208,Open-Meteo Air Quality API,2025-06-01/2025-08-31,3,annulation,1,1,séjour correct mais perfectible.
1702,senior,bali,été,villa,plage,16,7829.04,1084.7,ensoleillé,25.53,3.21,49,18.92,92,-8.65,115.21667,Open-Meteo Historical Weather API,2025-06-01/2025-08-31,13.38,9.86,30.22,1.86,2208,Open-Meteo Air Quality API,2025-06-01/2025-08-31,4,aucun,0,1,très bon séjour.
1703,couple,new york,été,resort,gastronomie,6,10623.38,926.5,nuageux,24.52,2.28,32,14.21,92,40.71427,-74.00597,Open-Meteo Historical Weather API,2025-06-01/2025-08-31,18.13,17.43,51.89,1.61,2208,Open-Meteo Air Quality API,2025-06-01/2025-08-31,4,aucun,0,1,très bon séjour.
1704,solo,lisbonne,hiver,hôtel,gastronomie,21,3075.52,485.68,ensoleillé,12.63,2.92,26,17.53,90,38.72509,-9.1498,Open-Meteo Historical Weather API,2024-12-01/2025-02-28,19.66,13.91,36.49,0.38,2160,Open-Meteo Air Quality API,2024-12-01/2025-02-28,2,aucun,0,1,séjour décevant.
1705,couple,dubaï,hiver,hôtel,business,21,4054.42,452.11,ensoleillé,20.21,0.09,2,19.57,90,25.07725,55.30927,Open-Meteo Historical Weather API,2024-12-01/2025-02-28,59.55,32.47,55.0,1.03,2160,Open-Meteo Air Quality API,2024-12-01/2025-02-28,2,aucun,0,1,séjour décevant.
1706,senior,lisbonne,été,appartement,plage,5,3449.2,444.07,variable,23.39,0.06,1,17.22,92,38.72509,-9.1498,Open-Meteo Historical Weather API,2025-06-01/2025-08-31,19.54,10.92,32.89,2.16,2208,Open-Meteo Air Quality API,2025-06-01/2025-08-31,3,aucun,0,1,séjour correct mais perfectible.
1707,famille,sydney,printemps,resort,gastronomie,7,10203.66,1587.57,nuageux,19.13,4.44,49,17.74,92,-33.86785,151.20732,Open-Meteo Historical Weather API,2025-03-01/2025-05-31,11.25,9.25,31.84,1.01,2208,Open-Meteo Air Quality API,2025-03-01/2025-05-31,4,annulation,1,1,très bon séjour.
1708,couple,bali,printemps,hôtel,plage,7,6522.3,1401.3,ensoleillé,26.99,6.49,65,13.72,92,-8.65,115.21667,Open-Meteo Historical Weather API,2025-03-01/2025-05-31,12.14,10.4,31.68,2.19,2208,Open-Meteo Air Quality API,2025-03-01/2025-05-31,5,aucun,0,1,excellent séjour.
1709,senior,bali,hiver,hôtel,plage,21,4673.36,1286.64,ensoleillé,26.28,11.89,84,14.7,90,-8.65,115.21667,Open-Meteo Historical Weather API,2024-12-01/2025-02-28,12.8,11.67,33.02,1.96,2160,Open-Meteo Air Quality API,2024-12-01/2025-02-28,2,aucun,0,1,séjour décevant.
1710,couple,new york,automne,appartement,gastronomie,20,6386.06,954.87,ensoleillé,13.97,3.07,25,15.38,91,40.71427,-74.00597,Open-Meteo Historical Weather API,2025-09-01/2025-11-30,11.7,11.28,42.27,0.76,2184,Open-Meteo Air Quality API,2025-09-01/2025-11-30,4,aucun,0,1,très bon séjour.
1711,business,lisbonne,hiver,villa,culture,8,10187.46,308.79,variable,12.63,2.92,26,17.53,90,38.72509,-9.1498,Open-Meteo Historical Weather API,2024-12-01/2025-02-28,19.66,13.91,36.49,0.38,2160,Open-Meteo Air Quality API,2024-12-01/2025-02-28,4,aucun,0,1,très bon séjour.
1712,couple,rome,été,hôtel,plage,14,4420.3,662.25,nuageux,27.22,1.32,16,14.95,92,41.89193,12.51133,Open-Meteo Historical Weather API,2025-06-01/2025-08-31,15.45,9.67,40.74,2.01,2208,Open-Meteo Air Quality API,2025-06-01/2025-08-31,4,aucun,0,1,très bon séjour.
1713,senior,bali,printemps,hôtel,business,7,5294.13,901.59,nuageux,26.99,6.49,65,13.72,92,-8.65,115.21667,Open-Meteo Historical Weather API,2025-03-01/2025-05-31,12.14,10.4,31.68,2.19,2208,Open-Meteo Air Quality API,2025-03-01/2025-05-31,3,bagages,0,1,séjour correct mais perfectible.
1714,senior,sydney,été,hôtel,gastronomie,3,7392.12,1219.11,nuageux,12.22,4.06,27,18.74,92,-33.86785,151.20732,Open-Meteo Historical Weather API,2025-06-01/2025-08-31,10.19,9.26,31.56,0.49,2208,Open-Meteo Air Quality API,2025-06-01/2025-08-31,4,aucun,0,1,très bon séjour.
1715,couple,rome,printemps,hôtel,gastronomie,7,2910.3,481.42,variable,15.22,3.55,32,13.85,92,41.89193,12.51133,Open-Meteo Historical Weather API,2025-03-01/2025-05-31,15.93,11.65,37.47,1.19,2208,Open-Meteo Air Quality API,2025-03-01/2025-05-31,3,aucun,0,1,séjour correct mais perfectible.
1716,business,bali,hiver,appartement,business,4,8380.8,1047.95,nuageux,26.28,11.89,84,14.7,90,-8.65,115.21667,Open-Meteo Historical Weather API,2024-12-01/2025-02-28,12.8,11.67,33.02,1.96,2160,Open-Meteo Air Quality API,2024-12-01/2025-02-28,4,aucun,0,1,très bon séjour.
1717,couple,tokyo,été,villa,randonnée,19,11778.55,1285.1,ensoleillé,27.71,2.91,31,13.49,92,35.6895,139.69171,Open-Meteo Historical Weather API,2025-06-01/2025-08-31,24.0,22.42,51.6,1.83,2208,Open-Meteo Air Quality API,2025-06-01/2025-08-31,3,aucun,0,1,séjour correct mais perfectible.
1718,solo,tokyo,été,villa,randonnée,17,6103.48,1335.07,ensoleillé,27.71,2.91,31,13.49,92,35.6895,139.69171,Open-Meteo Historical Weather API,2025-06-01/2025-08-31,24.0,22.42,51.6,1.83,2208,Open-Meteo Air Quality API,2025-06-01/2025-08-31,4,aucun,0,1,très bon séjour.
1719,solo,bali,hiver,appartement,culture,6,2842.03,1518.07,variable,26.28,11.89,84,14.7,90,-8.65,115.21667,Open-Meteo Historical Weather API,2024-12-01/2025-02-28,12.8,11.67,33.02,1.96,2160,Open-Meteo Air Quality API,2024-12-01/2025-02-28,2,météo,0,0,séjour décevant.
1720,business,paris,printemps,hôtel,plage,13,6521.85,377.32,nuageux,12.44,1.18,26,14.07,92,48.85341,2.3488,Open-Meteo Historical Weather API,2025-03-01/2025-05-31,15.06,12.04,38.85,0.97,2208,Open-Meteo Air Quality API,2025-03-01/2025-05-31,2,aucun,0,1,séjour décevant.
1721,famille,paris,printemps,villa,business,6,10448.89,311.03,nuageux,12.44,1.18,26,14.07,92,48.85341,2.3488,Open-Meteo Historical Weather API,2025-03-01/2025-05-31,15.06,12.04,38.85,0.97,2208,Open-Meteo Air Quality API,2025-03-01/2025-05-31,4,aucun,0,1,très bon séjour.
1722,famille,bali,hiver,hôtel,business,13,5324.56,1290.03,variable,26.28,11.89,84,14.7,90,-8.65,115.21667,Open-Meteo Historical Weather API,2024-12-01/2025-02-28,12.8,11.67,33.02,1.96,2160,Open-Meteo Air Quality API,2024-12-01/2025-02-28,3,aucun,0,1,séjour correct mais perfectible.
1723,business,sydney,été,hôtel,business,20,12760.74,1304.34,ensoleillé,12.22,4.06,27,18.74,92,-33.86785,151.20732,Open-Meteo Historical Weather API,2025-06-01/2025-08-31,10.19,9.26,31.56,0.49,2208,Open-Meteo Air Quality API,2025-06-01/2025-08-31,3,aucun,0,1,séjour correct mais perfectible.
1724,solo,paris,hiver,appartement,gastronomie,19,3008.19,407.53,nuageux,4.95,2.61,35,15.72,90,48.85341,2.3488,Open-Meteo Historical Weather API,2024-12-01/2025-02-28,20.98,17.57,45.01,0.13,2160,Open-Meteo Air Quality API,2024-12-01/2025-02-28,2,bagages,1,1,séjour décevant.
1725,couple,dubaï,été,hôtel,culture,18,5408.36,835.61,nuageux,35.27,0.0,0,22.79,92,25.07725,55.30927,Open-Meteo Historical Weather API,2025-06-01/2025-08-31,128.17,54.13,71.91,2.19,2208,Open-Meteo Air Quality API,2025-06-01/2025-08-31,2,météo,0,1,séjour décevant.
1726,famille,tokyo,hiver,appartement,business,7,6429.39,1125.7,variable,6.08,0.56,8,14.28,90,35.6895,139.69171,Open-Meteo Historical Weather API,2024-12-01/2025-02-28,31.02,30.0,55.43,0.51,2160,Open-Meteo Air Quality API,2024-12-01/2025-02-28,2,retard_vol,0,1,séjour décevant.
1727,couple,paris,printemps,villa,plage,6,10440.5,237.82,ensoleillé,12.44,1.18,26,14.07,92,48.85341,2.3488,Open-Meteo Historical Weather API,2025-03-01/2025-05-31,15.06,12.04,38.85,0.97,2208,Open-Meteo Air Quality API,2025-03-01/2025-05-31,4,aucun,0,1,très bon séjour.
1728,senior,lisbonne,printemps,appartement,randonnée,6,1947.92,226.05,nuageux,15.64,3.53,41,19.08,92,38.72509,-9.1498,Open-Meteo Historical Weather API,2025-03-01/2025-05-31,15.2,9.48,34.11,1.3,2208,Open-Meteo Air Quality API,2025-03-01/2025-05-31,3,aucun,0,1,séjour correct mais perfectible.
1729,famille,rome,printemps,appartement,gastronomie,5,3401.99,328.38,variable,15.22,3.55,32,13.85,92,41.89193,12.51133,Open-Meteo Historical Weather API,2025-03-01/2025-05-31,15.93,11.65,37.47,1.19,2208,Open-Meteo Air Quality API,2025-03-01/2025-05-31,3,aucun,0,1,séjour correct mais perfectible.
1730,couple,dubaï,printemps,hôtel,culture,14,8225.07,919.97,pluie,28.3,0.01,0,22.56,92,25.07725,55.30927,Open-Meteo Historical Weather API,2025-03-01/2025-05-31,70.72,36.99,63.06,2.2,2208,Open-Meteo Air Quality API,2025-03-01/2025-05-31,3,aucun,0,1,séjour correct mais perfectible.
1731,senior,new york,automne,hôtel,culture,15,7165.72,674.33,nuageux,13.97,3.07,25,15.38,91,40.71427,-74.00597,Open-Meteo Historical Weather API,2025-09-01/2025-11-30,11.7,11.28,42.27,0.76,2184,Open-Meteo Air Quality API,2025-09-01/2025-11-30,3,aucun,0,1,séjour correct mais perfectible.
1732,famille,lisbonne,printemps,appartement,business,19,2803.86,430.09,ensoleillé,15.64,3.53,41,19.08,92,38.72509,-9.1498,Open-Meteo Historical Weather API,2025-03-01/2025-05-31,15.2,9.48,34.11,1.3,2208,Open-Meteo Air Quality API,2025-03-01/2025-05-31,2,retard_vol,0,1,séjour décevant.
1733,business,lisbonne,automne,resort,gastronomie,4,6818.93,336.09,ensoleillé,18.72,2.83,21,17.54,91,38.72509,-9.1498,Open-Meteo Historical Weather API,2025-09-01/2025-11-30,15.83,9.72,31.17,0.9,2184,Open-Meteo Air Quality API,2025-09-01/2025-11-30,4,aucun,0,1,très bon séjour.
1734,couple,new york,printemps,villa,plage,8,12765.04,813.28,ensoleillé,12.04,4.75,36,17.46,92,40.71427,-74.00597,Open-Meteo Historical Weather API,2025-03-01/2025-05-31,11.88,11.05,41.24,1.07,2208,Open-Meteo Air Quality API,2025-03-01/2025-05-31,4,aucun,0,1,très bon séjour.
1735,senior,paris,printemps,hôtel,plage,16,5300.16,347.18,ensoleillé,12.44,1.18,26,14.07,92,48.85341,2.3488,Open-Meteo Historical Weather API,2025-03-01/2025-05-31,15.06,12.04,38.85,0.97,2208,Open-Meteo Air Quality API,2025-03-01/2025-05-31,3,aucun,0,1,séjour correct mais perfectible.
1736,business,lisbonne,hiver,hôtel,business,15,3893.73,492.43,variable,12.63,2.92,26,17.53,90,38.72509,-9.1498,Open-Meteo Historical Weather API,2024-12-01/2025-02-28,19.66,13.91,36.49,0.38,2160,Open-Meteo Air Quality API,2024-12-01/2025-02-28,2,bagages,1,1,séjour décevant.
1737,senior,rome,printemps,hôtel,gastronomie,11,3673.12,497.34,pluie,15.22,3.55,32,13.85,92,41.89193,12.51133,Open-Meteo Historical Weather API,2025-03-01/2025-05-31,15.93,11.65,37.47,1.19,2208,Open-Meteo Air Quality API,2025-03-01/2025-05-31,3,aucun,0,1,séjour correct mais perfectible.
1738,famille,new york,été,appartement,culture,5,7214.82,1072.51,pluie,24.52,2.28,32,14.21,92,40.71427,-74.00597,Open-Meteo Historical Weather API,2025-06-01/2025-08-31,18.13,17.43,51.89,1.61,2208,Open-Meteo Air Quality API,2025-06-01/2025-08-31,4,aucun,0,1,très bon séjour.
1739,solo,tokyo,automne,appartement,gastronomie,12,3191.97,1295.08,ensoleillé,18.79,4.52,34,12.27,91,35.6895,139.69171,Open-Meteo Historical Weather API,2025-09-01/2025-11-30,28.46,27.24,54.08,0.85,2184,Open-Meteo Air Quality API,2025-09-01/2025-11-30,2,aucun,0,0,séjour décevant.
1740,business,bali,été,villa,business,6,14520.12,1202.34,ensoleillé,25.53,3.21,49,18.92,92,-8.65,115.21667,Open-Meteo Historical Weather API,2025-06-01/2025-08-31,13.38,9.86,30.22,1.86,2208,Open-Meteo Air Quality API,2025-06-01/2025-08-31,5,aucun,0,1,excellent séjour.
1741,famille,rome,été,hôtel,randonnée,13,6794.66,633.11,nuageux,27.22,1.32,16,14.95,92,41.89193,12.51133,Open-Meteo Historical Weather API,2025-06-01/2025-08-31,15.45,9.67,40.74,2.01,2208,Open-Meteo Air Quality API,2025-06-01/2025-08-31,4,aucun,0,1,très bon séjour.
1742,famille,lisbonne,hiver,resort,plage,20,4906.37,441.65,ensoleillé,12.63,2.92,26,17.53,90,38.72509,-9.1498,Open-Meteo Historical Weather API,2024-12-01/2025-02-28,19.66,13.91,36.49,0.38,2160,Open-Meteo Air Quality API,2024-12-01/2025-02-28,3,aucun,0,1,séjour correct mais perfectible.
1743,famille,sydney,hiver,hôtel,culture,6,10168.77,1508.24,ensoleillé,22.44,3.42,39,20.67,90,-33.86785,151.20732,Open-Meteo Historical Weather API,2024-12-01/2025-02-28,12.57,9.86,34.15,2.24,2160,Open-Meteo Air Quality API,2024-12-01/2025-02-28,5,aucun,0,1,excellent séjour.
1744,senior,rome,été,hôtel,gastronomie,5,5150.68,516.18,ensoleillé,27.22,1.32,16,14.95,92,41.89193,12.51133,Open-Meteo Historical Weather API,2025-06-01/2025-08-31,15.45,9.67,40.74,2.01,2208,Open-Meteo Air Quality API,2025-06-01/2025-08-31,3,aucun,0,1,séjour correct mais perfectible.
1745,business,rome,hiver,hôtel,business,17,7687.45,414.58,ensoleillé,9.23,2.57,28,13.79,90,41.89193,12.51133,Open-Meteo Historical Weather API,2024-12-01/2025-02-28,20.56,17.01,40.29,0.27,2160,Open-Meteo Air Quality API,2024-12-01/2025-02-28,3,retard_vol,0,1,séjour correct mais perfectible.
1746,solo,paris,hiver,resort,plage,3,6283.07,295.2,ensoleillé,4.95,2.61,35,15.72,90,48.85341,2.3488,Open-Meteo Historical Weather API,2024-12-01/2025-02-28,20.98,17.57,45.01,0.13,2160,Open-Meteo Air Quality API,2024-12-01/2025-02-28,3,aucun,0,1,séjour correct mais perfectible.
1747,business,sydney,automne,resort,randonnée,21,7920.45,1111.12,nuageux,19.17,1.74,22,21.07,91,-33.86785,151.20732,Open-Meteo Historical Weather API,2025-09-01/2025-11-30,10.98,9.17,34.45,1.63,2184,Open-Meteo Air Quality API,2025-09-01/2025-11-30,4,aucun,0,1,très bon séjour.
1748,solo,paris,automne,hôtel,business,17,3484.08,292.23,variable,12.33,2.12,33,16.01,91,48.85341,2.3488,Open-Meteo Historical Weather API,2025-09-01/2025-11-30,12.19,8.6,34.88,0.44,2184,Open-Meteo Air Quality API,2025-09-01/2025-11-30,2,bagages,1,1,séjour décevant.
1749,couple,new york,été,resort,business,10,9991.36,1069.23,ensoleillé,24.52,2.28,32,14.21,92,40.71427,-74.00597,Open-Meteo Historical Weather API,2025-06-01/2025-08-31,18.13,17.43,51.89,1.61,2208,Open-Meteo Air Quality API,2025-06-01/2025-08-31,4,aucun,0,1,très bon séjour.
1750,couple,dubaï,printemps,appartement,plage,9,4969.73,671.23,nuageux,28.3,0.01,0,22.56,92,25.07725,55.30927,Open-Meteo Historical Weather API,2025-03-01/2025-05-31,70.72,36.99,63.06,2.2,2208,Open-Meteo Air Quality API,2025-03-01/2025-05-31,4,annulation,1,1,très bon séjour.
1751,solo,tokyo,automne,hôtel,business,10,7618.17,1131.53,nuageux,18.79,4.52,34,12.27,91,35.6895,139.69171,Open-Meteo Historical Weather API,2025-09-01/2025-11-30,28.46,27.24,54.08,0.85,2184,Open-Meteo Air Quality API,2025-09-01/2025-11-30,4,aucun,0,1,très bon séjour.
1752,famille,bali,hiver,hôtel,plage,10,9685.84,1250.99,pluie,26.28,11.89,84,14.7,90,-8.65,115.21667,Open-Meteo Historical Weather API,2024-12-01/2025-02-28,12.8,11.67,33.02,1.96,2160,Open-Meteo Air Quality API,2024-12-01/2025-02-28,4,aucun,0,1,très bon séjour.
1753,senior,rome,printemps,appartement,plage,18,2748.41,364.16,nuageux,15.22,3.55,32,13.85,92,41.89193,12.51133,Open-Meteo Historical Weather API,2025-03-01/2025-05-31,15.93,11.65,37.47,1.19,2208,Open-Meteo Air Quality API,2025-03-01/2025-05-31,2,annulation,1,1,séjour décevant.
1754,business,paris,printemps,appartement,business,18,5139.57,281.34,ensoleillé,12.44,1.18,26,14.07,92,48.85341,2.3488,Open-Meteo Historical Weather API,2025-03-01/2025-05-31,15.06,12.04,38.85,0.97,2208,Open-Meteo Air Quality API,2025-03-01/2025-05-31,3,retard_vol,0,1,séjour correct mais perfectible.
1755,couple,rome,automne,appartement,plage,6,2944.56,431.48,ensoleillé,17.21,4.01,24,12.75,91,41.89193,12.51133,Open-Meteo Historical Weather API,2025-09-01/2025-11-30,13.51,9.22,34.28,0.79,2184,Open-Meteo Air Quality API,2025-09-01/2025-11-30,4,aucun,0,1,très bon séjour.
1756,solo,dubaï,automne,hôtel,randonnée,6,4685.82,602.33,nuageux,29.44,0.0,0,20.09,91,25.07725,55.30927,Open-Meteo Historical Weather API,2025-09-01/2025-11-30,80.53,41.8,60.89,1.56,2184,Open-Meteo Air Quality API,2025-09-01/2025-11-30,3,aucun,0,1,séjour correct mais perfectible.
1757,famille,rome,été,resort,plage,13,5874.69,446.85,variable,27.22,1.32,16,14.95,92,41.89193,12.51133,Open-Meteo Historical Weather API,2025-06-01/2025-08-31,15.45,9.67,40.74,2.01,2208,Open-Meteo Air Quality API,2025-06-01/2025-08-31,4,aucun,0,1,très bon séjour.
1758,senior,paris,hiver,villa,gastronomie,15,8666.78,456.83,nuageux,4.95,2.61,35,15.72,90,48.85341,2.3488,Open-Meteo Historical Weather API,2024-12-01/2025-02-28,20.98,17.57,45.01,0.13,2160,Open-Meteo Air Quality API,2024-12-01/2025-02-28,4,aucun,0,1,très bon séjour.
1759,senior,sydney,printemps,hôtel,plage,16,6267.35,941.19,nuageux,19.13,4.44,49,17.74,92,-33.86785,151.20732,Open-Meteo Historical Weather API,2025-03-01/2025-05-31,11.25,9.25,31.84,1.01,2208,Open-Meteo Air Quality API,2025-03-01/2025-05-31,3,aucun,0,1,séjour correct mais perfectible.
1760,senior,bali,printemps,resort,randonnée,8,3124.02,1568.77,variable,26.99,6.49,65,13.72,92,-8.65,115.21667,Open-Meteo Historical Weather API,2025-03-01/2025-05-31,12.14,10.4,31.68,2.19,2208,Open-Meteo Air Quality API,2025-03-01/2025-05-31,1,aucun,0,0,très mauvaise expérience.
1761,couple,lisbonne,automne,villa,randonnée,12,3377.34,399.76,pluie,18.72,2.83,21,17.54,91,38.72509,-9.1498,Open-Meteo Historical Weather API,2025-09-01/2025-11-30,15.83,9.72,31.17,0.9,2184,Open-Meteo Air Quality API,2025-09-01/2025-11-30,2,aucun,0,1,séjour décevant.
1762,famille,tokyo,hiver,hôtel,culture,4,6762.78,1236.4,pluie,6.08,0.56,8,14.28,90,35.6895,139.69171,Open-Meteo Historical Weather API,2024-12-01/2025-02-28,31.02,30.0,55.43,0.51,2160,Open-Meteo Air Quality API,2024-12-01/2025-02-28,4,aucun,0,1,très bon séjour.
1763,famille,new york,hiver,appartement,gastronomie,11,5810.19,982.85,nuageux,-0.0,2.34,32,16.49,90,40.71427,-74.00597,Open-Meteo Historical Weather API,2024-12-01/2025-02-28,14.23,13.56,43.36,0.34,2160,Open-Meteo Air Quality API,2024-12-01/2025-02-28,2,aucun,0,1,séjour décevant.
1764,famille,dubaï,été,appartement,plage,16,6676.45,917.73,variable,35.27,0.0,0,22.79,92,25.07725,55.30927,Open-Meteo Historical Weather API,2025-06-01/2025-08-31,128.17,54.13,71.91,2.19,2208,Open-Meteo Air Quality API,2025-06-01/2025-08-31,2,aucun,0,1,séjour décevant.
1765,famille,bali,printemps,hôtel,gastronomie,8,5436.24,1494.0,nuageux,26.99,6.49,65,13.72,92,-8.65,115.21667,Open-Meteo Historical Weather API,2025-03-01/2025-05-31,12.14,10.4,31.68,2.19,2208,Open-Meteo Air Quality API,2025-03-01/2025-05-31,3,aucun,0,1,séjour correct mais perfectible.
1766,famille,tokyo,automne,appartement,gastronomie,9,5257.26,845.42,pluie,18.79,4.52,34,12.27,91,35.6895,139.69171,Open-Meteo Historical Weather API,2025-09-01/2025-11-30,28.46,27.24,54.08,0.85,2184,Open-Meteo Air Quality API,2025-09-01/2025-11-30,3,aucun,0,1,séjour correct mais perfectible.
1767,senior,dubaï,hiver,resort,randonnée,11,6423.84,680.3,pluie,20.21,0.09,2,19.57,90,25.07725,55.30927,Open-Meteo Historical Weather API,2024-12-01/2025-02-28,59.55,32.47,55.0,1.03,2160,Open-Meteo Air Quality API,2024-12-01/2025-02-28,3,météo,0,1,séjour correct mais perfectible.
1768,famille,bali,automne,appartement,gastronomie,19,4411.59,973.46,nuageux,26.3,6.82,61,14.71,91,-8.65,115.21667,Open-Meteo Historical Weather API,2025-09-01/2025-11-30,14.48,11.69,32.66,2.5,2184,Open-Meteo Air Quality API,2025-09-01/2025-11-30,2,météo,1,1,séjour décevant.
1769,famille,lisbonne,hiver,villa,randonnée,14,5270.7,263.99,variable,12.63,2.92,26,17.53,90,38.72509,-9.1498,Open-Meteo Historical Weather API,2024-12-01/2025-02-28,19.66,13.91,36.49,0.38,2160,Open-Meteo Air Quality API,2024-12-01/2025-02-28,3,aucun,0,1,séjour correct mais perfectible.
1770,business,dubaï,hiver,appartement,randonnée,20,6054.12,616.68,variable,20.21,0.09,2,19.57,90,25.07725,55.30927,Open-Meteo Historical Weather API,2024-12-01/2025-02-28,59.55,32.47,55.0,1.03,2160,Open-Meteo Air Quality API,2024-12-01/2025-02-28,2,aucun,0,1,séjour décevant.
1771,solo,rome,printemps,hôtel,culture,4,3565.33,601.68,nuageux,15.22,3.55,32,13.85,92,41.89193,12.51133,Open-Meteo Historical Weather API,2025-03-01/2025-05-31,15.93,11.65,37.47,1.19,2208,Open-Meteo Air Quality API,2025-03-01/2025-05-31,4,aucun,0,1,très bon séjour.
1772,business,paris,printemps,appartement,randonnée,19,4169.68,339.07,ensoleillé,12.44,1.18,26,14.07,92,48.85341,2.3488,Open-Meteo Historical Weather API,2025-03-01/2025-05-31,15.06,12.04,38.85,0.97,2208,Open-Meteo Air Quality API,2025-03-01/2025-05-31,2,météo,0,1,séjour décevant.
1773,solo,new york,été,villa,randonnée,3,6925.44,1361.1,nuageux,24.52,2.28,32,14.21,92,40.71427,-74.00597,Open-Meteo Historical Weather API,2025-06-01/2025-08-31,18.13,17.43,51.89,1.61,2208,Open-Meteo Air Quality API,2025-06-01/2025-08-31,4,retard_vol,0,1,très bon séjour.
1774,senior,dubaï,hiver,resort,plage,9,7106.77,962.81,nuageux,20.21,0.09,2,19.57,90,25.07725,55.30927,Open-Meteo Historical Weather API,2024-12-01/2025-02-28,59.55,32.47,55.0,1.03,2160,Open-Meteo Air Quality API,2024-12-01/2025-02-28,4,aucun,0,1,très bon séjour.
1775,solo,paris,hiver,resort,culture,11,5512.83,538.69,pluie,4.95,2.61,35,15.72,90,48.85341,2.3488,Open-Meteo Historical Weather API,2024-12-01/2025-02-28,20.98,17.57,45.01,0.13,2160,Open-Meteo Air Quality API,2024-12-01/2025-02-28,3,aucun,0,1,séjour correct mais perfectible.
1776,solo,sydney,été,hôtel,culture,7,5703.61,2060.14,ensoleillé,12.22,4.06,27,18.74,92,-33.86785,151.20732,Open-Meteo Historical Weather API,2025-06-01/2025-08-31,10.19,9.26,31.56,0.49,2208,Open-Meteo Air Quality API,2025-06-01/2025-08-31,4,aucun,0,0,très bon séjour.
1777,business,sydney,hiver,appartement,culture,21,10347.84,1851.8,variable,22.44,3.42,39,20.67,90,-33.86785,151.20732,Open-Meteo Historical Weather API,2024-12-01/2025-02-28,12.57,9.86,34.15,2.24,2160,Open-Meteo Air Quality API,2024-12-01/2025-02-28,3,annulation,0,1,séjour correct mais perfectible.
1778,couple,dubaï,été,hôtel,plage,19,5076.05,874.35,variable,35.27,0.0,0,22.79,92,25.07725,55.30927,Open-Meteo Historical Weather API,2025-06-01/2025-08-31,128.17,54.13,71.91,2.19,2208,Open-Meteo Air Quality API,2025-06-01/2025-08-31,2,aucun,0,1,séjour décevant.
1779,couple,bali,été,hôtel,gastronomie,13,6132.66,1412.77,ensoleillé,25.53,3.21,49,18.92,92,-8.65,115.21667,Open-Meteo Historical Weather API,2025-06-01/2025-08-31,13.38,9.86,30.22,1.86,2208,Open-Meteo Air Quality API,2025-06-01/2025-08-31,3,aucun,0,1,séjour correct mais perfectible.
1780,couple,lisbonne,hiver,villa,randonnée,11,4558.65,400.17,pluie,12.63,2.92,26,17.53,90,38.72509,-9.1498,Open-Meteo Historical Weather API,2024-12-01/2025-02-28,19.66,13.91,36.49,0.38,2160,Open-Meteo Air Quality API,2024-12-01/2025-02-28,2,bagages,1,1,séjour décevant.
1781,famille,new york,été,villa,culture,17,8767.62,1003.01,pluie,24.52,2.28,32,14.21,92,40.71427,-74.00597,Open-Meteo Historical Weather API,2025-06-01/2025-08-31,18.13,17.43,51.89,1.61,2208,Open-Meteo Air Quality API,2025-06-01/2025-08-31,3,aucun,0,1,séjour correct mais perfectible.
1782,business,rome,printemps,villa,randonnée,16,7677.99,462.12,ensoleillé,15.22,3.55,32,13.85,92,41.89193,12.51133,Open-Meteo Historical Weather API,2025-03-01/2025-05-31,15.93,11.65,37.47,1.19,2208,Open-Meteo Air Quality API,2025-03-01/2025-05-31,3,aucun,0,1,séjour correct mais perfectible.
1783,couple,sydney,printemps,resort,gastronomie,12,14157.75,1476.01,ensoleillé,19.13,4.44,49,17.74,92,-33.86785,151.20732,Open-Meteo Historical Weather API,2025-03-01/2025-05-31,11.25,9.25,31.84,1.01,2208,Open-Meteo Air Quality API,2025-03-01/2025-05-31,4,aucun,0,1,très bon séjour.
1784,famille,tokyo,hiver,hôtel,gastronomie,18,7100.03,961.96,nuageux,6.08,0.56,8,14.28,90,35.6895,139.69171,Open-Meteo Historical Weather API,2024-12-01/2025-02-28,31.02,30.0,55.43,0.51,2160,Open-Meteo Air Quality API,2024-12-01/2025-02-28,3,annulation,1,1,séjour correct mais perfectible.
1785,famille,bali,automne,resort,culture,6,8662.59,864.83,variable,26.3,6.82,61,14.71,91,-8.65,115.21667,Open-Meteo Historical Weather API,2025-09-01/2025-11-30,14.48,11.69,32.66,2.5,2184,Open-Meteo Air Quality API,2025-09-01/2025-11-30,4,aucun,0,1,très bon séjour.
1786,business,new york,été,hôtel,culture,8,6401.78,1068.65,ensoleillé,24.52,2.28,32,14.21,92,40.71427,-74.00597,Open-Meteo Historical Weather API,2025-06-01/2025-08-31,18.13,17.43,51.89,1.61,2208,Open-Meteo Air Quality API,2025-06-01/2025-08-31,4,aucun,0,1,très bon séjour.
1787,couple,tokyo,été,appartement,business,3,4231.34,1084.49,ensoleillé,27.71,2.91,31,13.49,92,35.6895,139.69171,Open-Meteo Historical Weather API,2025-06-01/2025-08-31,24.0,22.42,51.6,1.83,2208,Open-Meteo Air Quality API,2025-06-01/2025-08-31,3,aucun,0,1,séjour correct mais perfectible.
1788,business,new york,automne,resort,gastronomie,5,9301.55,759.84,ensoleillé,13.97,3.07,25,15.38,91,40.71427,-74.00597,Open-Meteo Historical Weather API,2025-09-01/2025-11-30,11.7,11.28,42.27,0.76,2184,Open-Meteo Air Quality API,2025-09-01/2025-11-30,4,annulation,1,1,très bon séjour.
1789,senior,sydney,printemps,hôtel,business,6,7018.82,1266.6,nuageux,19.13,4.44,49,17.74,92,-33.86785,151.20732,Open-Meteo Historical Weather API,2025-03-01/2025-05-31,11.25,9.25,31.84,1.01,2208,Open-Meteo Air Quality API,2025-03-01/2025-05-31,4,aucun,0,1,très bon séjour.
1790,famille,dubaï,automne,hôtel,business,14,7122.23,653.11,ensoleillé,29.44,0.0,0,20.09,91,25.07725,55.30927,Open-Meteo Historical Weather API,2025-09-01/2025-11-30,80.53,41.8,60.89,1.56,2184,Open-Meteo Air Quality API,2025-09-01/2025-11-30,3,aucun,0,1,séjour correct mais perfectible.
1791,business,dubaï,été,hôtel,gastronomie,19,8077.33,991.04,nuageux,35.27,0.0,0,22.79,92,25.07725,55.30927,Open-Meteo Historical Weather API,2025-06-01/2025-08-31,128.17,54.13,71.91,2.19,2208,Open-Meteo Air Quality API,2025-06-01/2025-08-31,3,aucun,0,1,séjour correct mais perfectible.
1792,couple,new york,automne,appartement,culture,14,3763.01,824.49,ensoleillé,13.97,3.07,25,15.38,91,40.71427,-74.00597,Open-Meteo Historical Weather API,2025-09-01/2025-11-30,11.7,11.28,42.27,0.76,2184,Open-Meteo Air Quality API,2025-09-01/2025-11-30,3,aucun,0,1,séjour correct mais perfectible.
1793,famille,tokyo,automne,appartement,business,11,6179.87,1269.32,pluie,18.79,4.52,34,12.27,91,35.6895,139.69171,Open-Meteo Historical Weather API,2025-09-01/2025-11-30,28.46,27.24,54.08,0.85,2184,Open-Meteo Air Quality API,2025-09-01/2025-11-30,2,aucun,0,1,séjour décevant.
1794,business,lisbonne,automne,hôtel,business,8,4996.74,394.09,pluie,18.72,2.83,21,17.54,91,38.72509,-9.1498,Open-Meteo Historical Weather API,2025-09-01/2025-11-30,15.83,9.72,31.17,0.9,2184,Open-Meteo Air Quality API,2025-09-01/2025-11-30,4,retard_vol,0,1,très bon séjour.
1795,senior,paris,hiver,hôtel,randonnée,4,3463.86,344.42,variable,4.95,2.61,35,15.72,90,48.85341,2.3488,Open-Meteo Historical Weather API,2024-12-01/2025-02-28,20.98,17.57,45.01,0.13,2160,Open-Meteo Air Quality API,2024-12-01/2025-02-28,3,aucun,0,1,séjour correct mais perfectible.
1796,couple,bali,été,hôtel,culture,14,5715.58,1395.65,ensoleillé,25.53,3.21,49,18.92,92,-8.65,115.21667,Open-Meteo Historical Weather API,2025-06-01/2025-08-31,13.38,9.86,30.22,1.86,2208,Open-Meteo Air Quality API,2025-06-01/2025-08-31,4,aucun,0,1,très bon séjour.
1797,solo,sydney,automne,hôtel,gastronomie,5,6284.37,997.76,nuageux,19.17,1.74,22,21.07,91,-33.86785,151.20732,Open-Meteo Historical Weather API,2025-09-01/2025-11-30,10.98,9.17,34.45,1.63,2184,Open-Meteo Air Quality API,2025-09-01/2025-11-30,3,aucun,0,1,séjour correct mais perfectible.
1798,couple,rome,été,villa,plage,18,5161.96,563.31,nuageux,27.22,1.32,16,14.95,92,41.89193,12.51133,Open-Meteo Historical Weather API,2025-06-01/2025-08-31,15.45,9.67,40.74,2.01,2208,Open-Meteo Air Quality API,2025-06-01/2025-08-31,4,aucun,0,1,très bon séjour.
1799,solo,new york,printemps,appartement,randonnée,10,4570.27,979.93,nuageux,12.04,4.75,36,17.46,92,40.71427,-74.00597,Open-Meteo Historical Weather API,2025-03-01/2025-05-31,11.88,11.05,41.24,1.07,2208,Open-Meteo Air Quality API,2025-03-01/2025-05-31,3,aucun,0,1,séjour correct mais perfectible.
1800,solo,rome,automne,hôtel,business,9,2059.93,530.26,ensoleillé,17.21,4.01,24,12.75,91,41.89193,12.51133,Open-Meteo Historical Weather API,2025-09-01/2025-11-30,13.51,9.22,34.28,0.79,2184,Open-Meteo Air Quality API,2025-09-01/2025-11-30,2,aucun,0,1,séjour décevant.
1801,solo,bali,hiver,appartement,business,3,4375.95,870.1,ensoleillé,26.28,11.89,84,14.7,90,-8.65,115.21667,Open-Meteo Historical Weather API,2024-12-01/2025-02-28,12.8,11.67,33.02,1.96,2160,Open-Meteo Air Quality API,2024-12-01/2025-02-28,3,aucun,0,1,séjour correct mais perfectible.
1802,solo,rome,été,hôtel,culture,7,3345.15,385.82,ensoleillé,27.22,1.32,16,14.95,92,41.89193,12.51133,Open-Meteo Historical Weather API,2025-06-01/2025-08-31,15.45,9.67,40.74,2.01,2208,Open-Meteo Air Quality API,2025-06-01/2025-08-31,4,aucun,0,1,très bon séjour.
1803,famille,tokyo,été,hôtel,business,3,8847.03,1119.28,ensoleillé,27.71,2.91,31,13.49,92,35.6895,139.69171,Open-Meteo Historical Weather API,2025-06-01/2025-08-31,24.0,22.42,51.6,1.83,2208,Open-Meteo Air Quality API,2025-06-01/2025-08-31,3,aucun,0,1,séjour correct mais perfectible.
1804,business,sydney,hiver,resort,gastronomie,16,15983.08,1624.01,variable,22.44,3.42,39,20.67,90,-33.86785,151.20732,Open-Meteo Historical Weather API,2024-12-01/2025-02-28,12.57,9.86,34.15,2.24,2160,Open-Meteo Air Quality API,2024-12-01/2025-02-28,3,aucun,0,1,séjour correct mais perfectible.
1805,solo,sydney,été,hôtel,culture,12,5476.22,1595.02,pluie,12.22,4.06,27,18.74,92,-33.86785,151.20732,Open-Meteo Historical Weather API,2025-06-01/2025-08-31,10.19,9.26,31.56,0.49,2208,Open-Meteo Air Quality API,2025-06-01/2025-08-31,4,aucun,0,1,très bon séjour.
1806,business,tokyo,hiver,resort,plage,17,10260.85,903.58,pluie,6.08,0.56,8,14.28,90,35.6895,139.69171,Open-Meteo Historical Weather API,2024-12-01/2025-02-28,31.02,30.0,55.43,0.51,2160,Open-Meteo Air Quality API,2024-12-01/2025-02-28,3,aucun,0,1,séjour correct mais perfectible.
1807,famille,rome,été,appartement,randonnée,13,5279.32,392.13,variable,27.22,1.32,16,14.95,92,41.89193,12.51133,Open-Meteo Historical Weather API,2025-06-01/2025-08-31,15.45,9.67,40.74,2.01,2208,Open-Meteo Air Quality API,2025-06-01/2025-08-31,2,bagages,1,1,séjour décevant.
1808,couple,new york,automne,villa,plage,21,14667.87,745.35,pluie,13.97,3.07,25,15.38,91,40.71427,-74.00597,Open-Meteo Historical Weather API,2025-09-01/2025-11-30,11.7,11.28,42.27,0.76,2184,Open-Meteo Air Quality API,2025-09-01/2025-11-30,3,aucun,0,1,séjour correct mais perfectible.
1809,couple,paris,printemps,hôtel,business,17,4406.71,302.65,ensoleillé,12.44,1.18,26,14.07,92,48.85341,2.3488,Open-Meteo Historical Weather API,2025-03-01/2025-05-31,15.06,12.04,38.85,0.97,2208,Open-Meteo Air Quality API,2025-03-01/2025-05-31,2,aucun,0,1,séjour décevant.
1810,famille,lisbonne,été,resort,culture,5,5045.5,523.92,ensoleillé,23.39,0.06,1,17.22,92,38.72509,-9.1498,Open-Meteo Historical Weather API,2025-06-01/2025-08-31,19.54,10.92,32.89,2.16,2208,Open-Meteo Air Quality API,2025-06-01/2025-08-31,4,aucun,0,1,très bon séjour.
1811,famille,new york,hiver,hôtel,business,5,10183.65,1004.92,variable,-0.0,2.34,32,16.49,90,40.71427,-74.00597,Open-Meteo Historical Weather API,2024-12-01/2025-02-28,14.23,13.56,43.36,0.34,2160,Open-Meteo Air Quality API,2024-12-01/2025-02-28,3,aucun,0,1,séjour correct mais perfectible.
1812,couple,tokyo,automne,resort,gastronomie,19,9336.68,851.57,nuageux,18.79,4.52,34,12.27,91,35.6895,139.69171,Open-Meteo Historical Weather API,2025-09-01/2025-11-30,28.46,27.24,54.08,0.85,2184,Open-Meteo Air Quality API,2025-09-01/2025-11-30,4,aucun,0,1,très bon séjour.
1813,business,paris,automne,hôtel,gastronomie,8,7350.26,397.45,variable,12.33,2.12,33,16.01,91,48.85341,2.3488,Open-Meteo Historical Weather API,2025-09-01/2025-11-30,12.19,8.6,34.88,0.44,2184,Open-Meteo Air Quality API,2025-09-01/2025-11-30,2,aucun,0,1,séjour décevant.
1814,famille,sydney,hiver,resort,culture,17,13811.28,1452.28,ensoleillé,22.44,3.42,39,20.67,90,-33.86785,151.20732,Open-Meteo Historical Weather API,2024-12-01/2025-02-28,12.57,9.86,34.15,2.24,2160,Open-Meteo Air Quality API,2024-12-01/2025-02-28,4,aucun,0,1,très bon séjour.
1815,business,bali,été,hôtel,gastronomie,14,6791.27,1068.85,ensoleillé,25.53,3.21,49,18.92,92,-8.65,115.21667,Open-Meteo Historical Weather API,2025-06-01/2025-08-31,13.38,9.86,30.22,1.86,2208,Open-Meteo Air Quality API,2025-06-01/2025-08-31,3,aucun,0,1,séjour correct mais perfectible.
1816,solo,dubaï,été,villa,randonnée,16,7754.03,813.54,nuageux,35.27,0.0,0,22.79,92,25.07725,55.30927,Open-Meteo Historical Weather API,2025-06-01/2025-08-31,128.17,54.13,71.91,2.19,2208,Open-Meteo Air Quality API,2025-06-01/2025-08-31,5,aucun,0,1,excellent séjour.
1817,business,new york,été,appartement,randonnée,8,7369.95,1064.53,pluie,24.52,2.28,32,14.21,92,40.71427,-74.00597,Open-Meteo Historical Weather API,2025-06-01/2025-08-31,18.13,17.43,51.89,1.61,2208,Open-Meteo Air Quality API,2025-06-01/2025-08-31,3,aucun,0,1,séjour correct mais perfectible.
1818,couple,new york,été,hôtel,gastronomie,8,5272.48,1032.47,pluie,24.52,2.28,32,14.21,92,40.71427,-74.00597,Open-Meteo Historical Weather API,2025-06-01/2025-08-31,18.13,17.43,51.89,1.61,2208,Open-Meteo Air Quality API,2025-06-01/2025-08-31,4,aucun,0,1,très bon séjour.
1819,couple,tokyo,printemps,appartement,plage,13,4875.15,726.71,ensoleillé,14.52,6.04,44,15.33,92,35.6895,139.69171,Open-Meteo Historical Weather API,2025-03-01/2025-05-31,29.58,26.1,53.35,1.05,2208,Open-Meteo Air Quality API,2025-03-01/2025-05-31,3,aucun,0,1,séjour correct mais perfectible.
1820,solo,sydney,été,hôtel,plage,3,5056.59,1570.22,ensoleillé,12.22,4.06,27,18.74,92,-33.86785,151.20732,Open-Meteo Historical Weather API,2025-06-01/2025-08-31,10.19,9.26,31.56,0.49,2208,Open-Meteo Air Quality API,2025-06-01/2025-08-31,2,aucun,0,1,séjour décevant.
1821,senior,rome,printemps,appartement,plage,8,4033.96,501.54,nuageux,15.22,3.55,32,13.85,92,41.89193,12.51133,Open-Meteo Historical Weather API,2025-03-01/2025-05-31,15.93,11.65,37.47,1.19,2208,Open-Meteo Air Quality API,2025-03-01/2025-05-31,3,aucun,0,1,séjour correct mais perfectible.
1822,couple,new york,printemps,hôtel,plage,12,8722.79,1091.68,variable,12.04,4.75,36,17.46,92,40.71427,-74.00597,Open-Meteo Historical Weather API,2025-03-01/2025-05-31,11.88,11.05,41.24,1.07,2208,Open-Meteo Air Quality API,2025-03-01/2025-05-31,3,aucun,0,1,séjour correct mais perfectible.
1823,solo,paris,automne,hôtel,plage,6,4361.69,307.87,ensoleillé,12.33,2.12,33,16.01,91,48.85341,2.3488,Open-Meteo Historical Weather API,2025-09-01/2025-11-30,12.19,8.6,34.88,0.44,2184,Open-Meteo Air Quality API,2025-09-01/2025-11-30,3,aucun,0,1,séjour correct mais perfectible.
1824,solo,bali,hiver,appartement,plage,8,4014.9,1037.09,pluie,26.28,11.89,84,14.7,90,-8.65,115.21667,Open-Meteo Historical Weather API,2024-12-01/2025-02-28,12.8,11.67,33.02,1.96,2160,Open-Meteo Air Quality API,2024-12-01/2025-02-28,3,aucun,0,1,séjour correct mais perfectible.
1825,business,sydney,été,resort,plage,21,13976.15,1476.33,ensoleillé,12.22,4.06,27,18.74,92,-33.86785,151.20732,Open-Meteo Historical Weather API,2025-06-01/2025-08-31,10.19,9.26,31.56,0.49,2208,Open-Meteo Air Quality API,2025-06-01/2025-08-31,3,aucun,0,1,séjour correct mais perfectible.
1826,famille,sydney,hiver,resort,business,8,12507.28,1368.14,pluie,22.44,3.42,39,20.67,90,-33.86785,151.20732,Open-Meteo Historical Weather API,2024-12-01/2025-02-28,12.57,9.86,34.15,2.24,2160,Open-Meteo Air Quality API,2024-12-01/2025-02-28,3,aucun,0,1,séjour correct mais perfectible.
1827,solo,lisbonne,automne,resort,plage,20,3530.54,386.64,ensoleillé,18.72,2.83,21,17.54,91,38.72509,-9.1498,Open-Meteo Historical Weather API,2025-09-01/2025-11-30,15.83,9.72,31.17,0.9,2184,Open-Meteo Air Quality API,2025-09-01/2025-11-30,3,aucun,0,1,séjour correct mais perfectible.
1828,couple,bali,été,hôtel,gastronomie,20,6848.39,1504.61,variable,25.53,3.21,49,18.92,92,-8.65,115.21667,Open-Meteo Historical Weather API,2025-06-01/2025-08-31,13.38,9.86,30.22,1.86,2208,Open-Meteo Air Quality API,2025-06-01/2025-08-31,3,bagages,0,1,séjour correct mais perfectible.
1829,senior,new york,printemps,hôtel,plage,15,4726.63,677.85,ensoleillé,12.04,4.75,36,17.46,92,40.71427,-74.00597,Open-Meteo Historical Weather API,2025-03-01/2025-05-31,11.88,11.05,41.24,1.07,2208,Open-Meteo Air Quality API,2025-03-01/2025-05-31,3,aucun,0,1,séjour correct mais perfectible.
1830,couple,bali,printemps,resort,business,5,6402.63,1232.15,nuageux,26.99,6.49,65,13.72,92,-8.65,115.21667,Open-Meteo Historical Weather API,2025-03-01/2025-05-31,12.14,10.4,31.68,2.19,2208,Open-Meteo Air Quality API,2025-03-01/2025-05-31,4,aucun,0,1,très bon séjour.
1831,couple,rome,printemps,resort,randonnée,6,4158.3,389.88,pluie,15.22,3.55,32,13.85,92,41.89193,12.51133,Open-Meteo Historical Weather API,2025-03-01/2025-05-31,15.93,11.65,37.47,1.19,2208,Open-Meteo Air Quality API,2025-03-01/2025-05-31,3,aucun,0,1,séjour correct mais perfectible.
1832,senior,lisbonne,automne,hôtel,culture,20,4253.02,370.2,ensoleillé,18.72,2.83,21,17.54,91,38.72509,-9.1498,Open-Meteo Historical Weather API,2025-09-01/2025-11-30,15.83,9.72,31.17,0.9,2184,Open-Meteo Air Quality API,2025-09-01/2025-11-30,3,aucun,0,1,séjour correct mais perfectible.
1833,couple,bali,été,hôtel,culture,3,8456.19,1774.2,ensoleillé,25.53,3.21,49,18.92,92,-8.65,115.21667,Open-Meteo Historical Weather API,2025-06-01/2025-08-31,13.38,9.86,30.22,1.86,2208,Open-Meteo Air Quality API,2025-06-01/2025-08-31,4,aucun,0,1,très bon séjour.
1834,famille,new york,printemps,resort,culture,12,5411.08,636.07,nuageux,12.04,4.75,36,17.46,92,40.71427,-74.00597,Open-Meteo Historical Weather API,2025-03-01/2025-05-31,11.88,11.05,41.24,1.07,2208,Open-Meteo Air Quality API,2025-03-01/2025-05-31,4,météo,1,1,très bon séjour.
1835,famille,dubaï,été,appartement,culture,14,8619.93,784.45,nuageux,35.27,0.0,0,22.79,92,25.07725,55.30927,Open-Meteo Historical Weather API,2025-06-01/2025-08-31,128.17,54.13,71.91,2.19,2208,Open-Meteo Air Quality API,2025-06-01/2025-08-31,3,aucun,0,1,séjour correct mais perfectible.
1836,famille,new york,printemps,appartement,gastronomie,18,6919.14,654.98,pluie,12.04,4.75,36,17.46,92,40.71427,-74.00597,Open-Meteo Historical Weather API,2025-03-01/2025-05-31,11.88,11.05,41.24,1.07,2208,Open-Meteo Air Quality API,2025-03-01/2025-05-31,3,aucun,0,1,séjour correct mais perfectible.
1837,famille,bali,printemps,resort,culture,20,10898.19,1181.69,nuageux,26.99,6.49,65,13.72,92,-8.65,115.21667,Open-Meteo Historical Weather API,2025-03-01/2025-05-31,12.14,10.4,31.68,2.19,2208,Open-Meteo Air Quality API,2025-03-01/2025-05-31,4,annulation,0,1,très bon séjour.
1838,couple,tokyo,printemps,resort,business,8,10558.52,1248.12,ensoleillé,14.52,6.04,44,15.33,92,35.6895,139.69171,Open-Meteo Historical Weather API,2025-03-01/2025-05-31,29.58,26.1,53.35,1.05,2208,Open-Meteo Air Quality API,2025-03-01/2025-05-31,4,aucun,0,1,très bon séjour.
1839,business,sydney,hiver,resort,randonnée,12,16872.61,1339.7,variable,22.44,3.42,39,20.67,90,-33.86785,151.20732,Open-Meteo Historical Weather API,2024-12-01/2025-02-28,12.57,9.86,34.15,2.24,2160,Open-Meteo Air Quality API,2024-12-01/2025-02-28,4,retard_vol,1,1,très bon séjour.
1840,business,bali,été,hôtel,business,15,8107.61,1328.49,ensoleillé,25.53,3.21,49,18.92,92,-8.65,115.21667,Open-Meteo Historical Weather API,2025-06-01/2025-08-31,13.38,9.86,30.22,1.86,2208,Open-Meteo Air Quality API,2025-06-01/2025-08-31,4,aucun,0,1,très bon séjour.
1841,famille,bali,automne,hôtel,business,21,4991.29,1424.98,nuageux,26.3,6.82,61,14.71,91,-8.65,115.21667,Open-Meteo Historical Weather API,2025-09-01/2025-11-30,14.48,11.69,32.66,2.5,2184,Open-Meteo Air Quality API,2025-09-01/2025-11-30,2,aucun,0,1,séjour décevant.
1842,solo,rome,automne,hôtel,culture,13,3024.02,476.77,variable,17.21,4.01,24,12.75,91,41.89193,12.51133,Open-Meteo Historical Weather API,2025-09-01/2025-11-30,13.51,9.22,34.28,0.79,2184,Open-Meteo Air Quality API,2025-09-01/2025-11-30,4,annulation,1,1,très bon séjour.
1843,famille,sydney,automne,appartement,business,5,8609.82,1491.78,variable,19.17,1.74,22,21.07,91,-33.86785,151.20732,Open-Meteo Historical Weather API,2025-09-01/2025-11-30,10.98,9.17,34.45,1.63,2184,Open-Meteo Air Quality API,2025-09-01/2025-11-30,3,aucun,0,1,séjour correct mais perfectible.
1844,senior,sydney,printemps,hôtel,plage,20,7419.89,1467.37,ensoleillé,19.13,4.44,49,17.74,92,-33.86785,151.20732,Open-Meteo Historical Weather API,2025-03-01/2025-05-31,11.25,9.25,31.84,1.01,2208,Open-Meteo Air Quality API,2025-03-01/2025-05-31,3,aucun,0,1,séjour correct mais perfectible.
1845,famille,rome,printemps,resort,gastronomie,12,7075.68,217.02,ensoleillé,15.22,3.55,32,13.85,92,41.89193,12.51133,Open-Meteo Historical Weather API,2025-03-01/2025-05-31,15.93,11.65,37.47,1.19,2208,Open-Meteo Air Quality API,2025-03-01/2025-05-31,3,bagages,0,1,séjour correct mais perfectible.
1846,solo,lisbonne,été,resort,culture,6,3193.17,442.21,ensoleillé,23.39,0.06,1,17.22,92,38.72509,-9.1498,Open-Meteo Historical Weather API,2025-06-01/2025-08-31,19.54,10.92,32.89,2.16,2208,Open-Meteo Air Quality API,2025-06-01/2025-08-31,4,aucun,0,1,très bon séjour.
1847,couple,lisbonne,automne,hôtel,business,6,3128.36,306.26,nuageux,18.72,2.83,21,17.54,91,38.72509,-9.1498,Open-Meteo Historical Weather API,2025-09-01/2025-11-30,15.83,9.72,31.17,0.9,2184,Open-Meteo Air Quality API,2025-09-01/2025-11-30,4,aucun,0,1,très bon séjour.
1848,solo,dubaï,été,appartement,plage,6,3055.54,702.7,nuageux,35.27,0.0,0,22.79,92,25.07725,55.30927,Open-Meteo Historical Weather API,2025-06-01/2025-08-31,128.17,54.13,71.91,2.19,2208,Open-Meteo Air Quality API,2025-06-01/2025-08-31,3,aucun,0,1,séjour correct mais perfectible.
1849,couple,paris,été,appartement,business,16,3896.45,522.62,ensoleillé,21.05,2.58,30,14.41,92,48.85341,2.3488,Open-Meteo Historical Weather API,2025-06-01/2025-08-31,10.28,6.83,31.49,1.5,2208,Open-Meteo Air Quality API,2025-06-01/2025-08-31,2,aucun,0,1,séjour décevant.
1850,business,rome,été,hôtel,plage,21,5616.91,495.18,ensoleillé,27.22,1.32,16,14.95,92,41.89193,12.51133,Open-Meteo Historical Weather API,2025-06-01/2025-08-31,15.45,9.67,40.74,2.01,2208,Open-Meteo Air Quality API,2025-06-01/2025-08-31,3,météo,0,1,séjour correct mais perfectible.
1851,famille,lisbonne,été,appartement,randonnée,11,1931.42,601.15,ensoleillé,23.39,0.06,1,17.22,92,38.72509,-9.1498,Open-Meteo Historical Weather API,2025-06-01/2025-08-31,19.54,10.92,32.89,2.16,2208,Open-Meteo Air Quality API,2025-06-01/2025-08-31,2,aucun,0,1,séjour décevant.
1852,senior,new york,automne,resort,culture,4,7082.68,634.62,pluie,13.97,3.07,25,15.38,91,40.71427,-74.00597,Open-Meteo Historical Weather API,2025-09-01/2025-11-30,11.7,11.28,42.27,0.76,2184,Open-Meteo Air Quality API,2025-09-01/2025-11-30,4,aucun,0,1,très bon séjour.
1853,solo,rome,été,hôtel,randonnée,19,1736.01,427.42,nuageux,27.22,1.32,16,14.95,92,41.89193,12.51133,Open-Meteo Historical Weather API,2025-06-01/2025-08-31,15.45,9.67,40.74,2.01,2208,Open-Meteo Air Quality API,2025-06-01/2025-08-31,3,aucun,0,1,séjour correct mais perfectible.
1854,business,new york,printemps,appartement,business,15,6378.12,966.64,ensoleillé,12.04,4.75,36,17.46,92,40.71427,-74.00597,Open-Meteo Historical Weather API,2025-03-01/2025-05-31,11.88,11.05,41.24,1.07,2208,Open-Meteo Air Quality API,2025-03-01/2025-05-31,4,aucun,0,1,très bon séjour.
1855,business,tokyo,printemps,appartement,business,13,9841.96,985.48,ensoleillé,14.52,6.04,44,15.33,92,35.6895,139.69171,Open-Meteo Historical Weather API,2025-03-01/2025-05-31,29.58,26.1,53.35,1.05,2208,Open-Meteo Air Quality API,2025-03-01/2025-05-31,3,aucun,0,1,séjour correct mais perfectible.
1856,senior,sydney,été,hôtel,plage,4,5757.23,1618.86,ensoleillé,12.22,4.06,27,18.74,92,-33.86785,151.20732,Open-Meteo Historical Weather API,2025-06-01/2025-08-31,10.19,9.26,31.56,0.49,2208,Open-Meteo Air Quality API,2025-06-01/2025-08-31,3,bagages,0,1,séjour correct mais perfectible.
1857,famille,paris,printemps,villa,randonnée,21,10012.36,342.92,nuageux,12.44,1.18,26,14.07,92,48.85341,2.3488,Open-Meteo Historical Weather API,2025-03-01/2025-05-31,15.06,12.04,38.85,0.97,2208,Open-Meteo Air Quality API,2025-03-01/2025-05-31,3,aucun,0,1,séjour correct mais perfectible.
1858,couple,rome,automne,resort,plage,4,8743.74,438.45,pluie,17.21,4.01,24,12.75,91,41.89193,12.51133,Open-Meteo Historical Weather API,2025-09-01/2025-11-30,13.51,9.22,34.28,0.79,2184,Open-Meteo Air Quality API,2025-09-01/2025-11-30,3,aucun,0,1,séjour correct mais perfectible.
1859,couple,paris,été,resort,culture,14,8578.56,390.38,pluie,21.05,2.58,30,14.41,92,48.85341,2.3488,Open-Meteo Historical Weather API,2025-06-01/2025-08-31,10.28,6.83,31.49,1.5,2208,Open-Meteo Air Quality API,2025-06-01/2025-08-31,4,aucun,0,1,très bon séjour.
1860,couple,dubaï,printemps,hôtel,business,14,6999.74,722.62,variable,28.3,0.01,0,22.56,92,25.07725,55.30927,Open-Meteo Historical Weather API,2025-03-01/2025-05-31,70.72,36.99,63.06,2.2,2208,Open-Meteo Air Quality API,2025-03-01/2025-05-31,2,retard_vol,1,1,séjour décevant.
1861,solo,tokyo,printemps,hôtel,culture,12,6505.42,1171.27,nuageux,14.52,6.04,44,15.33,92,35.6895,139.69171,Open-Meteo Historical Weather API,2025-03-01/2025-05-31,29.58,26.1,53.35,1.05,2208,Open-Meteo Air Quality API,2025-03-01/2025-05-31,4,aucun,0,1,très bon séjour.
1862,senior,new york,été,resort,plage,13,5973.63,1294.47,variable,24.52,2.28,32,14.21,92,40.71427,-74.00597,Open-Meteo Historical Weather API,2025-06-01/2025-08-31,18.13,17.43,51.89,1.61,2208,Open-Meteo Air Quality API,2025-06-01/2025-08-31,3,météo,1,1,séjour correct mais perfectible.
1863,senior,sydney,été,resort,plage,10,6366.85,1478.08,ensoleillé,12.22,4.06,27,18.74,92,-33.86785,151.20732,Open-Meteo Historical Weather API,2025-06-01/2025-08-31,10.19,9.26,31.56,0.49,2208,Open-Meteo Air Quality API,2025-06-01/2025-08-31,3,aucun,0,1,séjour correct mais perfectible.
1864,solo,new york,hiver,resort,plage,13,6520.91,789.77,pluie,-0.0,2.34,32,16.49,90,40.71427,-74.00597,Open-Meteo Historical Weather API,2024-12-01/2025-02-28,14.23,13.56,43.36,0.34,2160,Open-Meteo Air Quality API,2024-12-01/2025-02-28,3,aucun,0,1,séjour correct mais perfectible.
1865,solo,rome,automne,appartement,gastronomie,9,2761.35,407.68,nuageux,17.21,4.01,24,12.75,91,41.89193,12.51133,Open-Meteo Historical Weather API,2025-09-01/2025-11-30,13.51,9.22,34.28,0.79,2184,Open-Meteo Air Quality API,2025-09-01/2025-11-30,3,aucun,0,1,séjour correct mais perfectible.
1866,senior,new york,printemps,hôtel,culture,11,8486.86,1074.88,pluie,12.04,4.75,36,17.46,92,40.71427,-74.00597,Open-Meteo Historical Weather API,2025-03-01/2025-05-31,11.88,11.05,41.24,1.07,2208,Open-Meteo Air Quality API,2025-03-01/2025-05-31,3,aucun,0,1,séjour correct mais perfectible.
1867,senior,tokyo,printemps,appartement,plage,15,5179.59,1180.47,pluie,14.52,6.04,44,15.33,92,35.6895,139.69171,Open-Meteo Historical Weather API,2025-03-01/2025-05-31,29.58,26.1,53.35,1.05,2208,Open-Meteo Air Quality API,2025-03-01/2025-05-31,2,retard_vol,1,1,séjour décevant.
1868,famille,paris,hiver,appartement,business,17,5112.23,230.36,nuageux,4.95,2.61,35,15.72,90,48.85341,2.3488,Open-Meteo Historical Weather API,2024-12-01/2025-02-28,20.98,17.57,45.01,0.13,2160,Open-Meteo Air Quality API,2024-12-01/2025-02-28,2,aucun,0,1,séjour décevant.
1869,solo,new york,été,appartement,randonnée,5,4399.68,652.19,variable,24.52,2.28,32,14.21,92,40.71427,-74.00597,Open-Meteo Historical Weather API,2025-06-01/2025-08-31,18.13,17.43,51.89,1.61,2208,Open-Meteo Air Quality API,2025-06-01/2025-08-31,3,aucun,0,1,séjour correct mais perfectible.
1870,business,bali,été,appartement,gastronomie,21,6171.3,1154.25,variable,25.53,3.21,49,18.92,92,-8.65,115.21667,Open-Meteo Historical Weather API,2025-06-01/2025-08-31,13.38,9.86,30.22,1.86,2208,Open-Meteo Air Quality API,2025-06-01/2025-08-31,2,bagages,1,1,séjour décevant.
1871,couple,paris,automne,appartement,culture,4,4196.01,364.5,variable,12.33,2.12,33,16.01,91,48.85341,2.3488,Open-Meteo Historical Weather API,2025-09-01/2025-11-30,12.19,8.6,34.88,0.44,2184,Open-Meteo Air Quality API,2025-09-01/2025-11-30,2,aucun,0,1,séjour décevant.
1872,couple,lisbonne,hiver,hôtel,gastronomie,8,2923.07,377.71,nuageux,12.63,2.92,26,17.53,90,38.72509,-9.1498,Open-Meteo Historical Weather API,2024-12-01/2025-02-28,19.66,13.91,36.49,0.38,2160,Open-Meteo Air Quality API,2024-12-01/2025-02-28,3,aucun,0,1,séjour correct mais perfectible.
1873,senior,bali,automne,appartement,gastronomie,9,5127.0,1256.56,variable,26.3,6.82,61,14.71,91,-8.65,115.21667,Open-Meteo Historical Weather API,2025-09-01/2025-11-30,14.48,11.69,32.66,2.5,2184,Open-Meteo Air Quality API,2025-09-01/2025-11-30,4,annulation,0,1,très bon séjour.
1874,senior,lisbonne,été,villa,randonnée,9,5171.8,434.24,nuageux,23.39,0.06,1,17.22,92,38.72509,-9.1498,Open-Meteo Historical Weather API,2025-06-01/2025-08-31,19.54,10.92,32.89,2.16,2208,Open-Meteo Air Quality API,2025-06-01/2025-08-31,4,aucun,0,1,très bon séjour.
1875,senior,lisbonne,printemps,resort,gastronomie,9,3861.17,475.58,nuageux,15.64,3.53,41,19.08,92,38.72509,-9.1498,Open-Meteo Historical Weather API,2025-03-01/2025-05-31,15.2,9.48,34.11,1.3,2208,Open-Meteo Air Quality API,2025-03-01/2025-05-31,4,aucun,0,1,très bon séjour.
1876,business,tokyo,hiver,hôtel,randonnée,9,10891.47,1195.93,nuageux,6.08,0.56,8,14.28,90,35.6895,139.69171,Open-Meteo Historical Weather API,2024-12-01/2025-02-28,31.02,30.0,55.43,0.51,2160,Open-Meteo Air Quality API,2024-12-01/2025-02-28,3,aucun,0,1,séjour correct mais perfectible.
1877,couple,bali,printemps,villa,randonnée,11,11022.85,1166.06,variable,26.99,6.49,65,13.72,92,-8.65,115.21667,Open-Meteo Historical Weather API,2025-03-01/2025-05-31,12.14,10.4,31.68,2.19,2208,Open-Meteo Air Quality API,2025-03-01/2025-05-31,3,aucun,0,1,séjour correct mais perfectible.
1878,couple,bali,automne,hôtel,culture,17,7123.94,1387.09,pluie,26.3,6.82,61,14.71,91,-8.65,115.21667,Open-Meteo Historical Weather API,2025-09-01/2025-11-30,14.48,11.69,32.66,2.5,2184,Open-Meteo Air Quality API,2025-09-01/2025-11-30,3,aucun,0,1,séjour correct mais perfectible.
1879,solo,sydney,printemps,hôtel,business,18,4549.99,914.16,nuageux,19.13,4.44,49,17.74,92,-33.86785,151.20732,Open-Meteo Historical Weather API,2025-03-01/2025-05-31,11.25,9.25,31.84,1.01,2208,Open-Meteo Air Quality API,2025-03-01/2025-05-31,2,aucun,0,1,séjour décevant.
1880,solo,paris,printemps,hôtel,business,9,3826.08,344.64,variable,12.44,1.18,26,14.07,92,48.85341,2.3488,Open-Meteo Historical Weather API,2025-03-01/2025-05-31,15.06,12.04,38.85,0.97,2208,Open-Meteo Air Quality API,2025-03-01/2025-05-31,2,aucun,0,1,séjour décevant.
1881,solo,lisbonne,été,resort,randonnée,7,2590.33,459.5,ensoleillé,23.39,0.06,1,17.22,92,38.72509,-9.1498,Open-Meteo Historical Weather API,2025-06-01/2025-08-31,19.54,10.92,32.89,2.16,2208,Open-Meteo Air Quality API,2025-06-01/2025-08-31,4,aucun,0,1,très bon séjour.
1882,solo,paris,automne,hôtel,randonnée,15,3823.53,387.93,pluie,12.33,2.12,33,16.01,91,48.85341,2.3488,Open-Meteo Historical Weather API,2025-09-01/2025-11-30,12.19,8.6,34.88,0.44,2184,Open-Meteo Air Quality API,2025-09-01/2025-11-30,2,retard_vol,0,1,séjour décevant.
1883,couple,dubaï,été,resort,plage,4,6802.91,570.99,ensoleillé,35.27,0.0,0,22.79,92,25.07725,55.30927,Open-Meteo Historical Weather API,2025-06-01/2025-08-31,128.17,54.13,71.91,2.19,2208,Open-Meteo Air Quality API,2025-06-01/2025-08-31,4,aucun,0,1,très bon séjour.
1884,business,rome,été,villa,randonnée,11,9983.61,506.11,ensoleillé,27.22,1.32,16,14.95,92,41.89193,12.51133,Open-Meteo Historical Weather API,2025-06-01/2025-08-31,15.45,9.67,40.74,2.01,2208,Open-Meteo Air Quality API,2025-06-01/2025-08-31,3,aucun,0,1,séjour correct mais perfectible.
1885,couple,sydney,hiver,resort,gastronomie,7,12016.41,1393.71,nuageux,22.44,3.42,39,20.67,90,-33.86785,151.20732,Open-Meteo Historical Weather API,2024-12-01/2025-02-28,12.57,9.86,34.15,2.24,2160,Open-Meteo Air Quality API,2024-12-01/2025-02-28,4,aucun,0,1,très bon séjour.
1886,couple,rome,automne,resort,randonnée,14,6738.41,488.65,nuageux,17.21,4.01,24,12.75,91,41.89193,12.51133,Open-Meteo Historical Weather API,2025-09-01/2025-11-30,13.51,9.22,34.28,0.79,2184,Open-Meteo Air Quality API,2025-09-01/2025-11-30,3,aucun,0,1,séjour correct mais perfectible.
1887,famille,lisbonne,printemps,appartement,culture,4,4180.28,461.13,ensoleillé,15.64,3.53,41,19.08,92,38.72509,-9.1498,Open-Meteo Historical Weather API,2025-03-01/2025-05-31,15.2,9.48,34.11,1.3,2208,Open-Meteo Air Quality API,2025-03-01/2025-05-31,4,aucun,0,1,très bon séjour.
1888,famille,new york,hiver,appartement,plage,18,6385.4,966.51,ensoleillé,-0.0,2.34,32,16.49,90,40.71427,-74.00597,Open-Meteo Historical Weather API,2024-12-01/2025-02-28,14.23,13.56,43.36,0.34,2160,Open-Meteo Air Quality API,2024-12-01/2025-02-28,3,aucun,0,1,séjour correct mais perfectible.
1889,senior,sydney,automne,hôtel,gastronomie,8,7060.59,1285.76,ensoleillé,19.17,1.74,22,21.07,91,-33.86785,151.20732,Open-Meteo Historical Weather API,2025-09-01/2025-11-30,10.98,9.17,34.45,1.63,2184,Open-Meteo Air Quality API,2025-09-01/2025-11-30,4,aucun,0,1,très bon séjour.
1890,couple,rome,hiver,hôtel,randonnée,12,5947.67,504.67,pluie,9.23,2.57,28,13.79,90,41.89193,12.51133,Open-Meteo Historical Weather API,2024-12-01/2025-02-28,20.56,17.01,40.29,0.27,2160,Open-Meteo Air Quality API,2024-12-01/2025-02-28,2,aucun,0,1,séjour décevant.
1891,famille,rome,hiver,resort,gastronomie,13,5956.71,433.69,nuageux,9.23,2.57,28,13.79,90,41.89193,12.51133,Open-Meteo Historical Weather API,2024-12-01/2025-02-28,20.56,17.01,40.29,0.27,2160,Open-Meteo Air Quality API,2024-12-01/2025-02-28,3,aucun,0,1,séjour correct mais perfectible.
1892,business,dubaï,été,appartement,plage,12,4892.89,847.82,ensoleillé,35.27,0.0,0,22.79,92,25.07725,55.30927,Open-Meteo Historical Weather API,2025-06-01/2025-08-31,128.17,54.13,71.91,2.19,2208,Open-Meteo Air Quality API,2025-06-01/2025-08-31,3,aucun,0,1,séjour correct mais perfectible.
1893,solo,lisbonne,printemps,resort,gastronomie,11,3958.12,434.36,ensoleillé,15.64,3.53,41,19.08,92,38.72509,-9.1498,Open-Meteo Historical Weather API,2025-03-01/2025-05-31,15.2,9.48,34.11,1.3,2208,Open-Meteo Air Quality API,2025-03-01/2025-05-31,4,aucun,0,1,très bon séjour.
1894,famille,rome,hiver,hôtel,culture,8,5101.41,446.33,ensoleillé,9.23,2.57,28,13.79,90,41.89193,12.51133,Open-Meteo Historical Weather API,2024-12-01/2025-02-28,20.56,17.01,40.29,0.27,2160,Open-Meteo Air Quality API,2024-12-01/2025-02-28,3,aucun,0,1,séjour correct mais perfectible.
1895,couple,tokyo,été,appartement,business,17,8296.71,1319.73,ensoleillé,27.71,2.91,31,13.49,92,35.6895,139.69171,Open-Meteo Historical Weather API,2025-06-01/2025-08-31,24.0,22.42,51.6,1.83,2208,Open-Meteo Air Quality API,2025-06-01/2025-08-31,3,aucun,0,1,séjour correct mais perfectible.
1896,famille,paris,été,appartement,randonnée,12,5165.71,484.46,variable,21.05,2.58,30,14.41,92,48.85341,2.3488,Open-Meteo Historical Weather API,2025-06-01/2025-08-31,10.28,6.83,31.49,1.5,2208,Open-Meteo Air Quality API,2025-06-01/2025-08-31,3,aucun,0,1,séjour correct mais perfectible.
1897,solo,sydney,été,resort,gastronomie,7,7347.53,1730.64,ensoleillé,12.22,4.06,27,18.74,92,-33.86785,151.20732,Open-Meteo Historical Weather API,2025-06-01/2025-08-31,10.19,9.26,31.56,0.49,2208,Open-Meteo Air Quality API,2025-06-01/2025-08-31,3,aucun,0,1,séjour correct mais perfectible.
1898,couple,dubaï,hiver,appartement,culture,7,7448.12,855.42,nuageux,20.21,0.09,2,19.57,90,25.07725,55.30927,Open-Meteo Historical Weather API,2024-12-01/2025-02-28,59.55,32.47,55.0,1.03,2160,Open-Meteo Air Quality API,2024-12-01/2025-02-28,4,aucun,0,1,très bon séjour.
1899,famille,sydney,été,appartement,gastronomie,11,5115.4,2176.93,ensoleillé,12.22,4.06,27,18.74,92,-33.86785,151.20732,Open-Meteo Historical Weather API,2025-06-01/2025-08-31,10.19,9.26,31.56,0.49,2208,Open-Meteo Air Quality API,2025-06-01/2025-08-31,2,aucun,0,0,séjour décevant.
1900,famille,lisbonne,automne,appartement,gastronomie,19,2957.62,428.08,ensoleillé,18.72,2.83,21,17.54,91,38.72509,-9.1498,Open-Meteo Historical Weather API,2025-09-01/2025-11-30,15.83,9.72,31.17,0.9,2184,Open-Meteo Air Quality API,2025-09-01/2025-11-30,2,aucun,0,1,séjour décevant.
1901,solo,paris,hiver,appartement,randonnée,21,2470.74,320.94,pluie,4.95,2.61,35,15.72,90,48.85341,2.3488,Open-Meteo Historical Weather API,2024-12-01/2025-02-28,20.98,17.57,45.01,0.13,2160,Open-Meteo Air Quality API,2024-12-01/2025-02-28,2,retard_vol,1,1,séjour décevant.
1902,famille,bali,hiver,appartement,business,10,3023.17,1255.95,variable,26.28,11.89,84,14.7,90,-8.65,115.21667,Open-Meteo Historical Weather API,2024-12-01/2025-02-28,12.8,11.67,33.02,1.96,2160,Open-Meteo Air Quality API,2024-12-01/2025-02-28,1,bagages,1,0,très mauvaise expérience.
1903,business,lisbonne,hiver,resort,culture,10,6705.56,412.07,ensoleillé,12.63,2.92,26,17.53,90,38.72509,-9.1498,Open-Meteo Historical Weather API,2024-12-01/2025-02-28,19.66,13.91,36.49,0.38,2160,Open-Meteo Air Quality API,2024-12-01/2025-02-28,3,aucun,0,1,séjour correct mais perfectible.
1904,famille,dubaï,été,resort,business,5,8576.27,917.22,ensoleillé,35.27,0.0,0,22.79,92,25.07725,55.30927,Open-Meteo Historical Weather API,2025-06-01/2025-08-31,128.17,54.13,71.91,2.19,2208,Open-Meteo Air Quality API,2025-06-01/2025-08-31,3,aucun,0,1,séjour correct mais perfectible.
1905,solo,tokyo,hiver,appartement,culture,13,5380.77,1332.56,pluie,6.08,0.56,8,14.28,90,35.6895,139.69171,Open-Meteo Historical Weather API,2024-12-01/2025-02-28,31.02,30.0,55.43,0.51,2160,Open-Meteo Air Quality API,2024-12-01/2025-02-28,3,aucun,0,1,séjour correct mais perfectible.
1906,couple,dubaï,été,resort,randonnée,7,9227.59,575.61,ensoleillé,35.27,0.0,0,22.79,92,25.07725,55.30927,Open-Meteo Historical Weather API,2025-06-01/2025-08-31,128.17,54.13,71.91,2.19,2208,Open-Meteo Air Quality API,2025-06-01/2025-08-31,4,aucun,0,1,très bon séjour.
1907,couple,sydney,automne,resort,randonnée,18,11619.11,1654.24,ensoleillé,19.17,1.74,22,21.07,91,-33.86785,151.20732,Open-Meteo Historical Weather API,2025-09-01/2025-11-30,10.98,9.17,34.45,1.63,2184,Open-Meteo Air Quality API,2025-09-01/2025-11-30,4,aucun,0,1,très bon séjour.
1908,famille,tokyo,hiver,hôtel,plage,13,7864.36,1399.73,pluie,6.08,0.56,8,14.28,90,35.6895,139.69171,Open-Meteo Historical Weather API,2024-12-01/2025-02-28,31.02,30.0,55.43,0.51,2160,Open-Meteo Air Quality API,2024-12-01/2025-02-28,3,aucun,0,1,séjour correct mais perfectible.
1909,business,paris,été,appartement,culture,7,4433.84,455.23,ensoleillé,21.05,2.58,30,14.41,92,48.85341,2.3488,Open-Meteo Historical Weather API,2025-06-01/2025-08-31,10.28,6.83,31.49,1.5,2208,Open-Meteo Air Quality API,2025-06-01/2025-08-31,3,aucun,0,1,séjour correct mais perfectible.
1910,senior,paris,hiver,resort,culture,20,6296.94,387.3,nuageux,4.95,2.61,35,15.72,90,48.85341,2.3488,Open-Meteo Historical Weather API,2024-12-01/2025-02-28,20.98,17.57,45.01,0.13,2160,Open-Meteo Air Quality API,2024-12-01/2025-02-28,3,aucun,0,1,séjour correct mais perfectible.
1911,famille,paris,hiver,hôtel,randonnée,18,7189.26,334.78,variable,4.95,2.61,35,15.72,90,48.85341,2.3488,Open-Meteo Historical Weather API,2024-12-01/2025-02-28,20.98,17.57,45.01,0.13,2160,Open-Meteo Air Quality API,2024-12-01/2025-02-28,2,retard_vol,0,1,séjour décevant.
1912,famille,new york,été,hôtel,plage,8,8188.22,1004.14,ensoleillé,24.52,2.28,32,14.21,92,40.71427,-74.00597,Open-Meteo Historical Weather API,2025-06-01/2025-08-31,18.13,17.43,51.89,1.61,2208,Open-Meteo Air Quality API,2025-06-01/2025-08-31,3,aucun,0,1,séjour correct mais perfectible.
1913,senior,rome,printemps,hôtel,business,5,3454.17,506.53,ensoleillé,15.22,3.55,32,13.85,92,41.89193,12.51133,Open-Meteo Historical Weather API,2025-03-01/2025-05-31,15.93,11.65,37.47,1.19,2208,Open-Meteo Air Quality API,2025-03-01/2025-05-31,4,aucun,0,1,très bon séjour.
1914,solo,dubaï,automne,villa,randonnée,8,5226.54,779.83,pluie,29.44,0.0,0,20.09,91,25.07725,55.30927,Open-Meteo Historical Weather API,2025-09-01/2025-11-30,80.53,41.8,60.89,1.56,2184,Open-Meteo Air Quality API,2025-09-01/2025-11-30,3,bagages,0,1,séjour correct mais perfectible.
1915,famille,rome,été,appartement,gastronomie,10,4237.03,599.89,ensoleillé,27.22,1.32,16,14.95,92,41.89193,12.51133,Open-Meteo Historical Weather API,2025-06-01/2025-08-31,15.45,9.67,40.74,2.01,2208,Open-Meteo Air Quality API,2025-06-01/2025-08-31,3,bagages,1,1,séjour correct mais perfectible.
1916,famille,dubaï,hiver,resort,plage,10,8583.48,778.96,pluie,20.21,0.09,2,19.57,90,25.07725,55.30927,Open-Meteo Historical Weather API,2024-12-01/2025-02-28,59.55,32.47,55.0,1.03,2160,Open-Meteo Air Quality API,2024-12-01/2025-02-28,3,aucun,0,1,séjour correct mais perfectible.
1917,solo,tokyo,printemps,hôtel,plage,18,5385.64,1219.8,nuageux,14.52,6.04,44,15.33,92,35.6895,139.69171,Open-Meteo Historical Weather API,2025-03-01/2025-05-31,29.58,26.1,53.35,1.05,2208,Open-Meteo Air Quality API,2025-03-01/2025-05-31,2,annulation,0,1,séjour décevant.
1918,business,paris,hiver,appartement,business,21,5050.01,399.56,pluie,4.95,2.61,35,15.72,90,48.85341,2.3488,Open-Meteo Historical Weather API,2024-12-01/2025-02-28,20.98,17.57,45.01,0.13,2160,Open-Meteo Air Quality API,2024-12-01/2025-02-28,1,météo,1,1,très mauvaise expérience.
1919,solo,paris,automne,resort,culture,17,4222.41,285.47,variable,12.33,2.12,33,16.01,91,48.85341,2.3488,Open-Meteo Historical Weather API,2025-09-01/2025-11-30,12.19,8.6,34.88,0.44,2184,Open-Meteo Air Quality API,2025-09-01/2025-11-30,3,retard_vol,1,1,séjour correct mais perfectible.
1920,senior,bali,été,villa,plage,19,9092.53,1560.29,ensoleillé,25.53,3.21,49,18.92,92,-8.65,115.21667,Open-Meteo Historical Weather API,2025-06-01/2025-08-31,13.38,9.86,30.22,1.86,2208,Open-Meteo Air Quality API,2025-06-01/2025-08-31,3,aucun,0,1,séjour correct mais perfectible.
1921,couple,lisbonne,printemps,hôtel,plage,5,4039.17,507.13,ensoleillé,15.64,3.53,41,19.08,92,38.72509,-9.1498,Open-Meteo Historical Weather API,2025-03-01/2025-05-31,15.2,9.48,34.11,1.3,2208,Open-Meteo Air Quality API,2025-03-01/2025-05-31,4,météo,0,1,très bon séjour.
1922,couple,lisbonne,été,hôtel,gastronomie,5,5156.5,446.25,nuageux,23.39,0.06,1,17.22,92,38.72509,-9.1498,Open-Meteo Historical Weather API,2025-06-01/2025-08-31,19.54,10.92,32.89,2.16,2208,Open-Meteo Air Quality API,2025-06-01/2025-08-31,4,aucun,0,1,très bon séjour.
1923,couple,new york,été,resort,culture,20,10500.78,1273.72,ensoleillé,24.52,2.28,32,14.21,92,40.71427,-74.00597,Open-Meteo Historical Weather API,2025-06-01/2025-08-31,18.13,17.43,51.89,1.61,2208,Open-Meteo Air Quality API,2025-06-01/2025-08-31,4,météo,0,1,très bon séjour.
1924,couple,rome,été,hôtel,gastronomie,14,5807.62,443.32,nuageux,27.22,1.32,16,14.95,92,41.89193,12.51133,Open-Meteo Historical Weather API,2025-06-01/2025-08-31,15.45,9.67,40.74,2.01,2208,Open-Meteo Air Quality API,2025-06-01/2025-08-31,4,annulation,0,1,très bon séjour.
1925,famille,rome,hiver,resort,business,7,5068.06,447.59,nuageux,9.23,2.57,28,13.79,90,41.89193,12.51133,Open-Meteo Historical Weather API,2024-12-01/2025-02-28,20.56,17.01,40.29,0.27,2160,Open-Meteo Air Quality API,2024-12-01/2025-02-28,3,aucun,0,1,séjour correct mais perfectible.
1926,famille,tokyo,hiver,appartement,culture,18,4642.6,928.82,nuageux,6.08,0.56,8,14.28,90,35.6895,139.69171,Open-Meteo Historical Weather API,2024-12-01/2025-02-28,31.02,30.0,55.43,0.51,2160,Open-Meteo Air Quality API,2024-12-01/2025-02-28,3,aucun,0,1,séjour correct mais perfectible.
1927,couple,dubaï,hiver,hôtel,culture,6,6778.41,873.78,pluie,20.21,0.09,2,19.57,90,25.07725,55.30927,Open-Meteo Historical Weather API,2024-12-01/2025-02-28,59.55,32.47,55.0,1.03,2160,Open-Meteo Air Quality API,2024-12-01/2025-02-28,4,aucun,0,1,très bon séjour.
1928,business,lisbonne,printemps,resort,randonnée,17,6686.81,492.21,nuageux,15.64,3.53,41,19.08,92,38.72509,-9.1498,Open-Meteo Historical Weather API,2025-03-01/2025-05-31,15.2,9.48,34.11,1.3,2208,Open-Meteo Air Quality API,2025-03-01/2025-05-31,3,aucun,0,1,séjour correct mais perfectible.
1929,famille,dubaï,printemps,appartement,culture,19,7401.55,687.5,ensoleillé,28.3,0.01,0,22.56,92,25.07725,55.30927,Open-Meteo Historical Weather API,2025-03-01/2025-05-31,70.72,36.99,63.06,2.2,2208,Open-Meteo Air Quality API,2025-03-01/2025-05-31,4,aucun,0,1,très bon séjour.
1930,couple,lisbonne,hiver,appartement,business,12,3738.72,460.1,nuageux,12.63,2.92,26,17.53,90,38.72509,-9.1498,Open-Meteo Historical Weather API,2024-12-01/2025-02-28,19.66,13.91,36.49,0.38,2160,Open-Meteo Air Quality API,2024-12-01/2025-02-28,3,aucun,0,1,séjour correct mais perfectible.
1931,solo,lisbonne,printemps,resort,plage,15,1431.95,492.9,pluie,15.64,3.53,41,19.08,92,38.72509,-9.1498,Open-Meteo Historical Weather API,2025-03-01/2025-05-31,15.2,9.48,34.11,1.3,2208,Open-Meteo Air Quality API,2025-03-01/2025-05-31,1,aucun,0,1,très mauvaise expérience.
1932,solo,paris,printemps,hôtel,culture,16,4776.05,347.93,variable,12.44,1.18,26,14.07,92,48.85341,2.3488,Open-Meteo Historical Weather API,2025-03-01/2025-05-31,15.06,12.04,38.85,0.97,2208,Open-Meteo Air Quality API,2025-03-01/2025-05-31,2,météo,0,1,séjour décevant.
1933,business,bali,hiver,resort,business,19,10402.45,1176.86,nuageux,26.28,11.89,84,14.7,90,-8.65,115.21667,Open-Meteo Historical Weather API,2024-12-01/2025-02-28,12.8,11.67,33.02,1.96,2160,Open-Meteo Air Quality API,2024-12-01/2025-02-28,4,aucun,0,1,très bon séjour.
1934,business,bali,automne,resort,gastronomie,14,6396.82,1301.86,ensoleillé,26.3,6.82,61,14.71,91,-8.65,115.21667,Open-Meteo Historical Weather API,2025-09-01/2025-11-30,14.48,11.69,32.66,2.5,2184,Open-Meteo Air Quality API,2025-09-01/2025-11-30,4,aucun,0,1,très bon séjour.
1935,business,tokyo,été,appartement,culture,8,9029.98,1051.1,ensoleillé,27.71,2.91,31,13.49,92,35.6895,139.69171,Open-Meteo Historical Weather API,2025-06-01/2025-08-31,24.0,22.42,51.6,1.83,2208,Open-Meteo Air Quality API,2025-06-01/2025-08-31,3,aucun,0,1,séjour correct mais perfectible.
1936,famille,rome,printemps,resort,randonnée,6,6411.73,458.92,nuageux,15.22,3.55,32,13.85,92,41.89193,12.51133,Open-Meteo Historical Weather API,2025-03-01/2025-05-31,15.93,11.65,37.47,1.19,2208,Open-Meteo Air Quality API,2025-03-01/2025-05-31,4,aucun,0,1,très bon séjour.
1937,couple,rome,été,hôtel,plage,9,4660.64,735.81,ensoleillé,27.22,1.32,16,14.95,92,41.89193,12.51133,Open-Meteo Historical Weather API,2025-06-01/2025-08-31,15.45,9.67,40.74,2.01,2208,Open-Meteo Air Quality API,2025-06-01/2025-08-31,3,aucun,0,1,séjour correct mais perfectible.
1938,solo,bali,printemps,appartement,business,4,4465.07,1046.5,variable,26.99,6.49,65,13.72,92,-8.65,115.21667,Open-Meteo Historical Weather API,2025-03-01/2025-05-31,12.14,10.4,31.68,2.19,2208,Open-Meteo Air Quality API,2025-03-01/2025-05-31,2,aucun,0,1,séjour décevant.
1939,famille,paris,automne,resort,randonnée,16,8182.59,403.79,nuageux,12.33,2.12,33,16.01,91,48.85341,2.3488,Open-Meteo Historical Weather API,2025-09-01/2025-11-30,12.19,8.6,34.88,0.44,2184,Open-Meteo Air Quality API,2025-09-01/2025-11-30,4,aucun,0,1,très bon séjour.
1940,famille,rome,été,hôtel,culture,10,3342.71,581.07,ensoleillé,27.22,1.32,16,14.95,92,41.89193,12.51133,Open-Meteo Historical Weather API,2025-06-01/2025-08-31,15.45,9.67,40.74,2.01,2208,Open-Meteo Air Quality API,2025-06-01/2025-08-31,4,aucun,0,1,très bon séjour.
1941,famille,tokyo,été,resort,randonnée,16,10581.24,1202.48,ensoleillé,27.71,2.91,31,13.49,92,35.6895,139.69171,Open-Meteo Historical Weather API,2025-06-01/2025-08-31,24.0,22.42,51.6,1.83,2208,Open-Meteo Air Quality API,2025-06-01/2025-08-31,3,aucun,0,1,séjour correct mais perfectible.
1942,couple,dubaï,automne,villa,randonnée,4,6351.0,727.93,ensoleillé,29.44,0.0,0,20.09,91,25.07725,55.30927,Open-Meteo Historical Weather API,2025-09-01/2025-11-30,80.53,41.8,60.89,1.56,2184,Open-Meteo Air Quality API,2025-09-01/2025-11-30,4,aucun,0,1,très bon séjour.
1943,couple,new york,automne,appartement,culture,9,6747.05,1118.15,nuageux,13.97,3.07,25,15.38,91,40.71427,-74.00597,Open-Meteo Historical Weather API,2025-09-01/2025-11-30,11.7,11.28,42.27,0.76,2184,Open-Meteo Air Quality API,2025-09-01/2025-11-30,3,retard_vol,0,1,séjour correct mais perfectible.
1944,famille,rome,automne,hôtel,randonnée,10,6465.85,494.84,nuageux,17.21,4.01,24,12.75,91,41.89193,12.51133,Open-Meteo Historical Weather API,2025-09-01/2025-11-30,13.51,9.22,34.28,0.79,2184,Open-Meteo Air Quality API,2025-09-01/2025-11-30,3,aucun,0,1,séjour correct mais perfectible.
1945,business,dubaï,printemps,appartement,business,4,5066.36,789.44,ensoleillé,28.3,0.01,0,22.56,92,25.07725,55.30927,Open-Meteo Historical Weather API,2025-03-01/2025-05-31,70.72,36.99,63.06,2.2,2208,Open-Meteo Air Quality API,2025-03-01/2025-05-31,3,aucun,0,1,séjour correct mais perfectible.
1946,senior,new york,hiver,hôtel,plage,18,5829.58,1094.93,pluie,-0.0,2.34,32,16.49,90,40.71427,-74.00597,Open-Meteo Historical Weather API,2024-12-01/2025-02-28,14.23,13.56,43.36,0.34,2160,Open-Meteo Air Quality API,2024-12-01/2025-02-28,1,aucun,0,1,très mauvaise expérience.
1947,famille,tokyo,été,resort,plage,14,8804.23,1174.46,ensoleillé,27.71,2.91,31,13.49,92,35.6895,139.69171,Open-Meteo Historical Weather API,2025-06-01/2025-08-31,24.0,22.42,51.6,1.83,2208,Open-Meteo Air Quality API,2025-06-01/2025-08-31,4,aucun,0,1,très bon séjour.
1948,senior,rome,printemps,resort,plage,19,4596.34,365.2,nuageux,15.22,3.55,32,13.85,92,41.89193,12.51133,Open-Meteo Historical Weather API,2025-03-01/2025-05-31,15.93,11.65,37.47,1.19,2208,Open-Meteo Air Quality API,2025-03-01/2025-05-31,3,aucun,0,1,séjour correct mais perfectible.
1949,famille,new york,été,hôtel,randonnée,18,9031.27,1322.26,variable,24.52,2.28,32,14.21,92,40.71427,-74.00597,Open-Meteo Historical Weather API,2025-06-01/2025-08-31,18.13,17.43,51.89,1.61,2208,Open-Meteo Air Quality API,2025-06-01/2025-08-31,3,aucun,0,1,séjour correct mais perfectible.
1950,senior,paris,été,hôtel,plage,3,4458.47,423.15,ensoleillé,21.05,2.58,30,14.41,92,48.85341,2.3488,Open-Meteo Historical Weather API,2025-06-01/2025-08-31,10.28,6.83,31.49,1.5,2208,Open-Meteo Air Quality API,2025-06-01/2025-08-31,4,aucun,0,1,très bon séjour.
1951,senior,tokyo,printemps,villa,randonnée,19,11971.89,1218.89,ensoleillé,14.52,6.04,44,15.33,92,35.6895,139.69171,Open-Meteo Historical Weather API,2025-03-01/2025-05-31,29.58,26.1,53.35,1.05,2208,Open-Meteo Air Quality API,2025-03-01/2025-05-31,3,aucun,0,1,séjour correct mais perfectible.
1952,famille,rome,printemps,hôtel,plage,4,6104.03,388.25,variable,15.22,3.55,32,13.85,92,41.89193,12.51133,Open-Meteo Historical Weather API,2025-03-01/2025-05-31,15.93,11.65,37.47,1.19,2208,Open-Meteo Air Quality API,2025-03-01/2025-05-31,4,aucun,0,1,très bon séjour.
1953,business,dubaï,été,appartement,culture,19,8659.44,883.77,ensoleillé,35.27,0.0,0,22.79,92,25.07725,55.30927,Open-Meteo Historical Weather API,2025-06-01/2025-08-31,128.17,54.13,71.91,2.19,2208,Open-Meteo Air Quality API,2025-06-01/2025-08-31,2,aucun,0,1,séjour décevant.
1954,senior,paris,printemps,appartement,plage,15,3054.3,280.89,nuageux,12.44,1.18,26,14.07,92,48.85341,2.3488,Open-Meteo Historical Weather API,2025-03-01/2025-05-31,15.06,12.04,38.85,0.97,2208,Open-Meteo Air Quality API,2025-03-01/2025-05-31,2,aucun,0,1,séjour décevant.
1955,senior,tokyo,été,resort,business,18,11776.76,1253.22,nuageux,27.71,2.91,31,13.49,92,35.6895,139.69171,Open-Meteo Historical Weather API,2025-06-01/2025-08-31,24.0,22.42,51.6,1.83,2208,Open-Meteo Air Quality API,2025-06-01/2025-08-31,4,aucun,0,1,très bon séjour.
1956,senior,rome,été,hôtel,business,12,5402.56,469.07,ensoleillé,27.22,1.32,16,14.95,92,41.89193,12.51133,Open-Meteo Historical Weather API,2025-06-01/2025-08-31,15.45,9.67,40.74,2.01,2208,Open-Meteo Air Quality API,2025-06-01/2025-08-31,3,aucun,0,1,séjour correct mais perfectible.
1957,solo,tokyo,printemps,hôtel,culture,6,7341.18,884.12,variable,14.52,6.04,44,15.33,92,35.6895,139.69171,Open-Meteo Historical Weather API,2025-03-01/2025-05-31,29.58,26.1,53.35,1.05,2208,Open-Meteo Air Quality API,2025-03-01/2025-05-31,3,aucun,0,1,séjour correct mais perfectible.
1958,famille,bali,été,hôtel,culture,5,6882.45,1282.96,ensoleillé,25.53,3.21,49,18.92,92,-8.65,115.21667,Open-Meteo Historical Weather API,2025-06-01/2025-08-31,13.38,9.86,30.22,1.86,2208,Open-Meteo Air Quality API,2025-06-01/2025-08-31,4,aucun,0,1,très bon séjour.
1959,business,dubaï,été,resort,culture,5,8867.57,485.02,ensoleillé,35.27,0.0,0,22.79,92,25.07725,55.30927,Open-Meteo Historical Weather API,2025-06-01/2025-08-31,128.17,54.13,71.91,2.19,2208,Open-Meteo Air Quality API,2025-06-01/2025-08-31,4,aucun,0,1,très bon séjour.
1960,solo,tokyo,été,villa,business,18,6216.34,980.32,ensoleillé,27.71,2.91,31,13.49,92,35.6895,139.69171,Open-Meteo Historical Weather API,2025-06-01/2025-08-31,24.0,22.42,51.6,1.83,2208,Open-Meteo Air Quality API,2025-06-01/2025-08-31,4,aucun,0,1,très bon séjour.
1961,solo,lisbonne,printemps,appartement,gastronomie,13,1610.25,433.52,ensoleillé,15.64,3.53,41,19.08,92,38.72509,-9.1498,Open-Meteo Historical Weather API,2025-03-01/2025-05-31,15.2,9.48,34.11,1.3,2208,Open-Meteo Air Quality API,2025-03-01/2025-05-31,2,aucun,0,1,séjour décevant.
1962,couple,paris,été,hôtel,culture,7,5213.37,438.85,ensoleillé,21.05,2.58,30,14.41,92,48.85341,2.3488,Open-Meteo Historical Weather API,2025-06-01/2025-08-31,10.28,6.83,31.49,1.5,2208,Open-Meteo Air Quality API,2025-06-01/2025-08-31,3,aucun,0,1,séjour correct mais perfectible.
1963,solo,new york,été,hôtel,gastronomie,5,6150.96,809.07,ensoleillé,24.52,2.28,32,14.21,92,40.71427,-74.00597,Open-Meteo Historical Weather API,2025-06-01/2025-08-31,18.13,17.43,51.89,1.61,2208,Open-Meteo Air Quality API,2025-06-01/2025-08-31,3,aucun,0,1,séjour correct mais perfectible.
1964,famille,bali,printemps,hôtel,culture,4,9179.47,1263.41,nuageux,26.99,6.49,65,13.72,92,-8.65,115.21667,Open-Meteo Historical Weather API,2025-03-01/2025-05-31,12.14,10.4,31.68,2.19,2208,Open-Meteo Air Quality API,2025-03-01/2025-05-31,4,aucun,0,1,très bon séjour.
1965,business,paris,été,villa,randonnée,7,8418.2,347.71,ensoleillé,21.05,2.58,30,14.41,92,48.85341,2.3488,Open-Meteo Historical Weather API,2025-06-01/2025-08-31,10.28,6.83,31.49,1.5,2208,Open-Meteo Air Quality API,2025-06-01/2025-08-31,4,aucun,0,1,très bon séjour.
1966,famille,new york,automne,hôtel,plage,17,8209.53,960.46,ensoleillé,13.97,3.07,25,15.38,91,40.71427,-74.00597,Open-Meteo Historical Weather API,2025-09-01/2025-11-30,11.7,11.28,42.27,0.76,2184,Open-Meteo Air Quality API,2025-09-01/2025-11-30,4,aucun,0,1,très bon séjour.
1967,business,rome,printemps,hôtel,business,19,5251.8,440.63,nuageux,15.22,3.55,32,13.85,92,41.89193,12.51133,Open-Meteo Historical Weather API,2025-03-01/2025-05-31,15.93,11.65,37.47,1.19,2208,Open-Meteo Air Quality API,2025-03-01/2025-05-31,3,aucun,0,1,séjour correct mais perfectible.
1968,business,rome,été,resort,culture,14,5779.73,499.92,nuageux,27.22,1.32,16,14.95,92,41.89193,12.51133,Open-Meteo Historical Weather API,2025-06-01/2025-08-31,15.45,9.67,40.74,2.01,2208,Open-Meteo Air Quality API,2025-06-01/2025-08-31,3,aucun,0,1,séjour correct mais perfectible.
1969,couple,paris,automne,resort,culture,21,7552.12,344.26,nuageux,12.33,2.12,33,16.01,91,48.85341,2.3488,Open-Meteo Historical Weather API,2025-09-01/2025-11-30,12.19,8.6,34.88,0.44,2184,Open-Meteo Air Quality API,2025-09-01/2025-11-30,3,aucun,0,1,séjour correct mais perfectible.
1970,solo,lisbonne,automne,hôtel,randonnée,10,2798.91,555.07,pluie,18.72,2.83,21,17.54,91,38.72509,-9.1498,Open-Meteo Historical Weather API,2025-09-01/2025-11-30,15.83,9.72,31.17,0.9,2184,Open-Meteo Air Quality API,2025-09-01/2025-11-30,3,aucun,0,1,séjour correct mais perfectible.
1971,couple,rome,printemps,appartement,culture,9,3636.02,388.54,ensoleillé,15.22,3.55,32,13.85,92,41.89193,12.51133,Open-Meteo Historical Weather API,2025-03-01/2025-05-31,15.93,11.65,37.47,1.19,2208,Open-Meteo Air Quality API,2025-03-01/2025-05-31,4,aucun,0,1,très bon séjour.
1972,senior,paris,été,hôtel,gastronomie,16,5329.41,429.84,ensoleillé,21.05,2.58,30,14.41,92,48.85341,2.3488,Open-Meteo Historical Weather API,2025-06-01/2025-08-31,10.28,6.83,31.49,1.5,2208,Open-Meteo Air Quality API,2025-06-01/2025-08-31,4,aucun,0,1,très bon séjour.
1973,business,bali,automne,hôtel,plage,5,8799.34,1311.74,variable,26.3,6.82,61,14.71,91,-8.65,115.21667,Open-Meteo Historical Weather API,2025-09-01/2025-11-30,14.48,11.69,32.66,2.5,2184,Open-Meteo Air Quality API,2025-09-01/2025-11-30,3,aucun,0,1,séjour correct mais perfectible.
1974,couple,rome,été,hôtel,business,20,4872.74,439.01,variable,27.22,1.32,16,14.95,92,41.89193,12.51133,Open-Meteo Historical Weather API,2025-06-01/2025-08-31,15.45,9.67,40.74,2.01,2208,Open-Meteo Air Quality API,2025-06-01/2025-08-31,2,aucun,0,1,séjour décevant.
1975,famille,rome,hiver,hôtel,business,17,4032.81,320.87,nuageux,9.23,2.57,28,13.79,90,41.89193,12.51133,Open-Meteo Historical Weather API,2024-12-01/2025-02-28,20.56,17.01,40.29,0.27,2160,Open-Meteo Air Quality API,2024-12-01/2025-02-28,2,aucun,0,1,séjour décevant.
1976,famille,bali,hiver,villa,business,3,12377.17,1025.57,nuageux,26.28,11.89,84,14.7,90,-8.65,115.21667,Open-Meteo Historical Weather API,2024-12-01/2025-02-28,12.8,11.67,33.02,1.96,2160,Open-Meteo Air Quality API,2024-12-01/2025-02-28,3,aucun,0,1,séjour correct mais perfectible.
1977,couple,paris,été,resort,gastronomie,6,6865.17,469.46,pluie,21.05,2.58,30,14.41,92,48.85341,2.3488,Open-Meteo Historical Weather API,2025-06-01/2025-08-31,10.28,6.83,31.49,1.5,2208,Open-Meteo Air Quality API,2025-06-01/2025-08-31,4,aucun,0,1,très bon séjour.
1978,senior,dubaï,printemps,appartement,randonnée,14,4790.71,656.91,nuageux,28.3,0.01,0,22.56,92,25.07725,55.30927,Open-Meteo Historical Weather API,2025-03-01/2025-05-31,70.72,36.99,63.06,2.2,2208,Open-Meteo Air Quality API,2025-03-01/2025-05-31,3,aucun,0,1,séjour correct mais perfectible.
1979,business,bali,printemps,hôtel,plage,17,8149.36,1102.16,ensoleillé,26.99,6.49,65,13.72,92,-8.65,115.21667,Open-Meteo Historical Weather API,2025-03-01/2025-05-31,12.14,10.4,31.68,2.19,2208,Open-Meteo Air Quality API,2025-03-01/2025-05-31,2,aucun,0,1,séjour décevant.
1980,famille,dubaï,printemps,appartement,culture,7,6898.36,814.76,ensoleillé,28.3,0.01,0,22.56,92,25.07725,55.30927,Open-Meteo Historical Weather API,2025-03-01/2025-05-31,70.72,36.99,63.06,2.2,2208,Open-Meteo Air Quality API,2025-03-01/2025-05-31,4,aucun,0,1,très bon séjour.
1981,senior,dubaï,été,villa,business,17,11596.27,706.11,ensoleillé,35.27,0.0,0,22.79,92,25.07725,55.30927,Open-Meteo Historical Weather API,2025-06-01/2025-08-31,128.17,54.13,71.91,2.19,2208,Open-Meteo Air Quality API,2025-06-01/2025-08-31,3,aucun,0,1,séjour correct mais perfectible.
1982,couple,dubaï,printemps,hôtel,plage,12,5234.95,688.82,pluie,28.3,0.01,0,22.56,92,25.07725,55.30927,Open-Meteo Historical Weather API,2025-03-01/2025-05-31,70.72,36.99,63.06,2.2,2208,Open-Meteo Air Quality API,2025-03-01/2025-05-31,3,aucun,0,1,séjour correct mais perfectible.
1983,senior,new york,automne,villa,culture,15,12809.06,618.38,nuageux,13.97,3.07,25,15.38,91,40.71427,-74.00597,Open-Meteo Historical Weather API,2025-09-01/2025-11-30,11.7,11.28,42.27,0.76,2184,Open-Meteo Air Quality API,2025-09-01/2025-11-30,4,aucun,0,1,très bon séjour.
1984,famille,bali,été,resort,plage,11,8957.92,1435.34,ensoleillé,25.53,3.21,49,18.92,92,-8.65,115.21667,Open-Meteo Historical Weather API,2025-06-01/2025-08-31,13.38,9.86,30.22,1.86,2208,Open-Meteo Air Quality API,2025-06-01/2025-08-31,4,aucun,0,1,très bon séjour.
1985,solo,tokyo,automne,appartement,culture,11,3987.39,1093.38,ensoleillé,18.79,4.52,34,12.27,91,35.6895,139.69171,Open-Meteo Historical Weather API,2025-09-01/2025-11-30,28.46,27.24,54.08,0.85,2184,Open-Meteo Air Quality API,2025-09-01/2025-11-30,4,aucun,0,1,très bon séjour.
1986,senior,paris,automne,hôtel,plage,10,4356.65,400.12,ensoleillé,12.33,2.12,33,16.01,91,48.85341,2.3488,Open-Meteo Historical Weather API,2025-09-01/2025-11-30,12.19,8.6,34.88,0.44,2184,Open-Meteo Air Quality API,2025-09-01/2025-11-30,2,bagages,1,1,séjour décevant.
1987,couple,sydney,printemps,resort,business,5,7991.92,1032.01,pluie,19.13,4.44,49,17.74,92,-33.86785,151.20732,Open-Meteo Historical Weather API,2025-03-01/2025-05-31,11.25,9.25,31.84,1.01,2208,Open-Meteo Air Quality API,2025-03-01/2025-05-31,4,bagages,1,1,très bon séjour.
1988,business,lisbonne,été,resort,plage,6,3470.62,432.91,variable,23.39,0.06,1,17.22,92,38.72509,-9.1498,Open-Meteo Historical Weather API,2025-06-01/2025-08-31,19.54,10.92,32.89,2.16,2208,Open-Meteo Air Quality API,2025-06-01/2025-08-31,3,aucun,0,1,séjour correct mais perfectible.
1989,senior,paris,hiver,villa,gastronomie,6,8230.49,269.46,pluie,4.95,2.61,35,15.72,90,48.85341,2.3488,Open-Meteo Historical Weather API,2024-12-01/2025-02-28,20.98,17.57,45.01,0.13,2160,Open-Meteo Air Quality API,2024-12-01/2025-02-28,3,aucun,0,1,séjour correct mais perfectible.
1990,famille,rome,automne,villa,culture,18,10295.01,430.07,pluie,17.21,4.01,24,12.75,91,41.89193,12.51133,Open-Meteo Historical Weather API,2025-09-01/2025-11-30,13.51,9.22,34.28,0.79,2184,Open-Meteo Air Quality API,2025-09-01/2025-11-30,4,aucun,0,1,très bon séjour.
1991,famille,rome,printemps,hôtel,business,11,3185.2,570.02,ensoleillé,15.22,3.55,32,13.85,92,41.89193,12.51133,Open-Meteo Historical Weather API,2025-03-01/2025-05-31,15.93,11.65,37.47,1.19,2208,Open-Meteo Air Quality API,2025-03-01/2025-05-31,3,aucun,0,1,séjour correct mais perfectible.
1992,solo,paris,été,villa,randonnée,10,4293.67,389.16,ensoleillé,21.05,2.58,30,14.41,92,48.85341,2.3488,Open-Meteo Historical Weather API,2025-06-01/2025-08-31,10.28,6.83,31.49,1.5,2208,Open-Meteo Air Quality API,2025-06-01/2025-08-31,4,aucun,0,1,très bon séjour.
1993,couple,tokyo,automne,appartement,business,19,7262.45,791.84,nuageux,18.79,4.52,34,12.27,91,35.6895,139.69171,Open-Meteo Historical Weather API,2025-09-01/2025-11-30,28.46,27.24,54.08,0.85,2184,Open-Meteo Air Quality API,2025-09-01/2025-11-30,3,aucun,0,1,séjour correct mais perfectible.
1994,famille,paris,hiver,resort,plage,19,7399.95,307.17,ensoleillé,4.95,2.61,35,15.72,90,48.85341,2.3488,Open-Meteo Historical Weather API,2024-12-01/2025-02-28,20.98,17.57,45.01,0.13,2160,Open-Meteo Air Quality API,2024-12-01/2025-02-28,3,aucun,0,1,séjour correct mais perfectible.
1995,couple,sydney,automne,hôtel,gastronomie,7,9705.29,923.04,nuageux,19.17,1.74,22,21.07,91,-33.86785,151.20732,Open-Meteo Historical Weather API,2025-09-01/2025-11-30,10.98,9.17,34.45,1.63,2184,Open-Meteo Air Quality API,2025-09-01/2025-11-30,5,aucun,0,1,excellent séjour.
1996,business,bali,hiver,hôtel,business,9,7576.57,881.78,variable,26.28,11.89,84,14.7,90,-8.65,115.21667,Open-Meteo Historical Weather API,2024-12-01/2025-02-28,12.8,11.67,33.02,1.96,2160,Open-Meteo Air Quality API,2024-12-01/2025-02-28,3,météo,0,1,séjour correct mais perfectible.
1997,couple,tokyo,printemps,hôtel,randonnée,10,6629.19,1176.82,ensoleillé,14.52,6.04,44,15.33,92,35.6895,139.69171,Open-Meteo Historical Weather API,2025-03-01/2025-05-31,29.58,26.1,53.35,1.05,2208,Open-Meteo Air Quality API,2025-03-01/2025-05-31,4,aucun,0,1,très bon séjour.
1998,couple,lisbonne,printemps,hôtel,gastronomie,18,3421.13,281.07,nuageux,15.64,3.53,41,19.08,92,38.72509,-9.1498,Open-Meteo Historical Weather API,2025-03-01/2025-05-31,15.2,9.48,34.11,1.3,2208,Open-Meteo Air Quality API,2025-03-01/2025-05-31,3,aucun,0,1,séjour correct mais perfectible.
1999,business,rome,printemps,villa,gastronomie,15,3709.36,475.3,variable,15.22,3.55,32,13.85,92,41.89193,12.51133,Open-Meteo Historical Weather API,2025-03-01/2025-05-31,15.93,11.65,37.47,1.19,2208,Open-Meteo Air Quality API,2025-03-01/2025-05-31,3,aucun,0,1,séjour correct mais perfectible.
2000,solo,rome,été,hôtel,randonnée,13,2317.15,533.46,nuageux,27.22,1.32,16,14.95,92,41.89193,12.51133,Open-Meteo Historical Weather API,2025-06-01/2025-08-31,15.45,9.67,40.74,2.01,2208,Open-Meteo Air Quality API,2025-06-01/2025-08-31,3,aucun,0,1,séjour correct mais perfectible.
2001,business,tokyo,automne,appartement,culture,7,9415.16,949.54,nuageux,18.79,4.52,34,12.27,91,35.6895,139.69171,Open-Meteo Historical Weather API,2025-09-01/2025-11-30,28.46,27.24,54.08,0.85,2184,Open-Meteo Air Quality API,2025-09-01/2025-11-30,3,aucun,0,1,séjour correct mais perfectible.
2002,couple,tokyo,printemps,resort,gastronomie,10,11991.07,1092.97,ensoleillé,14.52,6.04,44,15.33,92,35.6895,139.69171,Open-Meteo Historical Weather API,2025-03-01/2025-05-31,29.58,26.1,53.35,1.05,2208,Open-Meteo Air Quality API,2025-03-01/2025-05-31,4,aucun,0,1,très bon séjour.
2003,senior,lisbonne,été,resort,culture,3,5597.5,372.72,pluie,23.39,0.06,1,17.22,92,38.72509,-9.1498,Open-Meteo Historical Weather API,2025-06-01/2025-08-31,19.54,10.92,32.89,2.16,2208,Open-Meteo Air Quality API,2025-06-01/2025-08-31,4,aucun,0,1,très bon séjour.
2004,solo,lisbonne,automne,hôtel,gastronomie,16,2843.4,437.51,ensoleillé,18.72,2.83,21,17.54,91,38.72509,-9.1498,Open-Meteo Historical Weather API,2025-09-01/2025-11-30,15.83,9.72,31.17,0.9,2184,Open-Meteo Air Quality API,2025-09-01/2025-11-30,2,aucun,0,1,séjour décevant.
2005,famille,dubaï,été,resort,business,20,4923.32,722.17,ensoleillé,35.27,0.0,0,22.79,92,25.07725,55.30927,Open-Meteo Historical Weather API,2025-06-01/2025-08-31,128.17,54.13,71.91,2.19,2208,Open-Meteo Air Quality API,2025-06-01/2025-08-31,2,aucun,0,1,séjour décevant.
2006,senior,sydney,hiver,resort,gastronomie,17,8377.16,1209.59,ensoleillé,22.44,3.42,39,20.67,90,-33.86785,151.20732,Open-Meteo Historical Weather API,2024-12-01/2025-02-28,12.57,9.86,34.15,2.24,2160,Open-Meteo Air Quality API,2024-12-01/2025-02-28,5,aucun,0,1,excellent séjour.
2007,couple,bali,automne,resort,culture,8,10008.54,1045.39,nuageux,26.3,6.82,61,14.71,91,-8.65,115.21667,Open-Meteo Historical Weather API,2025-09-01/2025-11-30,14.48,11.69,32.66,2.5,2184,Open-Meteo Air Quality API,2025-09-01/2025-11-30,3,aucun,0,1,séjour correct mais perfectible.
2008,famille,rome,hiver,hôtel,culture,12,6710.72,505.85,pluie,9.23,2.57,28,13.79,90,41.89193,12.51133,Open-Meteo Historical Weather API,2024-12-01/2025-02-28,20.56,17.01,40.29,0.27,2160,Open-Meteo Air Quality API,2024-12-01/2025-02-28,3,aucun,0,1,séjour correct mais perfectible.
2009,famille,lisbonne,été,appartement,business,21,4412.5,492.34,pluie,23.39,0.06,1,17.22,92,38.72509,-9.1498,Open-Meteo Historical Weather API,2025-06-01/2025-08-31,19.54,10.92,32.89,2.16,2208,Open-Meteo Air Quality API,2025-06-01/2025-08-31,2,retard_vol,1,1,séjour décevant.
2010,business,new york,été,hôtel,business,11,8532.22,529.68,ensoleillé,24.52,2.28,32,14.21,92,40.71427,-74.00597,Open-Meteo Historical Weather API,2025-06-01/2025-08-31,18.13,17.43,51.89,1.61,2208,Open-Meteo Air Quality API,2025-06-01/2025-08-31,4,aucun,0,1,très bon séjour.
2011,famille,new york,été,resort,randonnée,18,7374.93,1048.9,variable,24.52,2.28,32,14.21,92,40.71427,-74.00597,Open-Meteo Historical Weather API,2025-06-01/2025-08-31,18.13,17.43,51.89,1.61,2208,Open-Meteo Air Quality API,2025-06-01/2025-08-31,2,aucun,0,1,séjour décevant.
2012,couple,rome,hiver,resort,randonnée,13,5326.95,308.69,pluie,9.23,2.57,28,13.79,90,41.89193,12.51133,Open-Meteo Historical Weather API,2024-12-01/2025-02-28,20.56,17.01,40.29,0.27,2160,Open-Meteo Air Quality API,2024-12-01/2025-02-28,3,aucun,0,1,séjour correct mais perfectible.
2013,famille,paris,hiver,hôtel,randonnée,12,5999.48,328.5,pluie,4.95,2.61,35,15.72,90,48.85341,2.3488,Open-Meteo Historical Weather API,2024-12-01/2025-02-28,20.98,17.57,45.01,0.13,2160,Open-Meteo Air Quality API,2024-12-01/2025-02-28,2,aucun,0,1,séjour décevant.
2014,couple,bali,été,appartement,gastronomie,14,6835.05,1330.58,ensoleillé,25.53,3.21,49,18.92,92,-8.65,115.21667,Open-Meteo Historical Weather API,2025-06-01/2025-08-31,13.38,9.86,30.22,1.86,2208,Open-Meteo Air Quality API,2025-06-01/2025-08-31,5,aucun,0,1,excellent séjour.
2015,couple,sydney,hiver,hôtel,gastronomie,7,8610.94,1217.62,ensoleillé,22.44,3.42,39,20.67,90,-33.86785,151.20732,Open-Meteo Historical Weather API,2024-12-01/2025-02-28,12.57,9.86,34.15,2.24,2160,Open-Meteo Air Quality API,2024-12-01/2025-02-28,4,aucun,0,1,très bon séjour.
2016,solo,rome,printemps,villa,plage,11,4505.67,490.57,nuageux,15.22,3.55,32,13.85,92,41.89193,12.51133,Open-Meteo Historical Weather API,2025-03-01/2025-05-31,15.93,11.65,37.47,1.19,2208,Open-Meteo Air Quality API,2025-03-01/2025-05-31,4,aucun,0,1,très bon séjour.
2017,couple,bali,été,appartement,business,8,5166.2,1532.89,nuageux,25.53,3.21,49,18.92,92,-8.65,115.21667,Open-Meteo Historical Weather API,2025-06-01/2025-08-31,13.38,9.86,30.22,1.86,2208,Open-Meteo Air Quality API,2025-06-01/2025-08-31,3,aucun,0,1,séjour correct mais perfectible.
2018,famille,rome,été,hôtel,business,17,5380.01,457.07,ensoleillé,27.22,1.32,16,14.95,92,41.89193,12.51133,Open-Meteo Historical Weather API,2025-06-01/2025-08-31,15.45,9.67,40.74,2.01,2208,Open-Meteo Air Quality API,2025-06-01/2025-08-31,3,aucun,0,1,séjour correct mais perfectible.
2019,solo,rome,hiver,hôtel,culture,14,3522.68,384.41,nuageux,9.23,2.57,28,13.79,90,41.89193,12.51133,Open-Meteo Historical Weather API,2024-12-01/2025-02-28,20.56,17.01,40.29,0.27,2160,Open-Meteo Air Quality API,2024-12-01/2025-02-28,3,aucun,0,1,séjour correct mais perfectible.
2020,couple,new york,printemps,hôtel,randonnée,10,6052.33,844.5,ensoleillé,12.04,4.75,36,17.46,92,40.71427,-74.00597,Open-Meteo Historical Weather API,2025-03-01/2025-05-31,11.88,11.05,41.24,1.07,2208,Open-Meteo Air Quality API,2025-03-01/2025-05-31,3,aucun,0,1,séjour correct mais perfectible.
2021,solo,lisbonne,automne,villa,business,18,2883.91,274.41,nuageux,18.72,2.83,21,17.54,91,38.72509,-9.1498,Open-Meteo Historical Weather API,2025-09-01/2025-11-30,15.83,9.72,31.17,0.9,2184,Open-Meteo Air Quality API,2025-09-01/2025-11-30,3,aucun,0,1,séjour correct mais perfectible.
2022,famille,lisbonne,printemps,resort,randonnée,11,6735.38,347.37,ensoleillé,15.64,3.53,41,19.08,92,38.72509,-9.1498,Open-Meteo Historical Weather API,2025-03-01/2025-05-31,15.2,9.48,34.11,1.3,2208,Open-Meteo Air Quality API,2025-03-01/2025-05-31,4,aucun,0,1,très bon séjour.
2023,famille,dubaï,hiver,hôtel,randonnée,21,4996.75,869.86,ensoleillé,20.21,0.09,2,19.57,90,25.07725,55.30927,Open-Meteo Historical Weather API,2024-12-01/2025-02-28,59.55,32.47,55.0,1.03,2160,Open-Meteo Air Quality API,2024-12-01/2025-02-28,3,aucun,0,1,séjour correct mais perfectible.
2024,famille,rome,hiver,resort,business,14,8408.38,327.99,nuageux,9.23,2.57,28,13.79,90,41.89193,12.51133,Open-Meteo Historical Weather API,2024-12-01/2025-02-28,20.56,17.01,40.29,0.27,2160,Open-Meteo Air Quality API,2024-12-01/2025-02-28,3,bagages,0,1,séjour correct mais perfectible.
2025,couple,rome,printemps,hôtel,business,19,2492.5,422.45,variable,15.22,3.55,32,13.85,92,41.89193,12.51133,Open-Meteo Historical Weather API,2025-03-01/2025-05-31,15.93,11.65,37.47,1.19,2208,Open-Meteo Air Quality API,2025-03-01/2025-05-31,2,aucun,0,1,séjour décevant.
2026,couple,dubaï,automne,resort,gastronomie,21,7406.91,625.37,variable,29.44,0.0,0,20.09,91,25.07725,55.30927,Open-Meteo Historical Weather API,2025-09-01/2025-11-30,80.53,41.8,60.89,1.56,2184,Open-Meteo Air Quality API,2025-09-01/2025-11-30,3,aucun,0,1,séjour correct mais perfectible.
2027,business,new york,printemps,resort,plage,9,13655.34,1156.81,ensoleillé,12.04,4.75,36,17.46,92,40.71427,-74.00597,Open-Meteo Historical Weather API,2025-03-01/2025-05-31,11.88,11.05,41.24,1.07,2208,Open-Meteo Air Quality API,2025-03-01/2025-05-31,4,aucun,0,1,très bon séjour.
2028,couple,paris,hiver,hôtel,plage,7,5200.39,316.11,ensoleillé,4.95,2.61,35,15.72,90,48.85341,2.3488,Open-Meteo Historical Weather API,2024-12-01/2025-02-28,20.98,17.57,45.01,0.13,2160,Open-Meteo Air Quality API,2024-12-01/2025-02-28,3,retard_vol,1,1,séjour correct mais perfectible.
2029,solo,bali,été,appartement,business,18,2600.31,1239.8,ensoleillé,25.53,3.21,49,18.92,92,-8.65,115.21667,Open-Meteo Historical Weather API,2025-06-01/2025-08-31,13.38,9.86,30.22,1.86,2208,Open-Meteo Air Quality API,2025-06-01/2025-08-31,2,annulation,0,0,séjour décevant.
2030,solo,new york,hiver,hôtel,randonnée,7,5670.33,692.29,nuageux,-0.0,2.34,32,16.49,90,40.71427,-74.00597,Open-Meteo Historical Weather API,2024-12-01/2025-02-28,14.23,13.56,43.36,0.34,2160,Open-Meteo Air Quality API,2024-12-01/2025-02-28,3,aucun,0,1,séjour correct mais perfectible.
2031,famille,lisbonne,printemps,resort,culture,17,5251.28,380.64,pluie,15.64,3.53,41,19.08,92,38.72509,-9.1498,Open-Meteo Historical Weather API,2025-03-01/2025-05-31,15.2,9.48,34.11,1.3,2208,Open-Meteo Air Quality API,2025-03-01/2025-05-31,3,aucun,0,1,séjour correct mais perfectible.
2032,solo,new york,automne,resort,randonnée,6,6172.0,891.34,nuageux,13.97,3.07,25,15.38,91,40.71427,-74.00597,Open-Meteo Historical Weather API,2025-09-01/2025-11-30,11.7,11.28,42.27,0.76,2184,Open-Meteo Air Quality API,2025-09-01/2025-11-30,4,aucun,0,1,très bon séjour.
2033,couple,tokyo,été,villa,gastronomie,19,9507.36,1041.44,pluie,27.71,2.91,31,13.49,92,35.6895,139.69171,Open-Meteo Historical Weather API,2025-06-01/2025-08-31,24.0,22.42,51.6,1.83,2208,Open-Meteo Air Quality API,2025-06-01/2025-08-31,3,aucun,0,1,séjour correct mais perfectible.
2034,couple,lisbonne,hiver,resort,business,16,4465.74,447.63,ensoleillé,12.63,2.92,26,17.53,90,38.72509,-9.1498,Open-Meteo Historical Weather API,2024-12-01/2025-02-28,19.66,13.91,36.49,0.38,2160,Open-Meteo Air Quality API,2024-12-01/2025-02-28,2,aucun,0,1,séjour décevant.
2035,famille,sydney,printemps,villa,gastronomie,12,11922.98,1363.43,variable,19.13,4.44,49,17.74,92,-33.86785,151.20732,Open-Meteo Historical Weather API,2025-03-01/2025-05-31,11.25,9.25,31.84,1.01,2208,Open-Meteo Air Quality API,2025-03-01/2025-05-31,4,météo,1,1,très bon séjour.
2036,business,bali,hiver,hôtel,gastronomie,11,11900.88,1326.34,pluie,26.28,11.89,84,14.7,90,-8.65,115.21667,Open-Meteo Historical Weather API,2024-12-01/2025-02-28,12.8,11.67,33.02,1.96,2160,Open-Meteo Air Quality API,2024-12-01/2025-02-28,3,aucun,0,1,séjour correct mais perfectible.
2037,senior,dubaï,hiver,appartement,gastronomie,15,5017.49,658.65,pluie,20.21,0.09,2,19.57,90,25.07725,55.30927,Open-Meteo Historical Weather API,2024-12-01/2025-02-28,59.55,32.47,55.0,1.03,2160,Open-Meteo Air Quality API,2024-12-01/2025-02-28,4,aucun,0,1,très bon séjour.
2038,famille,paris,été,hôtel,randonnée,10,5488.29,431.08,variable,21.05,2.58,30,14.41,92,48.85341,2.3488,Open-Meteo Historical Weather API,2025-06-01/2025-08-31,10.28,6.83,31.49,1.5,2208,Open-Meteo Air Quality API,2025-06-01/2025-08-31,4,aucun,0,1,très bon séjour.
2039,solo,lisbonne,été,appartement,gastronomie,10,1872.17,431.2,ensoleillé,23.39,0.06,1,17.22,92,38.72509,-9.1498,Open-Meteo Historical Weather API,2025-06-01/2025-08-31,19.54,10.92,32.89,2.16,2208,Open-Meteo Air Quality API,2025-06-01/2025-08-31,3,aucun,0,1,séjour correct mais perfectible.
2040,business,tokyo,été,hôtel,gastronomie,6,13213.83,1564.09,ensoleillé,27.71,2.91,31,13.49,92,35.6895,139.69171,Open-Meteo Historical Weather API,2025-06-01/2025-08-31,24.0,22.42,51.6,1.83,2208,Open-Meteo Air Quality API,2025-06-01/2025-08-31,4,aucun,0,1,très bon séjour.
2041,couple,dubaï,automne,villa,plage,5,6304.54,714.65,nuageux,29.44,0.0,0,20.09,91,25.07725,55.30927,Open-Meteo Historical Weather API,2025-09-01/2025-11-30,80.53,41.8,60.89,1.56,2184,Open-Meteo Air Quality API,2025-09-01/2025-11-30,4,aucun,0,1,très bon séjour.
2042,business,rome,printemps,villa,gastronomie,19,8410.04,450.71,pluie,15.22,3.55,32,13.85,92,41.89193,12.51133,Open-Meteo Historical Weather API,2025-03-01/2025-05-31,15.93,11.65,37.47,1.19,2208,Open-Meteo Air Quality API,2025-03-01/2025-05-31,3,aucun,0,1,séjour correct mais perfectible.
2043,solo,dubaï,automne,resort,culture,17,5797.82,642.26,variable,29.44,0.0,0,20.09,91,25.07725,55.30927,Open-Meteo Historical Weather API,2025-09-01/2025-11-30,80.53,41.8,60.89,1.56,2184,Open-Meteo Air Quality API,2025-09-01/2025-11-30,3,aucun,0,1,séjour correct mais perfectible.
2044,senior,rome,été,resort,plage,11,3507.24,481.68,ensoleillé,27.22,1.32,16,14.95,92,41.89193,12.51133,Open-Meteo Historical Weather API,2025-06-01/2025-08-31,15.45,9.67,40.74,2.01,2208,Open-Meteo Air Quality API,2025-06-01/2025-08-31,3,aucun,0,1,séjour correct mais perfectible.
2045,senior,bali,printemps,resort,business,18,6035.8,1199.21,pluie,26.99,6.49,65,13.72,92,-8.65,115.21667,Open-Meteo Historical Weather API,2025-03-01/2025-05-31,12.14,10.4,31.68,2.19,2208,Open-Meteo Air Quality API,2025-03-01/2025-05-31,3,aucun,0,1,séjour correct mais perfectible.
2046,famille,lisbonne,automne,hôtel,business,14,4428.68,436.06,ensoleillé,18.72,2.83,21,17.54,91,38.72509,-9.1498,Open-Meteo Historical Weather API,2025-09-01/2025-11-30,15.83,9.72,31.17,0.9,2184,Open-Meteo Air Quality API,2025-09-01/2025-11-30,3,aucun,0,1,séjour correct mais perfectible.
2047,couple,bali,hiver,appartement,culture,14,4117.19,1008.3,nuageux,26.28,11.89,84,14.7,90,-8.65,115.21667,Open-Meteo Historical Weather API,2024-12-01/2025-02-28,12.8,11.67,33.02,1.96,2160,Open-Meteo Air Quality API,2024-12-01/2025-02-28,3,aucun,0,1,séjour correct mais perfectible.
2048,solo,dubaï,été,appartement,plage,5,4243.98,844.82,ensoleillé,35.27,0.0,0,22.79,92,25.07725,55.30927,Open-Meteo Historical Weather API,2025-06-01/2025-08-31,128.17,54.13,71.91,2.19,2208,Open-Meteo Air Quality API,2025-06-01/2025-08-31,2,retard_vol,1,1,séjour décevant.
2049,famille,tokyo,été,resort,gastronomie,13,15081.02,1280.07,ensoleillé,27.71,2.91,31,13.49,92,35.6895,139.69171,Open-Meteo Historical Weather API,2025-06-01/2025-08-31,24.0,22.42,51.6,1.83,2208,Open-Meteo Air Quality API,2025-06-01/2025-08-31,4,aucun,0,1,très bon séjour.
2050,couple,sydney,printemps,hôtel,business,5,8507.76,1383.86,ensoleillé,19.13,4.44,49,17.74,92,-33.86785,151.20732,Open-Meteo Historical Weather API,2025-03-01/2025-05-31,11.25,9.25,31.84,1.01,2208,Open-Meteo Air Quality API,2025-03-01/2025-05-31,3,aucun,0,1,séjour correct mais perfectible.
2051,senior,lisbonne,automne,villa,plage,15,3373.25,263.21,pluie,18.72,2.83,21,17.54,91,38.72509,-9.1498,Open-Meteo Historical Weather API,2025-09-01/2025-11-30,15.83,9.72,31.17,0.9,2184,Open-Meteo Air Quality API,2025-09-01/2025-11-30,2,annulation,0,1,séjour décevant.
2052,famille,dubaï,printemps,hôtel,culture,4,6363.17,583.48,nuageux,28.3,0.01,0,22.56,92,25.07725,55.30927,Open-Meteo Historical Weather API,2025-03-01/2025-05-31,70.72,36.99,63.06,2.2,2208,Open-Meteo Air Quality API,2025-03-01/2025-05-31,4,aucun,0,1,très bon séjour.
2053,couple,bali,automne,resort,business,12,7263.38,867.27,nuageux,26.3,6.82,61,14.71,91,-8.65,115.21667,Open-Meteo Historical Weather API,2025-09-01/2025-11-30,14.48,11.69,32.66,2.5,2184,Open-Meteo Air Quality API,2025-09-01/2025-11-30,4,aucun,0,1,très bon séjour.
2054,business,tokyo,hiver,hôtel,plage,9,8763.83,1056.22,ensoleillé,6.08,0.56,8,14.28,90,35.6895,139.69171,Open-Meteo Historical Weather API,2024-12-01/2025-02-28,31.02,30.0,55.43,0.51,2160,Open-Meteo Air Quality API,2024-12-01/2025-02-28,3,aucun,0,1,séjour correct mais perfectible.
2055,couple,tokyo,hiver,hôtel,randonnée,5,7854.17,879.72,nuageux,6.08,0.56,8,14.28,90,35.6895,139.69171,Open-Meteo Historical Weather API,2024-12-01/2025-02-28,31.02,30.0,55.43,0.51,2160,Open-Meteo Air Quality API,2024-12-01/2025-02-28,3,aucun,0,1,séjour correct mais perfectible.
2056,couple,tokyo,printemps,hôtel,culture,11,8122.4,956.21,nuageux,14.52,6.04,44,15.33,92,35.6895,139.69171,Open-Meteo Historical Weather API,2025-03-01/2025-05-31,29.58,26.1,53.35,1.05,2208,Open-Meteo Air Quality API,2025-03-01/2025-05-31,4,aucun,0,1,très bon séjour.
2057,senior,new york,automne,hôtel,business,6,9444.1,667.28,variable,13.97,3.07,25,15.38,91,40.71427,-74.00597,Open-Meteo Historical Weather API,2025-09-01/2025-11-30,11.7,11.28,42.27,0.76,2184,Open-Meteo Air Quality API,2025-09-01/2025-11-30,2,bagages,0,1,séjour décevant.
2058,couple,bali,hiver,resort,culture,7,7743.66,1066.53,ensoleillé,26.28,11.89,84,14.7,90,-8.65,115.21667,Open-Meteo Historical Weather API,2024-12-01/2025-02-28,12.8,11.67,33.02,1.96,2160,Open-Meteo Air Quality API,2024-12-01/2025-02-28,4,retard_vol,1,1,très bon séjour.
2059,famille,tokyo,automne,resort,gastronomie,19,8155.7,837.54,variable,18.79,4.52,34,12.27,91,35.6895,139.69171,Open-Meteo Historical Weather API,2025-09-01/2025-11-30,28.46,27.24,54.08,0.85,2184,Open-Meteo Air Quality API,2025-09-01/2025-11-30,3,retard_vol,0,1,séjour correct mais perfectible.
2060,famille,dubaï,printemps,appartement,culture,9,8040.11,795.5,pluie,28.3,0.01,0,22.56,92,25.07725,55.30927,Open-Meteo Historical Weather API,2025-03-01/2025-05-31,70.72,36.99,63.06,2.2,2208,Open-Meteo Air Quality API,2025-03-01/2025-05-31,3,aucun,0,1,séjour correct mais perfectible.
2061,senior,bali,printemps,appartement,gastronomie,10,6171.83,1249.2,pluie,26.99,6.49,65,13.72,92,-8.65,115.21667,Open-Meteo Historical Weather API,2025-03-01/2025-05-31,12.14,10.4,31.68,2.19,2208,Open-Meteo Air Quality API,2025-03-01/2025-05-31,3,annulation,1,1,séjour correct mais perfectible.
2062,couple,new york,printemps,hôtel,gastronomie,3,7568.19,872.99,nuageux,12.04,4.75,36,17.46,92,40.71427,-74.00597,Open-Meteo Historical Weather API,2025-03-01/2025-05-31,11.88,11.05,41.24,1.07,2208,Open-Meteo Air Quality API,2025-03-01/2025-05-31,3,aucun,0,1,séjour correct mais perfectible.
2063,solo,rome,hiver,hôtel,culture,8,2928.18,425.54,nuageux,9.23,2.57,28,13.79,90,41.89193,12.51133,Open-Meteo Historical Weather API,2024-12-01/2025-02-28,20.56,17.01,40.29,0.27,2160,Open-Meteo Air Quality API,2024-12-01/2025-02-28,3,aucun,0,1,séjour correct mais perfectible.
2064,famille,lisbonne,automne,resort,plage,9,5883.77,240.62,pluie,18.72,2.83,21,17.54,91,38.72509,-9.1498,Open-Meteo Historical Weather API,2025-09-01/2025-11-30,15.83,9.72,31.17,0.9,2184,Open-Meteo Air Quality API,2025-09-01/2025-11-30,4,aucun,0,1,très bon séjour.
2065,couple,sydney,printemps,appartement,randonnée,16,6411.75,1192.78,nuageux,19.13,4.44,49,17.74,92,-33.86785,151.20732,Open-Meteo Historical Weather API,2025-03-01/2025-05-31,11.25,9.25,31.84,1.01,2208,Open-Meteo Air Quality API,2025-03-01/2025-05-31,2,aucun,0,1,séjour décevant.
2066,senior,tokyo,été,resort,plage,5,4943.39,1069.18,ensoleillé,27.71,2.91,31,13.49,92,35.6895,139.69171,Open-Meteo Historical Weather API,2025-06-01/2025-08-31,24.0,22.42,51.6,1.83,2208,Open-Meteo Air Quality API,2025-06-01/2025-08-31,3,retard_vol,1,1,séjour correct mais perfectible.
2067,solo,rome,été,hôtel,culture,20,3479.79,554.63,ensoleillé,27.22,1.32,16,14.95,92,41.89193,12.51133,Open-Meteo Historical Weather API,2025-06-01/2025-08-31,15.45,9.67,40.74,2.01,2208,Open-Meteo Air Quality API,2025-06-01/2025-08-31,2,aucun,0,1,séjour décevant.
2068,senior,new york,été,appartement,culture,5,6709.78,1114.88,ensoleillé,24.52,2.28,32,14.21,92,40.71427,-74.00597,Open-Meteo Historical Weather API,2025-06-01/2025-08-31,18.13,17.43,51.89,1.61,2208,Open-Meteo Air Quality API,2025-06-01/2025-08-31,4,aucun,0,1,très bon séjour.
2069,couple,sydney,été,hôtel,plage,15,10799.72,1623.64,ensoleillé,12.22,4.06,27,18.74,92,-33.86785,151.20732,Open-Meteo Historical Weather API,2025-06-01/2025-08-31,10.19,9.26,31.56,0.49,2208,Open-Meteo Air Quality API,2025-06-01/2025-08-31,3,aucun,0,1,séjour correct mais perfectible.
2070,solo,paris,automne,resort,plage,3,3927.61,429.57,variable,12.33,2.12,33,16.01,91,48.85341,2.3488,Open-Meteo Historical Weather API,2025-09-01/2025-11-30,12.19,8.6,34.88,0.44,2184,Open-Meteo Air Quality API,2025-09-01/2025-11-30,3,aucun,0,1,séjour correct mais perfectible.
2071,senior,paris,été,hôtel,randonnée,18,5185.8,370.75,ensoleillé,21.05,2.58,30,14.41,92,48.85341,2.3488,Open-Meteo Historical Weather API,2025-06-01/2025-08-31,10.28,6.83,31.49,1.5,2208,Open-Meteo Air Quality API,2025-06-01/2025-08-31,3,aucun,0,1,séjour correct mais perfectible.
2072,couple,bali,été,appartement,randonnée,16,5361.16,1208.06,ensoleillé,25.53,3.21,49,18.92,92,-8.65,115.21667,Open-Meteo Historical Weather API,2025-06-01/2025-08-31,13.38,9.86,30.22,1.86,2208,Open-Meteo Air Quality API,2025-06-01/2025-08-31,3,aucun,0,1,séjour correct mais perfectible.
2073,couple,tokyo,été,hôtel,gastronomie,18,7742.76,1470.47,variable,27.71,2.91,31,13.49,92,35.6895,139.69171,Open-Meteo Historical Weather API,2025-06-01/2025-08-31,24.0,22.42,51.6,1.83,2208,Open-Meteo Air Quality API,2025-06-01/2025-08-31,3,aucun,0,1,séjour correct mais perfectible.
2074,senior,lisbonne,été,appartement,gastronomie,20,2875.26,461.82,ensoleillé,23.39,0.06,1,17.22,92,38.72509,-9.1498,Open-Meteo Historical Weather API,2025-06-01/2025-08-31,19.54,10.92,32.89,2.16,2208,Open-Meteo Air Quality API,2025-06-01/2025-08-31,3,retard_vol,1,1,séjour correct mais perfectible.
2075,couple,sydney,printemps,hôtel,randonnée,18,8266.99,1242.2,ensoleillé,19.13,4.44,49,17.74,92,-33.86785,151.20732,Open-Meteo Historical Weather API,2025-03-01/2025-05-31,11.25,9.25,31.84,1.01,2208,Open-Meteo Air Quality API,2025-03-01/2025-05-31,3,aucun,0,1,séjour correct mais perfectible.
2076,solo,sydney,été,resort,plage,14,7723.8,2043.86,pluie,12.22,4.06,27,18.74,92,-33.86785,151.20732,Open-Meteo Historical Weather API,2025-06-01/2025-08-31,10.19,9.26,31.56,0.49,2208,Open-Meteo Air Quality API,2025-06-01/2025-08-31,3,aucun,0,1,séjour correct mais perfectible.
2077,senior,new york,printemps,hôtel,culture,18,7954.58,938.39,variable,12.04,4.75,36,17.46,92,40.71427,-74.00597,Open-Meteo Historical Weather API,2025-03-01/2025-05-31,11.88,11.05,41.24,1.07,2208,Open-Meteo Air Quality API,2025-03-01/2025-05-31,2,bagages,0,1,séjour décevant.
2078,famille,bali,été,appartement,culture,4,7416.2,1310.46,nuageux,25.53,3.21,49,18.92,92,-8.65,115.21667,Open-Meteo Historical Weather API,2025-06-01/2025-08-31,13.38,9.86,30.22,1.86,2208,Open-Meteo Air Quality API,2025-06-01/2025-08-31,4,aucun,0,1,très bon séjour.
2079,couple,paris,automne,hôtel,culture,15,4334.76,306.79,nuageux,12.33,2.12,33,16.01,91,48.85341,2.3488,Open-Meteo Historical Weather API,2025-09-01/2025-11-30,12.19,8.6,34.88,0.44,2184,Open-Meteo Air Quality API,2025-09-01/2025-11-30,3,aucun,0,1,séjour correct mais perfectible.
2080,famille,sydney,automne,hôtel,business,21,9072.54,1610.4,nuageux,19.17,1.74,22,21.07,91,-33.86785,151.20732,Open-Meteo Historical Weather API,2025-09-01/2025-11-30,10.98,9.17,34.45,1.63,2184,Open-Meteo Air Quality API,2025-09-01/2025-11-30,3,aucun,0,1,séjour correct mais perfectible.
2081,couple,dubaï,automne,appartement,business,10,5057.58,726.08,variable,29.44,0.0,0,20.09,91,25.07725,55.30927,Open-Meteo Historical Weather API,2025-09-01/2025-11-30,80.53,41.8,60.89,1.56,2184,Open-Meteo Air Quality API,2025-09-01/2025-11-30,2,aucun,0,1,séjour décevant.
2082,famille,bali,été,hôtel,business,21,6242.69,1362.99,variable,25.53,3.21,49,18.92,92,-8.65,115.21667,Open-Meteo Historical Weather API,2025-06-01/2025-08-31,13.38,9.86,30.22,1.86,2208,Open-Meteo Air Quality API,2025-06-01/2025-08-31,2,aucun,0,1,séjour décevant.
2083,business,new york,été,hôtel,culture,12,5800.26,1125.09,ensoleillé,24.52,2.28,32,14.21,92,40.71427,-74.00597,Open-Meteo Historical Weather API,2025-06-01/2025-08-31,18.13,17.43,51.89,1.61,2208,Open-Meteo Air Quality API,2025-06-01/2025-08-31,3,aucun,0,1,séjour correct mais perfectible.
2084,famille,sydney,hiver,appartement,plage,11,7773.81,1505.94,variable,22.44,3.42,39,20.67,90,-33.86785,151.20732,Open-Meteo Historical Weather API,2024-12-01/2025-02-28,12.57,9.86,34.15,2.24,2160,Open-Meteo Air Quality API,2024-12-01/2025-02-28,3,bagages,0,1,séjour correct mais perfectible.
2085,solo,tokyo,printemps,appartement,randonnée,8,4960.2,1153.93,nuageux,14.52,6.04,44,15.33,92,35.6895,139.69171,Open-Meteo Historical Weather API,2025-03-01/2025-05-31,29.58,26.1,53.35,1.05,2208,Open-Meteo Air Quality API,2025-03-01/2025-05-31,4,aucun,0,1,très bon séjour.
2086,couple,rome,printemps,appartement,gastronomie,5,3405.69,521.6,ensoleillé,15.22,3.55,32,13.85,92,41.89193,12.51133,Open-Meteo Historical Weather API,2025-03-01/2025-05-31,15.93,11.65,37.47,1.19,2208,Open-Meteo Air Quality API,2025-03-01/2025-05-31,4,aucun,0,1,très bon séjour.
2087,couple,tokyo,hiver,hôtel,culture,19,7585.02,1135.31,ensoleillé,6.08,0.56,8,14.28,90,35.6895,139.69171,Open-Meteo Historical Weather API,2024-12-01/2025-02-28,31.02,30.0,55.43,0.51,2160,Open-Meteo Air Quality API,2024-12-01/2025-02-28,3,aucun,0,1,séjour correct mais perfectible.
2088,couple,dubaï,automne,resort,business,16,9282.48,769.92,ensoleillé,29.44,0.0,0,20.09,91,25.07725,55.30927,Open-Meteo Historical Weather API,2025-09-01/2025-11-30,80.53,41.8,60.89,1.56,2184,Open-Meteo Air Quality API,2025-09-01/2025-11-30,4,retard_vol,1,1,très bon séjour.
2089,business,sydney,automne,appartement,culture,10,11014.3,1128.8,variable,19.17,1.74,22,21.07,91,-33.86785,151.20732,Open-Meteo Historical Weather API,2025-09-01/2025-11-30,10.98,9.17,34.45,1.63,2184,Open-Meteo Air Quality API,2025-09-01/2025-11-30,3,aucun,0,1,séjour correct mais perfectible.
2090,couple,bali,été,hôtel,randonnée,21,5627.44,1799.2,ensoleillé,25.53,3.21,49,18.92,92,-8.65,115.21667,Open-Meteo Historical Weather API,2025-06-01/2025-08-31,13.38,9.86,30.22,1.86,2208,Open-Meteo Air Quality API,2025-06-01/2025-08-31,2,aucun,0,1,séjour décevant.
2091,couple,new york,printemps,appartement,culture,6,4382.22,661.25,nuageux,12.04,4.75,36,17.46,92,40.71427,-74.00597,Open-Meteo Historical Weather API,2025-03-01/2025-05-31,11.88,11.05,41.24,1.07,2208,Open-Meteo Air Quality API,2025-03-01/2025-05-31,3,aucun,0,1,séjour correct mais perfectible.
2092,senior,lisbonne,été,hôtel,culture,17,3351.95,473.37,ensoleillé,23.39,0.06,1,17.22,92,38.72509,-9.1498,Open-Meteo Historical Weather API,2025-06-01/2025-08-31,19.54,10.92,32.89,2.16,2208,Open-Meteo Air Quality API,2025-06-01/2025-08-31,3,aucun,0,1,séjour correct mais perfectible.
2093,solo,tokyo,printemps,villa,culture,11,11222.28,797.35,pluie,14.52,6.04,44,15.33,92,35.6895,139.69171,Open-Meteo Historical Weather API,2025-03-01/2025-05-31,29.58,26.1,53.35,1.05,2208,Open-Meteo Air Quality API,2025-03-01/2025-05-31,3,météo,0,1,séjour correct mais perfectible.
2094,famille,rome,automne,resort,gastronomie,14,4602.57,442.05,nuageux,17.21,4.01,24,12.75,91,41.89193,12.51133,Open-Meteo Historical Weather API,2025-09-01/2025-11-30,13.51,9.22,34.28,0.79,2184,Open-Meteo Air Quality API,2025-09-01/2025-11-30,3,aucun,0,1,séjour correct mais perfectible.
2095,senior,lisbonne,automne,resort,culture,3,4886.45,340.92,variable,18.72,2.83,21,17.54,91,38.72509,-9.1498,Open-Meteo Historical Weather API,2025-09-01/2025-11-30,15.83,9.72,31.17,0.9,2184,Open-Meteo Air Quality API,2025-09-01/2025-11-30,3,aucun,0,1,séjour correct mais perfectible.
2096,couple,lisbonne,printemps,resort,randonnée,14,5646.33,389.29,nuageux,15.64,3.53,41,19.08,92,38.72509,-9.1498,Open-Meteo Historical Weather API,2025-03-01/2025-05-31,15.2,9.48,34.11,1.3,2208,Open-Meteo Air Quality API,2025-03-01/2025-05-31,4,aucun,0,1,très bon séjour.
2097,famille,lisbonne,printemps,hôtel,randonnée,15,1985.47,403.38,pluie,15.64,3.53,41,19.08,92,38.72509,-9.1498,Open-Meteo Historical Weather API,2025-03-01/2025-05-31,15.2,9.48,34.11,1.3,2208,Open-Meteo Air Quality API,2025-03-01/2025-05-31,2,aucun,0,1,séjour décevant.
2098,couple,lisbonne,printemps,hôtel,randonnée,21,3924.9,314.59,nuageux,15.64,3.53,41,19.08,92,38.72509,-9.1498,Open-Meteo Historical Weather API,2025-03-01/2025-05-31,15.2,9.48,34.11,1.3,2208,Open-Meteo Air Quality API,2025-03-01/2025-05-31,1,bagages,1,1,très mauvaise expérience.
2099,famille,paris,hiver,appartement,randonnée,9,5554.55,348.15,nuageux,4.95,2.61,35,15.72,90,48.85341,2.3488,Open-Meteo Historical Weather API,2024-12-01/2025-02-28,20.98,17.57,45.01,0.13,2160,Open-Meteo Air Quality API,2024-12-01/2025-02-28,3,aucun,0,1,séjour correct mais perfectible.
2100,famille,tokyo,printemps,resort,culture,4,10282.46,1313.4,variable,14.52,6.04,44,15.33,92,35.6895,139.69171,Open-Meteo Historical Weather API,2025-03-01/2025-05-31,29.58,26.1,53.35,1.05,2208,Open-Meteo Air Quality API,2025-03-01/2025-05-31,4,retard_vol,1,1,très bon séjour.
2101,business,bali,hiver,resort,randonnée,4,8309.78,878.36,nuageux,26.28,11.89,84,14.7,90,-8.65,115.21667,Open-Meteo Historical Weather API,2024-12-01/2025-02-28,12.8,11.67,33.02,1.96,2160,Open-Meteo Air Quality API,2024-12-01/2025-02-28,4,aucun,0,1,très bon séjour.
2102,famille,dubaï,hiver,hôtel,plage,5,6803.82,592.39,variable,20.21,0.09,2,19.57,90,25.07725,55.30927,Open-Meteo Historical Weather API,2024-12-01/2025-02-28,59.55,32.47,55.0,1.03,2160,Open-Meteo Air Quality API,2024-12-01/2025-02-28,3,aucun,0,1,séjour correct mais perfectible.
2103,business,rome,printemps,appartement,plage,8,4088.9,519.72,ensoleillé,15.22,3.55,32,13.85,92,41.89193,12.51133,Open-Meteo Historical Weather API,2025-03-01/2025-05-31,15.93,11.65,37.47,1.19,2208,Open-Meteo Air Quality API,2025-03-01/2025-05-31,3,aucun,0,1,séjour correct mais perfectible.
2104,senior,tokyo,hiver,hôtel,business,18,6740.15,1064.66,pluie,6.08,0.56,8,14.28,90,35.6895,139.69171,Open-Meteo Historical Weather API,2024-12-01/2025-02-28,31.02,30.0,55.43,0.51,2160,Open-Meteo Air Quality API,2024-12-01/2025-02-28,2,aucun,0,1,séjour décevant.
2105,solo,rome,été,hôtel,gastronomie,6,2761.72,545.45,variable,27.22,1.32,16,14.95,92,41.89193,12.51133,Open-Meteo Historical Weather API,2025-06-01/2025-08-31,15.45,9.67,40.74,2.01,2208,Open-Meteo Air Quality API,2025-06-01/2025-08-31,3,aucun,0,1,séjour correct mais perfectible.
2106,business,new york,hiver,villa,gastronomie,5,12061.01,1006.41,variable,-0.0,2.34,32,16.49,90,40.71427,-74.00597,Open-Meteo Historical Weather API,2024-12-01/2025-02-28,14.23,13.56,43.36,0.34,2160,Open-Meteo Air Quality API,2024-12-01/2025-02-28,2,météo,1,1,séjour décevant.
2107,business,bali,automne,resort,business,3,12225.38,985.63,nuageux,26.3,6.82,61,14.71,91,-8.65,115.21667,Open-Meteo Historical Weather API,2025-09-01/2025-11-30,14.48,11.69,32.66,2.5,2184,Open-Meteo Air Quality API,2025-09-01/2025-11-30,4,aucun,0,1,très bon séjour.
2108,senior,bali,printemps,resort,plage,10,5395.43,1042.5,nuageux,26.99,6.49,65,13.72,92,-8.65,115.21667,Open-Meteo Historical Weather API,2025-03-01/2025-05-31,12.14,10.4,31.68,2.19,2208,Open-Meteo Air Quality API,2025-03-01/2025-05-31,4,aucun,0,1,très bon séjour.
2109,couple,tokyo,hiver,villa,business,14,6779.58,928.54,variable,6.08,0.56,8,14.28,90,35.6895,139.69171,Open-Meteo Historical Weather API,2024-12-01/2025-02-28,31.02,30.0,55.43,0.51,2160,Open-Meteo Air Quality API,2024-12-01/2025-02-28,3,aucun,0,1,séjour correct mais perfectible.
2110,famille,sydney,hiver,hôtel,culture,8,11933.6,1218.52,nuageux,22.44,3.42,39,20.67,90,-33.86785,151.20732,Open-Meteo Historical Weather API,2024-12-01/2025-02-28,12.57,9.86,34.15,2.24,2160,Open-Meteo Air Quality API,2024-12-01/2025-02-28,5,aucun,0,1,excellent séjour.
2111,solo,lisbonne,été,villa,culture,12,3599.63,556.52,variable,23.39,0.06,1,17.22,92,38.72509,-9.1498,Open-Meteo Historical Weather API,2025-06-01/2025-08-31,19.54,10.92,32.89,2.16,2208,Open-Meteo Air Quality API,2025-06-01/2025-08-31,5,aucun,0,1,excellent séjour.
2112,solo,sydney,printemps,appartement,gastronomie,7,4427.78,901.95,ensoleillé,19.13,4.44,49,17.74,92,-33.86785,151.20732,Open-Meteo Historical Weather API,2025-03-01/2025-05-31,11.25,9.25,31.84,1.01,2208,Open-Meteo Air Quality API,2025-03-01/2025-05-31,3,aucun,0,1,séjour correct mais perfectible.
2113,famille,rome,été,resort,culture,18,6030.01,416.86,ensoleillé,27.22,1.32,16,14.95,92,41.89193,12.51133,Open-Meteo Historical Weather API,2025-06-01/2025-08-31,15.45,9.67,40.74,2.01,2208,Open-Meteo Air Quality API,2025-06-01/2025-08-31,3,aucun,0,1,séjour correct mais perfectible.
2114,solo,lisbonne,hiver,hôtel,randonnée,3,2711.34,286.59,pluie,12.63,2.92,26,17.53,90,38.72509,-9.1498,Open-Meteo Historical Weather API,2024-12-01/2025-02-28,19.66,13.91,36.49,0.38,2160,Open-Meteo Air Quality API,2024-12-01/2025-02-28,3,aucun,0,1,séjour correct mais perfectible.
2115,famille,lisbonne,automne,hôtel,randonnée,6,3662.69,475.88,nuageux,18.72,2.83,21,17.54,91,38.72509,-9.1498,Open-Meteo Historical Weather API,2025-09-01/2025-11-30,15.83,9.72,31.17,0.9,2184,Open-Meteo Air Quality API,2025-09-01/2025-11-30,4,aucun,0,1,très bon séjour.
2116,senior,dubaï,hiver,resort,business,13,8973.79,622.59,nuageux,20.21,0.09,2,19.57,90,25.07725,55.30927,Open-Meteo Historical Weather API,2024-12-01/2025-02-28,59.55,32.47,55.0,1.03,2160,Open-Meteo Air Quality API,2024-12-01/2025-02-28,4,aucun,0,1,très bon séjour.
2117,couple,paris,printemps,hôtel,randonnée,19,4099.17,329.42,ensoleillé,12.44,1.18,26,14.07,92,48.85341,2.3488,Open-Meteo Historical Weather API,2025-03-01/2025-05-31,15.06,12.04,38.85,0.97,2208,Open-Meteo Air Quality API,2025-03-01/2025-05-31,3,aucun,0,1,séjour correct mais perfectible.
2118,famille,bali,automne,hôtel,culture,10,6656.56,815.77,variable,26.3,6.82,61,14.71,91,-8.65,115.21667,Open-Meteo Historical Weather API,2025-09-01/2025-11-30,14.48,11.69,32.66,2.5,2184,Open-Meteo Air Quality API,2025-09-01/2025-11-30,3,aucun,0,1,séjour correct mais perfectible.
2119,famille,bali,printemps,resort,business,4,4570.03,1095.69,nuageux,26.99,6.49,65,13.72,92,-8.65,115.21667,Open-Meteo Historical Weather API,2025-03-01/2025-05-31,12.14,10.4,31.68,2.19,2208,Open-Meteo Air Quality API,2025-03-01/2025-05-31,4,aucun,0,1,très bon séjour.
2120,famille,sydney,printemps,appartement,gastronomie,13,9726.78,1502.77,variable,19.13,4.44,49,17.74,92,-33.86785,151.20732,Open-Meteo Historical Weather API,2025-03-01/2025-05-31,11.25,9.25,31.84,1.01,2208,Open-Meteo Air Quality API,2025-03-01/2025-05-31,3,aucun,0,1,séjour correct mais perfectible.
2121,couple,bali,automne,hôtel,randonnée,8,5959.82,1202.36,nuageux,26.3,6.82,61,14.71,91,-8.65,115.21667,Open-Meteo Historical Weather API,2025-09-01/2025-11-30,14.48,11.69,32.66,2.5,2184,Open-Meteo Air Quality API,2025-09-01/2025-11-30,2,bagages,0,1,séjour décevant.
2122,famille,dubaï,printemps,appartement,business,8,7357.73,686.41,ensoleillé,28.3,0.01,0,22.56,92,25.07725,55.30927,Open-Meteo Historical Weather API,2025-03-01/2025-05-31,70.72,36.99,63.06,2.2,2208,Open-Meteo Air Quality API,2025-03-01/2025-05-31,3,aucun,0,1,séjour correct mais perfectible.
2123,couple,tokyo,hiver,villa,business,20,12175.41,754.24,nuageux,6.08,0.56,8,14.28,90,35.6895,139.69171,Open-Meteo Historical Weather API,2024-12-01/2025-02-28,31.02,30.0,55.43,0.51,2160,Open-Meteo Air Quality API,2024-12-01/2025-02-28,2,annulation,1,1,séjour décevant.
2124,famille,tokyo,printemps,appartement,gastronomie,20,8033.69,988.02,nuageux,14.52,6.04,44,15.33,92,35.6895,139.69171,Open-Meteo Historical Weather API,2025-03-01/2025-05-31,29.58,26.1,53.35,1.05,2208,Open-Meteo Air Quality API,2025-03-01/2025-05-31,3,aucun,0,1,séjour correct mais perfectible.
2125,couple,sydney,hiver,appartement,plage,7,6712.5,1334.38,ensoleillé,22.44,3.42,39,20.67,90,-33.86785,151.20732,Open-Meteo Historical Weather API,2024-12-01/2025-02-28,12.57,9.86,34.15,2.24,2160,Open-Meteo Air Quality API,2024-12-01/2025-02-28,3,aucun,0,1,séjour correct mais perfectible.
2126,couple,rome,automne,appartement,gastronomie,14,3827.16,369.66,ensoleillé,17.21,4.01,24,12.75,91,41.89193,12.51133,Open-Meteo Historical Weather API,2025-09-01/2025-11-30,13.51,9.22,34.28,0.79,2184,Open-Meteo Air Quality API,2025-09-01/2025-11-30,3,aucun,0,1,séjour correct mais perfectible.
2127,couple,bali,été,hôtel,gastronomie,13,4888.81,1516.96,ensoleillé,25.53,3.21,49,18.92,92,-8.65,115.21667,Open-Meteo Historical Weather API,2025-06-01/2025-08-31,13.38,9.86,30.22,1.86,2208,Open-Meteo Air Quality API,2025-06-01/2025-08-31,3,aucun,0,1,séjour correct mais perfectible.
2128,couple,new york,été,hôtel,plage,21,5344.85,1162.79,nuageux,24.52,2.28,32,14.21,92,40.71427,-74.00597,Open-Meteo Historical Weather API,2025-06-01/2025-08-31,18.13,17.43,51.89,1.61,2208,Open-Meteo Air Quality API,2025-06-01/2025-08-31,3,aucun,0,1,séjour correct mais perfectible.
2129,famille,rome,hiver,villa,gastronomie,20,7010.76,407.18,nuageux,9.23,2.57,28,13.79,90,41.89193,12.51133,Open-Meteo Historical Weather API,2024-12-01/2025-02-28,20.56,17.01,40.29,0.27,2160,Open-Meteo Air Quality API,2024-12-01/2025-02-28,3,aucun,0,1,séjour correct mais perfectible.
2130,famille,paris,été,appartement,plage,9,4170.26,466.96,ensoleillé,21.05,2.58,30,14.41,92,48.85341,2.3488,Open-Meteo Historical Weather API,2025-06-01/2025-08-31,10.28,6.83,31.49,1.5,2208,Open-Meteo Air Quality API,2025-06-01/2025-08-31,5,aucun,0,1,excellent séjour.
2131,famille,rome,été,appartement,culture,3,5326.53,520.51,ensoleillé,27.22,1.32,16,14.95,92,41.89193,12.51133,Open-Meteo Historical Weather API,2025-06-01/2025-08-31,15.45,9.67,40.74,2.01,2208,Open-Meteo Air Quality API,2025-06-01/2025-08-31,5,bagages,0,1,excellent séjour.
2132,business,sydney,hiver,villa,gastronomie,3,16089.13,1568.43,nuageux,22.44,3.42,39,20.67,90,-33.86785,151.20732,Open-Meteo Historical Weather API,2024-12-01/2025-02-28,12.57,9.86,34.15,2.24,2160,Open-Meteo Air Quality API,2024-12-01/2025-02-28,3,aucun,0,1,séjour correct mais perfectible.
2133,senior,tokyo,automne,hôtel,culture,3,6081.94,1434.45,pluie,18.79,4.52,34,12.27,91,35.6895,139.69171,Open-Meteo Historical Weather API,2025-09-01/2025-11-30,28.46,27.24,54.08,0.85,2184,Open-Meteo Air Quality API,2025-09-01/2025-11-30,4,aucun,0,1,très bon séjour.
2134,senior,lisbonne,été,hôtel,gastronomie,17,3215.69,360.13,nuageux,23.39,0.06,1,17.22,92,38.72509,-9.1498,Open-Meteo Historical Weather API,2025-06-01/2025-08-31,19.54,10.92,32.89,2.16,2208,Open-Meteo Air Quality API,2025-06-01/2025-08-31,4,météo,0,1,très bon séjour.
2135,solo,tokyo,été,resort,culture,17,7040.15,1410.61,pluie,27.71,2.91,31,13.49,92,35.6895,139.69171,Open-Meteo Historical Weather API,2025-06-01/2025-08-31,24.0,22.42,51.6,1.83,2208,Open-Meteo Air Quality API,2025-06-01/2025-08-31,3,aucun,0,1,séjour correct mais perfectible.
2136,solo,tokyo,printemps,hôtel,culture,18,5390.14,1296.64,ensoleillé,14.52,6.04,44,15.33,92,35.6895,139.69171,Open-Meteo Historical Weather API,2025-03-01/2025-05-31,29.58,26.1,53.35,1.05,2208,Open-Meteo Air Quality API,2025-03-01/2025-05-31,3,aucun,0,1,séjour correct mais perfectible.
2137,couple,sydney,hiver,resort,plage,5,10862.79,1072.86,nuageux,22.44,3.42,39,20.67,90,-33.86785,151.20732,Open-Meteo Historical Weather API,2024-12-01/2025-02-28,12.57,9.86,34.15,2.24,2160,Open-Meteo Air Quality API,2024-12-01/2025-02-28,4,aucun,0,1,très bon séjour.
2138,business,dubaï,été,appartement,gastronomie,4,7075.27,740.49,pluie,35.27,0.0,0,22.79,92,25.07725,55.30927,Open-Meteo Historical Weather API,2025-06-01/2025-08-31,128.17,54.13,71.91,2.19,2208,Open-Meteo Air Quality API,2025-06-01/2025-08-31,2,aucun,0,1,séjour décevant.
2139,business,dubaï,été,resort,culture,6,7374.34,738.82,variable,35.27,0.0,0,22.79,92,25.07725,55.30927,Open-Meteo Historical Weather API,2025-06-01/2025-08-31,128.17,54.13,71.91,2.19,2208,Open-Meteo Air Quality API,2025-06-01/2025-08-31,2,aucun,0,1,séjour décevant.
2140,business,rome,printemps,hôtel,gastronomie,14,2831.56,439.24,nuageux,15.22,3.55,32,13.85,92,41.89193,12.51133,Open-Meteo Historical Weather API,2025-03-01/2025-05-31,15.93,11.65,37.47,1.19,2208,Open-Meteo Air Quality API,2025-03-01/2025-05-31,3,aucun,0,1,séjour correct mais perfectible.
2141,senior,sydney,hiver,appartement,randonnée,3,5862.76,1216.61,nuageux,22.44,3.42,39,20.67,90,-33.86785,151.20732,Open-Meteo Historical Weather API,2024-12-01/2025-02-28,12.57,9.86,34.15,2.24,2160,Open-Meteo Air Quality API,2024-12-01/2025-02-28,4,aucun,0,1,très bon séjour.
2142,couple,bali,automne,hôtel,business,15,6964.51,1108.96,pluie,26.3,6.82,61,14.71,91,-8.65,115.21667,Open-Meteo Historical Weather API,2025-09-01/2025-11-30,14.48,11.69,32.66,2.5,2184,Open-Meteo Air Quality API,2025-09-01/2025-11-30,3,aucun,0,1,séjour correct mais perfectible.
2143,business,bali,hiver,appartement,plage,19,5848.37,1323.46,variable,26.28,11.89,84,14.7,90,-8.65,115.21667,Open-Meteo Historical Weather API,2024-12-01/2025-02-28,12.8,11.67,33.02,1.96,2160,Open-Meteo Air Quality API,2024-12-01/2025-02-28,2,aucun,0,1,séjour décevant.
2144,business,tokyo,printemps,hôtel,business,5,12084.42,691.69,nuageux,14.52,6.04,44,15.33,92,35.6895,139.69171,Open-Meteo Historical Weather API,2025-03-01/2025-05-31,29.58,26.1,53.35,1.05,2208,Open-Meteo Air Quality API,2025-03-01/2025-05-31,3,aucun,0,1,séjour correct mais perfectible.
2145,couple,new york,été,appartement,culture,17,5843.1,827.17,ensoleillé,24.52,2.28,32,14.21,92,40.71427,-74.00597,Open-Meteo Historical Weather API,2025-06-01/2025-08-31,18.13,17.43,51.89,1.61,2208,Open-Meteo Air Quality API,2025-06-01/2025-08-31,3,aucun,0,1,séjour correct mais perfectible.
2146,senior,bali,hiver,resort,randonnée,13,9560.82,1288.68,variable,26.28,11.89,84,14.7,90,-8.65,115.21667,Open-Meteo Historical Weather API,2024-12-01/2025-02-28,12.8,11.67,33.02,1.96,2160,Open-Meteo Air Quality API,2024-12-01/2025-02-28,4,aucun,0,1,très bon séjour.
2147,famille,dubaï,hiver,resort,plage,20,12252.17,769.65,pluie,20.21,0.09,2,19.57,90,25.07725,55.30927,Open-Meteo Historical Weather API,2024-12-01/2025-02-28,59.55,32.47,55.0,1.03,2160,Open-Meteo Air Quality API,2024-12-01/2025-02-28,3,aucun,0,1,séjour correct mais perfectible.
2148,senior,rome,hiver,resort,business,7,6287.24,364.26,ensoleillé,9.23,2.57,28,13.79,90,41.89193,12.51133,Open-Meteo Historical Weather API,2024-12-01/2025-02-28,20.56,17.01,40.29,0.27,2160,Open-Meteo Air Quality API,2024-12-01/2025-02-28,4,aucun,0,1,très bon séjour.
2149,business,paris,automne,hôtel,gastronomie,7,4778.98,385.26,nuageux,12.33,2.12,33,16.01,91,48.85341,2.3488,Open-Meteo Historical Weather API,2025-09-01/2025-11-30,12.19,8.6,34.88,0.44,2184,Open-Meteo Air Quality API,2025-09-01/2025-11-30,3,aucun,0,1,séjour correct mais perfectible.
2150,famille,paris,printemps,resort,business,3,7503.19,433.59,nuageux,12.44,1.18,26,14.07,92,48.85341,2.3488,Open-Meteo Historical Weather API,2025-03-01/2025-05-31,15.06,12.04,38.85,0.97,2208,Open-Meteo Air Quality API,2025-03-01/2025-05-31,3,aucun,0,1,séjour correct mais perfectible.
2151,solo,sydney,été,appartement,business,16,6143.63,1520.46,nuageux,12.22,4.06,27,18.74,92,-33.86785,151.20732,Open-Meteo Historical Weather API,2025-06-01/2025-08-31,10.19,9.26,31.56,0.49,2208,Open-Meteo Air Quality API,2025-06-01/2025-08-31,3,aucun,0,1,séjour correct mais perfectible.
2152,famille,bali,automne,appartement,plage,19,6196.9,941.35,pluie,26.3,6.82,61,14.71,91,-8.65,115.21667,Open-Meteo Historical Weather API,2025-09-01/2025-11-30,14.48,11.69,32.66,2.5,2184,Open-Meteo Air Quality API,2025-09-01/2025-11-30,3,aucun,0,1,séjour correct mais perfectible.
2153,business,bali,été,hôtel,culture,3,8695.18,1570.72,ensoleillé,25.53,3.21,49,18.92,92,-8.65,115.21667,Open-Meteo Historical Weather API,2025-06-01/2025-08-31,13.38,9.86,30.22,1.86,2208,Open-Meteo Air Quality API,2025-06-01/2025-08-31,3,aucun,0,1,séjour correct mais perfectible.
2154,business,tokyo,été,appartement,randonnée,12,5411.44,1623.27,ensoleillé,27.71,2.91,31,13.49,92,35.6895,139.69171,Open-Meteo Historical Weather API,2025-06-01/2025-08-31,24.0,22.42,51.6,1.83,2208,Open-Meteo Air Quality API,2025-06-01/2025-08-31,2,aucun,0,1,séjour décevant.
2155,solo,bali,été,appartement,business,16,5205.69,1140.55,nuageux,25.53,3.21,49,18.92,92,-8.65,115.21667,Open-Meteo Historical Weather API,2025-06-01/2025-08-31,13.38,9.86,30.22,1.86,2208,Open-Meteo Air Quality API,2025-06-01/2025-08-31,3,aucun,0,1,séjour correct mais perfectible.
2156,senior,new york,printemps,appartement,randonnée,17,4632.29,856.01,ensoleillé,12.04,4.75,36,17.46,92,40.71427,-74.00597,Open-Meteo Historical Weather API,2025-03-01/2025-05-31,11.88,11.05,41.24,1.07,2208,Open-Meteo Air Quality API,2025-03-01/2025-05-31,3,aucun,0,1,séjour correct mais perfectible.
2157,famille,paris,été,resort,plage,20,4195.17,494.04,ensoleillé,21.05,2.58,30,14.41,92,48.85341,2.3488,Open-Meteo Historical Weather API,2025-06-01/2025-08-31,10.28,6.83,31.49,1.5,2208,Open-Meteo Air Quality API,2025-06-01/2025-08-31,4,aucun,0,1,très bon séjour.
2158,couple,rome,automne,hôtel,culture,16,3967.84,459.34,nuageux,17.21,4.01,24,12.75,91,41.89193,12.51133,Open-Meteo Historical Weather API,2025-09-01/2025-11-30,13.51,9.22,34.28,0.79,2184,Open-Meteo Air Quality API,2025-09-01/2025-11-30,3,aucun,0,1,séjour correct mais perfectible.
2159,couple,dubaï,été,villa,gastronomie,20,4550.92,566.21,ensoleillé,35.27,0.0,0,22.79,92,25.07725,55.30927,Open-Meteo Historical Weather API,2025-06-01/2025-08-31,128.17,54.13,71.91,2.19,2208,Open-Meteo Air Quality API,2025-06-01/2025-08-31,4,bagages,0,1,très bon séjour.
2160,famille,bali,printemps,hôtel,gastronomie,21,5427.87,1241.79,pluie,26.99,6.49,65,13.72,92,-8.65,115.21667,Open-Meteo Historical Weather API,2025-03-01/2025-05-31,12.14,10.4,31.68,2.19,2208,Open-Meteo Air Quality API,2025-03-01/2025-05-31,2,aucun,0,1,séjour décevant.
2161,couple,rome,printemps,hôtel,randonnée,20,6720.35,370.72,ensoleillé,15.22,3.55,32,13.85,92,41.89193,12.51133,Open-Meteo Historical Weather API,2025-03-01/2025-05-31,15.93,11.65,37.47,1.19,2208,Open-Meteo Air Quality API,2025-03-01/2025-05-31,2,aucun,0,1,séjour décevant.
2162,couple,lisbonne,automne,appartement,gastronomie,11,2705.19,293.08,pluie,18.72,2.83,21,17.54,91,38.72509,-9.1498,Open-Meteo Historical Weather API,2025-09-01/2025-11-30,15.83,9.72,31.17,0.9,2184,Open-Meteo Air Quality API,2025-09-01/2025-11-30,3,aucun,0,1,séjour correct mais perfectible.
2163,couple,lisbonne,hiver,hôtel,business,10,2469.19,261.82,pluie,12.63,2.92,26,17.53,90,38.72509,-9.1498,Open-Meteo Historical Weather API,2024-12-01/2025-02-28,19.66,13.91,36.49,0.38,2160,Open-Meteo Air Quality API,2024-12-01/2025-02-28,2,bagages,1,1,séjour décevant.
2164,couple,lisbonne,automne,appartement,culture,11,2968.43,461.42,nuageux,18.72,2.83,21,17.54,91,38.72509,-9.1498,Open-Meteo Historical Weather API,2025-09-01/2025-11-30,15.83,9.72,31.17,0.9,2184,Open-Meteo Air Quality API,2025-09-01/2025-11-30,4,bagages,1,1,très bon séjour.
2165,senior,lisbonne,printemps,hôtel,business,21,2744.49,322.91,variable,15.64,3.53,41,19.08,92,38.72509,-9.1498,Open-Meteo Historical Weather API,2025-03-01/2025-05-31,15.2,9.48,34.11,1.3,2208,Open-Meteo Air Quality API,2025-03-01/2025-05-31,1,retard_vol,1,1,très mauvaise expérience.
2166,couple,tokyo,été,appartement,randonnée,8,7417.29,1313.34,ensoleillé,27.71,2.91,31,13.49,92,35.6895,139.69171,Open-Meteo Historical Weather API,2025-06-01/2025-08-31,24.0,22.42,51.6,1.83,2208,Open-Meteo Air Quality API,2025-06-01/2025-08-31,3,aucun,0,1,séjour correct mais perfectible.
2167,senior,paris,automne,villa,business,17,5761.2,386.47,variable,12.33,2.12,33,16.01,91,48.85341,2.3488,Open-Meteo Historical Weather API,2025-09-01/2025-11-30,12.19,8.6,34.88,0.44,2184,Open-Meteo Air Quality API,2025-09-01/2025-11-30,3,météo,0,1,séjour correct mais perfectible.
2168,couple,lisbonne,printemps,villa,randonnée,14,5530.91,391.07,ensoleillé,15.64,3.53,41,19.08,92,38.72509,-9.1498,Open-Meteo Historical Weather API,2025-03-01/2025-05-31,15.2,9.48,34.11,1.3,2208,Open-Meteo Air Quality API,2025-03-01/2025-05-31,3,aucun,0,1,séjour correct mais perfectible.
2169,couple,bali,hiver,villa,business,4,6721.35,1211.39,variable,26.28,11.89,84,14.7,90,-8.65,115.21667,Open-Meteo Historical Weather API,2024-12-01/2025-02-28,12.8,11.67,33.02,1.96,2160,Open-Meteo Air Quality API,2024-12-01/2025-02-28,4,aucun,0,1,très bon séjour.
2170,solo,new york,automne,appartement,business,12,6681.47,908.3,ensoleillé,13.97,3.07,25,15.38,91,40.71427,-74.00597,Open-Meteo Historical Weather API,2025-09-01/2025-11-30,11.7,11.28,42.27,0.76,2184,Open-Meteo Air Quality API,2025-09-01/2025-11-30,4,aucun,0,1,très bon séjour.
2171,couple,dubaï,printemps,hôtel,plage,6,7553.42,717.4,nuageux,28.3,0.01,0,22.56,92,25.07725,55.30927,Open-Meteo Historical Weather API,2025-03-01/2025-05-31,70.72,36.99,63.06,2.2,2208,Open-Meteo Air Quality API,2025-03-01/2025-05-31,4,aucun,0,1,très bon séjour.
2172,couple,dubaï,printemps,villa,business,16,9544.37,604.22,ensoleillé,28.3,0.01,0,22.56,92,25.07725,55.30927,Open-Meteo Historical Weather API,2025-03-01/2025-05-31,70.72,36.99,63.06,2.2,2208,Open-Meteo Air Quality API,2025-03-01/2025-05-31,4,aucun,0,1,très bon séjour.
2173,solo,lisbonne,été,villa,culture,11,3516.17,379.85,ensoleillé,23.39,0.06,1,17.22,92,38.72509,-9.1498,Open-Meteo Historical Weather API,2025-06-01/2025-08-31,19.54,10.92,32.89,2.16,2208,Open-Meteo Air Quality API,2025-06-01/2025-08-31,5,aucun,0,1,excellent séjour.
2174,famille,new york,printemps,resort,culture,9,9089.45,833.94,ensoleillé,12.04,4.75,36,17.46,92,40.71427,-74.00597,Open-Meteo Historical Weather API,2025-03-01/2025-05-31,11.88,11.05,41.24,1.07,2208,Open-Meteo Air Quality API,2025-03-01/2025-05-31,4,aucun,0,1,très bon séjour.
2175,couple,paris,été,hôtel,gastronomie,4,4329.51,403.62,ensoleillé,21.05,2.58,30,14.41,92,48.85341,2.3488,Open-Meteo Historical Weather API,2025-06-01/2025-08-31,10.28,6.83,31.49,1.5,2208,Open-Meteo Air Quality API,2025-06-01/2025-08-31,4,aucun,0,1,très bon séjour.
2176,solo,new york,hiver,hôtel,randonnée,5,4284.85,915.69,ensoleillé,-0.0,2.34,32,16.49,90,40.71427,-74.00597,Open-Meteo Historical Weather API,2024-12-01/2025-02-28,14.23,13.56,43.36,0.34,2160,Open-Meteo Air Quality API,2024-12-01/2025-02-28,4,bagages,1,1,très bon séjour.
2177,couple,rome,printemps,resort,business,17,7359.62,539.23,ensoleillé,15.22,3.55,32,13.85,92,41.89193,12.51133,Open-Meteo Historical Weather API,2025-03-01/2025-05-31,15.93,11.65,37.47,1.19,2208,Open-Meteo Air Quality API,2025-03-01/2025-05-31,4,aucun,0,1,très bon séjour.
2178,business,paris,automne,appartement,plage,19,4682.0,371.67,pluie,12.33,2.12,33,16.01,91,48.85341,2.3488,Open-Meteo Historical Weather API,2025-09-01/2025-11-30,12.19,8.6,34.88,0.44,2184,Open-Meteo Air Quality API,2025-09-01/2025-11-30,2,météo,1,1,séjour décevant.
2179,couple,tokyo,hiver,hôtel,business,8,4039.61,896.74,nuageux,6.08,0.56,8,14.28,90,35.6895,139.69171,Open-Meteo Historical Weather API,2024-12-01/2025-02-28,31.02,30.0,55.43,0.51,2160,Open-Meteo Air Quality API,2024-12-01/2025-02-28,3,aucun,0,1,séjour correct mais perfectible.
2180,senior,rome,printemps,hôtel,randonnée,18,3037.14,273.33,ensoleillé,15.22,3.55,32,13.85,92,41.89193,12.51133,Open-Meteo Historical Weather API,2025-03-01/2025-05-31,15.93,11.65,37.47,1.19,2208,Open-Meteo Air Quality API,2025-03-01/2025-05-31,3,aucun,0,1,séjour correct mais perfectible.
2181,business,bali,été,resort,culture,13,11664.71,1169.18,variable,25.53,3.21,49,18.92,92,-8.65,115.21667,Open-Meteo Historical Weather API,2025-06-01/2025-08-31,13.38,9.86,30.22,1.86,2208,Open-Meteo Air Quality API,2025-06-01/2025-08-31,3,aucun,0,1,séjour correct mais perfectible.
2182,senior,paris,automne,hôtel,gastronomie,9,4665.77,265.3,pluie,12.33,2.12,33,16.01,91,48.85341,2.3488,Open-Meteo Historical Weather API,2025-09-01/2025-11-30,12.19,8.6,34.88,0.44,2184,Open-Meteo Air Quality API,2025-09-01/2025-11-30,4,aucun,0,1,très bon séjour.
2183,business,tokyo,été,villa,randonnée,11,13368.67,1076.11,ensoleillé,27.71,2.91,31,13.49,92,35.6895,139.69171,Open-Meteo Historical Weather API,2025-06-01/2025-08-31,24.0,22.42,51.6,1.83,2208,Open-Meteo Air Quality API,2025-06-01/2025-08-31,4,aucun,0,1,très bon séjour.
2184,famille,sydney,automne,hôtel,randonnée,16,11856.9,1356.69,nuageux,19.17,1.74,22,21.07,91,-33.86785,151.20732,Open-Meteo Historical Weather API,2025-09-01/2025-11-30,10.98,9.17,34.45,1.63,2184,Open-Meteo Air Quality API,2025-09-01/2025-11-30,4,aucun,0,1,très bon séjour.
2185,solo,new york,printemps,hôtel,randonnée,20,4297.66,862.91,nuageux,12.04,4.75,36,17.46,92,40.71427,-74.00597,Open-Meteo Historical Weather API,2025-03-01/2025-05-31,11.88,11.05,41.24,1.07,2208,Open-Meteo Air Quality API,2025-03-01/2025-05-31,2,aucun,0,1,séjour décevant.
2186,famille,sydney,printemps,hôtel,business,12,10742.01,1734.81,nuageux,19.13,4.44,49,17.74,92,-33.86785,151.20732,Open-Meteo Historical Weather API,2025-03-01/2025-05-31,11.25,9.25,31.84,1.01,2208,Open-Meteo Air Quality API,2025-03-01/2025-05-31,3,aucun,0,1,séjour correct mais perfectible.
2187,business,bali,automne,appartement,culture,9,5421.23,1250.0,variable,26.3,6.82,61,14.71,91,-8.65,115.21667,Open-Meteo Historical Weather API,2025-09-01/2025-11-30,14.48,11.69,32.66,2.5,2184,Open-Meteo Air Quality API,2025-09-01/2025-11-30,3,aucun,0,1,séjour correct mais perfectible.
2188,solo,rome,automne,appartement,culture,17,2860.36,604.64,nuageux,17.21,4.01,24,12.75,91,41.89193,12.51133,Open-Meteo Historical Weather API,2025-09-01/2025-11-30,13.51,9.22,34.28,0.79,2184,Open-Meteo Air Quality API,2025-09-01/2025-11-30,2,météo,1,1,séjour décevant.
2189,couple,rome,été,hôtel,culture,12,3929.99,599.35,variable,27.22,1.32,16,14.95,92,41.89193,12.51133,Open-Meteo Historical Weather API,2025-06-01/2025-08-31,15.45,9.67,40.74,2.01,2208,Open-Meteo Air Quality API,2025-06-01/2025-08-31,3,bagages,1,1,séjour correct mais perfectible.
2190,senior,rome,printemps,hôtel,gastronomie,10,3867.92,537.94,pluie,15.22,3.55,32,13.85,92,41.89193,12.51133,Open-Meteo Historical Weather API,2025-03-01/2025-05-31,15.93,11.65,37.47,1.19,2208,Open-Meteo Air Quality API,2025-03-01/2025-05-31,4,aucun,0,1,très bon séjour.
2191,famille,rome,printemps,resort,business,11,7296.53,420.93,variable,15.22,3.55,32,13.85,92,41.89193,12.51133,Open-Meteo Historical Weather API,2025-03-01/2025-05-31,15.93,11.65,37.47,1.19,2208,Open-Meteo Air Quality API,2025-03-01/2025-05-31,2,aucun,0,1,séjour décevant.
2192,solo,lisbonne,hiver,hôtel,randonnée,13,3018.55,306.5,pluie,12.63,2.92,26,17.53,90,38.72509,-9.1498,Open-Meteo Historical Weather API,2024-12-01/2025-02-28,19.66,13.91,36.49,0.38,2160,Open-Meteo Air Quality API,2024-12-01/2025-02-28,3,aucun,0,1,séjour correct mais perfectible.
2193,business,rome,automne,appartement,business,5,4247.09,413.63,pluie,17.21,4.01,24,12.75,91,41.89193,12.51133,Open-Meteo Historical Weather API,2025-09-01/2025-11-30,13.51,9.22,34.28,0.79,2184,Open-Meteo Air Quality API,2025-09-01/2025-11-30,4,retard_vol,0,1,très bon séjour.
2194,famille,new york,automne,hôtel,randonnée,4,7420.89,848.18,pluie,13.97,3.07,25,15.38,91,40.71427,-74.00597,Open-Meteo Historical Weather API,2025-09-01/2025-11-30,11.7,11.28,42.27,0.76,2184,Open-Meteo Air Quality API,2025-09-01/2025-11-30,3,météo,1,1,séjour correct mais perfectible.
2195,solo,rome,printemps,resort,randonnée,15,5231.51,399.12,pluie,15.22,3.55,32,13.85,92,41.89193,12.51133,Open-Meteo Historical Weather API,2025-03-01/2025-05-31,15.93,11.65,37.47,1.19,2208,Open-Meteo Air Quality API,2025-03-01/2025-05-31,3,aucun,0,1,séjour correct mais perfectible.
2196,business,new york,printemps,hôtel,gastronomie,6,10166.88,696.83,ensoleillé,12.04,4.75,36,17.46,92,40.71427,-74.00597,Open-Meteo Historical Weather API,2025-03-01/2025-05-31,11.88,11.05,41.24,1.07,2208,Open-Meteo Air Quality API,2025-03-01/2025-05-31,3,aucun,0,1,séjour correct mais perfectible.
2197,famille,lisbonne,printemps,resort,culture,13,4729.69,408.51,ensoleillé,15.64,3.53,41,19.08,92,38.72509,-9.1498,Open-Meteo Historical Weather API,2025-03-01/2025-05-31,15.2,9.48,34.11,1.3,2208,Open-Meteo Air Quality API,2025-03-01/2025-05-31,3,aucun,0,1,séjour correct mais perfectible.
2198,solo,tokyo,hiver,resort,culture,17,5857.24,859.98,nuageux,6.08,0.56,8,14.28,90,35.6895,139.69171,Open-Meteo Historical Weather API,2024-12-01/2025-02-28,31.02,30.0,55.43,0.51,2160,Open-Meteo Air Quality API,2024-12-01/2025-02-28,3,aucun,0,1,séjour correct mais perfectible.
2199,couple,new york,été,hôtel,culture,7,8823.44,726.14,ensoleillé,24.52,2.28,32,14.21,92,40.71427,-74.00597,Open-Meteo Historical Weather API,2025-06-01/2025-08-31,18.13,17.43,51.89,1.61,2208,Open-Meteo Air Quality API,2025-06-01/2025-08-31,4,aucun,0,1,très bon séjour.
2200,solo,dubaï,été,hôtel,plage,10,5020.3,659.17,variable,35.27,0.0,0,22.79,92,25.07725,55.30927,Open-Meteo Historical Weather API,2025-06-01/2025-08-31,128.17,54.13,71.91,2.19,2208,Open-Meteo Air Quality API,2025-06-01/2025-08-31,2,aucun,0,1,séjour décevant.
2201,famille,bali,printemps,hôtel,plage,21,6873.45,1101.49,pluie,26.99,6.49,65,13.72,92,-8.65,115.21667,Open-Meteo Historical Weather API,2025-03-01/2025-05-31,12.14,10.4,31.68,2.19,2208,Open-Meteo Air Quality API,2025-03-01/2025-05-31,3,aucun,0,1,séjour correct mais perfectible.
2202,senior,lisbonne,été,hôtel,business,3,3506.51,368.42,ensoleillé,23.39,0.06,1,17.22,92,38.72509,-9.1498,Open-Meteo Historical Weather API,2025-06-01/2025-08-31,19.54,10.92,32.89,2.16,2208,Open-Meteo Air Quality API,2025-06-01/2025-08-31,4,aucun,0,1,très bon séjour.
2203,senior,new york,automne,villa,business,17,10655.06,815.1,nuageux,13.97,3.07,25,15.38,91,40.71427,-74.00597,Open-Meteo Historical Weather API,2025-09-01/2025-11-30,11.7,11.28,42.27,0.76,2184,Open-Meteo Air Quality API,2025-09-01/2025-11-30,3,aucun,0,1,séjour correct mais perfectible.
2204,famille,tokyo,hiver,hôtel,plage,6,8631.0,1163.48,nuageux,6.08,0.56,8,14.28,90,35.6895,139.69171,Open-Meteo Historical Weather API,2024-12-01/2025-02-28,31.02,30.0,55.43,0.51,2160,Open-Meteo Air Quality API,2024-12-01/2025-02-28,4,aucun,0,1,très bon séjour.
2205,couple,bali,printemps,hôtel,business,20,7841.83,1268.91,pluie,26.99,6.49,65,13.72,92,-8.65,115.21667,Open-Meteo Historical Weather API,2025-03-01/2025-05-31,12.14,10.4,31.68,2.19,2208,Open-Meteo Air Quality API,2025-03-01/2025-05-31,3,météo,1,1,séjour correct mais perfectible.
2206,solo,new york,été,hôtel,randonnée,10,6620.25,883.69,variable,24.52,2.28,32,14.21,92,40.71427,-74.00597,Open-Meteo Historical Weather API,2025-06-01/2025-08-31,18.13,17.43,51.89,1.61,2208,Open-Meteo Air Quality API,2025-06-01/2025-08-31,3,aucun,0,1,séjour correct mais perfectible.
2207,business,bali,hiver,appartement,business,3,7098.63,880.08,ensoleillé,26.28,11.89,84,14.7,90,-8.65,115.21667,Open-Meteo Historical Weather API,2024-12-01/2025-02-28,12.8,11.67,33.02,1.96,2160,Open-Meteo Air Quality API,2024-12-01/2025-02-28,4,aucun,0,1,très bon séjour.
2208,couple,lisbonne,été,villa,business,16,6798.73,401.94,ensoleillé,23.39,0.06,1,17.22,92,38.72509,-9.1498,Open-Meteo Historical Weather API,2025-06-01/2025-08-31,19.54,10.92,32.89,2.16,2208,Open-Meteo Air Quality API,2025-06-01/2025-08-31,3,aucun,0,1,séjour correct mais perfectible.
2209,famille,lisbonne,été,appartement,culture,5,3401.15,501.32,variable,23.39,0.06,1,17.22,92,38.72509,-9.1498,Open-Meteo Historical Weather API,2025-06-01/2025-08-31,19.54,10.92,32.89,2.16,2208,Open-Meteo Air Quality API,2025-06-01/2025-08-31,3,aucun,0,1,séjour correct mais perfectible.
2210,famille,dubaï,hiver,resort,plage,9,11259.56,812.04,pluie,20.21,0.09,2,19.57,90,25.07725,55.30927,Open-Meteo Historical Weather API,2024-12-01/2025-02-28,59.55,32.47,55.0,1.03,2160,Open-Meteo Air Quality API,2024-12-01/2025-02-28,4,aucun,0,1,très bon séjour.
2211,senior,tokyo,hiver,appartement,culture,12,7228.69,1116.7,variable,6.08,0.56,8,14.28,90,35.6895,139.69171,Open-Meteo Historical Weather API,2024-12-01/2025-02-28,31.02,30.0,55.43,0.51,2160,Open-Meteo Air Quality API,2024-12-01/2025-02-28,2,retard_vol,0,1,séjour décevant.
2212,couple,paris,automne,hôtel,plage,17,6365.78,425.69,nuageux,12.33,2.12,33,16.01,91,48.85341,2.3488,Open-Meteo Historical Weather API,2025-09-01/2025-11-30,12.19,8.6,34.88,0.44,2184,Open-Meteo Air Quality API,2025-09-01/2025-11-30,3,aucun,0,1,séjour correct mais perfectible.
2213,senior,dubaï,printemps,appartement,randonnée,10,6364.69,917.88,ensoleillé,28.3,0.01,0,22.56,92,25.07725,55.30927,Open-Meteo Historical Weather API,2025-03-01/2025-05-31,70.72,36.99,63.06,2.2,2208,Open-Meteo Air Quality API,2025-03-01/2025-05-31,2,aucun,0,1,séjour décevant.
2214,couple,tokyo,été,appartement,culture,19,7097.39,1131.23,nuageux,27.71,2.91,31,13.49,92,35.6895,139.69171,Open-Meteo Historical Weather API,2025-06-01/2025-08-31,24.0,22.42,51.6,1.83,2208,Open-Meteo Air Quality API,2025-06-01/2025-08-31,3,aucun,0,1,séjour correct mais perfectible.
2215,senior,paris,été,hôtel,plage,12,7067.01,523.51,ensoleillé,21.05,2.58,30,14.41,92,48.85341,2.3488,Open-Meteo Historical Weather API,2025-06-01/2025-08-31,10.28,6.83,31.49,1.5,2208,Open-Meteo Air Quality API,2025-06-01/2025-08-31,3,aucun,0,1,séjour correct mais perfectible.
2216,famille,tokyo,automne,resort,randonnée,9,9627.84,1000.76,variable,18.79,4.52,34,12.27,91,35.6895,139.69171,Open-Meteo Historical Weather API,2025-09-01/2025-11-30,28.46,27.24,54.08,0.85,2184,Open-Meteo Air Quality API,2025-09-01/2025-11-30,3,aucun,0,1,séjour correct mais perfectible.
2217,famille,new york,été,hôtel,culture,9,7997.25,1187.12,nuageux,24.52,2.28,32,14.21,92,40.71427,-74.00597,Open-Meteo Historical Weather API,2025-06-01/2025-08-31,18.13,17.43,51.89,1.61,2208,Open-Meteo Air Quality API,2025-06-01/2025-08-31,4,aucun,0,1,très bon séjour.
2218,senior,dubaï,automne,hôtel,plage,18,6155.14,789.28,nuageux,29.44,0.0,0,20.09,91,25.07725,55.30927,Open-Meteo Historical Weather API,2025-09-01/2025-11-30,80.53,41.8,60.89,1.56,2184,Open-Meteo Air Quality API,2025-09-01/2025-11-30,2,aucun,0,1,séjour décevant.
2219,senior,bali,été,appartement,randonnée,15,4438.71,874.08,ensoleillé,25.53,3.21,49,18.92,92,-8.65,115.21667,Open-Meteo Historical Weather API,2025-06-01/2025-08-31,13.38,9.86,30.22,1.86,2208,Open-Meteo Air Quality API,2025-06-01/2025-08-31,3,aucun,0,1,séjour correct mais perfectible.
2220,couple,new york,printemps,hôtel,plage,5,4049.79,702.17,pluie,12.04,4.75,36,17.46,92,40.71427,-74.00597,Open-Meteo Historical Weather API,2025-03-01/2025-05-31,11.88,11.05,41.24,1.07,2208,Open-Meteo Air Quality API,2025-03-01/2025-05-31,3,aucun,0,1,séjour correct mais perfectible.
2221,couple,lisbonne,printemps,appartement,culture,17,3844.89,296.46,variable,15.64,3.53,41,19.08,92,38.72509,-9.1498,Open-Meteo Historical Weather API,2025-03-01/2025-05-31,15.2,9.48,34.11,1.3,2208,Open-Meteo Air Quality API,2025-03-01/2025-05-31,3,aucun,0,1,séjour correct mais perfectible.
2222,couple,lisbonne,printemps,villa,plage,10,4041.7,258.11,ensoleillé,15.64,3.53,41,19.08,92,38.72509,-9.1498,Open-Meteo Historical Weather API,2025-03-01/2025-05-31,15.2,9.48,34.11,1.3,2208,Open-Meteo Air Quality API,2025-03-01/2025-05-31,4,aucun,0,1,très bon séjour.
2223,couple,new york,printemps,resort,randonnée,9,9336.23,984.54,pluie,12.04,4.75,36,17.46,92,40.71427,-74.00597,Open-Meteo Historical Weather API,2025-03-01/2025-05-31,11.88,11.05,41.24,1.07,2208,Open-Meteo Air Quality API,2025-03-01/2025-05-31,3,bagages,0,1,séjour correct mais perfectible.
2224,famille,sydney,hiver,hôtel,gastronomie,4,6480.21,1784.09,ensoleillé,22.44,3.42,39,20.67,90,-33.86785,151.20732,Open-Meteo Historical Weather API,2024-12-01/2025-02-28,12.57,9.86,34.15,2.24,2160,Open-Meteo Air Quality API,2024-12-01/2025-02-28,4,aucun,0,1,très bon séjour.
2225,senior,dubaï,printemps,resort,randonnée,21,9177.7,667.53,variable,28.3,0.01,0,22.56,92,25.07725,55.30927,Open-Meteo Historical Weather API,2025-03-01/2025-05-31,70.72,36.99,63.06,2.2,2208,Open-Meteo Air Quality API,2025-03-01/2025-05-31,3,annulation,0,1,séjour correct mais perfectible.
2226,couple,sydney,printemps,appartement,randonnée,3,5562.18,1499.87,nuageux,19.13,4.44,49,17.74,92,-33.86785,151.20732,Open-Meteo Historical Weather API,2025-03-01/2025-05-31,11.25,9.25,31.84,1.01,2208,Open-Meteo Air Quality API,2025-03-01/2025-05-31,3,aucun,0,1,séjour correct mais perfectible.
2227,business,new york,hiver,hôtel,business,21,6750.8,1077.15,ensoleillé,-0.0,2.34,32,16.49,90,40.71427,-74.00597,Open-Meteo Historical Weather API,2024-12-01/2025-02-28,14.23,13.56,43.36,0.34,2160,Open-Meteo Air Quality API,2024-12-01/2025-02-28,3,aucun,0,1,séjour correct mais perfectible.
2228,famille,new york,printemps,hôtel,culture,4,8634.02,881.87,pluie,12.04,4.75,36,17.46,92,40.71427,-74.00597,Open-Meteo Historical Weather API,2025-03-01/2025-05-31,11.88,11.05,41.24,1.07,2208,Open-Meteo Air Quality API,2025-03-01/2025-05-31,3,aucun,0,1,séjour correct mais perfectible.
2229,famille,lisbonne,été,resort,plage,12,4377.21,446.36,nuageux,23.39,0.06,1,17.22,92,38.72509,-9.1498,Open-Meteo Historical Weather API,2025-06-01/2025-08-31,19.54,10.92,32.89,2.16,2208,Open-Meteo Air Quality API,2025-06-01/2025-08-31,4,aucun,0,1,très bon séjour.
2230,solo,sydney,été,villa,business,4,7479.44,1466.16,nuageux,12.22,4.06,27,18.74,92,-33.86785,151.20732,Open-Meteo Historical Weather API,2025-06-01/2025-08-31,10.19,9.26,31.56,0.49,2208,Open-Meteo Air Quality API,2025-06-01/2025-08-31,3,aucun,0,1,séjour correct mais perfectible.
2231,couple,lisbonne,automne,hôtel,gastronomie,12,3736.06,416.77,nuageux,18.72,2.83,21,17.54,91,38.72509,-9.1498,Open-Meteo Historical Weather API,2025-09-01/2025-11-30,15.83,9.72,31.17,0.9,2184,Open-Meteo Air Quality API,2025-09-01/2025-11-30,4,annulation,1,1,très bon séjour.
2232,solo,lisbonne,été,hôtel,plage,18,3048.19,519.0,nuageux,23.39,0.06,1,17.22,92,38.72509,-9.1498,Open-Meteo Historical Weather API,2025-06-01/2025-08-31,19.54,10.92,32.89,2.16,2208,Open-Meteo Air Quality API,2025-06-01/2025-08-31,2,annulation,1,1,séjour décevant.
2233,famille,sydney,automne,villa,business,14,11211.61,1408.06,variable,19.17,1.74,22,21.07,91,-33.86785,151.20732,Open-Meteo Historical Weather API,2025-09-01/2025-11-30,10.98,9.17,34.45,1.63,2184,Open-Meteo Air Quality API,2025-09-01/2025-11-30,4,bagages,1,1,très bon séjour.
2234,senior,new york,été,hôtel,randonnée,13,5348.45,1080.17,ensoleillé,24.52,2.28,32,14.21,92,40.71427,-74.00597,Open-Meteo Historical Weather API,2025-06-01/2025-08-31,18.13,17.43,51.89,1.61,2208,Open-Meteo Air Quality API,2025-06-01/2025-08-31,3,aucun,0,1,séjour correct mais perfectible.
2235,business,lisbonne,hiver,hôtel,randonnée,5,4523.25,376.5,nuageux,12.63,2.92,26,17.53,90,38.72509,-9.1498,Open-Meteo Historical Weather API,2024-12-01/2025-02-28,19.66,13.91,36.49,0.38,2160,Open-Meteo Air Quality API,2024-12-01/2025-02-28,3,aucun,0,1,séjour correct mais perfectible.
2236,senior,sydney,automne,resort,plage,21,10892.71,927.25,variable,19.17,1.74,22,21.07,91,-33.86785,151.20732,Open-Meteo Historical Weather API,2025-09-01/2025-11-30,10.98,9.17,34.45,1.63,2184,Open-Meteo Air Quality API,2025-09-01/2025-11-30,3,aucun,0,1,séjour correct mais perfectible.
2237,famille,dubaï,hiver,hôtel,business,10,10336.52,813.11,pluie,20.21,0.09,2,19.57,90,25.07725,55.30927,Open-Meteo Historical Weather API,2024-12-01/2025-02-28,59.55,32.47,55.0,1.03,2160,Open-Meteo Air Quality API,2024-12-01/2025-02-28,3,météo,1,1,séjour correct mais perfectible.
2238,couple,lisbonne,été,hôtel,randonnée,13,2751.51,344.72,ensoleillé,23.39,0.06,1,17.22,92,38.72509,-9.1498,Open-Meteo Historical Weather API,2025-06-01/2025-08-31,19.54,10.92,32.89,2.16,2208,Open-Meteo Air Quality API,2025-06-01/2025-08-31,4,aucun,0,1,très bon séjour.
2239,couple,new york,été,resort,gastronomie,20,8370.43,1114.82,pluie,24.52,2.28,32,14.21,92,40.71427,-74.00597,Open-Meteo Historical Weather API,2025-06-01/2025-08-31,18.13,17.43,51.89,1.61,2208,Open-Meteo Air Quality API,2025-06-01/2025-08-31,3,retard_vol,1,1,séjour correct mais perfectible.
2240,solo,bali,printemps,appartement,randonnée,14,4607.35,1306.44,ensoleillé,26.99,6.49,65,13.72,92,-8.65,115.21667,Open-Meteo Historical Weather API,2025-03-01/2025-05-31,12.14,10.4,31.68,2.19,2208,Open-Meteo Air Quality API,2025-03-01/2025-05-31,3,aucun,0,1,séjour correct mais perfectible.
2241,couple,tokyo,été,resort,business,16,13623.77,984.66,nuageux,27.71,2.91,31,13.49,92,35.6895,139.69171,Open-Meteo Historical Weather API,2025-06-01/2025-08-31,24.0,22.42,51.6,1.83,2208,Open-Meteo Air Quality API,2025-06-01/2025-08-31,4,aucun,0,1,très bon séjour.
2242,famille,dubaï,printemps,hôtel,culture,6,6111.49,623.42,nuageux,28.3,0.01,0,22.56,92,25.07725,55.30927,Open-Meteo Historical Weather API,2025-03-01/2025-05-31,70.72,36.99,63.06,2.2,2208,Open-Meteo Air Quality API,2025-03-01/2025-05-31,4,aucun,0,1,très bon séjour.
2243,couple,new york,hiver,resort,gastronomie,11,7537.15,1174.59,ensoleillé,-0.0,2.34,32,16.49,90,40.71427,-74.00597,Open-Meteo Historical Weather API,2024-12-01/2025-02-28,14.23,13.56,43.36,0.34,2160,Open-Meteo Air Quality API,2024-12-01/2025-02-28,4,aucun,0,1,très bon séjour.
2244,couple,sydney,hiver,resort,randonnée,13,11109.38,1281.4,variable,22.44,3.42,39,20.67,90,-33.86785,151.20732,Open-Meteo Historical Weather API,2024-12-01/2025-02-28,12.57,9.86,34.15,2.24,2160,Open-Meteo Air Quality API,2024-12-01/2025-02-28,3,bagages,1,1,séjour correct mais perfectible.
2245,couple,new york,hiver,appartement,culture,6,5153.58,663.31,pluie,-0.0,2.34,32,16.49,90,40.71427,-74.00597,Open-Meteo Historical Weather API,2024-12-01/2025-02-28,14.23,13.56,43.36,0.34,2160,Open-Meteo Air Quality API,2024-12-01/2025-02-28,3,aucun,0,1,séjour correct mais perfectible.
2246,famille,dubaï,hiver,appartement,gastronomie,10,5341.33,800.91,nuageux,20.21,0.09,2,19.57,90,25.07725,55.30927,Open-Meteo Historical Weather API,2024-12-01/2025-02-28,59.55,32.47,55.0,1.03,2160,Open-Meteo Air Quality API,2024-12-01/2025-02-28,3,aucun,0,1,séjour correct mais perfectible.
2247,couple,bali,été,appartement,business,18,5357.44,1168.27,variable,25.53,3.21,49,18.92,92,-8.65,115.21667,Open-Meteo Historical Weather API,2025-06-01/2025-08-31,13.38,9.86,30.22,1.86,2208,Open-Meteo Air Quality API,2025-06-01/2025-08-31,3,aucun,0,1,séjour correct mais perfectible.
2248,solo,bali,été,appartement,culture,20,4908.24,887.89,variable,25.53,3.21,49,18.92,92,-8.65,115.21667,Open-Meteo Historical Weather API,2025-06-01/2025-08-31,13.38,9.86,30.22,1.86,2208,Open-Meteo Air Quality API,2025-06-01/2025-08-31,3,météo,1,1,séjour correct mais perfectible.
2249,couple,bali,printemps,appartement,plage,18,3619.37,1257.59,pluie,26.99,6.49,65,13.72,92,-8.65,115.21667,Open-Meteo Historical Weather API,2025-03-01/2025-05-31,12.14,10.4,31.68,2.19,2208,Open-Meteo Air Quality API,2025-03-01/2025-05-31,2,météo,1,1,séjour décevant.
2250,couple,dubaï,été,hôtel,business,20,9041.51,689.72,ensoleillé,35.27,0.0,0,22.79,92,25.07725,55.30927,Open-Meteo Historical Weather API,2025-06-01/2025-08-31,128.17,54.13,71.91,2.19,2208,Open-Meteo Air Quality API,2025-06-01/2025-08-31,3,bagages,1,1,séjour correct mais perfectible.
2251,solo,new york,hiver,villa,plage,21,6566.31,899.14,ensoleillé,-0.0,2.34,32,16.49,90,40.71427,-74.00597,Open-Meteo Historical Weather API,2024-12-01/2025-02-28,14.23,13.56,43.36,0.34,2160,Open-Meteo Air Quality API,2024-12-01/2025-02-28,3,aucun,0,1,séjour correct mais perfectible.
2252,business,rome,printemps,appartement,randonnée,6,4742.8,384.17,pluie,15.22,3.55,32,13.85,92,41.89193,12.51133,Open-Meteo Historical Weather API,2025-03-01/2025-05-31,15.93,11.65,37.47,1.19,2208,Open-Meteo Air Quality API,2025-03-01/2025-05-31,2,aucun,0,1,séjour décevant.
2253,couple,paris,été,hôtel,gastronomie,19,7019.93,465.57,variable,21.05,2.58,30,14.41,92,48.85341,2.3488,Open-Meteo Historical Weather API,2025-06-01/2025-08-31,10.28,6.83,31.49,1.5,2208,Open-Meteo Air Quality API,2025-06-01/2025-08-31,4,aucun,0,1,très bon séjour.
2254,solo,new york,automne,hôtel,randonnée,14,5555.03,878.08,ensoleillé,13.97,3.07,25,15.38,91,40.71427,-74.00597,Open-Meteo Historical Weather API,2025-09-01/2025-11-30,11.7,11.28,42.27,0.76,2184,Open-Meteo Air Quality API,2025-09-01/2025-11-30,3,aucun,0,1,séjour correct mais perfectible.
2255,senior,sydney,printemps,resort,business,19,9100.2,694.13,nuageux,19.13,4.44,49,17.74,92,-33.86785,151.20732,Open-Meteo Historical Weather API,2025-03-01/2025-05-31,11.25,9.25,31.84,1.01,2208,Open-Meteo Air Quality API,2025-03-01/2025-05-31,3,aucun,0,1,séjour correct mais perfectible.
2256,solo,bali,hiver,resort,business,15,6461.63,1229.08,ensoleillé,26.28,11.89,84,14.7,90,-8.65,115.21667,Open-Meteo Historical Weather API,2024-12-01/2025-02-28,12.8,11.67,33.02,1.96,2160,Open-Meteo Air Quality API,2024-12-01/2025-02-28,4,aucun,0,1,très bon séjour.
2257,senior,new york,été,appartement,plage,5,5395.12,950.69,ensoleillé,24.52,2.28,32,14.21,92,40.71427,-74.00597,Open-Meteo Historical Weather API,2025-06-01/2025-08-31,18.13,17.43,51.89,1.61,2208,Open-Meteo Air Quality API,2025-06-01/2025-08-31,3,aucun,0,1,séjour correct mais perfectible.
2258,business,sydney,automne,resort,randonnée,13,14282.06,1631.51,pluie,19.17,1.74,22,21.07,91,-33.86785,151.20732,Open-Meteo Historical Weather API,2025-09-01/2025-11-30,10.98,9.17,34.45,1.63,2184,Open-Meteo Air Quality API,2025-09-01/2025-11-30,3,aucun,0,1,séjour correct mais perfectible.
2259,famille,new york,printemps,hôtel,randonnée,17,7907.15,910.47,ensoleillé,12.04,4.75,36,17.46,92,40.71427,-74.00597,Open-Meteo Historical Weather API,2025-03-01/2025-05-31,11.88,11.05,41.24,1.07,2208,Open-Meteo Air Quality API,2025-03-01/2025-05-31,2,aucun,0,1,séjour décevant.
2260,couple,dubaï,printemps,hôtel,culture,5,8088.28,795.28,nuageux,28.3,0.01,0,22.56,92,25.07725,55.30927,Open-Meteo Historical Weather API,2025-03-01/2025-05-31,70.72,36.99,63.06,2.2,2208,Open-Meteo Air Quality API,2025-03-01/2025-05-31,3,aucun,0,1,séjour correct mais perfectible.
2261,business,tokyo,hiver,appartement,gastronomie,12,5400.57,915.71,pluie,6.08,0.56,8,14.28,90,35.6895,139.69171,Open-Meteo Historical Weather API,2024-12-01/2025-02-28,31.02,30.0,55.43,0.51,2160,Open-Meteo Air Quality API,2024-12-01/2025-02-28,3,aucun,0,1,séjour correct mais perfectible.
2262,senior,tokyo,été,hôtel,culture,15,5610.12,1062.8,ensoleillé,27.71,2.91,31,13.49,92,35.6895,139.69171,Open-Meteo Historical Weather API,2025-06-01/2025-08-31,24.0,22.42,51.6,1.83,2208,Open-Meteo Air Quality API,2025-06-01/2025-08-31,3,météo,1,1,séjour correct mais perfectible.
2263,couple,sydney,automne,appartement,plage,11,4639.8,1294.0,variable,19.17,1.74,22,21.07,91,-33.86785,151.20732,Open-Meteo Historical Weather API,2025-09-01/2025-11-30,10.98,9.17,34.45,1.63,2184,Open-Meteo Air Quality API,2025-09-01/2025-11-30,3,météo,0,1,séjour correct mais perfectible.
2264,famille,tokyo,été,hôtel,gastronomie,18,8631.5,1158.58,ensoleillé,27.71,2.91,31,13.49,92,35.6895,139.69171,Open-Meteo Historical Weather API,2025-06-01/2025-08-31,24.0,22.42,51.6,1.83,2208,Open-Meteo Air Quality API,2025-06-01/2025-08-31,3,retard_vol,1,1,séjour correct mais perfectible.
2265,solo,paris,printemps,resort,randonnée,5,3105.19,434.29,ensoleillé,12.44,1.18,26,14.07,92,48.85341,2.3488,Open-Meteo Historical Weather API,2025-03-01/2025-05-31,15.06,12.04,38.85,0.97,2208,Open-Meteo Air Quality API,2025-03-01/2025-05-31,4,aucun,0,1,très bon séjour.
2266,famille,bali,été,resort,randonnée,9,7555.99,1319.55,ensoleillé,25.53,3.21,49,18.92,92,-8.65,115.21667,Open-Meteo Historical Weather API,2025-06-01/2025-08-31,13.38,9.86,30.22,1.86,2208,Open-Meteo Air Quality API,2025-06-01/2025-08-31,3,aucun,0,1,séjour correct mais perfectible.
2267,business,rome,automne,hôtel,culture,21,4065.37,350.79,nuageux,17.21,4.01,24,12.75,91,41.89193,12.51133,Open-Meteo Historical Weather API,2025-09-01/2025-11-30,13.51,9.22,34.28,0.79,2184,Open-Meteo Air Quality API,2025-09-01/2025-11-30,2,aucun,0,1,séjour décevant.
2268,solo,new york,printemps,appartement,plage,12,5634.66,723.38,ensoleillé,12.04,4.75,36,17.46,92,40.71427,-74.00597,Open-Meteo Historical Weather API,2025-03-01/2025-05-31,11.88,11.05,41.24,1.07,2208,Open-Meteo Air Quality API,2025-03-01/2025-05-31,3,aucun,0,1,séjour correct mais perfectible.
2269,business,rome,automne,appartement,plage,6,3446.89,528.17,variable,17.21,4.01,24,12.75,91,41.89193,12.51133,Open-Meteo Historical Weather API,2025-09-01/2025-11-30,13.51,9.22,34.28,0.79,2184,Open-Meteo Air Quality API,2025-09-01/2025-11-30,2,annulation,1,1,séjour décevant.
2270,senior,new york,printemps,hôtel,gastronomie,5,4904.01,824.41,ensoleillé,12.04,4.75,36,17.46,92,40.71427,-74.00597,Open-Meteo Historical Weather API,2025-03-01/2025-05-31,11.88,11.05,41.24,1.07,2208,Open-Meteo Air Quality API,2025-03-01/2025-05-31,4,bagages,0,1,très bon séjour.
2271,solo,lisbonne,printemps,hôtel,culture,14,2733.61,364.9,ensoleillé,15.64,3.53,41,19.08,92,38.72509,-9.1498,Open-Meteo Historical Weather API,2025-03-01/2025-05-31,15.2,9.48,34.11,1.3,2208,Open-Meteo Air Quality API,2025-03-01/2025-05-31,3,bagages,1,1,séjour correct mais perfectible.
2272,solo,paris,été,appartement,gastronomie,20,4209.39,491.81,nuageux,21.05,2.58,30,14.41,92,48.85341,2.3488,Open-Meteo Historical Weather API,2025-06-01/2025-08-31,10.28,6.83,31.49,1.5,2208,Open-Meteo Air Quality API,2025-06-01/2025-08-31,2,météo,0,1,séjour décevant.
2273,business,paris,printemps,appartement,plage,3,5193.9,292.37,variable,12.44,1.18,26,14.07,92,48.85341,2.3488,Open-Meteo Historical Weather API,2025-03-01/2025-05-31,15.06,12.04,38.85,0.97,2208,Open-Meteo Air Quality API,2025-03-01/2025-05-31,3,météo,1,1,séjour correct mais perfectible.
2274,business,new york,automne,resort,culture,5,11154.17,508.02,nuageux,13.97,3.07,25,15.38,91,40.71427,-74.00597,Open-Meteo Historical Weather API,2025-09-01/2025-11-30,11.7,11.28,42.27,0.76,2184,Open-Meteo Air Quality API,2025-09-01/2025-11-30,3,aucun,0,1,séjour correct mais perfectible.
2275,senior,paris,été,appartement,randonnée,10,5201.09,349.6,ensoleillé,21.05,2.58,30,14.41,92,48.85341,2.3488,Open-Meteo Historical Weather API,2025-06-01/2025-08-31,10.28,6.83,31.49,1.5,2208,Open-Meteo Air Quality API,2025-06-01/2025-08-31,3,aucun,0,1,séjour correct mais perfectible.
2276,famille,sydney,printemps,hôtel,culture,6,11251.97,1356.65,ensoleillé,19.13,4.44,49,17.74,92,-33.86785,151.20732,Open-Meteo Historical Weather API,2025-03-01/2025-05-31,11.25,9.25,31.84,1.01,2208,Open-Meteo Air Quality API,2025-03-01/2025-05-31,4,aucun,0,1,très bon séjour.
2277,solo,sydney,printemps,hôtel,randonnée,5,6456.56,1241.61,ensoleillé,19.13,4.44,49,17.74,92,-33.86785,151.20732,Open-Meteo Historical Weather API,2025-03-01/2025-05-31,11.25,9.25,31.84,1.01,2208,Open-Meteo Air Quality API,2025-03-01/2025-05-31,4,aucun,0,1,très bon séjour.
2278,famille,tokyo,été,appartement,business,8,6248.63,890.99,ensoleillé,27.71,2.91,31,13.49,92,35.6895,139.69171,Open-Meteo Historical Weather API,2025-06-01/2025-08-31,24.0,22.42,51.6,1.83,2208,Open-Meteo Air Quality API,2025-06-01/2025-08-31,4,aucun,0,1,très bon séjour.
2279,senior,rome,printemps,appartement,randonnée,15,3685.71,532.3,nuageux,15.22,3.55,32,13.85,92,41.89193,12.51133,Open-Meteo Historical Weather API,2025-03-01/2025-05-31,15.93,11.65,37.47,1.19,2208,Open-Meteo Air Quality API,2025-03-01/2025-05-31,3,retard_vol,0,1,séjour correct mais perfectible.
2280,solo,sydney,été,appartement,business,18,3391.93,1579.14,ensoleillé,12.22,4.06,27,18.74,92,-33.86785,151.20732,Open-Meteo Historical Weather API,2025-06-01/2025-08-31,10.19,9.26,31.56,0.49,2208,Open-Meteo Air Quality API,2025-06-01/2025-08-31,2,aucun,0,0,séjour décevant.
2281,couple,tokyo,printemps,hôtel,randonnée,8,6557.21,1123.52,nuageux,14.52,6.04,44,15.33,92,35.6895,139.69171,Open-Meteo Historical Weather API,2025-03-01/2025-05-31,29.58,26.1,53.35,1.05,2208,Open-Meteo Air Quality API,2025-03-01/2025-05-31,3,aucun,0,1,séjour correct mais perfectible.
2282,famille,bali,printemps,resort,culture,16,11719.24,1236.86,pluie,26.99,6.49,65,13.72,92,-8.65,115.21667,Open-Meteo Historical Weather API,2025-03-01/2025-05-31,12.14,10.4,31.68,2.19,2208,Open-Meteo Air Quality API,2025-03-01/2025-05-31,4,aucun,0,1,très bon séjour.
2283,couple,paris,été,appartement,gastronomie,18,5485.37,316.47,ensoleillé,21.05,2.58,30,14.41,92,48.85341,2.3488,Open-Meteo Historical Weather API,2025-06-01/2025-08-31,10.28,6.83,31.49,1.5,2208,Open-Meteo Air Quality API,2025-06-01/2025-08-31,3,aucun,0,1,séjour correct mais perfectible.
2284,business,new york,hiver,hôtel,plage,3,9866.22,896.34,ensoleillé,-0.0,2.34,32,16.49,90,40.71427,-74.00597,Open-Meteo Historical Weather API,2024-12-01/2025-02-28,14.23,13.56,43.36,0.34,2160,Open-Meteo Air Quality API,2024-12-01/2025-02-28,2,aucun,0,1,séjour décevant.
2285,famille,sydney,été,resort,plage,19,6784.2,1784.57,nuageux,12.22,4.06,27,18.74,92,-33.86785,151.20732,Open-Meteo Historical Weather API,2025-06-01/2025-08-31,10.19,9.26,31.56,0.49,2208,Open-Meteo Air Quality API,2025-06-01/2025-08-31,3,aucun,0,1,séjour correct mais perfectible.
2286,famille,paris,été,resort,gastronomie,6,5488.08,497.77,ensoleillé,21.05,2.58,30,14.41,92,48.85341,2.3488,Open-Meteo Historical Weather API,2025-06-01/2025-08-31,10.28,6.83,31.49,1.5,2208,Open-Meteo Air Quality API,2025-06-01/2025-08-31,4,aucun,0,1,très bon séjour.
2287,senior,paris,printemps,hôtel,plage,16,4201.55,395.44,ensoleillé,12.44,1.18,26,14.07,92,48.85341,2.3488,Open-Meteo Historical Weather API,2025-03-01/2025-05-31,15.06,12.04,38.85,0.97,2208,Open-Meteo Air Quality API,2025-03-01/2025-05-31,2,aucun,0,1,séjour décevant.
2288,business,bali,été,hôtel,culture,17,7457.25,1482.34,ensoleillé,25.53,3.21,49,18.92,92,-8.65,115.21667,Open-Meteo Historical Weather API,2025-06-01/2025-08-31,13.38,9.86,30.22,1.86,2208,Open-Meteo Air Quality API,2025-06-01/2025-08-31,3,aucun,0,1,séjour correct mais perfectible.
2289,famille,new york,été,hôtel,plage,19,6002.25,689.33,ensoleillé,24.52,2.28,32,14.21,92,40.71427,-74.00597,Open-Meteo Historical Weather API,2025-06-01/2025-08-31,18.13,17.43,51.89,1.61,2208,Open-Meteo Air Quality API,2025-06-01/2025-08-31,3,aucun,0,1,séjour correct mais perfectible.
2290,couple,bali,automne,villa,gastronomie,10,8502.84,1146.91,nuageux,26.3,6.82,61,14.71,91,-8.65,115.21667,Open-Meteo Historical Weather API,2025-09-01/2025-11-30,14.48,11.69,32.66,2.5,2184,Open-Meteo Air Quality API,2025-09-01/2025-11-30,5,aucun,0,1,excellent séjour.
2291,senior,bali,printemps,hôtel,randonnée,15,8180.06,951.99,nuageux,26.99,6.49,65,13.72,92,-8.65,115.21667,Open-Meteo Historical Weather API,2025-03-01/2025-05-31,12.14,10.4,31.68,2.19,2208,Open-Meteo Air Quality API,2025-03-01/2025-05-31,3,aucun,0,1,séjour correct mais perfectible.
2292,business,lisbonne,printemps,hôtel,plage,3,4896.83,467.7,ensoleillé,15.64,3.53,41,19.08,92,38.72509,-9.1498,Open-Meteo Historical Weather API,2025-03-01/2025-05-31,15.2,9.48,34.11,1.3,2208,Open-Meteo Air Quality API,2025-03-01/2025-05-31,3,aucun,0,1,séjour correct mais perfectible.
2293,solo,paris,été,hôtel,randonnée,11,3924.24,497.03,ensoleillé,21.05,2.58,30,14.41,92,48.85341,2.3488,Open-Meteo Historical Weather API,2025-06-01/2025-08-31,10.28,6.83,31.49,1.5,2208,Open-Meteo Air Quality API,2025-06-01/2025-08-31,3,aucun,0,1,séjour correct mais perfectible.
2294,couple,paris,été,hôtel,gastronomie,21,4035.92,342.34,ensoleillé,21.05,2.58,30,14.41,92,48.85341,2.3488,Open-Meteo Historical Weather API,2025-06-01/2025-08-31,10.28,6.83,31.49,1.5,2208,Open-Meteo Air Quality API,2025-06-01/2025-08-31,3,aucun,0,1,séjour correct mais perfectible.
2295,couple,paris,été,hôtel,randonnée,6,3325.0,409.58,pluie,21.05,2.58,30,14.41,92,48.85341,2.3488,Open-Meteo Historical Weather API,2025-06-01/2025-08-31,10.28,6.83,31.49,1.5,2208,Open-Meteo Air Quality API,2025-06-01/2025-08-31,3,aucun,0,1,séjour correct mais perfectible.
2296,famille,tokyo,été,resort,randonnée,5,7973.03,1294.42,variable,27.71,2.91,31,13.49,92,35.6895,139.69171,Open-Meteo Historical Weather API,2025-06-01/2025-08-31,24.0,22.42,51.6,1.83,2208,Open-Meteo Air Quality API,2025-06-01/2025-08-31,3,aucun,0,1,séjour correct mais perfectible.
2297,business,sydney,été,hôtel,randonnée,16,6462.98,1782.73,ensoleillé,12.22,4.06,27,18.74,92,-33.86785,151.20732,Open-Meteo Historical Weather API,2025-06-01/2025-08-31,10.19,9.26,31.56,0.49,2208,Open-Meteo Air Quality API,2025-06-01/2025-08-31,2,aucun,0,1,séjour décevant.
2298,famille,bali,hiver,hôtel,randonnée,12,7247.7,803.15,nuageux,26.28,11.89,84,14.7,90,-8.65,115.21667,Open-Meteo Historical Weather API,2024-12-01/2025-02-28,12.8,11.67,33.02,1.96,2160,Open-Meteo Air Quality API,2024-12-01/2025-02-28,4,bagages,0,1,très bon séjour.
2299,famille,paris,été,hôtel,gastronomie,11,6485.04,248.74,nuageux,21.05,2.58,30,14.41,92,48.85341,2.3488,Open-Meteo Historical Weather API,2025-06-01/2025-08-31,10.28,6.83,31.49,1.5,2208,Open-Meteo Air Quality API,2025-06-01/2025-08-31,3,aucun,0,1,séjour correct mais perfectible.
2300,business,bali,hiver,hôtel,business,7,6104.18,1157.9,ensoleillé,26.28,11.89,84,14.7,90,-8.65,115.21667,Open-Meteo Historical Weather API,2024-12-01/2025-02-28,12.8,11.67,33.02,1.96,2160,Open-Meteo Air Quality API,2024-12-01/2025-02-28,4,aucun,0,1,très bon séjour.
2301,senior,dubaï,printemps,hôtel,gastronomie,6,6670.22,381.04,ensoleillé,28.3,0.01,0,22.56,92,25.07725,55.30927,Open-Meteo Historical Weather API,2025-03-01/2025-05-31,70.72,36.99,63.06,2.2,2208,Open-Meteo Air Quality API,2025-03-01/2025-05-31,4,aucun,0,1,très bon séjour.
2302,business,rome,été,resort,gastronomie,17,8890.11,546.16,variable,27.22,1.32,16,14.95,92,41.89193,12.51133,Open-Meteo Historical Weather API,2025-06-01/2025-08-31,15.45,9.67,40.74,2.01,2208,Open-Meteo Air Quality API,2025-06-01/2025-08-31,3,annulation,0,1,séjour correct mais perfectible.
2303,couple,bali,été,appartement,culture,9,7273.65,1501.65,ensoleillé,25.53,3.21,49,18.92,92,-8.65,115.21667,Open-Meteo Historical Weather API,2025-06-01/2025-08-31,13.38,9.86,30.22,1.86,2208,Open-Meteo Air Quality API,2025-06-01/2025-08-31,4,aucun,0,1,très bon séjour.
2304,couple,new york,printemps,appartement,gastronomie,17,6904.67,1039.12,ensoleillé,12.04,4.75,36,17.46,92,40.71427,-74.00597,Open-Meteo Historical Weather API,2025-03-01/2025-05-31,11.88,11.05,41.24,1.07,2208,Open-Meteo Air Quality API,2025-03-01/2025-05-31,3,aucun,0,1,séjour correct mais perfectible.
2305,couple,lisbonne,automne,hôtel,business,11,3461.53,337.42,nuageux,18.72,2.83,21,17.54,91,38.72509,-9.1498,Open-Meteo Historical Weather API,2025-09-01/2025-11-30,15.83,9.72,31.17,0.9,2184,Open-Meteo Air Quality API,2025-09-01/2025-11-30,2,aucun,0,1,séjour décevant.
2306,couple,bali,été,appartement,gastronomie,10,5909.55,1396.37,ensoleillé,25.53,3.21,49,18.92,92,-8.65,115.21667,Open-Meteo Historical Weather API,2025-06-01/2025-08-31,13.38,9.86,30.22,1.86,2208,Open-Meteo Air Quality API,2025-06-01/2025-08-31,4,aucun,0,1,très bon séjour.
2307,solo,bali,été,appartement,randonnée,7,4749.1,1516.14,ensoleillé,25.53,3.21,49,18.92,92,-8.65,115.21667,Open-Meteo Historical Weather API,2025-06-01/2025-08-31,13.38,9.86,30.22,1.86,2208,Open-Meteo Air Quality API,2025-06-01/2025-08-31,4,aucun,0,1,très bon séjour.
2308,couple,bali,automne,hôtel,gastronomie,15,3462.14,906.63,ensoleillé,26.3,6.82,61,14.71,91,-8.65,115.21667,Open-Meteo Historical Weather API,2025-09-01/2025-11-30,14.48,11.69,32.66,2.5,2184,Open-Meteo Air Quality API,2025-09-01/2025-11-30,3,aucun,0,1,séjour correct mais perfectible.
2309,solo,tokyo,printemps,resort,culture,8,9070.22,1223.0,pluie,14.52,6.04,44,15.33,92,35.6895,139.69171,Open-Meteo Historical Weather API,2025-03-01/2025-05-31,29.58,26.1,53.35,1.05,2208,Open-Meteo Air Quality API,2025-03-01/2025-05-31,4,aucun,0,1,très bon séjour.
2310,senior,new york,été,appartement,randonnée,20,4936.81,1052.53,ensoleillé,24.52,2.28,32,14.21,92,40.71427,-74.00597,Open-Meteo Historical Weather API,2025-06-01/2025-08-31,18.13,17.43,51.89,1.61,2208,Open-Meteo Air Quality API,2025-06-01/2025-08-31,3,aucun,0,1,séjour correct mais perfectible.
2311,senior,paris,hiver,hôtel,randonnée,10,4358.6,311.86,variable,4.95,2.61,35,15.72,90,48.85341,2.3488,Open-Meteo Historical Weather API,2024-12-01/2025-02-28,20.98,17.57,45.01,0.13,2160,Open-Meteo Air Quality API,2024-12-01/2025-02-28,2,aucun,0,1,séjour décevant.
2312,famille,paris,printemps,hôtel,gastronomie,18,5513.06,358.91,ensoleillé,12.44,1.18,26,14.07,92,48.85341,2.3488,Open-Meteo Historical Weather API,2025-03-01/2025-05-31,15.06,12.04,38.85,0.97,2208,Open-Meteo Air Quality API,2025-03-01/2025-05-31,2,aucun,0,1,séjour décevant.
2313,couple,bali,printemps,resort,business,11,8295.74,1121.16,ensoleillé,26.99,6.49,65,13.72,92,-8.65,115.21667,Open-Meteo Historical Weather API,2025-03-01/2025-05-31,12.14,10.4,31.68,2.19,2208,Open-Meteo Air Quality API,2025-03-01/2025-05-31,4,aucun,0,1,très bon séjour.
2314,famille,dubaï,hiver,hôtel,randonnée,10,5908.2,798.29,pluie,20.21,0.09,2,19.57,90,25.07725,55.30927,Open-Meteo Historical Weather API,2024-12-01/2025-02-28,59.55,32.47,55.0,1.03,2160,Open-Meteo Air Quality API,2024-12-01/2025-02-28,2,aucun,0,1,séjour décevant.
2315,couple,paris,été,villa,gastronomie,11,7067.55,386.2,ensoleillé,21.05,2.58,30,14.41,92,48.85341,2.3488,Open-Meteo Historical Weather API,2025-06-01/2025-08-31,10.28,6.83,31.49,1.5,2208,Open-Meteo Air Quality API,2025-06-01/2025-08-31,4,aucun,0,1,très bon séjour.
2316,couple,paris,hiver,hôtel,culture,11,5800.92,364.31,pluie,4.95,2.61,35,15.72,90,48.85341,2.3488,Open-Meteo Historical Weather API,2024-12-01/2025-02-28,20.98,17.57,45.01,0.13,2160,Open-Meteo Air Quality API,2024-12-01/2025-02-28,3,retard_vol,0,1,séjour correct mais perfectible.
2317,famille,tokyo,été,hôtel,culture,12,9160.27,1100.52,ensoleillé,27.71,2.91,31,13.49,92,35.6895,139.69171,Open-Meteo Historical Weather API,2025-06-01/2025-08-31,24.0,22.42,51.6,1.83,2208,Open-Meteo Air Quality API,2025-06-01/2025-08-31,4,aucun,0,1,très bon séjour.
2318,business,bali,hiver,hôtel,plage,19,8399.29,955.87,nuageux,26.28,11.89,84,14.7,90,-8.65,115.21667,Open-Meteo Historical Weather API,2024-12-01/2025-02-28,12.8,11.67,33.02,1.96,2160,Open-Meteo Air Quality API,2024-12-01/2025-02-28,3,aucun,0,1,séjour correct mais perfectible.
2319,couple,rome,hiver,hôtel,randonnée,16,3993.53,463.89,ensoleillé,9.23,2.57,28,13.79,90,41.89193,12.51133,Open-Meteo Historical Weather API,2024-12-01/2025-02-28,20.56,17.01,40.29,0.27,2160,Open-Meteo Air Quality API,2024-12-01/2025-02-28,2,aucun,0,1,séjour décevant.
2320,senior,rome,automne,appartement,business,3,3860.92,377.36,nuageux,17.21,4.01,24,12.75,91,41.89193,12.51133,Open-Meteo Historical Weather API,2025-09-01/2025-11-30,13.51,9.22,34.28,0.79,2184,Open-Meteo Air Quality API,2025-09-01/2025-11-30,3,aucun,0,1,séjour correct mais perfectible.
2321,famille,tokyo,été,appartement,business,4,8832.45,1417.55,ensoleillé,27.71,2.91,31,13.49,92,35.6895,139.69171,Open-Meteo Historical Weather API,2025-06-01/2025-08-31,24.0,22.42,51.6,1.83,2208,Open-Meteo Air Quality API,2025-06-01/2025-08-31,3,aucun,0,1,séjour correct mais perfectible.
2322,famille,new york,automne,villa,culture,3,14637.92,940.61,nuageux,13.97,3.07,25,15.38,91,40.71427,-74.00597,Open-Meteo Historical Weather API,2025-09-01/2025-11-30,11.7,11.28,42.27,0.76,2184,Open-Meteo Air Quality API,2025-09-01/2025-11-30,5,aucun,0,1,excellent séjour.
2323,couple,tokyo,printemps,resort,plage,16,10393.71,905.39,ensoleillé,14.52,6.04,44,15.33,92,35.6895,139.69171,Open-Meteo Historical Weather API,2025-03-01/2025-05-31,29.58,26.1,53.35,1.05,2208,Open-Meteo Air Quality API,2025-03-01/2025-05-31,4,annulation,0,1,très bon séjour.
2324,famille,lisbonne,hiver,resort,gastronomie,6,6243.93,394.62,variable,12.63,2.92,26,17.53,90,38.72509,-9.1498,Open-Meteo Historical Weather API,2024-12-01/2025-02-28,19.66,13.91,36.49,0.38,2160,Open-Meteo Air Quality API,2024-12-01/2025-02-28,2,bagages,0,1,séjour décevant.
2325,couple,new york,été,hôtel,plage,10,8579.76,864.04,nuageux,24.52,2.28,32,14.21,92,40.71427,-74.00597,Open-Meteo Historical Weather API,2025-06-01/2025-08-31,18.13,17.43,51.89,1.61,2208,Open-Meteo Air Quality API,2025-06-01/2025-08-31,4,aucun,0,1,très bon séjour.
2326,senior,sydney,été,hôtel,randonnée,18,12377.0,1091.02,ensoleillé,12.22,4.06,27,18.74,92,-33.86785,151.20732,Open-Meteo Historical Weather API,2025-06-01/2025-08-31,10.19,9.26,31.56,0.49,2208,Open-Meteo Air Quality API,2025-06-01/2025-08-31,3,aucun,0,1,séjour correct mais perfectible.
2327,famille,lisbonne,hiver,villa,business,5,7611.65,339.15,ensoleillé,12.63,2.92,26,17.53,90,38.72509,-9.1498,Open-Meteo Historical Weather API,2024-12-01/2025-02-28,19.66,13.91,36.49,0.38,2160,Open-Meteo Air Quality API,2024-12-01/2025-02-28,3,aucun,0,1,séjour correct mais perfectible.
2328,famille,bali,automne,resort,randonnée,5,8738.49,1139.58,ensoleillé,26.3,6.82,61,14.71,91,-8.65,115.21667,Open-Meteo Historical Weather API,2025-09-01/2025-11-30,14.48,11.69,32.66,2.5,2184,Open-Meteo Air Quality API,2025-09-01/2025-11-30,3,annulation,0,1,séjour correct mais perfectible.
2329,solo,rome,été,resort,plage,4,3093.8,580.84,ensoleillé,27.22,1.32,16,14.95,92,41.89193,12.51133,Open-Meteo Historical Weather API,2025-06-01/2025-08-31,15.45,9.67,40.74,2.01,2208,Open-Meteo Air Quality API,2025-06-01/2025-08-31,4,aucun,0,1,très bon séjour.
2330,couple,tokyo,été,resort,culture,8,8954.22,1272.34,ensoleillé,27.71,2.91,31,13.49,92,35.6895,139.69171,Open-Meteo Historical Weather API,2025-06-01/2025-08-31,24.0,22.42,51.6,1.83,2208,Open-Meteo Air Quality API,2025-06-01/2025-08-31,4,aucun,0,1,très bon séjour.
2331,solo,paris,été,appartement,culture,4,2845.99,480.48,ensoleillé,21.05,2.58,30,14.41,92,48.85341,2.3488,Open-Meteo Historical Weather API,2025-06-01/2025-08-31,10.28,6.83,31.49,1.5,2208,Open-Meteo Air Quality API,2025-06-01/2025-08-31,4,aucun,0,1,très bon séjour.
2332,couple,rome,été,hôtel,culture,14,4783.81,437.22,variable,27.22,1.32,16,14.95,92,41.89193,12.51133,Open-Meteo Historical Weather API,2025-06-01/2025-08-31,15.45,9.67,40.74,2.01,2208,Open-Meteo Air Quality API,2025-06-01/2025-08-31,3,aucun,0,1,séjour correct mais perfectible.
2333,business,tokyo,printemps,appartement,business,16,6589.9,978.8,pluie,14.52,6.04,44,15.33,92,35.6895,139.69171,Open-Meteo Historical Weather API,2025-03-01/2025-05-31,29.58,26.1,53.35,1.05,2208,Open-Meteo Air Quality API,2025-03-01/2025-05-31,3,retard_vol,1,1,séjour correct mais perfectible.
2334,famille,paris,automne,appartement,culture,6,6189.71,453.6,ensoleillé,12.33,2.12,33,16.01,91,48.85341,2.3488,Open-Meteo Historical Weather API,2025-09-01/2025-11-30,12.19,8.6,34.88,0.44,2184,Open-Meteo Air Quality API,2025-09-01/2025-11-30,4,aucun,0,1,très bon séjour.
2335,couple,dubaï,printemps,appartement,culture,12,3871.4,456.68,ensoleillé,28.3,0.01,0,22.56,92,25.07725,55.30927,Open-Meteo Historical Weather API,2025-03-01/2025-05-31,70.72,36.99,63.06,2.2,2208,Open-Meteo Air Quality API,2025-03-01/2025-05-31,4,aucun,0,1,très bon séjour.
2336,business,bali,hiver,hôtel,business,8,4966.54,1056.45,ensoleillé,26.28,11.89,84,14.7,90,-8.65,115.21667,Open-Meteo Historical Weather API,2024-12-01/2025-02-28,12.8,11.67,33.02,1.96,2160,Open-Meteo Air Quality API,2024-12-01/2025-02-28,4,aucun,0,1,très bon séjour.
2337,senior,bali,hiver,hôtel,randonnée,4,5714.92,928.2,ensoleillé,26.28,11.89,84,14.7,90,-8.65,115.21667,Open-Meteo Historical Weather API,2024-12-01/2025-02-28,12.8,11.67,33.02,1.96,2160,Open-Meteo Air Quality API,2024-12-01/2025-02-28,3,aucun,0,1,séjour correct mais perfectible.
2338,couple,new york,été,resort,gastronomie,11,7331.73,967.72,ensoleillé,24.52,2.28,32,14.21,92,40.71427,-74.00597,Open-Meteo Historical Weather API,2025-06-01/2025-08-31,18.13,17.43,51.89,1.61,2208,Open-Meteo Air Quality API,2025-06-01/2025-08-31,5,aucun,0,1,excellent séjour.
2339,solo,tokyo,automne,appartement,gastronomie,16,3244.98,967.89,ensoleillé,18.79,4.52,34,12.27,91,35.6895,139.69171,Open-Meteo Historical Weather API,2025-09-01/2025-11-30,28.46,27.24,54.08,0.85,2184,Open-Meteo Air Quality API,2025-09-01/2025-11-30,2,aucun,0,1,séjour décevant.
2340,famille,bali,automne,villa,culture,7,8889.5,1274.65,ensoleillé,26.3,6.82,61,14.71,91,-8.65,115.21667,Open-Meteo Historical Weather API,2025-09-01/2025-11-30,14.48,11.69,32.66,2.5,2184,Open-Meteo Air Quality API,2025-09-01/2025-11-30,4,bagages,1,1,très bon séjour.
2341,famille,dubaï,été,resort,gastronomie,17,8137.42,863.99,ensoleillé,35.27,0.0,0,22.79,92,25.07725,55.30927,Open-Meteo Historical Weather API,2025-06-01/2025-08-31,128.17,54.13,71.91,2.19,2208,Open-Meteo Air Quality API,2025-06-01/2025-08-31,3,aucun,0,1,séjour correct mais perfectible.
2342,famille,dubaï,automne,hôtel,gastronomie,21,7837.44,535.49,pluie,29.44,0.0,0,20.09,91,25.07725,55.30927,Open-Meteo Historical Weather API,2025-09-01/2025-11-30,80.53,41.8,60.89,1.56,2184,Open-Meteo Air Quality API,2025-09-01/2025-11-30,2,aucun,0,1,séjour décevant.
2343,business,rome,été,hôtel,plage,4,4641.29,474.78,ensoleillé,27.22,1.32,16,14.95,92,41.89193,12.51133,Open-Meteo Historical Weather API,2025-06-01/2025-08-31,15.45,9.67,40.74,2.01,2208,Open-Meteo Air Quality API,2025-06-01/2025-08-31,4,aucun,0,1,très bon séjour.
2344,couple,tokyo,printemps,resort,culture,6,8373.21,1049.98,variable,14.52,6.04,44,15.33,92,35.6895,139.69171,Open-Meteo Historical Weather API,2025-03-01/2025-05-31,29.58,26.1,53.35,1.05,2208,Open-Meteo Air Quality API,2025-03-01/2025-05-31,4,aucun,0,1,très bon séjour.
2345,business,lisbonne,été,hôtel,plage,8,4495.18,508.08,ensoleillé,23.39,0.06,1,17.22,92,38.72509,-9.1498,Open-Meteo Historical Weather API,2025-06-01/2025-08-31,19.54,10.92,32.89,2.16,2208,Open-Meteo Air Quality API,2025-06-01/2025-08-31,4,aucun,0,1,très bon séjour.
2346,famille,dubaï,hiver,resort,gastronomie,19,11956.13,1006.55,nuageux,20.21,0.09,2,19.57,90,25.07725,55.30927,Open-Meteo Historical Weather API,2024-12-01/2025-02-28,59.55,32.47,55.0,1.03,2160,Open-Meteo Air Quality API,2024-12-01/2025-02-28,4,aucun,0,1,très bon séjour.
2347,senior,lisbonne,printemps,appartement,gastronomie,5,3711.8,428.07,nuageux,15.64,3.53,41,19.08,92,38.72509,-9.1498,Open-Meteo Historical Weather API,2025-03-01/2025-05-31,15.2,9.48,34.11,1.3,2208,Open-Meteo Air Quality API,2025-03-01/2025-05-31,3,aucun,0,1,séjour correct mais perfectible.
2348,business,lisbonne,printemps,hôtel,culture,11,4646.29,310.75,nuageux,15.64,3.53,41,19.08,92,38.72509,-9.1498,Open-Meteo Historical Weather API,2025-03-01/2025-05-31,15.2,9.48,34.11,1.3,2208,Open-Meteo Air Quality API,2025-03-01/2025-05-31,4,aucun,0,1,très bon séjour.
2349,famille,tokyo,hiver,hôtel,gastronomie,13,9173.67,1032.26,nuageux,6.08,0.56,8,14.28,90,35.6895,139.69171,Open-Meteo Historical Weather API,2024-12-01/2025-02-28,31.02,30.0,55.43,0.51,2160,Open-Meteo Air Quality API,2024-12-01/2025-02-28,4,aucun,0,1,très bon séjour.
2350,famille,sydney,automne,hôtel,plage,5,9049.96,1342.35,nuageux,19.17,1.74,22,21.07,91,-33.86785,151.20732,Open-Meteo Historical Weather API,2025-09-01/2025-11-30,10.98,9.17,34.45,1.63,2184,Open-Meteo Air Quality API,2025-09-01/2025-11-30,4,aucun,0,1,très bon séjour.
2351,famille,rome,automne,hôtel,gastronomie,3,5468.55,407.93,nuageux,17.21,4.01,24,12.75,91,41.89193,12.51133,Open-Meteo Historical Weather API,2025-09-01/2025-11-30,13.51,9.22,34.28,0.79,2184,Open-Meteo Air Quality API,2025-09-01/2025-11-30,3,aucun,0,1,séjour correct mais perfectible.
2352,senior,new york,printemps,appartement,randonnée,5,6090.31,921.95,ensoleillé,12.04,4.75,36,17.46,92,40.71427,-74.00597,Open-Meteo Historical Weather API,2025-03-01/2025-05-31,11.88,11.05,41.24,1.07,2208,Open-Meteo Air Quality API,2025-03-01/2025-05-31,3,aucun,0,1,séjour correct mais perfectible.
2353,famille,lisbonne,été,hôtel,randonnée,4,5347.58,265.07,ensoleillé,23.39,0.06,1,17.22,92,38.72509,-9.1498,Open-Meteo Historical Weather API,2025-06-01/2025-08-31,19.54,10.92,32.89,2.16,2208,Open-Meteo Air Quality API,2025-06-01/2025-08-31,3,météo,0,1,séjour correct mais perfectible.
2354,solo,new york,printemps,hôtel,randonnée,12,3029.97,934.63,nuageux,12.04,4.75,36,17.46,92,40.71427,-74.00597,Open-Meteo Historical Weather API,2025-03-01/2025-05-31,11.88,11.05,41.24,1.07,2208,Open-Meteo Air Quality API,2025-03-01/2025-05-31,3,aucun,0,1,séjour correct mais perfectible.
2355,couple,new york,hiver,hôtel,plage,20,6828.56,777.11,pluie,-0.0,2.34,32,16.49,90,40.71427,-74.00597,Open-Meteo Historical Weather API,2024-12-01/2025-02-28,14.23,13.56,43.36,0.34,2160,Open-Meteo Air Quality API,2024-12-01/2025-02-28,1,aucun,0,1,très mauvaise expérience.
2356,business,dubaï,printemps,hôtel,business,9,9134.29,686.18,nuageux,28.3,0.01,0,22.56,92,25.07725,55.30927,Open-Meteo Historical Weather API,2025-03-01/2025-05-31,70.72,36.99,63.06,2.2,2208,Open-Meteo Air Quality API,2025-03-01/2025-05-31,4,aucun,0,1,très bon séjour.
2357,couple,dubaï,printemps,appartement,randonnée,7,5543.76,884.68,variable,28.3,0.01,0,22.56,92,25.07725,55.30927,Open-Meteo Historical Weather API,2025-03-01/2025-05-31,70.72,36.99,63.06,2.2,2208,Open-Meteo Air Quality API,2025-03-01/2025-05-31,3,bagages,1,1,séjour correct mais perfectible.
2358,solo,tokyo,printemps,resort,gastronomie,7,5426.73,811.57,nuageux,14.52,6.04,44,15.33,92,35.6895,139.69171,Open-Meteo Historical Weather API,2025-03-01/2025-05-31,29.58,26.1,53.35,1.05,2208,Open-Meteo Air Quality API,2025-03-01/2025-05-31,3,météo,1,1,séjour correct mais perfectible.
2359,senior,tokyo,hiver,resort,business,21,6445.11,1101.54,variable,6.08,0.56,8,14.28,90,35.6895,139.69171,Open-Meteo Historical Weather API,2024-12-01/2025-02-28,31.02,30.0,55.43,0.51,2160,Open-Meteo Air Quality API,2024-12-01/2025-02-28,2,aucun,0,1,séjour décevant.
2360,famille,dubaï,hiver,resort,randonnée,21,11509.0,800.03,nuageux,20.21,0.09,2,19.57,90,25.07725,55.30927,Open-Meteo Historical Weather API,2024-12-01/2025-02-28,59.55,32.47,55.0,1.03,2160,Open-Meteo Air Quality API,2024-12-01/2025-02-28,3,aucun,0,1,séjour correct mais perfectible.
2361,business,rome,hiver,hôtel,business,15,4479.94,463.8,nuageux,9.23,2.57,28,13.79,90,41.89193,12.51133,Open-Meteo Historical Weather API,2024-12-01/2025-02-28,20.56,17.01,40.29,0.27,2160,Open-Meteo Air Quality API,2024-12-01/2025-02-28,3,annulation,0,1,séjour correct mais perfectible.
2362,famille,tokyo,automne,resort,gastronomie,11,6707.1,744.92,pluie,18.79,4.52,34,12.27,91,35.6895,139.69171,Open-Meteo Historical Weather API,2025-09-01/2025-11-30,28.46,27.24,54.08,0.85,2184,Open-Meteo Air Quality API,2025-09-01/2025-11-30,3,annulation,1,1,séjour correct mais perfectible.
2363,couple,sydney,hiver,hôtel,business,6,9745.26,1615.99,nuageux,22.44,3.42,39,20.67,90,-33.86785,151.20732,Open-Meteo Historical Weather API,2024-12-01/2025-02-28,12.57,9.86,34.15,2.24,2160,Open-Meteo Air Quality API,2024-12-01/2025-02-28,3,aucun,0,1,séjour correct mais perfectible.
2364,senior,rome,printemps,villa,gastronomie,20,6521.36,432.88,ensoleillé,15.22,3.55,32,13.85,92,41.89193,12.51133,Open-Meteo Historical Weather API,2025-03-01/2025-05-31,15.93,11.65,37.47,1.19,2208,Open-Meteo Air Quality API,2025-03-01/2025-05-31,3,aucun,0,1,séjour correct mais perfectible.
2365,solo,dubaï,été,hôtel,plage,3,4771.19,747.57,ensoleillé,35.27,0.0,0,22.79,92,25.07725,55.30927,Open-Meteo Historical Weather API,2025-06-01/2025-08-31,128.17,54.13,71.91,2.19,2208,Open-Meteo Air Quality API,2025-06-01/2025-08-31,3,aucun,0,1,séjour correct mais perfectible.
2366,business,tokyo,printemps,resort,business,6,9485.73,991.32,ensoleillé,14.52,6.04,44,15.33,92,35.6895,139.69171,Open-Meteo Historical Weather API,2025-03-01/2025-05-31,29.58,26.1,53.35,1.05,2208,Open-Meteo Air Quality API,2025-03-01/2025-05-31,4,aucun,0,1,très bon séjour.
2367,couple,lisbonne,été,hôtel,business,15,3510.15,417.56,ensoleillé,23.39,0.06,1,17.22,92,38.72509,-9.1498,Open-Meteo Historical Weather API,2025-06-01/2025-08-31,19.54,10.92,32.89,2.16,2208,Open-Meteo Air Quality API,2025-06-01/2025-08-31,2,aucun,0,1,séjour décevant.
2368,couple,bali,hiver,appartement,business,6,6443.61,903.63,pluie,26.28,11.89,84,14.7,90,-8.65,115.21667,Open-Meteo Historical Weather API,2024-12-01/2025-02-28,12.8,11.67,33.02,1.96,2160,Open-Meteo Air Quality API,2024-12-01/2025-02-28,3,annulation,0,1,séjour correct mais perfectible.
2369,couple,bali,été,hôtel,plage,5,3997.55,1397.29,ensoleillé,25.53,3.21,49,18.92,92,-8.65,115.21667,Open-Meteo Historical Weather API,2025-06-01/2025-08-31,13.38,9.86,30.22,1.86,2208,Open-Meteo Air Quality API,2025-06-01/2025-08-31,4,aucun,0,1,très bon séjour.
2370,solo,dubaï,été,villa,business,14,4656.54,737.2,ensoleillé,35.27,0.0,0,22.79,92,25.07725,55.30927,Open-Meteo Historical Weather API,2025-06-01/2025-08-31,128.17,54.13,71.91,2.19,2208,Open-Meteo Air Quality API,2025-06-01/2025-08-31,3,aucun,0,1,séjour correct mais perfectible.
2371,couple,dubaï,été,hôtel,randonnée,3,5860.86,925.75,ensoleillé,35.27,0.0,0,22.79,92,25.07725,55.30927,Open-Meteo Historical Weather API,2025-06-01/2025-08-31,128.17,54.13,71.91,2.19,2208,Open-Meteo Air Quality API,2025-06-01/2025-08-31,3,aucun,0,1,séjour correct mais perfectible.
2372,couple,sydney,été,appartement,business,8,6684.59,1676.92,variable,12.22,4.06,27,18.74,92,-33.86785,151.20732,Open-Meteo Historical Weather API,2025-06-01/2025-08-31,10.19,9.26,31.56,0.49,2208,Open-Meteo Air Quality API,2025-06-01/2025-08-31,4,aucun,0,1,très bon séjour.
2373,couple,tokyo,printemps,appartement,business,15,5551.56,1357.25,variable,14.52,6.04,44,15.33,92,35.6895,139.69171,Open-Meteo Historical Weather API,2025-03-01/2025-05-31,29.58,26.1,53.35,1.05,2208,Open-Meteo Air Quality API,2025-03-01/2025-05-31,2,aucun,0,1,séjour décevant.
2374,couple,paris,printemps,hôtel,plage,6,5935.38,336.67,nuageux,12.44,1.18,26,14.07,92,48.85341,2.3488,Open-Meteo Historical Weather API,2025-03-01/2025-05-31,15.06,12.04,38.85,0.97,2208,Open-Meteo Air Quality API,2025-03-01/2025-05-31,4,aucun,0,1,très bon séjour.
2375,couple,dubaï,printemps,hôtel,randonnée,17,8428.9,598.79,ensoleillé,28.3,0.01,0,22.56,92,25.07725,55.30927,Open-Meteo Historical Weather API,2025-03-01/2025-05-31,70.72,36.99,63.06,2.2,2208,Open-Meteo Air Quality API,2025-03-01/2025-05-31,3,aucun,0,1,séjour correct mais perfectible.
2376,famille,rome,été,hôtel,randonnée,4,5248.27,390.52,ensoleillé,27.22,1.32,16,14.95,92,41.89193,12.51133,Open-Meteo Historical Weather API,2025-06-01/2025-08-31,15.45,9.67,40.74,2.01,2208,Open-Meteo Air Quality API,2025-06-01/2025-08-31,4,aucun,0,1,très bon séjour.
2377,senior,rome,hiver,appartement,randonnée,14,3762.7,627.66,nuageux,9.23,2.57,28,13.79,90,41.89193,12.51133,Open-Meteo Historical Weather API,2024-12-01/2025-02-28,20.56,17.01,40.29,0.27,2160,Open-Meteo Air Quality API,2024-12-01/2025-02-28,3,aucun,0,1,séjour correct mais perfectible.
2378,solo,paris,printemps,appartement,gastronomie,4,3253.86,391.71,pluie,12.44,1.18,26,14.07,92,48.85341,2.3488,Open-Meteo Historical Weather API,2025-03-01/2025-05-31,15.06,12.04,38.85,0.97,2208,Open-Meteo Air Quality API,2025-03-01/2025-05-31,3,aucun,0,1,séjour correct mais perfectible.
2379,famille,dubaï,été,hôtel,gastronomie,16,7836.36,723.05,ensoleillé,35.27,0.0,0,22.79,92,25.07725,55.30927,Open-Meteo Historical Weather API,2025-06-01/2025-08-31,128.17,54.13,71.91,2.19,2208,Open-Meteo Air Quality API,2025-06-01/2025-08-31,3,aucun,0,1,séjour correct mais perfectible.
2380,business,bali,hiver,hôtel,culture,17,5544.48,1500.48,pluie,26.28,11.89,84,14.7,90,-8.65,115.21667,Open-Meteo Historical Weather API,2024-12-01/2025-02-28,12.8,11.67,33.02,1.96,2160,Open-Meteo Air Quality API,2024-12-01/2025-02-28,2,aucun,0,1,séjour décevant.
2381,business,rome,hiver,hôtel,culture,18,4159.4,559.85,nuageux,9.23,2.57,28,13.79,90,41.89193,12.51133,Open-Meteo Historical Weather API,2024-12-01/2025-02-28,20.56,17.01,40.29,0.27,2160,Open-Meteo Air Quality API,2024-12-01/2025-02-28,2,aucun,0,1,séjour décevant.
2382,famille,paris,été,hôtel,randonnée,8,4202.73,312.55,pluie,21.05,2.58,30,14.41,92,48.85341,2.3488,Open-Meteo Historical Weather API,2025-06-01/2025-08-31,10.28,6.83,31.49,1.5,2208,Open-Meteo Air Quality API,2025-06-01/2025-08-31,3,aucun,0,1,séjour correct mais perfectible.
2383,famille,bali,printemps,resort,plage,7,8621.32,994.03,nuageux,26.99,6.49,65,13.72,92,-8.65,115.21667,Open-Meteo Historical Weather API,2025-03-01/2025-05-31,12.14,10.4,31.68,2.19,2208,Open-Meteo Air Quality API,2025-03-01/2025-05-31,5,bagages,1,1,excellent séjour.
2384,famille,tokyo,automne,hôtel,culture,21,9186.62,1024.99,nuageux,18.79,4.52,34,12.27,91,35.6895,139.69171,Open-Meteo Historical Weather API,2025-09-01/2025-11-30,28.46,27.24,54.08,0.85,2184,Open-Meteo Air Quality API,2025-09-01/2025-11-30,4,aucun,0,1,très bon séjour.
2385,famille,dubaï,automne,hôtel,plage,16,5326.69,565.17,nuageux,29.44,0.0,0,20.09,91,25.07725,55.30927,Open-Meteo Historical Weather API,2025-09-01/2025-11-30,80.53,41.8,60.89,1.56,2184,Open-Meteo Air Quality API,2025-09-01/2025-11-30,3,aucun,0,1,séjour correct mais perfectible.
2386,business,new york,automne,appartement,plage,6,7497.87,835.22,nuageux,13.97,3.07,25,15.38,91,40.71427,-74.00597,Open-Meteo Historical Weather API,2025-09-01/2025-11-30,11.7,11.28,42.27,0.76,2184,Open-Meteo Air Quality API,2025-09-01/2025-11-30,4,aucun,0,1,très bon séjour.
2387,senior,new york,printemps,appartement,culture,3,4528.84,958.93,variable,12.04,4.75,36,17.46,92,40.71427,-74.00597,Open-Meteo Historical Weather API,2025-03-01/2025-05-31,11.88,11.05,41.24,1.07,2208,Open-Meteo Air Quality API,2025-03-01/2025-05-31,2,aucun,0,1,séjour décevant.
2388,famille,sydney,printemps,appartement,randonnée,9,5913.71,978.66,nuageux,19.13,4.44,49,17.74,92,-33.86785,151.20732,Open-Meteo Historical Weather API,2025-03-01/2025-05-31,11.25,9.25,31.84,1.01,2208,Open-Meteo Air Quality API,2025-03-01/2025-05-31,3,aucun,0,1,séjour correct mais perfectible.
2389,business,dubaï,été,hôtel,plage,15,7330.6,869.56,variable,35.27,0.0,0,22.79,92,25.07725,55.30927,Open-Meteo Historical Weather API,2025-06-01/2025-08-31,128.17,54.13,71.91,2.19,2208,Open-Meteo Air Quality API,2025-06-01/2025-08-31,1,aucun,0,1,très mauvaise expérience.
2390,famille,lisbonne,été,villa,randonnée,10,4523.23,542.71,ensoleillé,23.39,0.06,1,17.22,92,38.72509,-9.1498,Open-Meteo Historical Weather API,2025-06-01/2025-08-31,19.54,10.92,32.89,2.16,2208,Open-Meteo Air Quality API,2025-06-01/2025-08-31,4,aucun,0,1,très bon séjour.
2391,solo,dubaï,été,resort,gastronomie,18,6936.81,885.5,ensoleillé,35.27,0.0,0,22.79,92,25.07725,55.30927,Open-Meteo Historical Weather API,2025-06-01/2025-08-31,128.17,54.13,71.91,2.19,2208,Open-Meteo Air Quality API,2025-06-01/2025-08-31,3,aucun,0,1,séjour correct mais perfectible.
2392,business,new york,printemps,resort,business,12,10834.19,838.43,ensoleillé,12.04,4.75,36,17.46,92,40.71427,-74.00597,Open-Meteo Historical Weather API,2025-03-01/2025-05-31,11.88,11.05,41.24,1.07,2208,Open-Meteo Air Quality API,2025-03-01/2025-05-31,4,aucun,0,1,très bon séjour.
2393,couple,dubaï,hiver,hôtel,business,21,8019.56,615.82,ensoleillé,20.21,0.09,2,19.57,90,25.07725,55.30927,Open-Meteo Historical Weather API,2024-12-01/2025-02-28,59.55,32.47,55.0,1.03,2160,Open-Meteo Air Quality API,2024-12-01/2025-02-28,3,aucun,0,1,séjour correct mais perfectible.
2394,famille,paris,hiver,appartement,culture,19,4425.16,402.34,variable,4.95,2.61,35,15.72,90,48.85341,2.3488,Open-Meteo Historical Weather API,2024-12-01/2025-02-28,20.98,17.57,45.01,0.13,2160,Open-Meteo Air Quality API,2024-12-01/2025-02-28,3,aucun,0,1,séjour correct mais perfectible.
2395,solo,paris,hiver,resort,business,11,4262.31,275.85,ensoleillé,4.95,2.61,35,15.72,90,48.85341,2.3488,Open-Meteo Historical Weather API,2024-12-01/2025-02-28,20.98,17.57,45.01,0.13,2160,Open-Meteo Air Quality API,2024-12-01/2025-02-28,3,aucun,0,1,séjour correct mais perfectible.
2396,senior,dubaï,hiver,appartement,gastronomie,18,7480.41,730.59,nuageux,20.21,0.09,2,19.57,90,25.07725,55.30927,Open-Meteo Historical Weather API,2024-12-01/2025-02-28,59.55,32.47,55.0,1.03,2160,Open-Meteo Air Quality API,2024-12-01/2025-02-28,4,aucun,0,1,très bon séjour.
2397,couple,tokyo,automne,appartement,gastronomie,11,4006.72,1054.82,ensoleillé,18.79,4.52,34,12.27,91,35.6895,139.69171,Open-Meteo Historical Weather API,2025-09-01/2025-11-30,28.46,27.24,54.08,0.85,2184,Open-Meteo Air Quality API,2025-09-01/2025-11-30,3,aucun,0,1,séjour correct mais perfectible.
2398,famille,rome,hiver,appartement,business,3,5200.76,541.17,pluie,9.23,2.57,28,13.79,90,41.89193,12.51133,Open-Meteo Historical Weather API,2024-12-01/2025-02-28,20.56,17.01,40.29,0.27,2160,Open-Meteo Air Quality API,2024-12-01/2025-02-28,3,aucun,0,1,séjour correct mais perfectible.
2399,famille,dubaï,été,appartement,randonnée,8,8746.48,739.36,variable,35.27,0.0,0,22.79,92,25.07725,55.30927,Open-Meteo Historical Weather API,2025-06-01/2025-08-31,128.17,54.13,71.91,2.19,2208,Open-Meteo Air Quality API,2025-06-01/2025-08-31,3,aucun,0,1,séjour correct mais perfectible.
2400,solo,paris,automne,villa,business,10,6343.44,318.64,variable,12.33,2.12,33,16.01,91,48.85341,2.3488,Open-Meteo Historical Weather API,2025-09-01/2025-11-30,12.19,8.6,34.88,0.44,2184,Open-Meteo Air Quality API,2025-09-01/2025-11-30,2,retard_vol,0,1,séjour décevant.
2401,solo,tokyo,printemps,hôtel,business,21,5074.17,815.29,ensoleillé,14.52,6.04,44,15.33,92,35.6895,139.69171,Open-Meteo Historical Weather API,2025-03-01/2025-05-31,29.58,26.1,53.35,1.05,2208,Open-Meteo Air Quality API,2025-03-01/2025-05-31,2,aucun,0,1,séjour décevant.
2402,business,rome,été,hôtel,randonnée,18,7062.31,572.8,ensoleillé,27.22,1.32,16,14.95,92,41.89193,12.51133,Open-Meteo Historical Weather API,2025-06-01/2025-08-31,15.45,9.67,40.74,2.01,2208,Open-Meteo Air Quality API,2025-06-01/2025-08-31,3,aucun,0,1,séjour correct mais perfectible.
2403,business,paris,été,appartement,culture,5,4952.7,381.49,ensoleillé,21.05,2.58,30,14.41,92,48.85341,2.3488,Open-Meteo Historical Weather API,2025-06-01/2025-08-31,10.28,6.83,31.49,1.5,2208,Open-Meteo Air Quality API,2025-06-01/2025-08-31,3,aucun,0,1,séjour correct mais perfectible.
2404,senior,sydney,printemps,resort,culture,3,8225.53,1098.27,variable,19.13,4.44,49,17.74,92,-33.86785,151.20732,Open-Meteo Historical Weather API,2025-03-01/2025-05-31,11.25,9.25,31.84,1.01,2208,Open-Meteo Air Quality API,2025-03-01/2025-05-31,4,aucun,0,1,très bon séjour.
2405,business,sydney,printemps,resort,culture,13,11718.07,1120.56,ensoleillé,19.13,4.44,49,17.74,92,-33.86785,151.20732,Open-Meteo Historical Weather API,2025-03-01/2025-05-31,11.25,9.25,31.84,1.01,2208,Open-Meteo Air Quality API,2025-03-01/2025-05-31,3,aucun,0,1,séjour correct mais perfectible.
2406,famille,paris,automne,appartement,randonnée,13,4288.48,383.84,variable,12.33,2.12,33,16.01,91,48.85341,2.3488,Open-Meteo Historical Weather API,2025-09-01/2025-11-30,12.19,8.6,34.88,0.44,2184,Open-Meteo Air Quality API,2025-09-01/2025-11-30,3,aucun,0,1,séjour correct mais perfectible.
2407,solo,paris,été,resort,business,16,3705.36,331.01,nuageux,21.05,2.58,30,14.41,92,48.85341,2.3488,Open-Meteo Historical Weather API,2025-06-01/2025-08-31,10.28,6.83,31.49,1.5,2208,Open-Meteo Air Quality API,2025-06-01/2025-08-31,3,aucun,0,1,séjour correct mais perfectible.
2408,couple,new york,automne,appartement,gastronomie,7,7345.77,694.83,pluie,13.97,3.07,25,15.38,91,40.71427,-74.00597,Open-Meteo Historical Weather API,2025-09-01/2025-11-30,11.7,11.28,42.27,0.76,2184,Open-Meteo Air Quality API,2025-09-01/2025-11-30,4,aucun,0,1,très bon séjour.
2409,couple,paris,automne,hôtel,plage,18,4315.18,406.47,pluie,12.33,2.12,33,16.01,91,48.85341,2.3488,Open-Meteo Historical Weather API,2025-09-01/2025-11-30,12.19,8.6,34.88,0.44,2184,Open-Meteo Air Quality API,2025-09-01/2025-11-30,3,annulation,1,1,séjour correct mais perfectible.
2410,senior,tokyo,printemps,appartement,plage,10,5881.79,1018.6,ensoleillé,14.52,6.04,44,15.33,92,35.6895,139.69171,Open-Meteo Historical Weather API,2025-03-01/2025-05-31,29.58,26.1,53.35,1.05,2208,Open-Meteo Air Quality API,2025-03-01/2025-05-31,3,aucun,0,1,séjour correct mais perfectible.
2411,business,dubaï,été,hôtel,culture,9,5800.15,968.06,ensoleillé,35.27,0.0,0,22.79,92,25.07725,55.30927,Open-Meteo Historical Weather API,2025-06-01/2025-08-31,128.17,54.13,71.91,2.19,2208,Open-Meteo Air Quality API,2025-06-01/2025-08-31,3,annulation,1,1,séjour correct mais perfectible.
2412,senior,sydney,été,resort,gastronomie,10,9803.5,1434.77,ensoleillé,12.22,4.06,27,18.74,92,-33.86785,151.20732,Open-Meteo Historical Weather API,2025-06-01/2025-08-31,10.19,9.26,31.56,0.49,2208,Open-Meteo Air Quality API,2025-06-01/2025-08-31,4,aucun,0,1,très bon séjour.
2413,couple,rome,été,appartement,plage,20,2629.33,530.89,ensoleillé,27.22,1.32,16,14.95,92,41.89193,12.51133,Open-Meteo Historical Weather API,2025-06-01/2025-08-31,15.45,9.67,40.74,2.01,2208,Open-Meteo Air Quality API,2025-06-01/2025-08-31,4,aucun,0,1,très bon séjour.
2414,solo,rome,été,hôtel,gastronomie,10,2291.95,545.94,nuageux,27.22,1.32,16,14.95,92,41.89193,12.51133,Open-Meteo Historical Weather API,2025-06-01/2025-08-31,15.45,9.67,40.74,2.01,2208,Open-Meteo Air Quality API,2025-06-01/2025-08-31,2,aucun,0,1,séjour décevant.
2415,couple,tokyo,été,hôtel,gastronomie,13,7417.27,1548.39,ensoleillé,27.71,2.91,31,13.49,92,35.6895,139.69171,Open-Meteo Historical Weather API,2025-06-01/2025-08-31,24.0,22.42,51.6,1.83,2208,Open-Meteo Air Quality API,2025-06-01/2025-08-31,3,aucun,0,1,séjour correct mais perfectible.
2416,famille,paris,automne,hôtel,plage,19,7370.55,432.27,variable,12.33,2.12,33,16.01,91,48.85341,2.3488,Open-Meteo Historical Weather API,2025-09-01/2025-11-30,12.19,8.6,34.88,0.44,2184,Open-Meteo Air Quality API,2025-09-01/2025-11-30,3,météo,0,1,séjour correct mais perfectible.
2417,famille,new york,printemps,resort,randonnée,3,11352.82,1026.45,variable,12.04,4.75,36,17.46,92,40.71427,-74.00597,Open-Meteo Historical Weather API,2025-03-01/2025-05-31,11.88,11.05,41.24,1.07,2208,Open-Meteo Air Quality API,2025-03-01/2025-05-31,3,aucun,0,1,séjour correct mais perfectible.
2418,solo,bali,été,hôtel,gastronomie,13,4964.0,1203.4,ensoleillé,25.53,3.21,49,18.92,92,-8.65,115.21667,Open-Meteo Historical Weather API,2025-06-01/2025-08-31,13.38,9.86,30.22,1.86,2208,Open-Meteo Air Quality API,2025-06-01/2025-08-31,3,retard_vol,1,1,séjour correct mais perfectible.
2419,famille,tokyo,printemps,hôtel,culture,16,8490.2,863.49,ensoleillé,14.52,6.04,44,15.33,92,35.6895,139.69171,Open-Meteo Historical Weather API,2025-03-01/2025-05-31,29.58,26.1,53.35,1.05,2208,Open-Meteo Air Quality API,2025-03-01/2025-05-31,4,aucun,0,1,très bon séjour.
2420,senior,rome,été,appartement,culture,20,3102.36,603.72,ensoleillé,27.22,1.32,16,14.95,92,41.89193,12.51133,Open-Meteo Historical Weather API,2025-06-01/2025-08-31,15.45,9.67,40.74,2.01,2208,Open-Meteo Air Quality API,2025-06-01/2025-08-31,3,aucun,0,1,séjour correct mais perfectible.
2421,famille,sydney,été,hôtel,plage,4,11071.3,1914.15,ensoleillé,12.22,4.06,27,18.74,92,-33.86785,151.20732,Open-Meteo Historical Weather API,2025-06-01/2025-08-31,10.19,9.26,31.56,0.49,2208,Open-Meteo Air Quality API,2025-06-01/2025-08-31,3,bagages,1,1,séjour correct mais perfectible.
2422,famille,tokyo,été,resort,culture,16,9571.4,1498.33,nuageux,27.71,2.91,31,13.49,92,35.6895,139.69171,Open-Meteo Historical Weather API,2025-06-01/2025-08-31,24.0,22.42,51.6,1.83,2208,Open-Meteo Air Quality API,2025-06-01/2025-08-31,4,météo,1,1,très bon séjour.
2423,business,rome,printemps,resort,business,18,7952.15,451.06,pluie,15.22,3.55,32,13.85,92,41.89193,12.51133,Open-Meteo Historical Weather API,2025-03-01/2025-05-31,15.93,11.65,37.47,1.19,2208,Open-Meteo Air Quality API,2025-03-01/2025-05-31,4,aucun,0,1,très bon séjour.
2424,famille,lisbonne,été,hôtel,plage,9,5265.7,507.14,nuageux,23.39,0.06,1,17.22,92,38.72509,-9.1498,Open-Meteo Historical Weather API,2025-06-01/2025-08-31,19.54,10.92,32.89,2.16,2208,Open-Meteo Air Quality API,2025-06-01/2025-08-31,4,aucun,0,1,très bon séjour.
2425,senior,paris,printemps,hôtel,business,17,4025.58,396.96,nuageux,12.44,1.18,26,14.07,92,48.85341,2.3488,Open-Meteo Historical Weather API,2025-03-01/2025-05-31,15.06,12.04,38.85,0.97,2208,Open-Meteo Air Quality API,2025-03-01/2025-05-31,2,aucun,0,1,séjour décevant.
2426,business,bali,hiver,villa,plage,12,9520.66,1180.83,variable,26.28,11.89,84,14.7,90,-8.65,115.21667,Open-Meteo Historical Weather API,2024-12-01/2025-02-28,12.8,11.67,33.02,1.96,2160,Open-Meteo Air Quality API,2024-12-01/2025-02-28,3,aucun,0,1,séjour correct mais perfectible.
2427,famille,lisbonne,printemps,appartement,culture,15,2987.24,393.16,nuageux,15.64,3.53,41,19.08,92,38.72509,-9.1498,Open-Meteo Historical Weather API,2025-03-01/2025-05-31,15.2,9.48,34.11,1.3,2208,Open-Meteo Air Quality API,2025-03-01/2025-05-31,3,aucun,0,1,séjour correct mais perfectible.
2428,business,paris,automne,hôtel,randonnée,10,4402.24,356.19,variable,12.33,2.12,33,16.01,91,48.85341,2.3488,Open-Meteo Historical Weather API,2025-09-01/2025-11-30,12.19,8.6,34.88,0.44,2184,Open-Meteo Air Quality API,2025-09-01/2025-11-30,3,météo,1,1,séjour correct mais perfectible.
2429,solo,new york,printemps,appartement,culture,6,3811.9,729.42,pluie,12.04,4.75,36,17.46,92,40.71427,-74.00597,Open-Meteo Historical Weather API,2025-03-01/2025-05-31,11.88,11.05,41.24,1.07,2208,Open-Meteo Air Quality API,2025-03-01/2025-05-31,2,aucun,0,1,séjour décevant.
2430,business,new york,automne,resort,business,18,14471.09,745.03,pluie,13.97,3.07,25,15.38,91,40.71427,-74.00597,Open-Meteo Historical Weather API,2025-09-01/2025-11-30,11.7,11.28,42.27,0.76,2184,Open-Meteo Air Quality API,2025-09-01/2025-11-30,4,annulation,0,1,très bon séjour.
2431,business,paris,printemps,hôtel,business,7,5004.83,305.81,ensoleillé,12.44,1.18,26,14.07,92,48.85341,2.3488,Open-Meteo Historical Weather API,2025-03-01/2025-05-31,15.06,12.04,38.85,0.97,2208,Open-Meteo Air Quality API,2025-03-01/2025-05-31,3,aucun,0,1,séjour correct mais perfectible.
2432,business,rome,été,appartement,business,6,5692.48,378.14,pluie,27.22,1.32,16,14.95,92,41.89193,12.51133,Open-Meteo Historical Weather API,2025-06-01/2025-08-31,15.45,9.67,40.74,2.01,2208,Open-Meteo Air Quality API,2025-06-01/2025-08-31,4,aucun,0,1,très bon séjour.
2433,solo,paris,été,resort,business,19,4233.73,423.62,ensoleillé,21.05,2.58,30,14.41,92,48.85341,2.3488,Open-Meteo Historical Weather API,2025-06-01/2025-08-31,10.28,6.83,31.49,1.5,2208,Open-Meteo Air Quality API,2025-06-01/2025-08-31,3,aucun,0,1,séjour correct mais perfectible.
2434,couple,tokyo,été,hôtel,randonnée,20,11134.67,1229.95,ensoleillé,27.71,2.91,31,13.49,92,35.6895,139.69171,Open-Meteo Historical Weather API,2025-06-01/2025-08-31,24.0,22.42,51.6,1.83,2208,Open-Meteo Air Quality API,2025-06-01/2025-08-31,3,aucun,0,1,séjour correct mais perfectible.
2435,business,lisbonne,été,appartement,gastronomie,14,3136.5,509.9,ensoleillé,23.39,0.06,1,17.22,92,38.72509,-9.1498,Open-Meteo Historical Weather API,2025-06-01/2025-08-31,19.54,10.92,32.89,2.16,2208,Open-Meteo Air Quality API,2025-06-01/2025-08-31,3,aucun,0,1,séjour correct mais perfectible.
2436,senior,paris,été,hôtel,culture,14,4783.52,506.72,ensoleillé,21.05,2.58,30,14.41,92,48.85341,2.3488,Open-Meteo Historical Weather API,2025-06-01/2025-08-31,10.28,6.83,31.49,1.5,2208,Open-Meteo Air Quality API,2025-06-01/2025-08-31,4,aucun,0,1,très bon séjour.
2437,solo,rome,automne,hôtel,plage,9,2476.06,557.27,ensoleillé,17.21,4.01,24,12.75,91,41.89193,12.51133,Open-Meteo Historical Weather API,2025-09-01/2025-11-30,13.51,9.22,34.28,0.79,2184,Open-Meteo Air Quality API,2025-09-01/2025-11-30,3,aucun,0,1,séjour correct mais perfectible.
2438,solo,dubaï,été,hôtel,gastronomie,14,4155.26,1036.9,ensoleillé,35.27,0.0,0,22.79,92,25.07725,55.30927,Open-Meteo Historical Weather API,2025-06-01/2025-08-31,128.17,54.13,71.91,2.19,2208,Open-Meteo Air Quality API,2025-06-01/2025-08-31,2,aucun,0,1,séjour décevant.
2439,couple,lisbonne,hiver,appartement,gastronomie,14,3821.07,328.22,variable,12.63,2.92,26,17.53,90,38.72509,-9.1498,Open-Meteo Historical Weather API,2024-12-01/2025-02-28,19.66,13.91,36.49,0.38,2160,Open-Meteo Air Quality API,2024-12-01/2025-02-28,3,aucun,0,1,séjour correct mais perfectible.
2440,business,tokyo,printemps,appartement,business,12,8603.26,779.36,nuageux,14.52,6.04,44,15.33,92,35.6895,139.69171,Open-Meteo Historical Weather API,2025-03-01/2025-05-31,29.58,26.1,53.35,1.05,2208,Open-Meteo Air Quality API,2025-03-01/2025-05-31,4,aucun,0,1,très bon séjour.
2441,senior,bali,été,villa,plage,15,10473.56,1584.34,variable,25.53,3.21,49,18.92,92,-8.65,115.21667,Open-Meteo Historical Weather API,2025-06-01/2025-08-31,13.38,9.86,30.22,1.86,2208,Open-Meteo Air Quality API,2025-06-01/2025-08-31,3,aucun,0,1,séjour correct mais perfectible.
2442,famille,rome,été,hôtel,plage,13,3513.77,663.1,pluie,27.22,1.32,16,14.95,92,41.89193,12.51133,Open-Meteo Historical Weather API,2025-06-01/2025-08-31,15.45,9.67,40.74,2.01,2208,Open-Meteo Air Quality API,2025-06-01/2025-08-31,3,aucun,0,1,séjour correct mais perfectible.
2443,famille,lisbonne,été,appartement,plage,19,3883.86,573.99,ensoleillé,23.39,0.06,1,17.22,92,38.72509,-9.1498,Open-Meteo Historical Weather API,2025-06-01/2025-08-31,19.54,10.92,32.89,2.16,2208,Open-Meteo Air Quality API,2025-06-01/2025-08-31,4,aucun,0,1,très bon séjour.
2444,solo,paris,été,resort,gastronomie,15,3679.8,449.05,nuageux,21.05,2.58,30,14.41,92,48.85341,2.3488,Open-Meteo Historical Weather API,2025-06-01/2025-08-31,10.28,6.83,31.49,1.5,2208,Open-Meteo Air Quality API,2025-06-01/2025-08-31,4,aucun,0,1,très bon séjour.
2445,couple,tokyo,printemps,hôtel,gastronomie,10,5364.0,672.62,nuageux,14.52,6.04,44,15.33,92,35.6895,139.69171,Open-Meteo Historical Weather API,2025-03-01/2025-05-31,29.58,26.1,53.35,1.05,2208,Open-Meteo Air Quality API,2025-03-01/2025-05-31,4,aucun,0,1,très bon séjour.
2446,solo,lisbonne,été,hôtel,gastronomie,15,2728.15,477.91,ensoleillé,23.39,0.06,1,17.22,92,38.72509,-9.1498,Open-Meteo Historical Weather API,2025-06-01/2025-08-31,19.54,10.92,32.89,2.16,2208,Open-Meteo Air Quality API,2025-06-01/2025-08-31,3,aucun,0,1,séjour correct mais perfectible.
2447,famille,bali,été,appartement,randonnée,7,6140.56,1492.67,variable,25.53,3.21,49,18.92,92,-8.65,115.21667,Open-Meteo Historical Weather API,2025-06-01/2025-08-31,13.38,9.86,30.22,1.86,2208,Open-Meteo Air Quality API,2025-06-01/2025-08-31,2,annulation,0,1,séjour décevant.
2448,couple,rome,été,hôtel,randonnée,7,4350.47,650.67,variable,27.22,1.32,16,14.95,92,41.89193,12.51133,Open-Meteo Historical Weather API,2025-06-01/2025-08-31,15.45,9.67,40.74,2.01,2208,Open-Meteo Air Quality API,2025-06-01/2025-08-31,3,aucun,0,1,séjour correct mais perfectible.
2449,solo,sydney,été,resort,gastronomie,18,8545.03,1928.75,ensoleillé,12.22,4.06,27,18.74,92,-33.86785,151.20732,Open-Meteo Historical Weather API,2025-06-01/2025-08-31,10.19,9.26,31.56,0.49,2208,Open-Meteo Air Quality API,2025-06-01/2025-08-31,3,bagages,1,1,séjour correct mais perfectible.
2450,solo,rome,automne,resort,plage,14,4613.75,523.68,variable,17.21,4.01,24,12.75,91,41.89193,12.51133,Open-Meteo Historical Weather API,2025-09-01/2025-11-30,13.51,9.22,34.28,0.79,2184,Open-Meteo Air Quality API,2025-09-01/2025-11-30,3,retard_vol,1,1,séjour correct mais perfectible.
2451,solo,new york,été,hôtel,culture,4,6860.2,896.97,ensoleillé,24.52,2.28,32,14.21,92,40.71427,-74.00597,Open-Meteo Historical Weather API,2025-06-01/2025-08-31,18.13,17.43,51.89,1.61,2208,Open-Meteo Air Quality API,2025-06-01/2025-08-31,4,aucun,0,1,très bon séjour.
2452,business,sydney,automne,villa,plage,9,10970.38,1059.19,variable,19.17,1.74,22,21.07,91,-33.86785,151.20732,Open-Meteo Historical Weather API,2025-09-01/2025-11-30,10.98,9.17,34.45,1.63,2184,Open-Meteo Air Quality API,2025-09-01/2025-11-30,3,aucun,0,1,séjour correct mais perfectible.
2453,solo,tokyo,hiver,appartement,culture,21,5969.75,1150.92,pluie,6.08,0.56,8,14.28,90,35.6895,139.69171,Open-Meteo Historical Weather API,2024-12-01/2025-02-28,31.02,30.0,55.43,0.51,2160,Open-Meteo Air Quality API,2024-12-01/2025-02-28,2,aucun,0,1,séjour décevant.
2454,business,new york,été,resort,gastronomie,15,15908.72,859.94,ensoleillé,24.52,2.28,32,14.21,92,40.71427,-74.00597,Open-Meteo Historical Weather API,2025-06-01/2025-08-31,18.13,17.43,51.89,1.61,2208,Open-Meteo Air Quality API,2025-06-01/2025-08-31,4,aucun,0,1,très bon séjour.
2455,solo,dubaï,été,appartement,business,19,3691.25,1045.32,nuageux,35.27,0.0,0,22.79,92,25.07725,55.30927,Open-Meteo Historical Weather API,2025-06-01/2025-08-31,128.17,54.13,71.91,2.19,2208,Open-Meteo Air Quality API,2025-06-01/2025-08-31,1,aucun,0,1,très mauvaise expérience.
2456,solo,rome,printemps,resort,culture,13,2449.45,311.93,nuageux,15.22,3.55,32,13.85,92,41.89193,12.51133,Open-Meteo Historical Weather API,2025-03-01/2025-05-31,15.93,11.65,37.47,1.19,2208,Open-Meteo Air Quality API,2025-03-01/2025-05-31,3,aucun,0,1,séjour correct mais perfectible.
2457,solo,dubaï,printemps,appartement,gastronomie,3,2792.76,771.43,ensoleillé,28.3,0.01,0,22.56,92,25.07725,55.30927,Open-Meteo Historical Weather API,2025-03-01/2025-05-31,70.72,36.99,63.06,2.2,2208,Open-Meteo Air Quality API,2025-03-01/2025-05-31,2,aucun,0,1,séjour décevant.
2458,famille,new york,été,hôtel,culture,6,7438.69,1060.69,nuageux,24.52,2.28,32,14.21,92,40.71427,-74.00597,Open-Meteo Historical Weather API,2025-06-01/2025-08-31,18.13,17.43,51.89,1.61,2208,Open-Meteo Air Quality API,2025-06-01/2025-08-31,4,aucun,0,1,très bon séjour.
2459,couple,bali,printemps,resort,plage,4,11184.11,1107.2,pluie,26.99,6.49,65,13.72,92,-8.65,115.21667,Open-Meteo Historical Weather API,2025-03-01/2025-05-31,12.14,10.4,31.68,2.19,2208,Open-Meteo Air Quality API,2025-03-01/2025-05-31,4,bagages,0,1,très bon séjour.
2460,solo,lisbonne,automne,hôtel,plage,16,2601.74,316.72,nuageux,18.72,2.83,21,17.54,91,38.72509,-9.1498,Open-Meteo Historical Weather API,2025-09-01/2025-11-30,15.83,9.72,31.17,0.9,2184,Open-Meteo Air Quality API,2025-09-01/2025-11-30,3,aucun,0,1,séjour correct mais perfectible.
2461,senior,tokyo,printemps,resort,gastronomie,17,7799.58,660.32,pluie,14.52,6.04,44,15.33,92,35.6895,139.69171,Open-Meteo Historical Weather API,2025-03-01/2025-05-31,29.58,26.1,53.35,1.05,2208,Open-Meteo Air Quality API,2025-03-01/2025-05-31,2,aucun,0,1,séjour décevant.
2462,solo,dubaï,hiver,resort,business,11,5197.17,633.04,ensoleillé,20.21,0.09,2,19.57,90,25.07725,55.30927,Open-Meteo Historical Weather API,2024-12-01/2025-02-28,59.55,32.47,55.0,1.03,2160,Open-Meteo Air Quality API,2024-12-01/2025-02-28,4,aucun,0,1,très bon séjour.
2463,famille,tokyo,été,hôtel,business,16,6196.67,1124.39,ensoleillé,27.71,2.91,31,13.49,92,35.6895,139.69171,Open-Meteo Historical Weather API,2025-06-01/2025-08-31,24.0,22.42,51.6,1.83,2208,Open-Meteo Air Quality API,2025-06-01/2025-08-31,3,aucun,0,1,séjour correct mais perfectible.
2464,solo,paris,printemps,villa,randonnée,13,6473.34,420.04,nuageux,12.44,1.18,26,14.07,92,48.85341,2.3488,Open-Meteo Historical Weather API,2025-03-01/2025-05-31,15.06,12.04,38.85,0.97,2208,Open-Meteo Air Quality API,2025-03-01/2025-05-31,4,aucun,0,1,très bon séjour.
2465,famille,bali,hiver,hôtel,randonnée,17,6985.58,987.95,nuageux,26.28,11.89,84,14.7,90,-8.65,115.21667,Open-Meteo Historical Weather API,2024-12-01/2025-02-28,12.8,11.67,33.02,1.96,2160,Open-Meteo Air Quality API,2024-12-01/2025-02-28,2,retard_vol,0,1,séjour décevant.
2466,business,tokyo,été,hôtel,business,15,13888.64,1339.98,ensoleillé,27.71,2.91,31,13.49,92,35.6895,139.69171,Open-Meteo Historical Weather API,2025-06-01/2025-08-31,24.0,22.42,51.6,1.83,2208,Open-Meteo Air Quality API,2025-06-01/2025-08-31,3,bagages,0,1,séjour correct mais perfectible.
2467,business,bali,été,hôtel,gastronomie,11,8821.1,1041.36,variable,25.53,3.21,49,18.92,92,-8.65,115.21667,Open-Meteo Historical Weather API,2025-06-01/2025-08-31,13.38,9.86,30.22,1.86,2208,Open-Meteo Air Quality API,2025-06-01/2025-08-31,3,aucun,0,1,séjour correct mais perfectible.
2468,solo,sydney,hiver,resort,plage,15,8727.48,1412.38,variable,22.44,3.42,39,20.67,90,-33.86785,151.20732,Open-Meteo Historical Weather API,2024-12-01/2025-02-28,12.57,9.86,34.15,2.24,2160,Open-Meteo Air Quality API,2024-12-01/2025-02-28,4,aucun,0,1,très bon séjour.
2469,solo,tokyo,été,hôtel,randonnée,9,5180.54,739.95,ensoleillé,27.71,2.91,31,13.49,92,35.6895,139.69171,Open-Meteo Historical Weather API,2025-06-01/2025-08-31,24.0,22.42,51.6,1.83,2208,Open-Meteo Air Quality API,2025-06-01/2025-08-31,4,aucun,0,1,très bon séjour.
2470,couple,paris,été,resort,business,17,4939.83,568.76,ensoleillé,21.05,2.58,30,14.41,92,48.85341,2.3488,Open-Meteo Historical Weather API,2025-06-01/2025-08-31,10.28,6.83,31.49,1.5,2208,Open-Meteo Air Quality API,2025-06-01/2025-08-31,3,aucun,0,1,séjour correct mais perfectible.
2471,couple,new york,été,appartement,business,20,4769.32,977.53,variable,24.52,2.28,32,14.21,92,40.71427,-74.00597,Open-Meteo Historical Weather API,2025-06-01/2025-08-31,18.13,17.43,51.89,1.61,2208,Open-Meteo Air Quality API,2025-06-01/2025-08-31,2,annulation,0,1,séjour décevant.
2472,senior,rome,printemps,hôtel,business,6,2854.46,223.65,variable,15.22,3.55,32,13.85,92,41.89193,12.51133,Open-Meteo Historical Weather API,2025-03-01/2025-05-31,15.93,11.65,37.47,1.19,2208,Open-Meteo Air Quality API,2025-03-01/2025-05-31,2,aucun,0,1,séjour décevant.
2473,business,bali,printemps,villa,plage,15,13488.22,1001.43,ensoleillé,26.99,6.49,65,13.72,92,-8.65,115.21667,Open-Meteo Historical Weather API,2025-03-01/2025-05-31,12.14,10.4,31.68,2.19,2208,Open-Meteo Air Quality API,2025-03-01/2025-05-31,4,aucun,0,1,très bon séjour.
2474,solo,bali,automne,hôtel,business,5,4085.98,968.74,nuageux,26.3,6.82,61,14.71,91,-8.65,115.21667,Open-Meteo Historical Weather API,2025-09-01/2025-11-30,14.48,11.69,32.66,2.5,2184,Open-Meteo Air Quality API,2025-09-01/2025-11-30,4,aucun,0,1,très bon séjour.
2475,couple,sydney,été,resort,plage,10,12397.89,1352.92,ensoleillé,12.22,4.06,27,18.74,92,-33.86785,151.20732,Open-Meteo Historical Weather API,2025-06-01/2025-08-31,10.19,9.26,31.56,0.49,2208,Open-Meteo Air Quality API,2025-06-01/2025-08-31,4,retard_vol,1,1,très bon séjour.
2476,famille,sydney,hiver,hôtel,business,15,9711.97,1214.67,ensoleillé,22.44,3.42,39,20.67,90,-33.86785,151.20732,Open-Meteo Historical Weather API,2024-12-01/2025-02-28,12.57,9.86,34.15,2.24,2160,Open-Meteo Air Quality API,2024-12-01/2025-02-28,4,aucun,0,1,très bon séjour.
2477,famille,bali,automne,appartement,business,8,5469.96,1012.84,ensoleillé,26.3,6.82,61,14.71,91,-8.65,115.21667,Open-Meteo Historical Weather API,2025-09-01/2025-11-30,14.48,11.69,32.66,2.5,2184,Open-Meteo Air Quality API,2025-09-01/2025-11-30,3,aucun,0,1,séjour correct mais perfectible.
2478,famille,new york,hiver,appartement,randonnée,7,5042.55,725.09,pluie,-0.0,2.34,32,16.49,90,40.71427,-74.00597,Open-Meteo Historical Weather API,2024-12-01/2025-02-28,14.23,13.56,43.36,0.34,2160,Open-Meteo Air Quality API,2024-12-01/2025-02-28,2,aucun,0,1,séjour décevant.
2479,couple,tokyo,été,hôtel,plage,10,8104.33,980.59,nuageux,27.71,2.91,31,13.49,92,35.6895,139.69171,Open-Meteo Historical Weather API,2025-06-01/2025-08-31,24.0,22.42,51.6,1.83,2208,Open-Meteo Air Quality API,2025-06-01/2025-08-31,3,aucun,0,1,séjour correct mais perfectible.
2480,senior,tokyo,été,hôtel,culture,5,6872.72,1422.28,variable,27.71,2.91,31,13.49,92,35.6895,139.69171,Open-Meteo Historical Weather API,2025-06-01/2025-08-31,24.0,22.42,51.6,1.83,2208,Open-Meteo Air Quality API,2025-06-01/2025-08-31,3,météo,1,1,séjour correct mais perfectible.
2481,solo,tokyo,automne,hôtel,plage,14,6558.09,1277.01,nuageux,18.79,4.52,34,12.27,91,35.6895,139.69171,Open-Meteo Historical Weather API,2025-09-01/2025-11-30,28.46,27.24,54.08,0.85,2184,Open-Meteo Air Quality API,2025-09-01/2025-11-30,4,météo,1,1,très bon séjour.
2482,famille,sydney,automne,hôtel,gastronomie,5,7945.81,1240.43,nuageux,19.17,1.74,22,21.07,91,-33.86785,151.20732,Open-Meteo Historical Weather API,2025-09-01/2025-11-30,10.98,9.17,34.45,1.63,2184,Open-Meteo Air Quality API,2025-09-01/2025-11-30,3,aucun,0,1,séjour correct mais perfectible.
2483,famille,dubaï,printemps,villa,randonnée,9,12875.93,697.78,ensoleillé,28.3,0.01,0,22.56,92,25.07725,55.30927,Open-Meteo Historical Weather API,2025-03-01/2025-05-31,70.72,36.99,63.06,2.2,2208,Open-Meteo Air Quality API,2025-03-01/2025-05-31,4,aucun,0,1,très bon séjour.
2484,couple,sydney,été,resort,gastronomie,8,13950.11,1223.0,ensoleillé,12.22,4.06,27,18.74,92,-33.86785,151.20732,Open-Meteo Historical Weather API,2025-06-01/2025-08-31,10.19,9.26,31.56,0.49,2208,Open-Meteo Air Quality API,2025-06-01/2025-08-31,5,aucun,0,1,excellent séjour.
2485,business,rome,printemps,resort,business,21,7121.62,455.75,ensoleillé,15.22,3.55,32,13.85,92,41.89193,12.51133,Open-Meteo Historical Weather API,2025-03-01/2025-05-31,15.93,11.65,37.47,1.19,2208,Open-Meteo Air Quality API,2025-03-01/2025-05-31,3,aucun,0,1,séjour correct mais perfectible.
2486,couple,bali,été,villa,business,21,10543.15,1413.17,variable,25.53,3.21,49,18.92,92,-8.65,115.21667,Open-Meteo Historical Weather API,2025-06-01/2025-08-31,13.38,9.86,30.22,1.86,2208,Open-Meteo Air Quality API,2025-06-01/2025-08-31,3,aucun,0,1,séjour correct mais perfectible.
2487,business,bali,été,appartement,gastronomie,4,7154.56,1303.41,ensoleillé,25.53,3.21,49,18.92,92,-8.65,115.21667,Open-Meteo Historical Weather API,2025-06-01/2025-08-31,13.38,9.86,30.22,1.86,2208,Open-Meteo Air Quality API,2025-06-01/2025-08-31,4,aucun,0,1,très bon séjour.
2488,business,new york,hiver,appartement,randonnée,5,10461.74,910.6,pluie,-0.0,2.34,32,16.49,90,40.71427,-74.00597,Open-Meteo Historical Weather API,2024-12-01/2025-02-28,14.23,13.56,43.36,0.34,2160,Open-Meteo Air Quality API,2024-12-01/2025-02-28,2,bagages,1,1,séjour décevant.
2489,famille,new york,hiver,hôtel,business,16,8956.83,897.23,nuageux,-0.0,2.34,32,16.49,90,40.71427,-74.00597,Open-Meteo Historical Weather API,2024-12-01/2025-02-28,14.23,13.56,43.36,0.34,2160,Open-Meteo Air Quality API,2024-12-01/2025-02-28,3,aucun,0,1,séjour correct mais perfectible.
2490,solo,tokyo,hiver,hôtel,gastronomie,8,6314.64,850.77,pluie,6.08,0.56,8,14.28,90,35.6895,139.69171,Open-Meteo Historical Weather API,2024-12-01/2025-02-28,31.02,30.0,55.43,0.51,2160,Open-Meteo Air Quality API,2024-12-01/2025-02-28,2,météo,1,1,séjour décevant.
2491,senior,bali,hiver,hôtel,plage,15,5842.99,1396.96,variable,26.28,11.89,84,14.7,90,-8.65,115.21667,Open-Meteo Historical Weather API,2024-12-01/2025-02-28,12.8,11.67,33.02,1.96,2160,Open-Meteo Air Quality API,2024-12-01/2025-02-28,3,météo,0,1,séjour correct mais perfectible.
2492,couple,lisbonne,printemps,hôtel,business,20,2986.68,365.8,variable,15.64,3.53,41,19.08,92,38.72509,-9.1498,Open-Meteo Historical Weather API,2025-03-01/2025-05-31,15.2,9.48,34.11,1.3,2208,Open-Meteo Air Quality API,2025-03-01/2025-05-31,2,aucun,0,1,séjour décevant.
2493,famille,bali,automne,hôtel,business,6,5234.86,1496.84,ensoleillé,26.3,6.82,61,14.71,91,-8.65,115.21667,Open-Meteo Historical Weather API,2025-09-01/2025-11-30,14.48,11.69,32.66,2.5,2184,Open-Meteo Air Quality API,2025-09-01/2025-11-30,3,aucun,0,1,séjour correct mais perfectible.
2494,senior,sydney,été,hôtel,randonnée,21,9961.25,1650.09,variable,12.22,4.06,27,18.74,92,-33.86785,151.20732,Open-Meteo Historical Weather API,2025-06-01/2025-08-31,10.19,9.26,31.56,0.49,2208,Open-Meteo Air Quality API,2025-06-01/2025-08-31,2,aucun,0,1,séjour décevant.
2495,senior,lisbonne,été,hôtel,plage,3,2661.31,607.48,ensoleillé,23.39,0.06,1,17.22,92,38.72509,-9.1498,Open-Meteo Historical Weather API,2025-06-01/2025-08-31,19.54,10.92,32.89,2.16,2208,Open-Meteo Air Quality API,2025-06-01/2025-08-31,4,aucun,0,1,très bon séjour.
2496,solo,paris,automne,resort,plage,7,5447.94,424.04,variable,12.33,2.12,33,16.01,91,48.85341,2.3488,Open-Meteo Historical Weather API,2025-09-01/2025-11-30,12.19,8.6,34.88,0.44,2184,Open-Meteo Air Quality API,2025-09-01/2025-11-30,3,aucun,0,1,séjour correct mais perfectible.
2497,solo,dubaï,été,hôtel,gastronomie,12,5344.1,859.78,ensoleillé,35.27,0.0,0,22.79,92,25.07725,55.30927,Open-Meteo Historical Weather API,2025-06-01/2025-08-31,128.17,54.13,71.91,2.19,2208,Open-Meteo Air Quality API,2025-06-01/2025-08-31,3,aucun,0,1,séjour correct mais perfectible.
2498,famille,rome,printemps,hôtel,randonnée,19,5943.46,391.43,nuageux,15.22,3.55,32,13.85,92,41.89193,12.51133,Open-Meteo Historical Weather API,2025-03-01/2025-05-31,15.93,11.65,37.47,1.19,2208,Open-Meteo Air Quality API,2025-03-01/2025-05-31,3,aucun,0,1,séjour correct mais perfectible.
2499,business,new york,automne,hôtel,culture,13,7980.87,742.66,pluie,13.97,3.07,25,15.38,91,40.71427,-74.00597,Open-Meteo Historical Weather API,2025-09-01/2025-11-30,11.7,11.28,42.27,0.76,2184,Open-Meteo Air Quality API,2025-09-01/2025-11-30,3,aucun,0,1,séjour correct mais perfectible.
2500,couple,sydney,été,resort,culture,5,8466.9,1681.18,pluie,12.22,4.06,27,18.74,92,-33.86785,151.20732,Open-Meteo Historical Weather API,2025-06-01/2025-08-31,10.19,9.26,31.56,0.49,2208,Open-Meteo Air Quality API,2025-06-01/2025-08-31,3,aucun,0,1,séjour correct mais perfectible.
2501,famille,lisbonne,été,appartement,plage,7,3677.39,459.95,pluie,23.39,0.06,1,17.22,92,38.72509,-9.1498,Open-Meteo Historical Weather API,2025-06-01/2025-08-31,19.54,10.92,32.89,2.16,2208,Open-Meteo Air Quality API,2025-06-01/2025-08-31,4,retard_vol,0,1,très bon séjour.
2502,business,lisbonne,automne,appartement,business,17,3452.68,339.71,ensoleillé,18.72,2.83,21,17.54,91,38.72509,-9.1498,Open-Meteo Historical Weather API,2025-09-01/2025-11-30,15.83,9.72,31.17,0.9,2184,Open-Meteo Air Quality API,2025-09-01/2025-11-30,3,aucun,0,1,séjour correct mais perfectible.
2503,senior,lisbonne,été,hôtel,plage,13,2493.77,515.64,pluie,23.39,0.06,1,17.22,92,38.72509,-9.1498,Open-Meteo Historical Weather API,2025-06-01/2025-08-31,19.54,10.92,32.89,2.16,2208,Open-Meteo Air Quality API,2025-06-01/2025-08-31,3,aucun,0,1,séjour correct mais perfectible.
2504,business,rome,été,hôtel,plage,3,7667.31,534.71,ensoleillé,27.22,1.32,16,14.95,92,41.89193,12.51133,Open-Meteo Historical Weather API,2025-06-01/2025-08-31,15.45,9.67,40.74,2.01,2208,Open-Meteo Air Quality API,2025-06-01/2025-08-31,3,aucun,0,1,séjour correct mais perfectible.
2505,couple,rome,automne,hôtel,culture,12,3551.33,517.96,ensoleillé,17.21,4.01,24,12.75,91,41.89193,12.51133,Open-Meteo Historical Weather API,2025-09-01/2025-11-30,13.51,9.22,34.28,0.79,2184,Open-Meteo Air Quality API,2025-09-01/2025-11-30,4,aucun,0,1,très bon séjour.
2506,famille,rome,printemps,hôtel,culture,10,3864.03,370.99,ensoleillé,15.22,3.55,32,13.85,92,41.89193,12.51133,Open-Meteo Historical Weather API,2025-03-01/2025-05-31,15.93,11.65,37.47,1.19,2208,Open-Meteo Air Quality API,2025-03-01/2025-05-31,4,aucun,0,1,très bon séjour.
2507,senior,bali,automne,hôtel,business,3,5576.24,1356.89,ensoleillé,26.3,6.82,61,14.71,91,-8.65,115.21667,Open-Meteo Historical Weather API,2025-09-01/2025-11-30,14.48,11.69,32.66,2.5,2184,Open-Meteo Air Quality API,2025-09-01/2025-11-30,4,annulation,1,1,très bon séjour.
2508,senior,new york,hiver,villa,gastronomie,7,12651.69,926.65,ensoleillé,-0.0,2.34,32,16.49,90,40.71427,-74.00597,Open-Meteo Historical Weather API,2024-12-01/2025-02-28,14.23,13.56,43.36,0.34,2160,Open-Meteo Air Quality API,2024-12-01/2025-02-28,4,aucun,0,1,très bon séjour.
2509,solo,paris,hiver,hôtel,gastronomie,20,1959.3,425.45,pluie,4.95,2.61,35,15.72,90,48.85341,2.3488,Open-Meteo Historical Weather API,2024-12-01/2025-02-28,20.98,17.57,45.01,0.13,2160,Open-Meteo Air Quality API,2024-12-01/2025-02-28,2,bagages,0,1,séjour décevant.
2510,solo,sydney,été,hôtel,culture,16,7423.54,1803.89,ensoleillé,12.22,4.06,27,18.74,92,-33.86785,151.20732,Open-Meteo Historical Weather API,2025-06-01/2025-08-31,10.19,9.26,31.56,0.49,2208,Open-Meteo Air Quality API,2025-06-01/2025-08-31,3,aucun,0,1,séjour correct mais perfectible.
2511,couple,tokyo,hiver,appartement,culture,4,4982.33,1033.94,pluie,6.08,0.56,8,14.28,90,35.6895,139.69171,Open-Meteo Historical Weather API,2024-12-01/2025-02-28,31.02,30.0,55.43,0.51,2160,Open-Meteo Air Quality API,2024-12-01/2025-02-28,3,aucun,0,1,séjour correct mais perfectible.
2512,couple,paris,automne,resort,culture,3,6878.27,339.58,ensoleillé,12.33,2.12,33,16.01,91,48.85341,2.3488,Open-Meteo Historical Weather API,2025-09-01/2025-11-30,12.19,8.6,34.88,0.44,2184,Open-Meteo Air Quality API,2025-09-01/2025-11-30,5,aucun,0,1,excellent séjour.
2513,famille,sydney,hiver,hôtel,randonnée,9,8027.56,1717.23,pluie,22.44,3.42,39,20.67,90,-33.86785,151.20732,Open-Meteo Historical Weather API,2024-12-01/2025-02-28,12.57,9.86,34.15,2.24,2160,Open-Meteo Air Quality API,2024-12-01/2025-02-28,3,aucun,0,1,séjour correct mais perfectible.
2514,famille,paris,été,hôtel,business,11,8600.57,391.4,ensoleillé,21.05,2.58,30,14.41,92,48.85341,2.3488,Open-Meteo Historical Weather API,2025-06-01/2025-08-31,10.28,6.83,31.49,1.5,2208,Open-Meteo Air Quality API,2025-06-01/2025-08-31,3,aucun,0,1,séjour correct mais perfectible.
2515,famille,new york,printemps,villa,randonnée,11,12335.16,964.51,ensoleillé,12.04,4.75,36,17.46,92,40.71427,-74.00597,Open-Meteo Historical Weather API,2025-03-01/2025-05-31,11.88,11.05,41.24,1.07,2208,Open-Meteo Air Quality API,2025-03-01/2025-05-31,3,aucun,0,1,séjour correct mais perfectible.
2516,business,bali,automne,hôtel,randonnée,16,6542.7,1071.05,pluie,26.3,6.82,61,14.71,91,-8.65,115.21667,Open-Meteo Historical Weather API,2025-09-01/2025-11-30,14.48,11.69,32.66,2.5,2184,Open-Meteo Air Quality API,2025-09-01/2025-11-30,3,aucun,0,1,séjour correct mais perfectible.
2517,famille,new york,printemps,resort,randonnée,6,9664.42,565.13,variable,12.04,4.75,36,17.46,92,40.71427,-74.00597,Open-Meteo Historical Weather API,2025-03-01/2025-05-31,11.88,11.05,41.24,1.07,2208,Open-Meteo Air Quality API,2025-03-01/2025-05-31,3,météo,0,1,séjour correct mais perfectible.
2518,famille,dubaï,hiver,appartement,randonnée,3,6538.85,545.36,variable,20.21,0.09,2,19.57,90,25.07725,55.30927,Open-Meteo Historical Weather API,2024-12-01/2025-02-28,59.55,32.47,55.0,1.03,2160,Open-Meteo Air Quality API,2024-12-01/2025-02-28,3,aucun,0,1,séjour correct mais perfectible.
2519,solo,dubaï,hiver,hôtel,randonnée,15,5087.38,751.15,nuageux,20.21,0.09,2,19.57,90,25.07725,55.30927,Open-Meteo Historical Weather API,2024-12-01/2025-02-28,59.55,32.47,55.0,1.03,2160,Open-Meteo Air Quality API,2024-12-01/2025-02-28,3,aucun,0,1,séjour correct mais perfectible.
2520,famille,lisbonne,été,appartement,gastronomie,20,3722.49,504.99,variable,23.39,0.06,1,17.22,92,38.72509,-9.1498,Open-Meteo Historical Weather API,2025-06-01/2025-08-31,19.54,10.92,32.89,2.16,2208,Open-Meteo Air Quality API,2025-06-01/2025-08-31,2,aucun,0,1,séjour décevant.
2521,famille,new york,automne,hôtel,culture,6,8277.44,912.61,nuageux,13.97,3.07,25,15.38,91,40.71427,-74.00597,Open-Meteo Historical Weather API,2025-09-01/2025-11-30,11.7,11.28,42.27,0.76,2184,Open-Meteo Air Quality API,2025-09-01/2025-11-30,3,aucun,0,1,séjour correct mais perfectible.
2522,solo,dubaï,automne,hôtel,gastronomie,9,3412.63,844.39,variable,29.44,0.0,0,20.09,91,25.07725,55.30927,Open-Meteo Historical Weather API,2025-09-01/2025-11-30,80.53,41.8,60.89,1.56,2184,Open-Meteo Air Quality API,2025-09-01/2025-11-30,3,aucun,0,1,séjour correct mais perfectible.
2523,couple,tokyo,printemps,hôtel,business,14,7031.07,1123.95,ensoleillé,14.52,6.04,44,15.33,92,35.6895,139.69171,Open-Meteo Historical Weather API,2025-03-01/2025-05-31,29.58,26.1,53.35,1.05,2208,Open-Meteo Air Quality API,2025-03-01/2025-05-31,3,aucun,0,1,séjour correct mais perfectible.
2524,solo,dubaï,printemps,villa,gastronomie,6,8046.69,602.32,ensoleillé,28.3,0.01,0,22.56,92,25.07725,55.30927,Open-Meteo Historical Weather API,2025-03-01/2025-05-31,70.72,36.99,63.06,2.2,2208,Open-Meteo Air Quality API,2025-03-01/2025-05-31,3,aucun,0,1,séjour correct mais perfectible.
2525,senior,bali,hiver,hôtel,gastronomie,19,5021.97,1273.02,ensoleillé,26.28,11.89,84,14.7,90,-8.65,115.21667,Open-Meteo Historical Weather API,2024-12-01/2025-02-28,12.8,11.67,33.02,1.96,2160,Open-Meteo Air Quality API,2024-12-01/2025-02-28,2,aucun,0,1,séjour décevant.
2526,famille,lisbonne,été,hôtel,plage,7,4752.77,462.09,nuageux,23.39,0.06,1,17.22,92,38.72509,-9.1498,Open-Meteo Historical Weather API,2025-06-01/2025-08-31,19.54,10.92,32.89,2.16,2208,Open-Meteo Air Quality API,2025-06-01/2025-08-31,4,aucun,0,1,très bon séjour.
2527,senior,new york,été,villa,business,13,9987.21,899.09,ensoleillé,24.52,2.28,32,14.21,92,40.71427,-74.00597,Open-Meteo Historical Weather API,2025-06-01/2025-08-31,18.13,17.43,51.89,1.61,2208,Open-Meteo Air Quality API,2025-06-01/2025-08-31,4,aucun,0,1,très bon séjour.
2528,senior,sydney,printemps,hôtel,plage,9,7416.84,1410.57,ensoleillé,19.13,4.44,49,17.74,92,-33.86785,151.20732,Open-Meteo Historical Weather API,2025-03-01/2025-05-31,11.25,9.25,31.84,1.01,2208,Open-Meteo Air Quality API,2025-03-01/2025-05-31,4,aucun,0,1,très bon séjour.
2529,business,dubaï,été,appartement,plage,15,8801.1,837.8,ensoleillé,35.27,0.0,0,22.79,92,25.07725,55.30927,Open-Meteo Historical Weather API,2025-06-01/2025-08-31,128.17,54.13,71.91,2.19,2208,Open-Meteo Air Quality API,2025-06-01/2025-08-31,2,aucun,0,1,séjour décevant.
2530,solo,tokyo,automne,appartement,business,6,2771.25,935.65,variable,18.79,4.52,34,12.27,91,35.6895,139.69171,Open-Meteo Historical Weather API,2025-09-01/2025-11-30,28.46,27.24,54.08,0.85,2184,Open-Meteo Air Quality API,2025-09-01/2025-11-30,2,bagages,1,1,séjour décevant.
2531,solo,tokyo,hiver,resort,gastronomie,4,5823.78,1016.38,pluie,6.08,0.56,8,14.28,90,35.6895,139.69171,Open-Meteo Historical Weather API,2024-12-01/2025-02-28,31.02,30.0,55.43,0.51,2160,Open-Meteo Air Quality API,2024-12-01/2025-02-28,3,aucun,0,1,séjour correct mais perfectible.
2532,solo,new york,printemps,appartement,plage,12,5403.44,1066.28,pluie,12.04,4.75,36,17.46,92,40.71427,-74.00597,Open-Meteo Historical Weather API,2025-03-01/2025-05-31,11.88,11.05,41.24,1.07,2208,Open-Meteo Air Quality API,2025-03-01/2025-05-31,4,aucun,0,1,très bon séjour.
2533,business,lisbonne,hiver,appartement,gastronomie,19,5175.63,474.45,ensoleillé,12.63,2.92,26,17.53,90,38.72509,-9.1498,Open-Meteo Historical Weather API,2024-12-01/2025-02-28,19.66,13.91,36.49,0.38,2160,Open-Meteo Air Quality API,2024-12-01/2025-02-28,3,aucun,0,1,séjour correct mais perfectible.
2534,famille,bali,hiver,hôtel,gastronomie,15,10715.81,1188.95,variable,26.28,11.89,84,14.7,90,-8.65,115.21667,Open-Meteo Historical Weather API,2024-12-01/2025-02-28,12.8,11.67,33.02,1.96,2160,Open-Meteo Air Quality API,2024-12-01/2025-02-28,4,aucun,0,1,très bon séjour.
2535,senior,bali,hiver,villa,plage,17,8635.11,1161.85,ensoleillé,26.28,11.89,84,14.7,90,-8.65,115.21667,Open-Meteo Historical Weather API,2024-12-01/2025-02-28,12.8,11.67,33.02,1.96,2160,Open-Meteo Air Quality API,2024-12-01/2025-02-28,4,aucun,0,1,très bon séjour.
2536,solo,sydney,été,villa,culture,11,9423.19,1138.31,ensoleillé,12.22,4.06,27,18.74,92,-33.86785,151.20732,Open-Meteo Historical Weather API,2025-06-01/2025-08-31,10.19,9.26,31.56,0.49,2208,Open-Meteo Air Quality API,2025-06-01/2025-08-31,5,aucun,0,1,excellent séjour.
2537,business,new york,hiver,appartement,culture,5,8707.18,1113.06,nuageux,-0.0,2.34,32,16.49,90,40.71427,-74.00597,Open-Meteo Historical Weather API,2024-12-01/2025-02-28,14.23,13.56,43.36,0.34,2160,Open-Meteo Air Quality API,2024-12-01/2025-02-28,3,aucun,0,1,séjour correct mais perfectible.
2538,couple,sydney,été,resort,plage,11,13125.29,1820.15,ensoleillé,12.22,4.06,27,18.74,92,-33.86785,151.20732,Open-Meteo Historical Weather API,2025-06-01/2025-08-31,10.19,9.26,31.56,0.49,2208,Open-Meteo Air Quality API,2025-06-01/2025-08-31,4,aucun,0,1,très bon séjour.
2539,famille,paris,automne,resort,culture,21,7989.88,397.37,pluie,12.33,2.12,33,16.01,91,48.85341,2.3488,Open-Meteo Historical Weather API,2025-09-01/2025-11-30,12.19,8.6,34.88,0.44,2184,Open-Meteo Air Quality API,2025-09-01/2025-11-30,4,aucun,0,1,très bon séjour.
2540,solo,sydney,automne,resort,randonnée,17,8883.7,767.71,pluie,19.17,1.74,22,21.07,91,-33.86785,151.20732,Open-Meteo Historical Weather API,2025-09-01/2025-11-30,10.98,9.17,34.45,1.63,2184,Open-Meteo Air Quality API,2025-09-01/2025-11-30,3,aucun,0,1,séjour correct mais perfectible.
2541,solo,new york,été,hôtel,culture,16,5708.36,1010.39,ensoleillé,24.52,2.28,32,14.21,92,40.71427,-74.00597,Open-Meteo Historical Weather API,2025-06-01/2025-08-31,18.13,17.43,51.89,1.61,2208,Open-Meteo Air Quality API,2025-06-01/2025-08-31,3,aucun,0,1,séjour correct mais perfectible.
2542,couple,dubaï,hiver,resort,randonnée,8,9476.56,683.98,ensoleillé,20.21,0.09,2,19.57,90,25.07725,55.30927,Open-Meteo Historical Weather API,2024-12-01/2025-02-28,59.55,32.47,55.0,1.03,2160,Open-Meteo Air Quality API,2024-12-01/2025-02-28,3,aucun,0,1,séjour correct mais perfectible.
2543,couple,bali,hiver,resort,randonnée,14,6184.18,1291.34,ensoleillé,26.28,11.89,84,14.7,90,-8.65,115.21667,Open-Meteo Historical Weather API,2024-12-01/2025-02-28,12.8,11.67,33.02,1.96,2160,Open-Meteo Air Quality API,2024-12-01/2025-02-28,3,aucun,0,1,séjour correct mais perfectible.
2544,famille,bali,printemps,appartement,gastronomie,14,5423.15,1056.64,ensoleillé,26.99,6.49,65,13.72,92,-8.65,115.21667,Open-Meteo Historical Weather API,2025-03-01/2025-05-31,12.14,10.4,31.68,2.19,2208,Open-Meteo Air Quality API,2025-03-01/2025-05-31,2,aucun,0,1,séjour décevant.
2545,solo,rome,automne,hôtel,gastronomie,15,2739.93,431.23,variable,17.21,4.01,24,12.75,91,41.89193,12.51133,Open-Meteo Historical Weather API,2025-09-01/2025-11-30,13.51,9.22,34.28,0.79,2184,Open-Meteo Air Quality API,2025-09-01/2025-11-30,2,aucun,0,1,séjour décevant.
2546,couple,sydney,automne,resort,randonnée,19,7569.04,1444.94,nuageux,19.17,1.74,22,21.07,91,-33.86785,151.20732,Open-Meteo Historical Weather API,2025-09-01/2025-11-30,10.98,9.17,34.45,1.63,2184,Open-Meteo Air Quality API,2025-09-01/2025-11-30,3,aucun,0,1,séjour correct mais perfectible.
2547,senior,tokyo,printemps,resort,business,15,5745.74,903.79,ensoleillé,14.52,6.04,44,15.33,92,35.6895,139.69171,Open-Meteo Historical Weather API,2025-03-01/2025-05-31,29.58,26.1,53.35,1.05,2208,Open-Meteo Air Quality API,2025-03-01/2025-05-31,3,aucun,0,1,séjour correct mais perfectible.
2548,famille,sydney,printemps,resort,culture,7,10688.93,1165.67,ensoleillé,19.13,4.44,49,17.74,92,-33.86785,151.20732,Open-Meteo Historical Weather API,2025-03-01/2025-05-31,11.25,9.25,31.84,1.01,2208,Open-Meteo Air Quality API,2025-03-01/2025-05-31,5,aucun,0,1,excellent séjour.
2549,couple,paris,été,villa,gastronomie,7,7102.27,427.37,nuageux,21.05,2.58,30,14.41,92,48.85341,2.3488,Open-Meteo Historical Weather API,2025-06-01/2025-08-31,10.28,6.83,31.49,1.5,2208,Open-Meteo Air Quality API,2025-06-01/2025-08-31,4,aucun,0,1,très bon séjour.
2550,couple,rome,printemps,appartement,randonnée,14,3607.48,558.42,pluie,15.22,3.55,32,13.85,92,41.89193,12.51133,Open-Meteo Historical Weather API,2025-03-01/2025-05-31,15.93,11.65,37.47,1.19,2208,Open-Meteo Air Quality API,2025-03-01/2025-05-31,2,retard_vol,0,1,séjour décevant.
2551,solo,dubaï,automne,hôtel,gastronomie,19,5494.6,801.87,variable,29.44,0.0,0,20.09,91,25.07725,55.30927,Open-Meteo Historical Weather API,2025-09-01/2025-11-30,80.53,41.8,60.89,1.56,2184,Open-Meteo Air Quality API,2025-09-01/2025-11-30,2,aucun,0,1,séjour décevant.
2552,couple,paris,printemps,hôtel,plage,21,5415.21,417.75,ensoleillé,12.44,1.18,26,14.07,92,48.85341,2.3488,Open-Meteo Historical Weather API,2025-03-01/2025-05-31,15.06,12.04,38.85,0.97,2208,Open-Meteo Air Quality API,2025-03-01/2025-05-31,3,aucun,0,1,séjour correct mais perfectible.
2553,solo,new york,printemps,appartement,business,14,4010.62,859.69,nuageux,12.04,4.75,36,17.46,92,40.71427,-74.00597,Open-Meteo Historical Weather API,2025-03-01/2025-05-31,11.88,11.05,41.24,1.07,2208,Open-Meteo Air Quality API,2025-03-01/2025-05-31,3,aucun,0,1,séjour correct mais perfectible.
2554,senior,bali,printemps,hôtel,plage,13,4704.18,1459.48,ensoleillé,26.99,6.49,65,13.72,92,-8.65,115.21667,Open-Meteo Historical Weather API,2025-03-01/2025-05-31,12.14,10.4,31.68,2.19,2208,Open-Meteo Air Quality API,2025-03-01/2025-05-31,3,aucun,0,1,séjour correct mais perfectible.
2555,couple,dubaï,hiver,appartement,culture,18,6651.92,480.61,pluie,20.21,0.09,2,19.57,90,25.07725,55.30927,Open-Meteo Historical Weather API,2024-12-01/2025-02-28,59.55,32.47,55.0,1.03,2160,Open-Meteo Air Quality API,2024-12-01/2025-02-28,3,annulation,0,1,séjour correct mais perfectible.
2556,business,sydney,printemps,hôtel,randonnée,21,10020.39,1773.2,ensoleillé,19.13,4.44,49,17.74,92,-33.86785,151.20732,Open-Meteo Historical Weather API,2025-03-01/2025-05-31,11.25,9.25,31.84,1.01,2208,Open-Meteo Air Quality API,2025-03-01/2025-05-31,2,aucun,0,1,séjour décevant.
2557,famille,dubaï,automne,hôtel,culture,3,7073.71,971.12,pluie,29.44,0.0,0,20.09,91,25.07725,55.30927,Open-Meteo Historical Weather API,2025-09-01/2025-11-30,80.53,41.8,60.89,1.56,2184,Open-Meteo Air Quality API,2025-09-01/2025-11-30,3,aucun,0,1,séjour correct mais perfectible.
2558,couple,lisbonne,hiver,hôtel,randonnée,8,3452.33,411.23,ensoleillé,12.63,2.92,26,17.53,90,38.72509,-9.1498,Open-Meteo Historical Weather API,2024-12-01/2025-02-28,19.66,13.91,36.49,0.38,2160,Open-Meteo Air Quality API,2024-12-01/2025-02-28,2,bagages,1,1,séjour décevant.
2559,couple,new york,été,appartement,plage,9,4952.25,1153.26,nuageux,24.52,2.28,32,14.21,92,40.71427,-74.00597,Open-Meteo Historical Weather API,2025-06-01/2025-08-31,18.13,17.43,51.89,1.61,2208,Open-Meteo Air Quality API,2025-06-01/2025-08-31,4,aucun,0,1,très bon séjour.
2560,famille,tokyo,printemps,villa,business,13,11193.45,1042.82,ensoleillé,14.52,6.04,44,15.33,92,35.6895,139.69171,Open-Meteo Historical Weather API,2025-03-01/2025-05-31,29.58,26.1,53.35,1.05,2208,Open-Meteo Air Quality API,2025-03-01/2025-05-31,3,aucun,0,1,séjour correct mais perfectible.
2561,solo,dubaï,hiver,appartement,culture,8,3517.94,673.59,variable,20.21,0.09,2,19.57,90,25.07725,55.30927,Open-Meteo Historical Weather API,2024-12-01/2025-02-28,59.55,32.47,55.0,1.03,2160,Open-Meteo Air Quality API,2024-12-01/2025-02-28,3,aucun,0,1,séjour correct mais perfectible.
2562,solo,paris,hiver,resort,plage,8,4384.16,311.52,ensoleillé,4.95,2.61,35,15.72,90,48.85341,2.3488,Open-Meteo Historical Weather API,2024-12-01/2025-02-28,20.98,17.57,45.01,0.13,2160,Open-Meteo Air Quality API,2024-12-01/2025-02-28,3,aucun,0,1,séjour correct mais perfectible.
2563,business,dubaï,printemps,appartement,plage,3,7975.53,693.82,pluie,28.3,0.01,0,22.56,92,25.07725,55.30927,Open-Meteo Historical Weather API,2025-03-01/2025-05-31,70.72,36.99,63.06,2.2,2208,Open-Meteo Air Quality API,2025-03-01/2025-05-31,3,météo,1,1,séjour correct mais perfectible.
2564,solo,lisbonne,hiver,hôtel,gastronomie,3,2824.15,418.03,ensoleillé,12.63,2.92,26,17.53,90,38.72509,-9.1498,Open-Meteo Historical Weather API,2024-12-01/2025-02-28,19.66,13.91,36.49,0.38,2160,Open-Meteo Air Quality API,2024-12-01/2025-02-28,3,aucun,0,1,séjour correct mais perfectible.
2565,solo,rome,printemps,resort,business,11,5186.89,484.01,nuageux,15.22,3.55,32,13.85,92,41.89193,12.51133,Open-Meteo Historical Weather API,2025-03-01/2025-05-31,15.93,11.65,37.47,1.19,2208,Open-Meteo Air Quality API,2025-03-01/2025-05-31,3,aucun,0,1,séjour correct mais perfectible.
2566,couple,new york,automne,villa,gastronomie,21,13223.1,1153.95,pluie,13.97,3.07,25,15.38,91,40.71427,-74.00597,Open-Meteo Historical Weather API,2025-09-01/2025-11-30,11.7,11.28,42.27,0.76,2184,Open-Meteo Air Quality API,2025-09-01/2025-11-30,3,annulation,1,1,séjour correct mais perfectible.
2567,famille,sydney,été,hôtel,plage,8,13488.79,1561.69,ensoleillé,12.22,4.06,27,18.74,92,-33.86785,151.20732,Open-Meteo Historical Weather API,2025-06-01/2025-08-31,10.19,9.26,31.56,0.49,2208,Open-Meteo Air Quality API,2025-06-01/2025-08-31,4,aucun,0,1,très bon séjour.
2568,famille,rome,automne,villa,culture,7,8052.3,329.4,ensoleillé,17.21,4.01,24,12.75,91,41.89193,12.51133,Open-Meteo Historical Weather API,2025-09-01/2025-11-30,13.51,9.22,34.28,0.79,2184,Open-Meteo Air Quality API,2025-09-01/2025-11-30,4,aucun,0,1,très bon séjour.
2569,solo,paris,printemps,hôtel,gastronomie,8,4191.34,453.59,ensoleillé,12.44,1.18,26,14.07,92,48.85341,2.3488,Open-Meteo Historical Weather API,2025-03-01/2025-05-31,15.06,12.04,38.85,0.97,2208,Open-Meteo Air Quality API,2025-03-01/2025-05-31,3,aucun,0,1,séjour correct mais perfectible.
2570,senior,dubaï,été,hôtel,culture,21,5767.28,644.47,ensoleillé,35.27,0.0,0,22.79,92,25.07725,55.30927,Open-Meteo Historical Weather API,2025-06-01/2025-08-31,128.17,54.13,71.91,2.19,2208,Open-Meteo Air Quality API,2025-06-01/2025-08-31,3,météo,1,1,séjour correct mais perfectible.
2571,famille,dubaï,été,resort,randonnée,15,11551.35,742.83,nuageux,35.27,0.0,0,22.79,92,25.07725,55.30927,Open-Meteo Historical Weather API,2025-06-01/2025-08-31,128.17,54.13,71.91,2.19,2208,Open-Meteo Air Quality API,2025-06-01/2025-08-31,3,aucun,0,1,séjour correct mais perfectible.
2572,solo,rome,hiver,villa,plage,15,3841.2,472.01,ensoleillé,9.23,2.57,28,13.79,90,41.89193,12.51133,Open-Meteo Historical Weather API,2024-12-01/2025-02-28,20.56,17.01,40.29,0.27,2160,Open-Meteo Air Quality API,2024-12-01/2025-02-28,3,retard_vol,1,1,séjour correct mais perfectible.
2573,business,dubaï,printemps,hôtel,plage,6,5750.25,752.56,ensoleillé,28.3,0.01,0,22.56,92,25.07725,55.30927,Open-Meteo Historical Weather API,2025-03-01/2025-05-31,70.72,36.99,63.06,2.2,2208,Open-Meteo Air Quality API,2025-03-01/2025-05-31,3,météo,0,1,séjour correct mais perfectible.
2574,business,dubaï,été,appartement,culture,20,9310.46,611.09,ensoleillé,35.27,0.0,0,22.79,92,25.07725,55.30927,Open-Meteo Historical Weather API,2025-06-01/2025-08-31,128.17,54.13,71.91,2.19,2208,Open-Meteo Air Quality API,2025-06-01/2025-08-31,2,retard_vol,0,1,séjour décevant.
2575,solo,dubaï,été,hôtel,culture,6,3550.48,715.01,ensoleillé,35.27,0.0,0,22.79,92,25.07725,55.30927,Open-Meteo Historical Weather API,2025-06-01/2025-08-31,128.17,54.13,71.91,2.19,2208,Open-Meteo Air Quality API,2025-06-01/2025-08-31,4,aucun,0,1,très bon séjour.
2576,solo,rome,printemps,appartement,randonnée,21,2783.83,330.06,ensoleillé,15.22,3.55,32,13.85,92,41.89193,12.51133,Open-Meteo Historical Weather API,2025-03-01/2025-05-31,15.93,11.65,37.47,1.19,2208,Open-Meteo Air Quality API,2025-03-01/2025-05-31,2,aucun,0,1,séjour décevant.
2577,business,new york,printemps,resort,plage,21,9071.18,945.12,nuageux,12.04,4.75,36,17.46,92,40.71427,-74.00597,Open-Meteo Historical Weather API,2025-03-01/2025-05-31,11.88,11.05,41.24,1.07,2208,Open-Meteo Air Quality API,2025-03-01/2025-05-31,3,aucun,0,1,séjour correct mais perfectible.
2578,senior,dubaï,automne,hôtel,culture,13,8061.22,849.11,ensoleillé,29.44,0.0,0,20.09,91,25.07725,55.30927,Open-Meteo Historical Weather API,2025-09-01/2025-11-30,80.53,41.8,60.89,1.56,2184,Open-Meteo Air Quality API,2025-09-01/2025-11-30,5,aucun,0,1,excellent séjour.
2579,famille,dubaï,hiver,appartement,plage,19,8194.08,546.05,variable,20.21,0.09,2,19.57,90,25.07725,55.30927,Open-Meteo Historical Weather API,2024-12-01/2025-02-28,59.55,32.47,55.0,1.03,2160,Open-Meteo Air Quality API,2024-12-01/2025-02-28,3,aucun,0,1,séjour correct mais perfectible.
2580,senior,new york,automne,appartement,plage,21,6261.77,1002.34,pluie,13.97,3.07,25,15.38,91,40.71427,-74.00597,Open-Meteo Historical Weather API,2025-09-01/2025-11-30,11.7,11.28,42.27,0.76,2184,Open-Meteo Air Quality API,2025-09-01/2025-11-30,2,aucun,0,1,séjour décevant.
2581,famille,rome,automne,resort,gastronomie,14,7876.15,525.39,nuageux,17.21,4.01,24,12.75,91,41.89193,12.51133,Open-Meteo Historical Weather API,2025-09-01/2025-11-30,13.51,9.22,34.28,0.79,2184,Open-Meteo Air Quality API,2025-09-01/2025-11-30,4,aucun,0,1,très bon séjour.
2582,business,paris,automne,hôtel,culture,17,6510.49,308.48,variable,12.33,2.12,33,16.01,91,48.85341,2.3488,Open-Meteo Historical Weather API,2025-09-01/2025-11-30,12.19,8.6,34.88,0.44,2184,Open-Meteo Air Quality API,2025-09-01/2025-11-30,2,aucun,0,1,séjour décevant.
2583,famille,lisbonne,été,hôtel,business,14,6174.89,288.38,ensoleillé,23.39,0.06,1,17.22,92,38.72509,-9.1498,Open-Meteo Historical Weather API,2025-06-01/2025-08-31,19.54,10.92,32.89,2.16,2208,Open-Meteo Air Quality API,2025-06-01/2025-08-31,4,aucun,0,1,très bon séjour.
2584,famille,paris,hiver,villa,culture,12,10094.4,282.51,pluie,4.95,2.61,35,15.72,90,48.85341,2.3488,Open-Meteo Historical Weather API,2024-12-01/2025-02-28,20.98,17.57,45.01,0.13,2160,Open-Meteo Air Quality API,2024-12-01/2025-02-28,3,aucun,0,1,séjour correct mais perfectible.
2585,famille,rome,été,appartement,business,9,3251.54,474.11,ensoleillé,27.22,1.32,16,14.95,92,41.89193,12.51133,Open-Meteo Historical Weather API,2025-06-01/2025-08-31,15.45,9.67,40.74,2.01,2208,Open-Meteo Air Quality API,2025-06-01/2025-08-31,3,aucun,0,1,séjour correct mais perfectible.
2586,couple,paris,été,appartement,culture,15,4329.3,527.61,nuageux,21.05,2.58,30,14.41,92,48.85341,2.3488,Open-Meteo Historical Weather API,2025-06-01/2025-08-31,10.28,6.83,31.49,1.5,2208,Open-Meteo Air Quality API,2025-06-01/2025-08-31,3,aucun,0,1,séjour correct mais perfectible.
2587,couple,sydney,été,appartement,business,8,6498.41,1501.33,ensoleillé,12.22,4.06,27,18.74,92,-33.86785,151.20732,Open-Meteo Historical Weather API,2025-06-01/2025-08-31,10.19,9.26,31.56,0.49,2208,Open-Meteo Air Quality API,2025-06-01/2025-08-31,4,retard_vol,1,1,très bon séjour.
2588,famille,new york,printemps,appartement,plage,6,6415.54,695.96,nuageux,12.04,4.75,36,17.46,92,40.71427,-74.00597,Open-Meteo Historical Weather API,2025-03-01/2025-05-31,11.88,11.05,41.24,1.07,2208,Open-Meteo Air Quality API,2025-03-01/2025-05-31,3,aucun,0,1,séjour correct mais perfectible.
2589,couple,new york,hiver,hôtel,plage,8,4575.09,872.62,ensoleillé,-0.0,2.34,32,16.49,90,40.71427,-74.00597,Open-Meteo Historical Weather API,2024-12-01/2025-02-28,14.23,13.56,43.36,0.34,2160,Open-Meteo Air Quality API,2024-12-01/2025-02-28,3,aucun,0,1,séjour correct mais perfectible.
2590,couple,sydney,printemps,resort,culture,3,11122.38,996.89,nuageux,19.13,4.44,49,17.74,92,-33.86785,151.20732,Open-Meteo Historical Weather API,2025-03-01/2025-05-31,11.25,9.25,31.84,1.01,2208,Open-Meteo Air Quality API,2025-03-01/2025-05-31,5,aucun,0,1,excellent séjour.
2591,business,bali,printemps,appartement,business,20,4417.58,1256.47,nuageux,26.99,6.49,65,13.72,92,-8.65,115.21667,Open-Meteo Historical Weather API,2025-03-01/2025-05-31,12.14,10.4,31.68,2.19,2208,Open-Meteo Air Quality API,2025-03-01/2025-05-31,3,aucun,0,1,séjour correct mais perfectible.
2592,senior,bali,été,hôtel,culture,7,2617.58,1118.2,ensoleillé,25.53,3.21,49,18.92,92,-8.65,115.21667,Open-Meteo Historical Weather API,2025-06-01/2025-08-31,13.38,9.86,30.22,1.86,2208,Open-Meteo Air Quality API,2025-06-01/2025-08-31,3,aucun,0,0,séjour correct mais perfectible.
2593,solo,rome,automne,hôtel,randonnée,18,2861.69,382.57,ensoleillé,17.21,4.01,24,12.75,91,41.89193,12.51133,Open-Meteo Historical Weather API,2025-09-01/2025-11-30,13.51,9.22,34.28,0.79,2184,Open-Meteo Air Quality API,2025-09-01/2025-11-30,4,aucun,0,1,très bon séjour.
2594,famille,bali,été,resort,gastronomie,11,7430.38,1448.72,nuageux,25.53,3.21,49,18.92,92,-8.65,115.21667,Open-Meteo Historical Weather API,2025-06-01/2025-08-31,13.38,9.86,30.22,1.86,2208,Open-Meteo Air Quality API,2025-06-01/2025-08-31,4,aucun,0,1,très bon séjour.
2595,couple,rome,été,appartement,plage,9,2857.69,698.29,ensoleillé,27.22,1.32,16,14.95,92,41.89193,12.51133,Open-Meteo Historical Weather API,2025-06-01/2025-08-31,15.45,9.67,40.74,2.01,2208,Open-Meteo Air Quality API,2025-06-01/2025-08-31,3,aucun,0,1,séjour correct mais perfectible.
2596,senior,new york,printemps,appartement,randonnée,7,1779.78,1186.26,ensoleillé,12.04,4.75,36,17.46,92,40.71427,-74.00597,Open-Meteo Historical Weather API,2025-03-01/2025-05-31,11.88,11.05,41.24,1.07,2208,Open-Meteo Air Quality API,2025-03-01/2025-05-31,1,retard_vol,1,0,très mauvaise expérience.
2597,famille,dubaï,printemps,hôtel,culture,18,6356.21,568.98,ensoleillé,28.3,0.01,0,22.56,92,25.07725,55.30927,Open-Meteo Historical Weather API,2025-03-01/2025-05-31,70.72,36.99,63.06,2.2,2208,Open-Meteo Air Quality API,2025-03-01/2025-05-31,3,annulation,1,1,séjour correct mais perfectible.
2598,couple,new york,printemps,villa,plage,12,10041.18,758.72,variable,12.04,4.75,36,17.46,92,40.71427,-74.00597,Open-Meteo Historical Weather API,2025-03-01/2025-05-31,11.88,11.05,41.24,1.07,2208,Open-Meteo Air Quality API,2025-03-01/2025-05-31,5,aucun,0,1,excellent séjour.
2599,senior,lisbonne,printemps,hôtel,gastronomie,11,2942.86,415.26,nuageux,15.64,3.53,41,19.08,92,38.72509,-9.1498,Open-Meteo Historical Weather API,2025-03-01/2025-05-31,15.2,9.48,34.11,1.3,2208,Open-Meteo Air Quality API,2025-03-01/2025-05-31,3,aucun,0,1,séjour correct mais perfectible.
2600,senior,tokyo,hiver,hôtel,randonnée,15,7835.26,1270.9,pluie,6.08,0.56,8,14.28,90,35.6895,139.69171,Open-Meteo Historical Weather API,2024-12-01/2025-02-28,31.02,30.0,55.43,0.51,2160,Open-Meteo Air Quality API,2024-12-01/2025-02-28,2,aucun,0,1,séjour décevant.
2601,couple,sydney,printemps,villa,gastronomie,18,15532.92,793.6,variable,19.13,4.44,49,17.74,92,-33.86785,151.20732,Open-Meteo Historical Weather API,2025-03-01/2025-05-31,11.25,9.25,31.84,1.01,2208,Open-Meteo Air Quality API,2025-03-01/2025-05-31,3,aucun,0,1,séjour correct mais perfectible.
2602,solo,bali,printemps,appartement,culture,15,4076.31,1168.08,nuageux,26.99,6.49,65,13.72,92,-8.65,115.21667,Open-Meteo Historical Weather API,2025-03-01/2025-05-31,12.14,10.4,31.68,2.19,2208,Open-Meteo Air Quality API,2025-03-01/2025-05-31,3,aucun,0,1,séjour correct mais perfectible.
2603,couple,lisbonne,été,villa,business,11,6398.71,409.08,nuageux,23.39,0.06,1,17.22,92,38.72509,-9.1498,Open-Meteo Historical Weather API,2025-06-01/2025-08-31,19.54,10.92,32.89,2.16,2208,Open-Meteo Air Quality API,2025-06-01/2025-08-31,4,aucun,0,1,très bon séjour.
2604,business,tokyo,hiver,appartement,gastronomie,19,9690.82,686.36,pluie,6.08,0.56,8,14.28,90,35.6895,139.69171,Open-Meteo Historical Weather API,2024-12-01/2025-02-28,31.02,30.0,55.43,0.51,2160,Open-Meteo Air Quality API,2024-12-01/2025-02-28,2,aucun,0,1,séjour décevant.
2605,famille,rome,printemps,appartement,business,20,3146.0,341.69,variable,15.22,3.55,32,13.85,92,41.89193,12.51133,Open-Meteo Historical Weather API,2025-03-01/2025-05-31,15.93,11.65,37.47,1.19,2208,Open-Meteo Air Quality API,2025-03-01/2025-05-31,2,bagages,1,1,séjour décevant.
2606,famille,dubaï,hiver,hôtel,culture,21,8575.45,628.46,pluie,20.21,0.09,2,19.57,90,25.07725,55.30927,Open-Meteo Historical Weather API,2024-12-01/2025-02-28,59.55,32.47,55.0,1.03,2160,Open-Meteo Air Quality API,2024-12-01/2025-02-28,4,aucun,0,1,très bon séjour.
2607,solo,lisbonne,été,hôtel,business,4,3159.48,453.15,ensoleillé,23.39,0.06,1,17.22,92,38.72509,-9.1498,Open-Meteo Historical Weather API,2025-06-01/2025-08-31,19.54,10.92,32.89,2.16,2208,Open-Meteo Air Quality API,2025-06-01/2025-08-31,4,retard_vol,1,1,très bon séjour.
2608,famille,lisbonne,été,villa,culture,19,5427.24,529.77,ensoleillé,23.39,0.06,1,17.22,92,38.72509,-9.1498,Open-Meteo Historical Weather API,2025-06-01/2025-08-31,19.54,10.92,32.89,2.16,2208,Open-Meteo Air Quality API,2025-06-01/2025-08-31,4,aucun,0,1,très bon séjour.
2609,solo,tokyo,printemps,appartement,gastronomie,6,3706.57,1116.97,ensoleillé,14.52,6.04,44,15.33,92,35.6895,139.69171,Open-Meteo Historical Weather API,2025-03-01/2025-05-31,29.58,26.1,53.35,1.05,2208,Open-Meteo Air Quality API,2025-03-01/2025-05-31,2,annulation,0,1,séjour décevant.
2610,couple,paris,hiver,hôtel,culture,14,5806.78,409.69,nuageux,4.95,2.61,35,15.72,90,48.85341,2.3488,Open-Meteo Historical Weather API,2024-12-01/2025-02-28,20.98,17.57,45.01,0.13,2160,Open-Meteo Air Quality API,2024-12-01/2025-02-28,3,aucun,0,1,séjour correct mais perfectible.
2611,senior,rome,automne,hôtel,randonnée,15,2753.46,452.16,variable,17.21,4.01,24,12.75,91,41.89193,12.51133,Open-Meteo Historical Weather API,2025-09-01/2025-11-30,13.51,9.22,34.28,0.79,2184,Open-Meteo Air Quality API,2025-09-01/2025-11-30,2,aucun,0,1,séjour décevant.
2612,business,rome,été,hôtel,culture,6,4088.43,463.62,nuageux,27.22,1.32,16,14.95,92,41.89193,12.51133,Open-Meteo Historical Weather API,2025-06-01/2025-08-31,15.45,9.67,40.74,2.01,2208,Open-Meteo Air Quality API,2025-06-01/2025-08-31,3,aucun,0,1,séjour correct mais perfectible.
2613,couple,bali,été,hôtel,culture,3,5290.54,1312.12,nuageux,25.53,3.21,49,18.92,92,-8.65,115.21667,Open-Meteo Historical Weather API,2025-06-01/2025-08-31,13.38,9.86,30.22,1.86,2208,Open-Meteo Air Quality API,2025-06-01/2025-08-31,4,aucun,0,1,très bon séjour.
2614,business,new york,été,appartement,culture,20,8111.45,1128.57,nuageux,24.52,2.28,32,14.21,92,40.71427,-74.00597,Open-Meteo Historical Weather API,2025-06-01/2025-08-31,18.13,17.43,51.89,1.61,2208,Open-Meteo Air Quality API,2025-06-01/2025-08-31,3,retard_vol,1,1,séjour correct mais perfectible.
2615,couple,rome,automne,hôtel,plage,19,4507.09,533.64,variable,17.21,4.01,24,12.75,91,41.89193,12.51133,Open-Meteo Historical Weather API,2025-09-01/2025-11-30,13.51,9.22,34.28,0.79,2184,Open-Meteo Air Quality API,2025-09-01/2025-11-30,3,aucun,0,1,séjour correct mais perfectible.
2616,couple,lisbonne,automne,resort,gastronomie,6,5522.05,369.89,pluie,18.72,2.83,21,17.54,91,38.72509,-9.1498,Open-Meteo Historical Weather API,2025-09-01/2025-11-30,15.83,9.72,31.17,0.9,2184,Open-Meteo Air Quality API,2025-09-01/2025-11-30,3,aucun,0,1,séjour correct mais perfectible.
2617,famille,sydney,printemps,villa,culture,14,10900.36,1082.59,ensoleillé,19.13,4.44,49,17.74,92,-33.86785,151.20732,Open-Meteo Historical Weather API,2025-03-01/2025-05-31,11.25,9.25,31.84,1.01,2208,Open-Meteo Air Quality API,2025-03-01/2025-05-31,4,aucun,0,1,très bon séjour.
2618,senior,dubaï,été,resort,plage,5,6342.07,875.91,ensoleillé,35.27,0.0,0,22.79,92,25.07725,55.30927,Open-Meteo Historical Weather API,2025-06-01/2025-08-31,128.17,54.13,71.91,2.19,2208,Open-Meteo Air Quality API,2025-06-01/2025-08-31,3,aucun,0,1,séjour correct mais perfectible.
2619,business,paris,printemps,resort,culture,13,9061.49,380.11,ensoleillé,12.44,1.18,26,14.07,92,48.85341,2.3488,Open-Meteo Historical Weather API,2025-03-01/2025-05-31,15.06,12.04,38.85,0.97,2208,Open-Meteo Air Quality API,2025-03-01/2025-05-31,3,aucun,0,1,séjour correct mais perfectible.
2620,senior,tokyo,été,hôtel,business,9,5951.4,1513.92,ensoleillé,27.71,2.91,31,13.49,92,35.6895,139.69171,Open-Meteo Historical Weather API,2025-06-01/2025-08-31,24.0,22.42,51.6,1.83,2208,Open-Meteo Air Quality API,2025-06-01/2025-08-31,4,aucun,0,1,très bon séjour.
2621,senior,paris,printemps,hôtel,gastronomie,17,4284.11,307.24,ensoleillé,12.44,1.18,26,14.07,92,48.85341,2.3488,Open-Meteo Historical Weather API,2025-03-01/2025-05-31,15.06,12.04,38.85,0.97,2208,Open-Meteo Air Quality API,2025-03-01/2025-05-31,3,annulation,0,1,séjour correct mais perfectible.
2622,senior,new york,hiver,hôtel,business,13,4045.94,747.83,nuageux,-0.0,2.34,32,16.49,90,40.71427,-74.00597,Open-Meteo Historical Weather API,2024-12-01/2025-02-28,14.23,13.56,43.36,0.34,2160,Open-Meteo Air Quality API,2024-12-01/2025-02-28,2,aucun,0,1,séjour décevant.
2623,famille,dubaï,automne,hôtel,business,12,8320.37,795.28,ensoleillé,29.44,0.0,0,20.09,91,25.07725,55.30927,Open-Meteo Historical Weather API,2025-09-01/2025-11-30,80.53,41.8,60.89,1.56,2184,Open-Meteo Air Quality API,2025-09-01/2025-11-30,3,aucun,0,1,séjour correct mais perfectible.
2624,senior,sydney,automne,hôtel,gastronomie,15,10431.46,1204.66,ensoleillé,19.17,1.74,22,21.07,91,-33.86785,151.20732,Open-Meteo Historical Weather API,2025-09-01/2025-11-30,10.98,9.17,34.45,1.63,2184,Open-Meteo Air Quality API,2025-09-01/2025-11-30,4,aucun,0,1,très bon séjour.
2625,solo,rome,printemps,hôtel,business,12,2394.93,413.58,variable,15.22,3.55,32,13.85,92,41.89193,12.51133,Open-Meteo Historical Weather API,2025-03-01/2025-05-31,15.93,11.65,37.47,1.19,2208,Open-Meteo Air Quality API,2025-03-01/2025-05-31,2,retard_vol,1,1,séjour décevant.
2626,couple,lisbonne,automne,hôtel,business,3,4409.19,465.78,nuageux,18.72,2.83,21,17.54,91,38.72509,-9.1498,Open-Meteo Historical Weather API,2025-09-01/2025-11-30,15.83,9.72,31.17,0.9,2184,Open-Meteo Air Quality API,2025-09-01/2025-11-30,3,aucun,0,1,séjour correct mais perfectible.
2627,solo,sydney,printemps,hôtel,plage,14,5826.85,979.18,pluie,19.13,4.44,49,17.74,92,-33.86785,151.20732,Open-Meteo Historical Weather API,2025-03-01/2025-05-31,11.25,9.25,31.84,1.01,2208,Open-Meteo Air Quality API,2025-03-01/2025-05-31,2,annulation,1,1,séjour décevant.
2628,couple,sydney,printemps,villa,business,17,7272.03,1781.15,ensoleillé,19.13,4.44,49,17.74,92,-33.86785,151.20732,Open-Meteo Historical Weather API,2025-03-01/2025-05-31,11.25,9.25,31.84,1.01,2208,Open-Meteo Air Quality API,2025-03-01/2025-05-31,3,retard_vol,1,1,séjour correct mais perfectible.
2629,couple,lisbonne,automne,hôtel,plage,12,2891.38,338.1,variable,18.72,2.83,21,17.54,91,38.72509,-9.1498,Open-Meteo Historical Weather API,2025-09-01/2025-11-30,15.83,9.72,31.17,0.9,2184,Open-Meteo Air Quality API,2025-09-01/2025-11-30,3,aucun,0,1,séjour correct mais perfectible.
2630,famille,paris,printemps,hôtel,gastronomie,6,4721.67,404.6,pluie,12.44,1.18,26,14.07,92,48.85341,2.3488,Open-Meteo Historical Weather API,2025-03-01/2025-05-31,15.06,12.04,38.85,0.97,2208,Open-Meteo Air Quality API,2025-03-01/2025-05-31,3,aucun,0,1,séjour correct mais perfectible.
2631,famille,bali,printemps,appartement,business,3,5439.47,1127.48,variable,26.99,6.49,65,13.72,92,-8.65,115.21667,Open-Meteo Historical Weather API,2025-03-01/2025-05-31,12.14,10.4,31.68,2.19,2208,Open-Meteo Air Quality API,2025-03-01/2025-05-31,3,annulation,0,1,séjour correct mais perfectible.
2632,couple,new york,été,hôtel,culture,8,7864.51,1051.99,ensoleillé,24.52,2.28,32,14.21,92,40.71427,-74.00597,Open-Meteo Historical Weather API,2025-06-01/2025-08-31,18.13,17.43,51.89,1.61,2208,Open-Meteo Air Quality API,2025-06-01/2025-08-31,5,aucun,0,1,excellent séjour.
2633,senior,bali,hiver,resort,randonnée,17,10357.29,1095.6,pluie,26.28,11.89,84,14.7,90,-8.65,115.21667,Open-Meteo Historical Weather API,2024-12-01/2025-02-28,12.8,11.67,33.02,1.96,2160,Open-Meteo Air Quality API,2024-12-01/2025-02-28,3,aucun,0,1,séjour correct mais perfectible.
2634,solo,dubaï,printemps,appartement,culture,9,2750.68,807.93,ensoleillé,28.3,0.01,0,22.56,92,25.07725,55.30927,Open-Meteo Historical Weather API,2025-03-01/2025-05-31,70.72,36.99,63.06,2.2,2208,Open-Meteo Air Quality API,2025-03-01/2025-05-31,3,aucun,0,1,séjour correct mais perfectible.
2635,solo,sydney,printemps,resort,randonnée,21,6592.92,1218.73,nuageux,19.13,4.44,49,17.74,92,-33.86785,151.20732,Open-Meteo Historical Weather API,2025-03-01/2025-05-31,11.25,9.25,31.84,1.01,2208,Open-Meteo Air Quality API,2025-03-01/2025-05-31,4,aucun,0,1,très bon séjour.
2636,couple,sydney,été,hôtel,randonnée,9,6583.65,1375.8,nuageux,12.22,4.06,27,18.74,92,-33.86785,151.20732,Open-Meteo Historical Weather API,2025-06-01/2025-08-31,10.19,9.26,31.56,0.49,2208,Open-Meteo Air Quality API,2025-06-01/2025-08-31,3,aucun,0,1,séjour correct mais perfectible.
2637,couple,paris,hiver,appartement,business,11,3074.53,464.24,ensoleillé,4.95,2.61,35,15.72,90,48.85341,2.3488,Open-Meteo Historical Weather API,2024-12-01/2025-02-28,20.98,17.57,45.01,0.13,2160,Open-Meteo Air Quality API,2024-12-01/2025-02-28,2,météo,0,1,séjour décevant.
2638,famille,sydney,printemps,appartement,plage,17,7894.97,1306.88,ensoleillé,19.13,4.44,49,17.74,92,-33.86785,151.20732,Open-Meteo Historical Weather API,2025-03-01/2025-05-31,11.25,9.25,31.84,1.01,2208,Open-Meteo Air Quality API,2025-03-01/2025-05-31,4,aucun,0,1,très bon séjour.
2639,business,sydney,été,hôtel,business,14,10253.34,1347.43,pluie,12.22,4.06,27,18.74,92,-33.86785,151.20732,Open-Meteo Historical Weather API,2025-06-01/2025-08-31,10.19,9.26,31.56,0.49,2208,Open-Meteo Air Quality API,2025-06-01/2025-08-31,3,aucun,0,1,séjour correct mais perfectible.
2640,famille,bali,hiver,hôtel,gastronomie,3,4284.87,841.51,ensoleillé,26.28,11.89,84,14.7,90,-8.65,115.21667,Open-Meteo Historical Weather API,2024-12-01/2025-02-28,12.8,11.67,33.02,1.96,2160,Open-Meteo Air Quality API,2024-12-01/2025-02-28,3,aucun,0,1,séjour correct mais perfectible.
2641,business,new york,printemps,hôtel,plage,4,9035.94,1135.43,pluie,12.04,4.75,36,17.46,92,40.71427,-74.00597,Open-Meteo Historical Weather API,2025-03-01/2025-05-31,11.88,11.05,41.24,1.07,2208,Open-Meteo Air Quality API,2025-03-01/2025-05-31,3,aucun,0,1,séjour correct mais perfectible.
2642,business,sydney,été,appartement,culture,6,6176.1,1381.6,ensoleillé,12.22,4.06,27,18.74,92,-33.86785,151.20732,Open-Meteo Historical Weather API,2025-06-01/2025-08-31,10.19,9.26,31.56,0.49,2208,Open-Meteo Air Quality API,2025-06-01/2025-08-31,2,aucun,0,1,séjour décevant.
2643,solo,dubaï,été,hôtel,plage,19,4908.74,1132.55,ensoleillé,35.27,0.0,0,22.79,92,25.07725,55.30927,Open-Meteo Historical Weather API,2025-06-01/2025-08-31,128.17,54.13,71.91,2.19,2208,Open-Meteo Air Quality API,2025-06-01/2025-08-31,2,aucun,0,1,séjour décevant.
2644,senior,new york,hiver,hôtel,randonnée,3,8750.34,911.02,nuageux,-0.0,2.34,32,16.49,90,40.71427,-74.00597,Open-Meteo Historical Weather API,2024-12-01/2025-02-28,14.23,13.56,43.36,0.34,2160,Open-Meteo Air Quality API,2024-12-01/2025-02-28,3,météo,1,1,séjour correct mais perfectible.
2645,couple,paris,automne,resort,randonnée,4,7162.19,359.0,nuageux,12.33,2.12,33,16.01,91,48.85341,2.3488,Open-Meteo Historical Weather API,2025-09-01/2025-11-30,12.19,8.6,34.88,0.44,2184,Open-Meteo Air Quality API,2025-09-01/2025-11-30,4,aucun,0,1,très bon séjour.
2646,senior,new york,été,villa,culture,17,10305.34,1033.66,pluie,24.52,2.28,32,14.21,92,40.71427,-74.00597,Open-Meteo Historical Weather API,2025-06-01/2025-08-31,18.13,17.43,51.89,1.61,2208,Open-Meteo Air Quality API,2025-06-01/2025-08-31,3,aucun,0,1,séjour correct mais perfectible.
2647,business,tokyo,printemps,hôtel,randonnée,14,8394.88,1468.81,variable,14.52,6.04,44,15.33,92,35.6895,139.69171,Open-Meteo Historical Weather API,2025-03-01/2025-05-31,29.58,26.1,53.35,1.05,2208,Open-Meteo Air Quality API,2025-03-01/2025-05-31,3,aucun,0,1,séjour correct mais perfectible.
2648,business,paris,été,hôtel,culture,21,6595.62,250.03,ensoleillé,21.05,2.58,30,14.41,92,48.85341,2.3488,Open-Meteo Historical Weather API,2025-06-01/2025-08-31,10.28,6.83,31.49,1.5,2208,Open-Meteo Air Quality API,2025-06-01/2025-08-31,3,aucun,0,1,séjour correct mais perfectible.
2649,solo,sydney,été,hôtel,plage,7,6635.6,1593.18,ensoleillé,12.22,4.06,27,18.74,92,-33.86785,151.20732,Open-Meteo Historical Weather API,2025-06-01/2025-08-31,10.19,9.26,31.56,0.49,2208,Open-Meteo Air Quality API,2025-06-01/2025-08-31,2,aucun,0,1,séjour décevant.
2650,business,rome,été,appartement,culture,15,4857.58,505.65,pluie,27.22,1.32,16,14.95,92,41.89193,12.51133,Open-Meteo Historical Weather API,2025-06-01/2025-08-31,15.45,9.67,40.74,2.01,2208,Open-Meteo Air Quality API,2025-06-01/2025-08-31,3,annulation,1,1,séjour correct mais perfectible.
2651,senior,dubaï,été,resort,culture,5,7898.74,794.32,ensoleillé,35.27,0.0,0,22.79,92,25.07725,55.30927,Open-Meteo Historical Weather API,2025-06-01/2025-08-31,128.17,54.13,71.91,2.19,2208,Open-Meteo Air Quality API,2025-06-01/2025-08-31,3,aucun,0,1,séjour correct mais perfectible.
2652,couple,new york,été,appartement,randonnée,14,6186.35,1029.96,ensoleillé,24.52,2.28,32,14.21,92,40.71427,-74.00597,Open-Meteo Historical Weather API,2025-06-01/2025-08-31,18.13,17.43,51.89,1.61,2208,Open-Meteo Air Quality API,2025-06-01/2025-08-31,3,aucun,0,1,séjour correct mais perfectible.
2653,business,lisbonne,automne,hôtel,business,5,3196.6,361.79,nuageux,18.72,2.83,21,17.54,91,38.72509,-9.1498,Open-Meteo Historical Weather API,2025-09-01/2025-11-30,15.83,9.72,31.17,0.9,2184,Open-Meteo Air Quality API,2025-09-01/2025-11-30,4,aucun,0,1,très bon séjour.
2654,business,paris,été,hôtel,gastronomie,20,5449.9,426.99,nuageux,21.05,2.58,30,14.41,92,48.85341,2.3488,Open-Meteo Historical Weather API,2025-06-01/2025-08-31,10.28,6.83,31.49,1.5,2208,Open-Meteo Air Quality API,2025-06-01/2025-08-31,2,aucun,0,1,séjour décevant.
2655,couple,paris,automne,hôtel,culture,10,6009.45,348.51,nuageux,12.33,2.12,33,16.01,91,48.85341,2.3488,Open-Meteo Historical Weather API,2025-09-01/2025-11-30,12.19,8.6,34.88,0.44,2184,Open-Meteo Air Quality API,2025-09-01/2025-11-30,4,aucun,0,1,très bon séjour.
2656,senior,tokyo,été,hôtel,plage,7,8557.49,946.05,ensoleillé,27.71,2.91,31,13.49,92,35.6895,139.69171,Open-Meteo Historical Weather API,2025-06-01/2025-08-31,24.0,22.42,51.6,1.83,2208,Open-Meteo Air Quality API,2025-06-01/2025-08-31,3,aucun,0,1,séjour correct mais perfectible.
2657,couple,bali,automne,resort,business,21,7909.59,1228.94,variable,26.3,6.82,61,14.71,91,-8.65,115.21667,Open-Meteo Historical Weather API,2025-09-01/2025-11-30,14.48,11.69,32.66,2.5,2184,Open-Meteo Air Quality API,2025-09-01/2025-11-30,3,aucun,0,1,séjour correct mais perfectible.
2658,solo,sydney,automne,appartement,randonnée,4,6416.5,1467.56,variable,19.17,1.74,22,21.07,91,-33.86785,151.20732,Open-Meteo Historical Weather API,2025-09-01/2025-11-30,10.98,9.17,34.45,1.63,2184,Open-Meteo Air Quality API,2025-09-01/2025-11-30,3,aucun,0,1,séjour correct mais perfectible.
2659,famille,rome,hiver,hôtel,culture,18,5497.67,406.09,pluie,9.23,2.57,28,13.79,90,41.89193,12.51133,Open-Meteo Historical Weather API,2024-12-01/2025-02-28,20.56,17.01,40.29,0.27,2160,Open-Meteo Air Quality API,2024-12-01/2025-02-28,3,aucun,0,1,séjour correct mais perfectible.
2660,famille,dubaï,hiver,appartement,plage,12,6083.52,935.35,pluie,20.21,0.09,2,19.57,90,25.07725,55.30927,Open-Meteo Historical Weather API,2024-12-01/2025-02-28,59.55,32.47,55.0,1.03,2160,Open-Meteo Air Quality API,2024-12-01/2025-02-28,3,météo,1,1,séjour correct mais perfectible.
2661,business,dubaï,été,hôtel,plage,16,6219.06,1024.57,variable,35.27,0.0,0,22.79,92,25.07725,55.30927,Open-Meteo Historical Weather API,2025-06-01/2025-08-31,128.17,54.13,71.91,2.19,2208,Open-Meteo Air Quality API,2025-06-01/2025-08-31,3,aucun,0,1,séjour correct mais perfectible.
2662,couple,paris,printemps,resort,plage,7,8557.39,403.17,nuageux,12.44,1.18,26,14.07,92,48.85341,2.3488,Open-Meteo Historical Weather API,2025-03-01/2025-05-31,15.06,12.04,38.85,0.97,2208,Open-Meteo Air Quality API,2025-03-01/2025-05-31,4,bagages,0,1,très bon séjour.
2663,couple,tokyo,été,hôtel,business,19,8887.97,1424.51,nuageux,27.71,2.91,31,13.49,92,35.6895,139.69171,Open-Meteo Historical Weather API,2025-06-01/2025-08-31,24.0,22.42,51.6,1.83,2208,Open-Meteo Air Quality API,2025-06-01/2025-08-31,4,bagages,0,1,très bon séjour.
2664,famille,dubaï,été,resort,randonnée,11,13642.27,830.47,ensoleillé,35.27,0.0,0,22.79,92,25.07725,55.30927,Open-Meteo Historical Weather API,2025-06-01/2025-08-31,128.17,54.13,71.91,2.19,2208,Open-Meteo Air Quality API,2025-06-01/2025-08-31,3,aucun,0,1,séjour correct mais perfectible.
2665,couple,lisbonne,automne,hôtel,business,10,5316.14,458.07,ensoleillé,18.72,2.83,21,17.54,91,38.72509,-9.1498,Open-Meteo Historical Weather API,2025-09-01/2025-11-30,15.83,9.72,31.17,0.9,2184,Open-Meteo Air Quality API,2025-09-01/2025-11-30,3,aucun,0,1,séjour correct mais perfectible.
2666,business,paris,printemps,villa,gastronomie,11,6756.53,448.96,pluie,12.44,1.18,26,14.07,92,48.85341,2.3488,Open-Meteo Historical Weather API,2025-03-01/2025-05-31,15.06,12.04,38.85,0.97,2208,Open-Meteo Air Quality API,2025-03-01/2025-05-31,3,aucun,0,1,séjour correct mais perfectible.
2667,senior,dubaï,été,villa,plage,8,6720.32,946.14,nuageux,35.27,0.0,0,22.79,92,25.07725,55.30927,Open-Meteo Historical Weather API,2025-06-01/2025-08-31,128.17,54.13,71.91,2.19,2208,Open-Meteo Air Quality API,2025-06-01/2025-08-31,4,aucun,0,1,très bon séjour.
2668,famille,bali,hiver,appartement,gastronomie,9,2163.8,1031.95,nuageux,26.28,11.89,84,14.7,90,-8.65,115.21667,Open-Meteo Historical Weather API,2024-12-01/2025-02-28,12.8,11.67,33.02,1.96,2160,Open-Meteo Air Quality API,2024-12-01/2025-02-28,2,retard_vol,0,0,séjour décevant.
2669,solo,paris,été,appartement,gastronomie,5,3690.36,410.05,nuageux,21.05,2.58,30,14.41,92,48.85341,2.3488,Open-Meteo Historical Weather API,2025-06-01/2025-08-31,10.28,6.83,31.49,1.5,2208,Open-Meteo Air Quality API,2025-06-01/2025-08-31,4,aucun,0,1,très bon séjour.
2670,couple,sydney,hiver,hôtel,randonnée,12,9384.29,1434.24,variable,22.44,3.42,39,20.67,90,-33.86785,151.20732,Open-Meteo Historical Weather API,2024-12-01/2025-02-28,12.57,9.86,34.15,2.24,2160,Open-Meteo Air Quality API,2024-12-01/2025-02-28,3,aucun,0,1,séjour correct mais perfectible.
2671,solo,tokyo,été,resort,culture,12,6987.14,1425.83,ensoleillé,27.71,2.91,31,13.49,92,35.6895,139.69171,Open-Meteo Historical Weather API,2025-06-01/2025-08-31,24.0,22.42,51.6,1.83,2208,Open-Meteo Air Quality API,2025-06-01/2025-08-31,4,aucun,0,1,très bon séjour.
2672,couple,paris,été,hôtel,business,10,3797.3,407.24,nuageux,21.05,2.58,30,14.41,92,48.85341,2.3488,Open-Meteo Historical Weather API,2025-06-01/2025-08-31,10.28,6.83,31.49,1.5,2208,Open-Meteo Air Quality API,2025-06-01/2025-08-31,3,aucun,0,1,séjour correct mais perfectible.
2673,couple,lisbonne,été,appartement,business,21,2894.18,402.65,ensoleillé,23.39,0.06,1,17.22,92,38.72509,-9.1498,Open-Meteo Historical Weather API,2025-06-01/2025-08-31,19.54,10.92,32.89,2.16,2208,Open-Meteo Air Quality API,2025-06-01/2025-08-31,3,aucun,0,1,séjour correct mais perfectible.
2674,couple,paris,été,hôtel,gastronomie,5,5411.3,530.77,nuageux,21.05,2.58,30,14.41,92,48.85341,2.3488,Open-Meteo Historical Weather API,2025-06-01/2025-08-31,10.28,6.83,31.49,1.5,2208,Open-Meteo Air Quality API,2025-06-01/2025-08-31,4,aucun,0,1,très bon séjour.
2675,solo,dubaï,printemps,hôtel,business,20,5739.09,564.89,variable,28.3,0.01,0,22.56,92,25.07725,55.30927,Open-Meteo Historical Weather API,2025-03-01/2025-05-31,70.72,36.99,63.06,2.2,2208,Open-Meteo Air Quality API,2025-03-01/2025-05-31,2,retard_vol,0,1,séjour décevant.
2676,solo,paris,hiver,appartement,business,19,3254.46,290.7,variable,4.95,2.61,35,15.72,90,48.85341,2.3488,Open-Meteo Historical Weather API,2024-12-01/2025-02-28,20.98,17.57,45.01,0.13,2160,Open-Meteo Air Quality API,2024-12-01/2025-02-28,1,aucun,0,1,très mauvaise expérience.
2677,couple,sydney,hiver,hôtel,plage,3,9397.5,989.45,variable,22.44,3.42,39,20.67,90,-33.86785,151.20732,Open-Meteo Historical Weather API,2024-12-01/2025-02-28,12.57,9.86,34.15,2.24,2160,Open-Meteo Air Quality API,2024-12-01/2025-02-28,4,aucun,0,1,très bon séjour.
2678,business,new york,automne,appartement,culture,16,7178.46,705.64,pluie,13.97,3.07,25,15.38,91,40.71427,-74.00597,Open-Meteo Historical Weather API,2025-09-01/2025-11-30,11.7,11.28,42.27,0.76,2184,Open-Meteo Air Quality API,2025-09-01/2025-11-30,2,retard_vol,0,1,séjour décevant.
2679,business,new york,automne,hôtel,culture,6,11339.33,1040.84,nuageux,13.97,3.07,25,15.38,91,40.71427,-74.00597,Open-Meteo Historical Weather API,2025-09-01/2025-11-30,11.7,11.28,42.27,0.76,2184,Open-Meteo Air Quality API,2025-09-01/2025-11-30,3,aucun,0,1,séjour correct mais perfectible.
2680,couple,sydney,printemps,appartement,plage,3,7658.51,1599.71,nuageux,19.13,4.44,49,17.74,92,-33.86785,151.20732,Open-Meteo Historical Weather API,2025-03-01/2025-05-31,11.25,9.25,31.84,1.01,2208,Open-Meteo Air Quality API,2025-03-01/2025-05-31,4,aucun,0,1,très bon séjour.
2681,business,dubaï,printemps,appartement,culture,19,5149.96,690.67,ensoleillé,28.3,0.01,0,22.56,92,25.07725,55.30927,Open-Meteo Historical Weather API,2025-03-01/2025-05-31,70.72,36.99,63.06,2.2,2208,Open-Meteo Air Quality API,2025-03-01/2025-05-31,3,aucun,0,1,séjour correct mais perfectible.
2682,senior,rome,printemps,resort,business,5,6666.87,490.2,nuageux,15.22,3.55,32,13.85,92,41.89193,12.51133,Open-Meteo Historical Weather API,2025-03-01/2025-05-31,15.93,11.65,37.47,1.19,2208,Open-Meteo Air Quality API,2025-03-01/2025-05-31,3,aucun,0,1,séjour correct mais perfectible.
2683,famille,paris,été,hôtel,randonnée,8,7592.36,412.22,ensoleillé,21.05,2.58,30,14.41,92,48.85341,2.3488,Open-Meteo Historical Weather API,2025-06-01/2025-08-31,10.28,6.83,31.49,1.5,2208,Open-Meteo Air Quality API,2025-06-01/2025-08-31,4,aucun,0,1,très bon séjour.
2684,solo,paris,printemps,hôtel,business,4,4127.4,274.91,nuageux,12.44,1.18,26,14.07,92,48.85341,2.3488,Open-Meteo Historical Weather API,2025-03-01/2025-05-31,15.06,12.04,38.85,0.97,2208,Open-Meteo Air Quality API,2025-03-01/2025-05-31,3,aucun,0,1,séjour correct mais perfectible.
2685,couple,tokyo,hiver,hôtel,business,5,8069.36,1469.22,nuageux,6.08,0.56,8,14.28,90,35.6895,139.69171,Open-Meteo Historical Weather API,2024-12-01/2025-02-28,31.02,30.0,55.43,0.51,2160,Open-Meteo Air Quality API,2024-12-01/2025-02-28,3,aucun,0,1,séjour correct mais perfectible.
2686,business,new york,printemps,hôtel,culture,4,12284.05,1060.34,ensoleillé,12.04,4.75,36,17.46,92,40.71427,-74.00597,Open-Meteo Historical Weather API,2025-03-01/2025-05-31,11.88,11.05,41.24,1.07,2208,Open-Meteo Air Quality API,2025-03-01/2025-05-31,3,aucun,0,1,séjour correct mais perfectible.
2687,famille,paris,printemps,resort,culture,19,4789.02,372.33,ensoleillé,12.44,1.18,26,14.07,92,48.85341,2.3488,Open-Meteo Historical Weather API,2025-03-01/2025-05-31,15.06,12.04,38.85,0.97,2208,Open-Meteo Air Quality API,2025-03-01/2025-05-31,4,aucun,0,1,très bon séjour.
2688,solo,rome,printemps,hôtel,gastronomie,4,3941.42,380.67,ensoleillé,15.22,3.55,32,13.85,92,41.89193,12.51133,Open-Meteo Historical Weather API,2025-03-01/2025-05-31,15.93,11.65,37.47,1.19,2208,Open-Meteo Air Quality API,2025-03-01/2025-05-31,4,aucun,0,1,très bon séjour.
2689,couple,new york,hiver,hôtel,gastronomie,17,6445.69,815.59,nuageux,-0.0,2.34,32,16.49,90,40.71427,-74.00597,Open-Meteo Historical Weather API,2024-12-01/2025-02-28,14.23,13.56,43.36,0.34,2160,Open-Meteo Air Quality API,2024-12-01/2025-02-28,3,aucun,0,1,séjour correct mais perfectible.
2690,solo,tokyo,été,hôtel,gastronomie,5,6790.42,1084.58,ensoleillé,27.71,2.91,31,13.49,92,35.6895,139.69171,Open-Meteo Historical Weather API,2025-06-01/2025-08-31,24.0,22.42,51.6,1.83,2208,Open-Meteo Air Quality API,2025-06-01/2025-08-31,3,aucun,0,1,séjour correct mais perfectible.
2691,senior,lisbonne,été,villa,gastronomie,20,5090.33,456.28,variable,23.39,0.06,1,17.22,92,38.72509,-9.1498,Open-Meteo Historical Weather API,2025-06-01/2025-08-31,19.54,10.92,32.89,2.16,2208,Open-Meteo Air Quality API,2025-06-01/2025-08-31,4,aucun,0,1,très bon séjour.
2692,couple,dubaï,printemps,hôtel,gastronomie,19,4940.58,739.05,ensoleillé,28.3,0.01,0,22.56,92,25.07725,55.30927,Open-Meteo Historical Weather API,2025-03-01/2025-05-31,70.72,36.99,63.06,2.2,2208,Open-Meteo Air Quality API,2025-03-01/2025-05-31,3,annulation,1,1,séjour correct mais perfectible.
2693,senior,dubaï,été,hôtel,business,14,5754.35,775.28,pluie,35.27,0.0,0,22.79,92,25.07725,55.30927,Open-Meteo Historical Weather API,2025-06-01/2025-08-31,128.17,54.13,71.91,2.19,2208,Open-Meteo Air Quality API,2025-06-01/2025-08-31,1,aucun,0,1,très mauvaise expérience.
2694,senior,sydney,été,resort,culture,18,11926.3,1132.41,ensoleillé,12.22,4.06,27,18.74,92,-33.86785,151.20732,Open-Meteo Historical Weather API,2025-06-01/2025-08-31,10.19,9.26,31.56,0.49,2208,Open-Meteo Air Quality API,2025-06-01/2025-08-31,3,aucun,0,1,séjour correct mais perfectible.
2695,senior,bali,été,hôtel,randonnée,8,5617.61,1877.78,pluie,25.53,3.21,49,18.92,92,-8.65,115.21667,Open-Meteo Historical Weather API,2025-06-01/2025-08-31,13.38,9.86,30.22,1.86,2208,Open-Meteo Air Quality API,2025-06-01/2025-08-31,2,retard_vol,0,1,séjour décevant.
2696,famille,dubaï,automne,villa,gastronomie,17,9788.65,729.93,pluie,29.44,0.0,0,20.09,91,25.07725,55.30927,Open-Meteo Historical Weather API,2025-09-01/2025-11-30,80.53,41.8,60.89,1.56,2184,Open-Meteo Air Quality API,2025-09-01/2025-11-30,3,aucun,0,1,séjour correct mais perfectible.
2697,business,tokyo,hiver,hôtel,randonnée,7,8187.12,1136.3,variable,6.08,0.56,8,14.28,90,35.6895,139.69171,Open-Meteo Historical Weather API,2024-12-01/2025-02-28,31.02,30.0,55.43,0.51,2160,Open-Meteo Air Quality API,2024-12-01/2025-02-28,3,aucun,0,1,séjour correct mais perfectible.
2698,famille,new york,automne,appartement,plage,14,7748.93,785.37,variable,13.97,3.07,25,15.38,91,40.71427,-74.00597,Open-Meteo Historical Weather API,2025-09-01/2025-11-30,11.7,11.28,42.27,0.76,2184,Open-Meteo Air Quality API,2025-09-01/2025-11-30,2,aucun,0,1,séjour décevant.
2699,couple,bali,été,resort,randonnée,20,10734.83,975.46,nuageux,25.53,3.21,49,18.92,92,-8.65,115.21667,Open-Meteo Historical Weather API,2025-06-01/2025-08-31,13.38,9.86,30.22,1.86,2208,Open-Meteo Air Quality API,2025-06-01/2025-08-31,3,aucun,0,1,séjour correct mais perfectible.
2700,senior,sydney,été,appartement,plage,16,3379.18,1511.0,ensoleillé,12.22,4.06,27,18.74,92,-33.86785,151.20732,Open-Meteo Historical Weather API,2025-06-01/2025-08-31,10.19,9.26,31.56,0.49,2208,Open-Meteo Air Quality API,2025-06-01/2025-08-31,1,aucun,0,0,très mauvaise expérience.
2701,business,new york,printemps,appartement,business,8,11927.19,800.55,nuageux,12.04,4.75,36,17.46,92,40.71427,-74.00597,Open-Meteo Historical Weather API,2025-03-01/2025-05-31,11.88,11.05,41.24,1.07,2208,Open-Meteo Air Quality API,2025-03-01/2025-05-31,4,aucun,0,1,très bon séjour.
2702,solo,rome,printemps,appartement,plage,17,2652.52,507.47,ensoleillé,15.22,3.55,32,13.85,92,41.89193,12.51133,Open-Meteo Historical Weather API,2025-03-01/2025-05-31,15.93,11.65,37.47,1.19,2208,Open-Meteo Air Quality API,2025-03-01/2025-05-31,2,bagages,1,1,séjour décevant.
2703,couple,dubaï,hiver,resort,randonnée,19,9585.02,814.17,variable,20.21,0.09,2,19.57,90,25.07725,55.30927,Open-Meteo Historical Weather API,2024-12-01/2025-02-28,59.55,32.47,55.0,1.03,2160,Open-Meteo Air Quality API,2024-12-01/2025-02-28,3,aucun,0,1,séjour correct mais perfectible.
2704,business,paris,automne,resort,randonnée,19,7345.18,398.2,variable,12.33,2.12,33,16.01,91,48.85341,2.3488,Open-Meteo Historical Weather API,2025-09-01/2025-11-30,12.19,8.6,34.88,0.44,2184,Open-Meteo Air Quality API,2025-09-01/2025-11-30,2,aucun,0,1,séjour décevant.
2705,business,tokyo,été,appartement,randonnée,17,7783.98,1459.4,ensoleillé,27.71,2.91,31,13.49,92,35.6895,139.69171,Open-Meteo Historical Weather API,2025-06-01/2025-08-31,24.0,22.42,51.6,1.83,2208,Open-Meteo Air Quality API,2025-06-01/2025-08-31,4,aucun,0,1,très bon séjour.
2706,couple,tokyo,printemps,resort,randonnée,16,9902.35,1390.89,nuageux,14.52,6.04,44,15.33,92,35.6895,139.69171,Open-Meteo Historical Weather API,2025-03-01/2025-05-31,29.58,26.1,53.35,1.05,2208,Open-Meteo Air Quality API,2025-03-01/2025-05-31,3,aucun,0,1,séjour correct mais perfectible.
2707,senior,new york,été,resort,culture,17,6576.65,1073.38,ensoleillé,24.52,2.28,32,14.21,92,40.71427,-74.00597,Open-Meteo Historical Weather API,2025-06-01/2025-08-31,18.13,17.43,51.89,1.61,2208,Open-Meteo Air Quality API,2025-06-01/2025-08-31,4,aucun,0,1,très bon séjour.
2708,famille,paris,hiver,hôtel,business,16,4920.05,419.25,pluie,4.95,2.61,35,15.72,90,48.85341,2.3488,Open-Meteo Historical Weather API,2024-12-01/2025-02-28,20.98,17.57,45.01,0.13,2160,Open-Meteo Air Quality API,2024-12-01/2025-02-28,2,aucun,0,1,séjour décevant.
2709,famille,bali,hiver,hôtel,plage,5,8988.11,1252.23,pluie,26.28,11.89,84,14.7,90,-8.65,115.21667,Open-Meteo Historical Weather API,2024-12-01/2025-02-28,12.8,11.67,33.02,1.96,2160,Open-Meteo Air Quality API,2024-12-01/2025-02-28,3,aucun,0,1,séjour correct mais perfectible.
2710,solo,dubaï,été,hôtel,randonnée,18,3223.94,543.5,ensoleillé,35.27,0.0,0,22.79,92,25.07725,55.30927,Open-Meteo Historical Weather API,2025-06-01/2025-08-31,128.17,54.13,71.91,2.19,2208,Open-Meteo Air Quality API,2025-06-01/2025-08-31,3,aucun,0,1,séjour correct mais perfectible.
2711,senior,rome,été,hôtel,gastronomie,6,4481.36,516.23,pluie,27.22,1.32,16,14.95,92,41.89193,12.51133,Open-Meteo Historical Weather API,2025-06-01/2025-08-31,15.45,9.67,40.74,2.01,2208,Open-Meteo Air Quality API,2025-06-01/2025-08-31,3,aucun,0,1,séjour correct mais perfectible.
2712,famille,tokyo,été,hôtel,randonnée,13,8027.57,1045.48,ensoleillé,27.71,2.91,31,13.49,92,35.6895,139.69171,Open-Meteo Historical Weather API,2025-06-01/2025-08-31,24.0,22.42,51.6,1.83,2208,Open-Meteo Air Quality API,2025-06-01/2025-08-31,2,aucun,0,1,séjour décevant.
2713,famille,sydney,été,hôtel,culture,9,7436.92,1597.9,nuageux,12.22,4.06,27,18.74,92,-33.86785,151.20732,Open-Meteo Historical Weather API,2025-06-01/2025-08-31,10.19,9.26,31.56,0.49,2208,Open-Meteo Air Quality API,2025-06-01/2025-08-31,4,aucun,0,1,très bon séjour.
2714,famille,dubaï,été,resort,randonnée,7,14015.64,708.39,nuageux,35.27,0.0,0,22.79,92,25.07725,55.30927,Open-Meteo Historical Weather API,2025-06-01/2025-08-31,128.17,54.13,71.91,2.19,2208,Open-Meteo Air Quality API,2025-06-01/2025-08-31,3,aucun,0,1,séjour correct mais perfectible.
2715,senior,new york,automne,appartement,gastronomie,8,4431.0,942.67,ensoleillé,13.97,3.07,25,15.38,91,40.71427,-74.00597,Open-Meteo Historical Weather API,2025-09-01/2025-11-30,11.7,11.28,42.27,0.76,2184,Open-Meteo Air Quality API,2025-09-01/2025-11-30,3,aucun,0,1,séjour correct mais perfectible.
2716,famille,lisbonne,hiver,resort,gastronomie,4,3888.38,447.1,nuageux,12.63,2.92,26,17.53,90,38.72509,-9.1498,Open-Meteo Historical Weather API,2024-12-01/2025-02-28,19.66,13.91,36.49,0.38,2160,Open-Meteo Air Quality API,2024-12-01/2025-02-28,4,aucun,0,1,très bon séjour.
2717,solo,tokyo,été,appartement,randonnée,11,4302.47,1507.42,ensoleillé,27.71,2.91,31,13.49,92,35.6895,139.69171,Open-Meteo Historical Weather API,2025-06-01/2025-08-31,24.0,22.42,51.6,1.83,2208,Open-Meteo Air Quality API,2025-06-01/2025-08-31,3,aucun,0,0,séjour correct mais perfectible.
2718,senior,bali,été,hôtel,culture,10,4894.1,1752.52,ensoleillé,25.53,3.21,49,18.92,92,-8.65,115.21667,Open-Meteo Historical Weather API,2025-06-01/2025-08-31,13.38,9.86,30.22,1.86,2208,Open-Meteo Air Quality API,2025-06-01/2025-08-31,4,bagages,0,0,très bon séjour.
2719,famille,tokyo,printemps,hôtel,culture,10,8752.27,733.23,variable,14.52,6.04,44,15.33,92,35.6895,139.69171,Open-Meteo Historical Weather API,2025-03-01/2025-05-31,29.58,26.1,53.35,1.05,2208,Open-Meteo Air Quality API,2025-03-01/2025-05-31,3,aucun,0,1,séjour correct mais perfectible.
2720,solo,tokyo,hiver,appartement,gastronomie,4,4640.44,823.39,ensoleillé,6.08,0.56,8,14.28,90,35.6895,139.69171,Open-Meteo Historical Weather API,2024-12-01/2025-02-28,31.02,30.0,55.43,0.51,2160,Open-Meteo Air Quality API,2024-12-01/2025-02-28,3,aucun,0,1,séjour correct mais perfectible.
2721,solo,tokyo,hiver,appartement,gastronomie,14,4718.68,1603.36,ensoleillé,6.08,0.56,8,14.28,90,35.6895,139.69171,Open-Meteo Historical Weather API,2024-12-01/2025-02-28,31.02,30.0,55.43,0.51,2160,Open-Meteo Air Quality API,2024-12-01/2025-02-28,2,annulation,0,1,séjour décevant.
2722,business,rome,hiver,appartement,business,6,4287.37,531.77,nuageux,9.23,2.57,28,13.79,90,41.89193,12.51133,Open-Meteo Historical Weather API,2024-12-01/2025-02-28,20.56,17.01,40.29,0.27,2160,Open-Meteo Air Quality API,2024-12-01/2025-02-28,3,aucun,0,1,séjour correct mais perfectible.
2723,couple,sydney,été,appartement,business,19,5685.31,1595.97,ensoleillé,12.22,4.06,27,18.74,92,-33.86785,151.20732,Open-Meteo Historical Weather API,2025-06-01/2025-08-31,10.19,9.26,31.56,0.49,2208,Open-Meteo Air Quality API,2025-06-01/2025-08-31,2,retard_vol,1,1,séjour décevant.
2724,couple,new york,hiver,appartement,business,3,6739.7,854.9,nuageux,-0.0,2.34,32,16.49,90,40.71427,-74.00597,Open-Meteo Historical Weather API,2024-12-01/2025-02-28,14.23,13.56,43.36,0.34,2160,Open-Meteo Air Quality API,2024-12-01/2025-02-28,3,aucun,0,1,séjour correct mais perfectible.
2725,famille,dubaï,été,appartement,plage,4,6254.83,817.55,nuageux,35.27,0.0,0,22.79,92,25.07725,55.30927,Open-Meteo Historical Weather API,2025-06-01/2025-08-31,128.17,54.13,71.91,2.19,2208,Open-Meteo Air Quality API,2025-06-01/2025-08-31,4,aucun,0,1,très bon séjour.
2726,business,tokyo,hiver,appartement,business,8,6940.61,684.52,nuageux,6.08,0.56,8,14.28,90,35.6895,139.69171,Open-Meteo Historical Weather API,2024-12-01/2025-02-28,31.02,30.0,55.43,0.51,2160,Open-Meteo Air Quality API,2024-12-01/2025-02-28,4,aucun,0,1,très bon séjour.
2727,business,dubaï,hiver,appartement,business,10,9239.42,602.69,variable,20.21,0.09,2,19.57,90,25.07725,55.30927,Open-Meteo Historical Weather API,2024-12-01/2025-02-28,59.55,32.47,55.0,1.03,2160,Open-Meteo Air Quality API,2024-12-01/2025-02-28,3,retard_vol,0,1,séjour correct mais perfectible.
2728,famille,dubaï,printemps,hôtel,business,21,7611.29,685.91,nuageux,28.3,0.01,0,22.56,92,25.07725,55.30927,Open-Meteo Historical Weather API,2025-03-01/2025-05-31,70.72,36.99,63.06,2.2,2208,Open-Meteo Air Quality API,2025-03-01/2025-05-31,3,aucun,0,1,séjour correct mais perfectible.
2729,couple,dubaï,hiver,hôtel,culture,12,8433.61,609.8,pluie,20.21,0.09,2,19.57,90,25.07725,55.30927,Open-Meteo Historical Weather API,2024-12-01/2025-02-28,59.55,32.47,55.0,1.03,2160,Open-Meteo Air Quality API,2024-12-01/2025-02-28,4,aucun,0,1,très bon séjour.
2730,senior,tokyo,automne,hôtel,randonnée,10,9168.71,939.41,nuageux,18.79,4.52,34,12.27,91,35.6895,139.69171,Open-Meteo Historical Weather API,2025-09-01/2025-11-30,28.46,27.24,54.08,0.85,2184,Open-Meteo Air Quality API,2025-09-01/2025-11-30,3,aucun,0,1,séjour correct mais perfectible.
2731,famille,new york,printemps,resort,culture,18,13282.03,1241.49,ensoleillé,12.04,4.75,36,17.46,92,40.71427,-74.00597,Open-Meteo Historical Weather API,2025-03-01/2025-05-31,11.88,11.05,41.24,1.07,2208,Open-Meteo Air Quality API,2025-03-01/2025-05-31,4,aucun,0,1,très bon séjour.
2732,couple,paris,printemps,appartement,gastronomie,7,4912.36,334.15,nuageux,12.44,1.18,26,14.07,92,48.85341,2.3488,Open-Meteo Historical Weather API,2025-03-01/2025-05-31,15.06,12.04,38.85,0.97,2208,Open-Meteo Air Quality API,2025-03-01/2025-05-31,4,aucun,0,1,très bon séjour.
2733,solo,bali,hiver,hôtel,business,20,4463.38,1207.57,pluie,26.28,11.89,84,14.7,90,-8.65,115.21667,Open-Meteo Historical Weather API,2024-12-01/2025-02-28,12.8,11.67,33.02,1.96,2160,Open-Meteo Air Quality API,2024-12-01/2025-02-28,2,aucun,0,1,séjour décevant.
2734,couple,bali,printemps,hôtel,randonnée,10,6112.65,1200.21,variable,26.99,6.49,65,13.72,92,-8.65,115.21667,Open-Meteo Historical Weather API,2025-03-01/2025-05-31,12.14,10.4,31.68,2.19,2208,Open-Meteo Air Quality API,2025-03-01/2025-05-31,3,aucun,0,1,séjour correct mais perfectible.
2735,couple,sydney,été,appartement,culture,8,6362.88,1696.76,ensoleillé,12.22,4.06,27,18.74,92,-33.86785,151.20732,Open-Meteo Historical Weather API,2025-06-01/2025-08-31,10.19,9.26,31.56,0.49,2208,Open-Meteo Air Quality API,2025-06-01/2025-08-31,4,aucun,0,1,très bon séjour.
2736,couple,new york,été,hôtel,culture,8,3767.64,916.83,ensoleillé,24.52,2.28,32,14.21,92,40.71427,-74.00597,Open-Meteo Historical Weather API,2025-06-01/2025-08-31,18.13,17.43,51.89,1.61,2208,Open-Meteo Air Quality API,2025-06-01/2025-08-31,4,aucun,0,1,très bon séjour.
2737,famille,bali,printemps,appartement,business,3,6771.17,1408.13,nuageux,26.99,6.49,65,13.72,92,-8.65,115.21667,Open-Meteo Historical Weather API,2025-03-01/2025-05-31,12.14,10.4,31.68,2.19,2208,Open-Meteo Air Quality API,2025-03-01/2025-05-31,4,aucun,0,1,très bon séjour.
2738,solo,rome,été,hôtel,plage,15,3262.51,573.4,ensoleillé,27.22,1.32,16,14.95,92,41.89193,12.51133,Open-Meteo Historical Weather API,2025-06-01/2025-08-31,15.45,9.67,40.74,2.01,2208,Open-Meteo Air Quality API,2025-06-01/2025-08-31,2,aucun,0,1,séjour décevant.
2739,business,tokyo,printemps,hôtel,business,13,11225.35,806.73,pluie,14.52,6.04,44,15.33,92,35.6895,139.69171,Open-Meteo Historical Weather API,2025-03-01/2025-05-31,29.58,26.1,53.35,1.05,2208,Open-Meteo Air Quality API,2025-03-01/2025-05-31,3,aucun,0,1,séjour correct mais perfectible.
2740,solo,bali,automne,hôtel,randonnée,15,4349.1,1127.75,ensoleillé,26.3,6.82,61,14.71,91,-8.65,115.21667,Open-Meteo Historical Weather API,2025-09-01/2025-11-30,14.48,11.69,32.66,2.5,2184,Open-Meteo Air Quality API,2025-09-01/2025-11-30,3,annulation,0,1,séjour correct mais perfectible.
2741,famille,paris,été,hôtel,business,15,6854.64,400.2,pluie,21.05,2.58,30,14.41,92,48.85341,2.3488,Open-Meteo Historical Weather API,2025-06-01/2025-08-31,10.28,6.83,31.49,1.5,2208,Open-Meteo Air Quality API,2025-06-01/2025-08-31,3,aucun,0,1,séjour correct mais perfectible.
2742,business,lisbonne,printemps,hôtel,plage,3,3136.27,365.08,nuageux,15.64,3.53,41,19.08,92,38.72509,-9.1498,Open-Meteo Historical Weather API,2025-03-01/2025-05-31,15.2,9.48,34.11,1.3,2208,Open-Meteo Air Quality API,2025-03-01/2025-05-31,4,aucun,0,1,très bon séjour.
2743,famille,dubaï,été,hôtel,randonnée,19,5808.4,901.72,ensoleillé,35.27,0.0,0,22.79,92,25.07725,55.30927,Open-Meteo Historical Weather API,2025-06-01/2025-08-31,128.17,54.13,71.91,2.19,2208,Open-Meteo Air Quality API,2025-06-01/2025-08-31,1,retard_vol,1,1,très mauvaise expérience.
2744,business,paris,automne,hôtel,culture,12,2959.02,389.99,pluie,12.33,2.12,33,16.01,91,48.85341,2.3488,Open-Meteo Historical Weather API,2025-09-01/2025-11-30,12.19,8.6,34.88,0.44,2184,Open-Meteo Air Quality API,2025-09-01/2025-11-30,3,aucun,0,1,séjour correct mais perfectible.
2745,couple,bali,printemps,hôtel,gastronomie,16,6016.75,1256.95,ensoleillé,26.99,6.49,65,13.72,92,-8.65,115.21667,Open-Meteo Historical Weather API,2025-03-01/2025-05-31,12.14,10.4,31.68,2.19,2208,Open-Meteo Air Quality API,2025-03-01/2025-05-31,4,aucun,0,1,très bon séjour.
2746,business,new york,automne,appartement,culture,3,6125.73,901.85,pluie,13.97,3.07,25,15.38,91,40.71427,-74.00597,Open-Meteo Historical Weather API,2025-09-01/2025-11-30,11.7,11.28,42.27,0.76,2184,Open-Meteo Air Quality API,2025-09-01/2025-11-30,3,aucun,0,1,séjour correct mais perfectible.
2747,famille,paris,automne,hôtel,gastronomie,17,4791.51,355.4,variable,12.33,2.12,33,16.01,91,48.85341,2.3488,Open-Meteo Historical Weather API,2025-09-01/2025-11-30,12.19,8.6,34.88,0.44,2184,Open-Meteo Air Quality API,2025-09-01/2025-11-30,1,météo,0,1,très mauvaise expérience.
2748,famille,rome,hiver,hôtel,plage,15,5309.07,275.75,pluie,9.23,2.57,28,13.79,90,41.89193,12.51133,Open-Meteo Historical Weather API,2024-12-01/2025-02-28,20.56,17.01,40.29,0.27,2160,Open-Meteo Air Quality API,2024-12-01/2025-02-28,3,aucun,0,1,séjour correct mais perfectible.
2749,couple,dubaï,été,hôtel,culture,10,6163.44,941.66,ensoleillé,35.27,0.0,0,22.79,92,25.07725,55.30927,Open-Meteo Historical Weather API,2025-06-01/2025-08-31,128.17,54.13,71.91,2.19,2208,Open-Meteo Air Quality API,2025-06-01/2025-08-31,4,aucun,0,1,très bon séjour.
2750,famille,new york,été,villa,gastronomie,20,8220.75,1091.17,ensoleillé,24.52,2.28,32,14.21,92,40.71427,-74.00597,Open-Meteo Historical Weather API,2025-06-01/2025-08-31,18.13,17.43,51.89,1.61,2208,Open-Meteo Air Quality API,2025-06-01/2025-08-31,3,aucun,0,1,séjour correct mais perfectible.
2751,famille,rome,été,appartement,gastronomie,15,6325.03,436.88,ensoleillé,27.22,1.32,16,14.95,92,41.89193,12.51133,Open-Meteo Historical Weather API,2025-06-01/2025-08-31,15.45,9.67,40.74,2.01,2208,Open-Meteo Air Quality API,2025-06-01/2025-08-31,2,aucun,0,1,séjour décevant.
2752,business,rome,été,villa,randonnée,20,7730.29,557.82,nuageux,27.22,1.32,16,14.95,92,41.89193,12.51133,Open-Meteo Historical Weather API,2025-06-01/2025-08-31,15.45,9.67,40.74,2.01,2208,Open-Meteo Air Quality API,2025-06-01/2025-08-31,3,météo,0,1,séjour correct mais perfectible.
2753,business,bali,automne,villa,business,18,8559.65,1284.12,pluie,26.3,6.82,61,14.71,91,-8.65,115.21667,Open-Meteo Historical Weather API,2025-09-01/2025-11-30,14.48,11.69,32.66,2.5,2184,Open-Meteo Air Quality API,2025-09-01/2025-11-30,3,aucun,0,1,séjour correct mais perfectible.
2754,famille,tokyo,été,hôtel,culture,6,7452.04,1500.21,ensoleillé,27.71,2.91,31,13.49,92,35.6895,139.69171,Open-Meteo Historical Weather API,2025-06-01/2025-08-31,24.0,22.42,51.6,1.83,2208,Open-Meteo Air Quality API,2025-06-01/2025-08-31,4,aucun,0,1,très bon séjour.
2755,senior,tokyo,été,appartement,plage,21,5694.88,1352.81,nuageux,27.71,2.91,31,13.49,92,35.6895,139.69171,Open-Meteo Historical Weather API,2025-06-01/2025-08-31,24.0,22.42,51.6,1.83,2208,Open-Meteo Air Quality API,2025-06-01/2025-08-31,2,aucun,0,1,séjour décevant.
2756,business,rome,hiver,hôtel,plage,17,5167.77,476.05,pluie,9.23,2.57,28,13.79,90,41.89193,12.51133,Open-Meteo Historical Weather API,2024-12-01/2025-02-28,20.56,17.01,40.29,0.27,2160,Open-Meteo Air Quality API,2024-12-01/2025-02-28,2,météo,1,1,séjour décevant.
2757,senior,tokyo,printemps,appartement,plage,6,7616.45,1228.94,nuageux,14.52,6.04,44,15.33,92,35.6895,139.69171,Open-Meteo Historical Weather API,2025-03-01/2025-05-31,29.58,26.1,53.35,1.05,2208,Open-Meteo Air Quality API,2025-03-01/2025-05-31,3,aucun,0,1,séjour correct mais perfectible.
2758,business,dubaï,automne,hôtel,plage,18,8351.47,661.38,ensoleillé,29.44,0.0,0,20.09,91,25.07725,55.30927,Open-Meteo Historical Weather API,2025-09-01/2025-11-30,80.53,41.8,60.89,1.56,2184,Open-Meteo Air Quality API,2025-09-01/2025-11-30,3,aucun,0,1,séjour correct mais perfectible.
2759,solo,rome,été,hôtel,culture,11,4359.62,570.38,ensoleillé,27.22,1.32,16,14.95,92,41.89193,12.51133,Open-Meteo Historical Weather API,2025-06-01/2025-08-31,15.45,9.67,40.74,2.01,2208,Open-Meteo Air Quality API,2025-06-01/2025-08-31,3,aucun,0,1,séjour correct mais perfectible.
2760,solo,paris,hiver,villa,culture,19,4912.34,310.87,nuageux,4.95,2.61,35,15.72,90,48.85341,2.3488,Open-Meteo Historical Weather API,2024-12-01/2025-02-28,20.98,17.57,45.01,0.13,2160,Open-Meteo Air Quality API,2024-12-01/2025-02-28,3,aucun,0,1,séjour correct mais perfectible.
2761,solo,dubaï,automne,appartement,gastronomie,6,4391.36,839.9,variable,29.44,0.0,0,20.09,91,25.07725,55.30927,Open-Meteo Historical Weather API,2025-09-01/2025-11-30,80.53,41.8,60.89,1.56,2184,Open-Meteo Air Quality API,2025-09-01/2025-11-30,2,annulation,1,1,séjour décevant.
2762,senior,new york,automne,villa,gastronomie,7,12147.92,603.71,variable,13.97,3.07,25,15.38,91,40.71427,-74.00597,Open-Meteo Historical Weather API,2025-09-01/2025-11-30,11.7,11.28,42.27,0.76,2184,Open-Meteo Air Quality API,2025-09-01/2025-11-30,4,aucun,0,1,très bon séjour.
2763,famille,sydney,été,hôtel,business,9,11909.46,1759.52,pluie,12.22,4.06,27,18.74,92,-33.86785,151.20732,Open-Meteo Historical Weather API,2025-06-01/2025-08-31,10.19,9.26,31.56,0.49,2208,Open-Meteo Air Quality API,2025-06-01/2025-08-31,3,aucun,0,1,séjour correct mais perfectible.
2764,couple,lisbonne,hiver,hôtel,business,11,4639.0,381.21,nuageux,12.63,2.92,26,17.53,90,38.72509,-9.1498,Open-Meteo Historical Weather API,2024-12-01/2025-02-28,19.66,13.91,36.49,0.38,2160,Open-Meteo Air Quality API,2024-12-01/2025-02-28,3,aucun,0,1,séjour correct mais perfectible.
2765,famille,lisbonne,été,hôtel,gastronomie,14,3892.25,526.32,nuageux,23.39,0.06,1,17.22,92,38.72509,-9.1498,Open-Meteo Historical Weather API,2025-06-01/2025-08-31,19.54,10.92,32.89,2.16,2208,Open-Meteo Air Quality API,2025-06-01/2025-08-31,3,aucun,0,1,séjour correct mais perfectible.
2766,senior,rome,hiver,resort,gastronomie,7,5100.08,386.78,variable,9.23,2.57,28,13.79,90,41.89193,12.51133,Open-Meteo Historical Weather API,2024-12-01/2025-02-28,20.56,17.01,40.29,0.27,2160,Open-Meteo Air Quality API,2024-12-01/2025-02-28,3,aucun,0,1,séjour correct mais perfectible.
2767,couple,rome,printemps,resort,gastronomie,16,2443.08,457.29,ensoleillé,15.22,3.55,32,13.85,92,41.89193,12.51133,Open-Meteo Historical Weather API,2025-03-01/2025-05-31,15.93,11.65,37.47,1.19,2208,Open-Meteo Air Quality API,2025-03-01/2025-05-31,2,météo,1,1,séjour décevant.
2768,solo,bali,été,hôtel,business,3,4271.5,1371.81,ensoleillé,25.53,3.21,49,18.92,92,-8.65,115.21667,Open-Meteo Historical Weather API,2025-06-01/2025-08-31,13.38,9.86,30.22,1.86,2208,Open-Meteo Air Quality API,2025-06-01/2025-08-31,3,annulation,1,1,séjour correct mais perfectible.
2769,business,paris,automne,appartement,culture,9,6609.6,377.33,ensoleillé,12.33,2.12,33,16.01,91,48.85341,2.3488,Open-Meteo Historical Weather API,2025-09-01/2025-11-30,12.19,8.6,34.88,0.44,2184,Open-Meteo Air Quality API,2025-09-01/2025-11-30,4,aucun,0,1,très bon séjour.
2770,senior,sydney,printemps,hôtel,randonnée,15,9327.0,1054.87,nuageux,19.13,4.44,49,17.74,92,-33.86785,151.20732,Open-Meteo Historical Weather API,2025-03-01/2025-05-31,11.25,9.25,31.84,1.01,2208,Open-Meteo Air Quality API,2025-03-01/2025-05-31,4,aucun,0,1,très bon séjour.
2771,famille,new york,automne,appartement,business,8,6660.41,947.34,nuageux,13.97,3.07,25,15.38,91,40.71427,-74.00597,Open-Meteo Historical Weather API,2025-09-01/2025-11-30,11.7,11.28,42.27,0.76,2184,Open-Meteo Air Quality API,2025-09-01/2025-11-30,3,aucun,0,1,séjour correct mais perfectible.
2772,business,dubaï,automne,appartement,randonnée,11,9575.46,467.42,ensoleillé,29.44,0.0,0,20.09,91,25.07725,55.30927,Open-Meteo Historical Weather API,2025-09-01/2025-11-30,80.53,41.8,60.89,1.56,2184,Open-Meteo Air Quality API,2025-09-01/2025-11-30,3,aucun,0,1,séjour correct mais perfectible.
2773,senior,new york,hiver,resort,culture,14,7827.69,747.82,nuageux,-0.0,2.34,32,16.49,90,40.71427,-74.00597,Open-Meteo Historical Weather API,2024-12-01/2025-02-28,14.23,13.56,43.36,0.34,2160,Open-Meteo Air Quality API,2024-12-01/2025-02-28,4,aucun,0,1,très bon séjour.
2774,famille,lisbonne,printemps,hôtel,business,7,3487.74,273.11,pluie,15.64,3.53,41,19.08,92,38.72509,-9.1498,Open-Meteo Historical Weather API,2025-03-01/2025-05-31,15.2,9.48,34.11,1.3,2208,Open-Meteo Air Quality API,2025-03-01/2025-05-31,2,météo,1,1,séjour décevant.
2775,business,new york,été,hôtel,business,21,8073.04,1152.53,pluie,24.52,2.28,32,14.21,92,40.71427,-74.00597,Open-Meteo Historical Weather API,2025-06-01/2025-08-31,18.13,17.43,51.89,1.61,2208,Open-Meteo Air Quality API,2025-06-01/2025-08-31,3,annulation,0,1,séjour correct mais perfectible.
2776,couple,rome,été,hôtel,plage,19,3238.15,569.24,nuageux,27.22,1.32,16,14.95,92,41.89193,12.51133,Open-Meteo Historical Weather API,2025-06-01/2025-08-31,15.45,9.67,40.74,2.01,2208,Open-Meteo Air Quality API,2025-06-01/2025-08-31,3,aucun,0,1,séjour correct mais perfectible.
2777,solo,sydney,printemps,appartement,randonnée,21,5504.18,1406.71,variable,19.13,4.44,49,17.74,92,-33.86785,151.20732,Open-Meteo Historical Weather API,2025-03-01/2025-05-31,11.25,9.25,31.84,1.01,2208,Open-Meteo Air Quality API,2025-03-01/2025-05-31,2,aucun,0,1,séjour décevant.
2778,solo,tokyo,été,resort,culture,12,7274.11,1567.55,ensoleillé,27.71,2.91,31,13.49,92,35.6895,139.69171,Open-Meteo Historical Weather API,2025-06-01/2025-08-31,24.0,22.42,51.6,1.83,2208,Open-Meteo Air Quality API,2025-06-01/2025-08-31,4,aucun,0,1,très bon séjour.
2779,couple,rome,été,hôtel,plage,9,4877.04,500.8,pluie,27.22,1.32,16,14.95,92,41.89193,12.51133,Open-Meteo Historical Weather API,2025-06-01/2025-08-31,15.45,9.67,40.74,2.01,2208,Open-Meteo Air Quality API,2025-06-01/2025-08-31,3,météo,1,1,séjour correct mais perfectible.
2780,famille,new york,été,villa,plage,21,10911.51,1113.05,ensoleillé,24.52,2.28,32,14.21,92,40.71427,-74.00597,Open-Meteo Historical Weather API,2025-06-01/2025-08-31,18.13,17.43,51.89,1.61,2208,Open-Meteo Air Quality API,2025-06-01/2025-08-31,4,aucun,0,1,très bon séjour.
2781,famille,new york,été,appartement,randonnée,16,6702.86,1014.92,pluie,24.52,2.28,32,14.21,92,40.71427,-74.00597,Open-Meteo Historical Weather API,2025-06-01/2025-08-31,18.13,17.43,51.89,1.61,2208,Open-Meteo Air Quality API,2025-06-01/2025-08-31,2,aucun,0,1,séjour décevant.
2782,famille,rome,hiver,appartement,gastronomie,18,2111.58,443.02,variable,9.23,2.57,28,13.79,90,41.89193,12.51133,Open-Meteo Historical Weather API,2024-12-01/2025-02-28,20.56,17.01,40.29,0.27,2160,Open-Meteo Air Quality API,2024-12-01/2025-02-28,2,aucun,0,1,séjour décevant.
2783,solo,paris,hiver,resort,plage,6,5067.36,432.32,pluie,4.95,2.61,35,15.72,90,48.85341,2.3488,Open-Meteo Historical Weather API,2024-12-01/2025-02-28,20.98,17.57,45.01,0.13,2160,Open-Meteo Air Quality API,2024-12-01/2025-02-28,3,annulation,1,1,séjour correct mais perfectible.
2784,couple,sydney,hiver,villa,plage,19,12148.55,1787.16,nuageux,22.44,3.42,39,20.67,90,-33.86785,151.20732,Open-Meteo Historical Weather API,2024-12-01/2025-02-28,12.57,9.86,34.15,2.24,2160,Open-Meteo Air Quality API,2024-12-01/2025-02-28,4,aucun,0,1,très bon séjour.
2785,famille,lisbonne,automne,hôtel,randonnée,13,3137.64,350.49,ensoleillé,18.72,2.83,21,17.54,91,38.72509,-9.1498,Open-Meteo Historical Weather API,2025-09-01/2025-11-30,15.83,9.72,31.17,0.9,2184,Open-Meteo Air Quality API,2025-09-01/2025-11-30,3,aucun,0,1,séjour correct mais perfectible.
2786,business,new york,automne,hôtel,gastronomie,17,8792.78,977.56,nuageux,13.97,3.07,25,15.38,91,40.71427,-74.00597,Open-Meteo Historical Weather API,2025-09-01/2025-11-30,11.7,11.28,42.27,0.76,2184,Open-Meteo Air Quality API,2025-09-01/2025-11-30,2,aucun,0,1,séjour décevant.
2787,business,rome,été,appartement,gastronomie,18,4157.48,561.5,ensoleillé,27.22,1.32,16,14.95,92,41.89193,12.51133,Open-Meteo Historical Weather API,2025-06-01/2025-08-31,15.45,9.67,40.74,2.01,2208,Open-Meteo Air Quality API,2025-06-01/2025-08-31,2,aucun,0,1,séjour décevant.
2788,solo,tokyo,hiver,appartement,culture,5,6228.68,1112.58,ensoleillé,6.08,0.56,8,14.28,90,35.6895,139.69171,Open-Meteo Historical Weather API,2024-12-01/2025-02-28,31.02,30.0,55.43,0.51,2160,Open-Meteo Air Quality API,2024-12-01/2025-02-28,3,aucun,0,1,séjour correct mais perfectible.
2789,senior,paris,été,resort,business,4,4733.46,431.38,ensoleillé,21.05,2.58,30,14.41,92,48.85341,2.3488,Open-Meteo Historical Weather API,2025-06-01/2025-08-31,10.28,6.83,31.49,1.5,2208,Open-Meteo Air Quality API,2025-06-01/2025-08-31,4,aucun,0,1,très bon séjour.
2790,couple,lisbonne,hiver,hôtel,plage,4,3862.49,357.22,ensoleillé,12.63,2.92,26,17.53,90,38.72509,-9.1498,Open-Meteo Historical Weather API,2024-12-01/2025-02-28,19.66,13.91,36.49,0.38,2160,Open-Meteo Air Quality API,2024-12-01/2025-02-28,4,aucun,0,1,très bon séjour.
2791,business,new york,printemps,hôtel,culture,15,6840.28,301.5,variable,12.04,4.75,36,17.46,92,40.71427,-74.00597,Open-Meteo Historical Weather API,2025-03-01/2025-05-31,11.88,11.05,41.24,1.07,2208,Open-Meteo Air Quality API,2025-03-01/2025-05-31,2,météo,1,1,séjour décevant.
2792,famille,bali,printemps,appartement,plage,20,5129.03,1467.71,nuageux,26.99,6.49,65,13.72,92,-8.65,115.21667,Open-Meteo Historical Weather API,2025-03-01/2025-05-31,12.14,10.4,31.68,2.19,2208,Open-Meteo Air Quality API,2025-03-01/2025-05-31,3,aucun,0,1,séjour correct mais perfectible.
2793,business,new york,automne,appartement,randonnée,3,7829.44,743.71,variable,13.97,3.07,25,15.38,91,40.71427,-74.00597,Open-Meteo Historical Weather API,2025-09-01/2025-11-30,11.7,11.28,42.27,0.76,2184,Open-Meteo Air Quality API,2025-09-01/2025-11-30,2,aucun,0,1,séjour décevant.
2794,senior,rome,hiver,hôtel,randonnée,5,3895.05,430.43,nuageux,9.23,2.57,28,13.79,90,41.89193,12.51133,Open-Meteo Historical Weather API,2024-12-01/2025-02-28,20.56,17.01,40.29,0.27,2160,Open-Meteo Air Quality API,2024-12-01/2025-02-28,2,aucun,0,1,séjour décevant.
2795,business,bali,été,hôtel,culture,12,7739.79,1303.19,ensoleillé,25.53,3.21,49,18.92,92,-8.65,115.21667,Open-Meteo Historical Weather API,2025-06-01/2025-08-31,13.38,9.86,30.22,1.86,2208,Open-Meteo Air Quality API,2025-06-01/2025-08-31,3,aucun,0,1,séjour correct mais perfectible.
2796,solo,sydney,automne,appartement,randonnée,10,5195.66,1116.59,ensoleillé,19.17,1.74,22,21.07,91,-33.86785,151.20732,Open-Meteo Historical Weather API,2025-09-01/2025-11-30,10.98,9.17,34.45,1.63,2184,Open-Meteo Air Quality API,2025-09-01/2025-11-30,4,aucun,0,1,très bon séjour.
2797,solo,lisbonne,été,appartement,business,4,1894.59,467.79,pluie,23.39,0.06,1,17.22,92,38.72509,-9.1498,Open-Meteo Historical Weather API,2025-06-01/2025-08-31,19.54,10.92,32.89,2.16,2208,Open-Meteo Air Quality API,2025-06-01/2025-08-31,3,aucun,0,1,séjour correct mais perfectible.
2798,couple,rome,hiver,resort,randonnée,14,6420.5,446.41,ensoleillé,9.23,2.57,28,13.79,90,41.89193,12.51133,Open-Meteo Historical Weather API,2024-12-01/2025-02-28,20.56,17.01,40.29,0.27,2160,Open-Meteo Air Quality API,2024-12-01/2025-02-28,2,retard_vol,0,1,séjour décevant.
2799,solo,sydney,automne,resort,business,20,6884.02,1132.33,pluie,19.17,1.74,22,21.07,91,-33.86785,151.20732,Open-Meteo Historical Weather API,2025-09-01/2025-11-30,10.98,9.17,34.45,1.63,2184,Open-Meteo Air Quality API,2025-09-01/2025-11-30,3,aucun,0,1,séjour correct mais perfectible.
2800,business,sydney,été,villa,business,7,14543.52,1575.23,ensoleillé,12.22,4.06,27,18.74,92,-33.86785,151.20732,Open-Meteo Historical Weather API,2025-06-01/2025-08-31,10.19,9.26,31.56,0.49,2208,Open-Meteo Air Quality API,2025-06-01/2025-08-31,5,retard_vol,1,1,excellent séjour.
2801,senior,tokyo,printemps,hôtel,gastronomie,3,7793.91,1043.75,ensoleillé,14.52,6.04,44,15.33,92,35.6895,139.69171,Open-Meteo Historical Weather API,2025-03-01/2025-05-31,29.58,26.1,53.35,1.05,2208,Open-Meteo Air Quality API,2025-03-01/2025-05-31,4,aucun,0,1,très bon séjour.
2802,couple,sydney,été,resort,plage,7,10761.89,1790.19,ensoleillé,12.22,4.06,27,18.74,92,-33.86785,151.20732,Open-Meteo Historical Weather API,2025-06-01/2025-08-31,10.19,9.26,31.56,0.49,2208,Open-Meteo Air Quality API,2025-06-01/2025-08-31,4,aucun,0,1,très bon séjour.
2803,famille,sydney,automne,resort,culture,6,13458.14,986.35,nuageux,19.17,1.74,22,21.07,91,-33.86785,151.20732,Open-Meteo Historical Weather API,2025-09-01/2025-11-30,10.98,9.17,34.45,1.63,2184,Open-Meteo Air Quality API,2025-09-01/2025-11-30,4,aucun,0,1,très bon séjour.
2804,solo,tokyo,printemps,resort,gastronomie,11,7316.97,897.78,ensoleillé,14.52,6.04,44,15.33,92,35.6895,139.69171,Open-Meteo Historical Weather API,2025-03-01/2025-05-31,29.58,26.1,53.35,1.05,2208,Open-Meteo Air Quality API,2025-03-01/2025-05-31,4,retard_vol,1,1,très bon séjour.
2805,famille,new york,été,appartement,randonnée,5,7490.2,1133.95,pluie,24.52,2.28,32,14.21,92,40.71427,-74.00597,Open-Meteo Historical Weather API,2025-06-01/2025-08-31,18.13,17.43,51.89,1.61,2208,Open-Meteo Air Quality API,2025-06-01/2025-08-31,3,aucun,0,1,séjour correct mais perfectible.
2806,famille,paris,printemps,resort,gastronomie,9,6939.92,309.7,ensoleillé,12.44,1.18,26,14.07,92,48.85341,2.3488,Open-Meteo Historical Weather API,2025-03-01/2025-05-31,15.06,12.04,38.85,0.97,2208,Open-Meteo Air Quality API,2025-03-01/2025-05-31,3,aucun,0,1,séjour correct mais perfectible.
2807,couple,new york,hiver,resort,randonnée,5,6883.83,711.78,nuageux,-0.0,2.34,32,16.49,90,40.71427,-74.00597,Open-Meteo Historical Weather API,2024-12-01/2025-02-28,14.23,13.56,43.36,0.34,2160,Open-Meteo Air Quality API,2024-12-01/2025-02-28,3,aucun,0,1,séjour correct mais perfectible.
2808,business,lisbonne,été,hôtel,randonnée,15,3086.64,400.76,ensoleillé,23.39,0.06,1,17.22,92,38.72509,-9.1498,Open-Meteo Historical Weather API,2025-06-01/2025-08-31,19.54,10.92,32.89,2.16,2208,Open-Meteo Air Quality API,2025-06-01/2025-08-31,2,aucun,0,1,séjour décevant.
2809,famille,sydney,hiver,appartement,business,11,4890.43,1276.37,variable,22.44,3.42,39,20.67,90,-33.86785,151.20732,Open-Meteo Historical Weather API,2024-12-01/2025-02-28,12.57,9.86,34.15,2.24,2160,Open-Meteo Air Quality API,2024-12-01/2025-02-28,3,aucun,0,1,séjour correct mais perfectible.
2810,famille,bali,printemps,hôtel,randonnée,4,9895.01,1129.88,nuageux,26.99,6.49,65,13.72,92,-8.65,115.21667,Open-Meteo Historical Weather API,2025-03-01/2025-05-31,12.14,10.4,31.68,2.19,2208,Open-Meteo Air Quality API,2025-03-01/2025-05-31,3,annulation,0,1,séjour correct mais perfectible.
2811,famille,dubaï,printemps,hôtel,gastronomie,3,4013.14,673.55,nuageux,28.3,0.01,0,22.56,92,25.07725,55.30927,Open-Meteo Historical Weather API,2025-03-01/2025-05-31,70.72,36.99,63.06,2.2,2208,Open-Meteo Air Quality API,2025-03-01/2025-05-31,3,aucun,0,1,séjour correct mais perfectible.
2812,senior,new york,printemps,resort,culture,12,10795.39,692.63,nuageux,12.04,4.75,36,17.46,92,40.71427,-74.00597,Open-Meteo Historical Weather API,2025-03-01/2025-05-31,11.88,11.05,41.24,1.07,2208,Open-Meteo Air Quality API,2025-03-01/2025-05-31,4,aucun,0,1,très bon séjour.
2813,business,new york,printemps,resort,randonnée,14,9218.35,968.29,variable,12.04,4.75,36,17.46,92,40.71427,-74.00597,Open-Meteo Historical Weather API,2025-03-01/2025-05-31,11.88,11.05,41.24,1.07,2208,Open-Meteo Air Quality API,2025-03-01/2025-05-31,4,aucun,0,1,très bon séjour.
2814,famille,dubaï,été,villa,culture,6,14298.67,1023.18,ensoleillé,35.27,0.0,0,22.79,92,25.07725,55.30927,Open-Meteo Historical Weather API,2025-06-01/2025-08-31,128.17,54.13,71.91,2.19,2208,Open-Meteo Air Quality API,2025-06-01/2025-08-31,4,aucun,0,1,très bon séjour.
2815,famille,bali,printemps,appartement,business,9,3013.58,754.54,pluie,26.99,6.49,65,13.72,92,-8.65,115.21667,Open-Meteo Historical Weather API,2025-03-01/2025-05-31,12.14,10.4,31.68,2.19,2208,Open-Meteo Air Quality API,2025-03-01/2025-05-31,2,bagages,1,1,séjour décevant.
2816,solo,bali,hiver,appartement,business,14,3471.16,828.42,variable,26.28,11.89,84,14.7,90,-8.65,115.21667,Open-Meteo Historical Weather API,2024-12-01/2025-02-28,12.8,11.67,33.02,1.96,2160,Open-Meteo Air Quality API,2024-12-01/2025-02-28,2,aucun,0,1,séjour décevant.
2817,couple,lisbonne,automne,hôtel,plage,11,4751.59,448.6,ensoleillé,18.72,2.83,21,17.54,91,38.72509,-9.1498,Open-Meteo Historical Weather API,2025-09-01/2025-11-30,15.83,9.72,31.17,0.9,2184,Open-Meteo Air Quality API,2025-09-01/2025-11-30,4,aucun,0,1,très bon séjour.
2818,solo,dubaï,automne,resort,gastronomie,5,7080.27,897.79,ensoleillé,29.44,0.0,0,20.09,91,25.07725,55.30927,Open-Meteo Historical Weather API,2025-09-01/2025-11-30,80.53,41.8,60.89,1.56,2184,Open-Meteo Air Quality API,2025-09-01/2025-11-30,4,aucun,0,1,très bon séjour.
2819,couple,sydney,printemps,villa,plage,10,11007.78,801.77,nuageux,19.13,4.44,49,17.74,92,-33.86785,151.20732,Open-Meteo Historical Weather API,2025-03-01/2025-05-31,11.25,9.25,31.84,1.01,2208,Open-Meteo Air Quality API,2025-03-01/2025-05-31,4,aucun,0,1,très bon séjour.
2820,senior,rome,printemps,hôtel,culture,6,2338.85,516.05,ensoleillé,15.22,3.55,32,13.85,92,41.89193,12.51133,Open-Meteo Historical Weather API,2025-03-01/2025-05-31,15.93,11.65,37.47,1.19,2208,Open-Meteo Air Quality API,2025-03-01/2025-05-31,4,aucun,0,1,très bon séjour.
2821,couple,bali,hiver,appartement,randonnée,20,3604.82,1489.04,nuageux,26.28,11.89,84,14.7,90,-8.65,115.21667,Open-Meteo Historical Weather API,2024-12-01/2025-02-28,12.8,11.67,33.02,1.96,2160,Open-Meteo Air Quality API,2024-12-01/2025-02-28,2,aucun,0,0,séjour décevant.
2822,solo,lisbonne,hiver,resort,business,18,4230.18,321.01,nuageux,12.63,2.92,26,17.53,90,38.72509,-9.1498,Open-Meteo Historical Weather API,2024-12-01/2025-02-28,19.66,13.91,36.49,0.38,2160,Open-Meteo Air Quality API,2024-12-01/2025-02-28,3,aucun,0,1,séjour correct mais perfectible.
2823,famille,tokyo,printemps,hôtel,plage,8,8070.4,1348.56,ensoleillé,14.52,6.04,44,15.33,92,35.6895,139.69171,Open-Meteo Historical Weather API,2025-03-01/2025-05-31,29.58,26.1,53.35,1.05,2208,Open-Meteo Air Quality API,2025-03-01/2025-05-31,4,aucun,0,1,très bon séjour.
2824,senior,paris,automne,resort,business,7,6077.43,338.79,pluie,12.33,2.12,33,16.01,91,48.85341,2.3488,Open-Meteo Historical Weather API,2025-09-01/2025-11-30,12.19,8.6,34.88,0.44,2184,Open-Meteo Air Quality API,2025-09-01/2025-11-30,3,aucun,0,1,séjour correct mais perfectible.
2825,senior,tokyo,été,hôtel,randonnée,5,7670.37,1309.17,ensoleillé,27.71,2.91,31,13.49,92,35.6895,139.69171,Open-Meteo Historical Weather API,2025-06-01/2025-08-31,24.0,22.42,51.6,1.83,2208,Open-Meteo Air Quality API,2025-06-01/2025-08-31,4,aucun,0,1,très bon séjour.
2826,business,tokyo,printemps,hôtel,business,17,6777.07,914.06,nuageux,14.52,6.04,44,15.33,92,35.6895,139.69171,Open-Meteo Historical Weather API,2025-03-01/2025-05-31,29.58,26.1,53.35,1.05,2208,Open-Meteo Air Quality API,2025-03-01/2025-05-31,3,aucun,0,1,séjour correct mais perfectible.
2827,couple,rome,automne,hôtel,plage,20,4685.3,531.08,nuageux,17.21,4.01,24,12.75,91,41.89193,12.51133,Open-Meteo Historical Weather API,2025-09-01/2025-11-30,13.51,9.22,34.28,0.79,2184,Open-Meteo Air Quality API,2025-09-01/2025-11-30,3,aucun,0,1,séjour correct mais perfectible.
2828,famille,rome,printemps,hôtel,randonnée,8,4488.5,517.59,ensoleillé,15.22,3.55,32,13.85,92,41.89193,12.51133,Open-Meteo Historical Weather API,2025-03-01/2025-05-31,15.93,11.65,37.47,1.19,2208,Open-Meteo Air Quality API,2025-03-01/2025-05-31,4,annulation,1,1,très bon séjour.
2829,business,tokyo,printemps,hôtel,randonnée,15,10113.84,1375.97,nuageux,14.52,6.04,44,15.33,92,35.6895,139.69171,Open-Meteo Historical Weather API,2025-03-01/2025-05-31,29.58,26.1,53.35,1.05,2208,Open-Meteo Air Quality API,2025-03-01/2025-05-31,3,aucun,0,1,séjour correct mais perfectible.
2830,business,lisbonne,printemps,appartement,business,7,3220.74,478.54,variable,15.64,3.53,41,19.08,92,38.72509,-9.1498,Open-Meteo Historical Weather API,2025-03-01/2025-05-31,15.2,9.48,34.11,1.3,2208,Open-Meteo Air Quality API,2025-03-01/2025-05-31,3,bagages,0,1,séjour correct mais perfectible.
2831,famille,dubaï,hiver,hôtel,culture,20,5113.61,698.85,nuageux,20.21,0.09,2,19.57,90,25.07725,55.30927,Open-Meteo Historical Weather API,2024-12-01/2025-02-28,59.55,32.47,55.0,1.03,2160,Open-Meteo Air Quality API,2024-12-01/2025-02-28,3,aucun,0,1,séjour correct mais perfectible.
2832,couple,sydney,automne,appartement,business,8,6091.8,2027.36,pluie,19.17,1.74,22,21.07,91,-33.86785,151.20732,Open-Meteo Historical Weather API,2025-09-01/2025-11-30,10.98,9.17,34.45,1.63,2184,Open-Meteo Air Quality API,2025-09-01/2025-11-30,3,retard_vol,0,1,séjour correct mais perfectible.
2833,couple,dubaï,printemps,resort,gastronomie,4,9698.25,870.2,pluie,28.3,0.01,0,22.56,92,25.07725,55.30927,Open-Meteo Historical Weather API,2025-03-01/2025-05-31,70.72,36.99,63.06,2.2,2208,Open-Meteo Air Quality API,2025-03-01/2025-05-31,3,aucun,0,1,séjour correct mais perfectible.
2834,business,new york,été,hôtel,culture,19,9780.24,1100.58,nuageux,24.52,2.28,32,14.21,92,40.71427,-74.00597,Open-Meteo Historical Weather API,2025-06-01/2025-08-31,18.13,17.43,51.89,1.61,2208,Open-Meteo Air Quality API,2025-06-01/2025-08-31,3,aucun,0,1,séjour correct mais perfectible.
2835,business,dubaï,printemps,hôtel,culture,20,8557.84,574.36,ensoleillé,28.3,0.01,0,22.56,92,25.07725,55.30927,Open-Meteo Historical Weather API,2025-03-01/2025-05-31,70.72,36.99,63.06,2.2,2208,Open-Meteo Air Quality API,2025-03-01/2025-05-31,2,retard_vol,0,1,séjour décevant.
2836,solo,paris,automne,villa,culture,10,6501.47,253.61,ensoleillé,12.33,2.12,33,16.01,91,48.85341,2.3488,Open-Meteo Historical Weather API,2025-09-01/2025-11-30,12.19,8.6,34.88,0.44,2184,Open-Meteo Air Quality API,2025-09-01/2025-11-30,4,aucun,0,1,très bon séjour.
2837,solo,lisbonne,été,resort,business,20,3094.88,331.77,ensoleillé,23.39,0.06,1,17.22,92,38.72509,-9.1498,Open-Meteo Historical Weather API,2025-06-01/2025-08-31,19.54,10.92,32.89,2.16,2208,Open-Meteo Air Quality API,2025-06-01/2025-08-31,3,aucun,0,1,séjour correct mais perfectible.
2838,couple,paris,printemps,villa,business,7,7633.35,291.18,pluie,12.44,1.18,26,14.07,92,48.85341,2.3488,Open-Meteo Historical Weather API,2025-03-01/2025-05-31,15.06,12.04,38.85,0.97,2208,Open-Meteo Air Quality API,2025-03-01/2025-05-31,2,annulation,0,1,séjour décevant.
2839,couple,tokyo,hiver,hôtel,gastronomie,8,6797.83,1310.31,pluie,6.08,0.56,8,14.28,90,35.6895,139.69171,Open-Meteo Historical Weather API,2024-12-01/2025-02-28,31.02,30.0,55.43,0.51,2160,Open-Meteo Air Quality API,2024-12-01/2025-02-28,2,aucun,0,1,séjour décevant.
2840,famille,new york,automne,appartement,gastronomie,13,8218.51,924.52,pluie,13.97,3.07,25,15.38,91,40.71427,-74.00597,Open-Meteo Historical Weather API,2025-09-01/2025-11-30,11.7,11.28,42.27,0.76,2184,Open-Meteo Air Quality API,2025-09-01/2025-11-30,2,aucun,0,1,séjour décevant.
2841,business,lisbonne,été,appartement,culture,14,3926.66,398.89,ensoleillé,23.39,0.06,1,17.22,92,38.72509,-9.1498,Open-Meteo Historical Weather API,2025-06-01/2025-08-31,19.54,10.92,32.89,2.16,2208,Open-Meteo Air Quality API,2025-06-01/2025-08-31,3,aucun,0,1,séjour correct mais perfectible.
2842,couple,lisbonne,printemps,villa,culture,10,4580.39,370.71,pluie,15.64,3.53,41,19.08,92,38.72509,-9.1498,Open-Meteo Historical Weather API,2025-03-01/2025-05-31,15.2,9.48,34.11,1.3,2208,Open-Meteo Air Quality API,2025-03-01/2025-05-31,4,météo,0,1,très bon séjour.
2843,couple,tokyo,automne,hôtel,business,18,5110.34,1001.29,nuageux,18.79,4.52,34,12.27,91,35.6895,139.69171,Open-Meteo Historical Weather API,2025-09-01/2025-11-30,28.46,27.24,54.08,0.85,2184,Open-Meteo Air Quality API,2025-09-01/2025-11-30,2,aucun,0,1,séjour décevant.
2844,famille,rome,hiver,villa,culture,18,8913.28,514.8,variable,9.23,2.57,28,13.79,90,41.89193,12.51133,Open-Meteo Historical Weather API,2024-12-01/2025-02-28,20.56,17.01,40.29,0.27,2160,Open-Meteo Air Quality API,2024-12-01/2025-02-28,3,aucun,0,1,séjour correct mais perfectible.
2845,famille,new york,printemps,hôtel,business,5,6924.61,715.54,pluie,12.04,4.75,36,17.46,92,40.71427,-74.00597,Open-Meteo Historical Weather API,2025-03-01/2025-05-31,11.88,11.05,41.24,1.07,2208,Open-Meteo Air Quality API,2025-03-01/2025-05-31,3,retard_vol,1,1,séjour correct mais perfectible.
2846,solo,new york,été,appartement,culture,21,4318.27,1066.13,ensoleillé,24.52,2.28,32,14.21,92,40.71427,-74.00597,Open-Meteo Historical Weather API,2025-06-01/2025-08-31,18.13,17.43,51.89,1.61,2208,Open-Meteo Air Quality API,2025-06-01/2025-08-31,3,météo,1,1,séjour correct mais perfectible.
2847,famille,rome,printemps,resort,business,6,9380.49,474.31,nuageux,15.22,3.55,32,13.85,92,41.89193,12.51133,Open-Meteo Historical Weather API,2025-03-01/2025-05-31,15.93,11.65,37.47,1.19,2208,Open-Meteo Air Quality API,2025-03-01/2025-05-31,3,aucun,0,1,séjour correct mais perfectible.
2848,famille,rome,printemps,resort,culture,13,7271.2,381.24,nuageux,15.22,3.55,32,13.85,92,41.89193,12.51133,Open-Meteo Historical Weather API,2025-03-01/2025-05-31,15.93,11.65,37.47,1.19,2208,Open-Meteo Air Quality API,2025-03-01/2025-05-31,4,aucun,0,1,très bon séjour.
2849,business,lisbonne,printemps,hôtel,business,11,6095.04,488.62,ensoleillé,15.64,3.53,41,19.08,92,38.72509,-9.1498,Open-Meteo Historical Weather API,2025-03-01/2025-05-31,15.2,9.48,34.11,1.3,2208,Open-Meteo Air Quality API,2025-03-01/2025-05-31,4,aucun,0,1,très bon séjour.
2850,couple,new york,hiver,appartement,plage,11,5205.04,804.78,pluie,-0.0,2.34,32,16.49,90,40.71427,-74.00597,Open-Meteo Historical Weather API,2024-12-01/2025-02-28,14.23,13.56,43.36,0.34,2160,Open-Meteo Air Quality API,2024-12-01/2025-02-28,3,aucun,0,1,séjour correct mais perfectible.
2851,couple,lisbonne,hiver,hôtel,business,5,4448.21,312.1,nuageux,12.63,2.92,26,17.53,90,38.72509,-9.1498,Open-Meteo Historical Weather API,2024-12-01/2025-02-28,19.66,13.91,36.49,0.38,2160,Open-Meteo Air Quality API,2024-12-01/2025-02-28,4,aucun,0,1,très bon séjour.
2852,couple,bali,hiver,resort,randonnée,9,7795.47,1326.55,ensoleillé,26.28,11.89,84,14.7,90,-8.65,115.21667,Open-Meteo Historical Weather API,2024-12-01/2025-02-28,12.8,11.67,33.02,1.96,2160,Open-Meteo Air Quality API,2024-12-01/2025-02-28,3,aucun,0,1,séjour correct mais perfectible.
2853,business,new york,automne,resort,culture,3,12155.89,858.34,pluie,13.97,3.07,25,15.38,91,40.71427,-74.00597,Open-Meteo Historical Weather API,2025-09-01/2025-11-30,11.7,11.28,42.27,0.76,2184,Open-Meteo Air Quality API,2025-09-01/2025-11-30,3,aucun,0,1,séjour correct mais perfectible.
2854,couple,rome,été,appartement,randonnée,21,5093.61,570.04,ensoleillé,27.22,1.32,16,14.95,92,41.89193,12.51133,Open-Meteo Historical Weather API,2025-06-01/2025-08-31,15.45,9.67,40.74,2.01,2208,Open-Meteo Air Quality API,2025-06-01/2025-08-31,2,aucun,0,1,séjour décevant.
2855,business,new york,printemps,resort,gastronomie,5,10560.35,668.74,pluie,12.04,4.75,36,17.46,92,40.71427,-74.00597,Open-Meteo Historical Weather API,2025-03-01/2025-05-31,11.88,11.05,41.24,1.07,2208,Open-Meteo Air Quality API,2025-03-01/2025-05-31,3,aucun,0,1,séjour correct mais perfectible.
2856,senior,rome,printemps,appartement,culture,12,3363.89,515.81,nuageux,15.22,3.55,32,13.85,92,41.89193,12.51133,Open-Meteo Historical Weather API,2025-03-01/2025-05-31,15.93,11.65,37.47,1.19,2208,Open-Meteo Air Quality API,2025-03-01/2025-05-31,3,aucun,0,1,séjour correct mais perfectible.
2857,solo,rome,été,resort,gastronomie,7,3101.0,738.64,nuageux,27.22,1.32,16,14.95,92,41.89193,12.51133,Open-Meteo Historical Weather API,2025-06-01/2025-08-31,15.45,9.67,40.74,2.01,2208,Open-Meteo Air Quality API,2025-06-01/2025-08-31,4,aucun,0,1,très bon séjour.
2858,couple,rome,hiver,appartement,culture,6,4215.2,347.71,pluie,9.23,2.57,28,13.79,90,41.89193,12.51133,Open-Meteo Historical Weather API,2024-12-01/2025-02-28,20.56,17.01,40.29,0.27,2160,Open-Meteo Air Quality API,2024-12-01/2025-02-28,3,aucun,0,1,séjour correct mais perfectible.
2859,business,lisbonne,printemps,appartement,plage,10,3234.88,404.23,pluie,15.64,3.53,41,19.08,92,38.72509,-9.1498,Open-Meteo Historical Weather API,2025-03-01/2025-05-31,15.2,9.48,34.11,1.3,2208,Open-Meteo Air Quality API,2025-03-01/2025-05-31,3,aucun,0,1,séjour correct mais perfectible.
2860,couple,paris,été,appartement,business,21,5223.38,354.62,ensoleillé,21.05,2.58,30,14.41,92,48.85341,2.3488,Open-Meteo Historical Weather API,2025-06-01/2025-08-31,10.28,6.83,31.49,1.5,2208,Open-Meteo Air Quality API,2025-06-01/2025-08-31,3,aucun,0,1,séjour correct mais perfectible.
2861,couple,dubaï,printemps,appartement,gastronomie,12,3552.02,1038.89,variable,28.3,0.01,0,22.56,92,25.07725,55.30927,Open-Meteo Historical Weather API,2025-03-01/2025-05-31,70.72,36.99,63.06,2.2,2208,Open-Meteo Air Quality API,2025-03-01/2025-05-31,2,météo,1,1,séjour décevant.
2862,solo,lisbonne,été,resort,culture,21,3631.07,548.45,ensoleillé,23.39,0.06,1,17.22,92,38.72509,-9.1498,Open-Meteo Historical Weather API,2025-06-01/2025-08-31,19.54,10.92,32.89,2.16,2208,Open-Meteo Air Quality API,2025-06-01/2025-08-31,3,aucun,0,1,séjour correct mais perfectible.
2863,couple,sydney,automne,hôtel,randonnée,18,7038.78,1366.01,pluie,19.17,1.74,22,21.07,91,-33.86785,151.20732,Open-Meteo Historical Weather API,2025-09-01/2025-11-30,10.98,9.17,34.45,1.63,2184,Open-Meteo Air Quality API,2025-09-01/2025-11-30,3,aucun,0,1,séjour correct mais perfectible.
2864,famille,dubaï,automne,appartement,gastronomie,11,7442.96,545.29,nuageux,29.44,0.0,0,20.09,91,25.07725,55.30927,Open-Meteo Historical Weather API,2025-09-01/2025-11-30,80.53,41.8,60.89,1.56,2184,Open-Meteo Air Quality API,2025-09-01/2025-11-30,3,aucun,0,1,séjour correct mais perfectible.
2865,couple,sydney,hiver,hôtel,gastronomie,20,8175.54,1069.26,nuageux,22.44,3.42,39,20.67,90,-33.86785,151.20732,Open-Meteo Historical Weather API,2024-12-01/2025-02-28,12.57,9.86,34.15,2.24,2160,Open-Meteo Air Quality API,2024-12-01/2025-02-28,3,aucun,0,1,séjour correct mais perfectible.
2866,famille,sydney,hiver,hôtel,plage,9,8319.39,1474.63,pluie,22.44,3.42,39,20.67,90,-33.86785,151.20732,Open-Meteo Historical Weather API,2024-12-01/2025-02-28,12.57,9.86,34.15,2.24,2160,Open-Meteo Air Quality API,2024-12-01/2025-02-28,4,aucun,0,1,très bon séjour.
2867,couple,paris,hiver,appartement,gastronomie,12,3901.38,264.16,nuageux,4.95,2.61,35,15.72,90,48.85341,2.3488,Open-Meteo Historical Weather API,2024-12-01/2025-02-28,20.98,17.57,45.01,0.13,2160,Open-Meteo Air Quality API,2024-12-01/2025-02-28,2,aucun,0,1,séjour décevant.
2868,solo,lisbonne,été,resort,culture,15,2633.84,340.96,ensoleillé,23.39,0.06,1,17.22,92,38.72509,-9.1498,Open-Meteo Historical Weather API,2025-06-01/2025-08-31,19.54,10.92,32.89,2.16,2208,Open-Meteo Air Quality API,2025-06-01/2025-08-31,4,aucun,0,1,très bon séjour.
2869,senior,tokyo,automne,resort,business,14,10688.43,1051.67,nuageux,18.79,4.52,34,12.27,91,35.6895,139.69171,Open-Meteo Historical Weather API,2025-09-01/2025-11-30,28.46,27.24,54.08,0.85,2184,Open-Meteo Air Quality API,2025-09-01/2025-11-30,3,retard_vol,0,1,séjour correct mais perfectible.
2870,famille,new york,automne,villa,business,18,9236.21,870.41,ensoleillé,13.97,3.07,25,15.38,91,40.71427,-74.00597,Open-Meteo Historical Weather API,2025-09-01/2025-11-30,11.7,11.28,42.27,0.76,2184,Open-Meteo Air Quality API,2025-09-01/2025-11-30,3,aucun,0,1,séjour correct mais perfectible.
2871,solo,paris,printemps,hôtel,randonnée,6,3524.01,373.94,variable,12.44,1.18,26,14.07,92,48.85341,2.3488,Open-Meteo Historical Weather API,2025-03-01/2025-05-31,15.06,12.04,38.85,0.97,2208,Open-Meteo Air Quality API,2025-03-01/2025-05-31,3,aucun,0,1,séjour correct mais perfectible.
2872,couple,new york,automne,hôtel,culture,12,7746.86,782.75,pluie,13.97,3.07,25,15.38,91,40.71427,-74.00597,Open-Meteo Historical Weather API,2025-09-01/2025-11-30,11.7,11.28,42.27,0.76,2184,Open-Meteo Air Quality API,2025-09-01/2025-11-30,3,aucun,0,1,séjour correct mais perfectible.
2873,famille,sydney,été,hôtel,plage,15,12777.36,1788.07,ensoleillé,12.22,4.06,27,18.74,92,-33.86785,151.20732,Open-Meteo Historical Weather API,2025-06-01/2025-08-31,10.19,9.26,31.56,0.49,2208,Open-Meteo Air Quality API,2025-06-01/2025-08-31,4,aucun,0,1,très bon séjour.
2874,famille,sydney,automne,hôtel,business,9,9410.71,1098.34,pluie,19.17,1.74,22,21.07,91,-33.86785,151.20732,Open-Meteo Historical Weather API,2025-09-01/2025-11-30,10.98,9.17,34.45,1.63,2184,Open-Meteo Air Quality API,2025-09-01/2025-11-30,3,retard_vol,0,1,séjour correct mais perfectible.
2875,famille,bali,été,appartement,business,19,5534.67,1510.06,ensoleillé,25.53,3.21,49,18.92,92,-8.65,115.21667,Open-Meteo Historical Weather API,2025-06-01/2025-08-31,13.38,9.86,30.22,1.86,2208,Open-Meteo Air Quality API,2025-06-01/2025-08-31,2,aucun,0,1,séjour décevant.
2876,famille,rome,hiver,appartement,business,8,4299.0,467.34,pluie,9.23,2.57,28,13.79,90,41.89193,12.51133,Open-Meteo Historical Weather API,2024-12-01/2025-02-28,20.56,17.01,40.29,0.27,2160,Open-Meteo Air Quality API,2024-12-01/2025-02-28,2,aucun,0,1,séjour décevant.
2877,couple,lisbonne,hiver,resort,gastronomie,8,2447.27,421.08,pluie,12.63,2.92,26,17.53,90,38.72509,-9.1498,Open-Meteo Historical Weather API,2024-12-01/2025-02-28,19.66,13.91,36.49,0.38,2160,Open-Meteo Air Quality API,2024-12-01/2025-02-28,4,retard_vol,1,1,très bon séjour.
2878,couple,lisbonne,automne,hôtel,randonnée,9,2650.67,460.85,ensoleillé,18.72,2.83,21,17.54,91,38.72509,-9.1498,Open-Meteo Historical Weather API,2025-09-01/2025-11-30,15.83,9.72,31.17,0.9,2184,Open-Meteo Air Quality API,2025-09-01/2025-11-30,3,aucun,0,1,séjour correct mais perfectible.
2879,solo,lisbonne,printemps,resort,culture,15,2972.44,348.86,ensoleillé,15.64,3.53,41,19.08,92,38.72509,-9.1498,Open-Meteo Historical Weather API,2025-03-01/2025-05-31,15.2,9.48,34.11,1.3,2208,Open-Meteo Air Quality API,2025-03-01/2025-05-31,3,aucun,0,1,séjour correct mais perfectible.
2880,famille,lisbonne,printemps,hôtel,culture,5,3490.63,334.78,pluie,15.64,3.53,41,19.08,92,38.72509,-9.1498,Open-Meteo Historical Weather API,2025-03-01/2025-05-31,15.2,9.48,34.11,1.3,2208,Open-Meteo Air Quality API,2025-03-01/2025-05-31,3,aucun,0,1,séjour correct mais perfectible.
2881,famille,bali,printemps,appartement,randonnée,5,3787.52,800.5,pluie,26.99,6.49,65,13.72,92,-8.65,115.21667,Open-Meteo Historical Weather API,2025-03-01/2025-05-31,12.14,10.4,31.68,2.19,2208,Open-Meteo Air Quality API,2025-03-01/2025-05-31,3,aucun,0,1,séjour correct mais perfectible.
2882,famille,paris,printemps,resort,gastronomie,17,8885.62,222.8,pluie,12.44,1.18,26,14.07,92,48.85341,2.3488,Open-Meteo Historical Weather API,2025-03-01/2025-05-31,15.06,12.04,38.85,0.97,2208,Open-Meteo Air Quality API,2025-03-01/2025-05-31,3,aucun,0,1,séjour correct mais perfectible.
2883,solo,lisbonne,automne,hôtel,culture,6,2740.12,367.96,ensoleillé,18.72,2.83,21,17.54,91,38.72509,-9.1498,Open-Meteo Historical Weather API,2025-09-01/2025-11-30,15.83,9.72,31.17,0.9,2184,Open-Meteo Air Quality API,2025-09-01/2025-11-30,3,aucun,0,1,séjour correct mais perfectible.
2884,couple,lisbonne,hiver,appartement,gastronomie,4,3043.09,372.65,variable,12.63,2.92,26,17.53,90,38.72509,-9.1498,Open-Meteo Historical Weather API,2024-12-01/2025-02-28,19.66,13.91,36.49,0.38,2160,Open-Meteo Air Quality API,2024-12-01/2025-02-28,3,aucun,0,1,séjour correct mais perfectible.
2885,solo,rome,hiver,appartement,randonnée,8,2151.11,362.03,nuageux,9.23,2.57,28,13.79,90,41.89193,12.51133,Open-Meteo Historical Weather API,2024-12-01/2025-02-28,20.56,17.01,40.29,0.27,2160,Open-Meteo Air Quality API,2024-12-01/2025-02-28,3,aucun,0,1,séjour correct mais perfectible.
2886,famille,dubaï,été,hôtel,randonnée,10,7956.59,696.48,nuageux,35.27,0.0,0,22.79,92,25.07725,55.30927,Open-Meteo Historical Weather API,2025-06-01/2025-08-31,128.17,54.13,71.91,2.19,2208,Open-Meteo Air Quality API,2025-06-01/2025-08-31,3,aucun,0,1,séjour correct mais perfectible.
2887,famille,tokyo,été,resort,gastronomie,3,12161.48,1578.76,ensoleillé,27.71,2.91,31,13.49,92,35.6895,139.69171,Open-Meteo Historical Weather API,2025-06-01/2025-08-31,24.0,22.42,51.6,1.83,2208,Open-Meteo Air Quality API,2025-06-01/2025-08-31,4,aucun,0,1,très bon séjour.
2888,senior,dubaï,hiver,resort,randonnée,18,7604.41,810.36,pluie,20.21,0.09,2,19.57,90,25.07725,55.30927,Open-Meteo Historical Weather API,2024-12-01/2025-02-28,59.55,32.47,55.0,1.03,2160,Open-Meteo Air Quality API,2024-12-01/2025-02-28,2,retard_vol,0,1,séjour décevant.
2889,famille,new york,hiver,hôtel,randonnée,5,9089.83,656.97,variable,-0.0,2.34,32,16.49,90,40.71427,-74.00597,Open-Meteo Historical Weather API,2024-12-01/2025-02-28,14.23,13.56,43.36,0.34,2160,Open-Meteo Air Quality API,2024-12-01/2025-02-28,2,bagages,1,1,séjour décevant.
2890,famille,paris,printemps,hôtel,plage,10,4932.7,322.13,ensoleillé,12.44,1.18,26,14.07,92,48.85341,2.3488,Open-Meteo Historical Weather API,2025-03-01/2025-05-31,15.06,12.04,38.85,0.97,2208,Open-Meteo Air Quality API,2025-03-01/2025-05-31,4,aucun,0,1,très bon séjour.
2891,famille,dubaï,printemps,appartement,randonnée,6,6549.93,751.16,pluie,28.3,0.01,0,22.56,92,25.07725,55.30927,Open-Meteo Historical Weather API,2025-03-01/2025-05-31,70.72,36.99,63.06,2.2,2208,Open-Meteo Air Quality API,2025-03-01/2025-05-31,3,aucun,0,1,séjour correct mais perfectible.
2892,senior,bali,hiver,villa,culture,8,10687.15,1020.32,pluie,26.28,11.89,84,14.7,90,-8.65,115.21667,Open-Meteo Historical Weather API,2024-12-01/2025-02-28,12.8,11.67,33.02,1.96,2160,Open-Meteo Air Quality API,2024-12-01/2025-02-28,3,aucun,0,1,séjour correct mais perfectible.
2893,solo,tokyo,hiver,resort,randonnée,3,8693.94,897.16,nuageux,6.08,0.56,8,14.28,90,35.6895,139.69171,Open-Meteo Historical Weather API,2024-12-01/2025-02-28,31.02,30.0,55.43,0.51,2160,Open-Meteo Air Quality API,2024-12-01/2025-02-28,4,aucun,0,1,très bon séjour.
2894,solo,bali,été,resort,plage,21,7209.75,1274.38,ensoleillé,25.53,3.21,49,18.92,92,-8.65,115.21667,Open-Meteo Historical Weather API,2025-06-01/2025-08-31,13.38,9.86,30.22,1.86,2208,Open-Meteo Air Quality API,2025-06-01/2025-08-31,3,aucun,0,1,séjour correct mais perfectible.
2895,senior,bali,automne,resort,business,20,7825.05,1375.77,pluie,26.3,6.82,61,14.71,91,-8.65,115.21667,Open-Meteo Historical Weather API,2025-09-01/2025-11-30,14.48,11.69,32.66,2.5,2184,Open-Meteo Air Quality API,2025-09-01/2025-11-30,3,aucun,0,1,séjour correct mais perfectible.
2896,famille,bali,automne,resort,gastronomie,5,8974.49,1394.55,ensoleillé,26.3,6.82,61,14.71,91,-8.65,115.21667,Open-Meteo Historical Weather API,2025-09-01/2025-11-30,14.48,11.69,32.66,2.5,2184,Open-Meteo Air Quality API,2025-09-01/2025-11-30,4,aucun,0,1,très bon séjour.
2897,senior,lisbonne,printemps,hôtel,gastronomie,6,3082.33,329.7,ensoleillé,15.64,3.53,41,19.08,92,38.72509,-9.1498,Open-Meteo Historical Weather API,2025-03-01/2025-05-31,15.2,9.48,34.11,1.3,2208,Open-Meteo Air Quality API,2025-03-01/2025-05-31,4,aucun,0,1,très bon séjour.
2898,famille,new york,printemps,hôtel,gastronomie,19,4987.49,920.46,variable,12.04,4.75,36,17.46,92,40.71427,-74.00597,Open-Meteo Historical Weather API,2025-03-01/2025-05-31,11.88,11.05,41.24,1.07,2208,Open-Meteo Air Quality API,2025-03-01/2025-05-31,2,aucun,0,1,séjour décevant.
2899,solo,tokyo,automne,villa,gastronomie,10,5586.79,1048.79,nuageux,18.79,4.52,34,12.27,91,35.6895,139.69171,Open-Meteo Historical Weather API,2025-09-01/2025-11-30,28.46,27.24,54.08,0.85,2184,Open-Meteo Air Quality API,2025-09-01/2025-11-30,4,aucun,0,1,très bon séjour.
2900,couple,paris,été,appartement,gastronomie,4,4106.35,338.05,nuageux,21.05,2.58,30,14.41,92,48.85341,2.3488,Open-Meteo Historical Weather API,2025-06-01/2025-08-31,10.28,6.83,31.49,1.5,2208,Open-Meteo Air Quality API,2025-06-01/2025-08-31,4,aucun,0,1,très bon séjour.
2901,couple,rome,été,villa,culture,5,6086.46,502.61,ensoleillé,27.22,1.32,16,14.95,92,41.89193,12.51133,Open-Meteo Historical Weather API,2025-06-01/2025-08-31,15.45,9.67,40.74,2.01,2208,Open-Meteo Air Quality API,2025-06-01/2025-08-31,4,aucun,0,1,très bon séjour.
2902,senior,sydney,printemps,hôtel,business,10,10210.27,1004.17,nuageux,19.13,4.44,49,17.74,92,-33.86785,151.20732,Open-Meteo Historical Weather API,2025-03-01/2025-05-31,11.25,9.25,31.84,1.01,2208,Open-Meteo Air Quality API,2025-03-01/2025-05-31,3,aucun,0,1,séjour correct mais perfectible.
2903,famille,new york,printemps,resort,business,13,13343.8,1027.95,pluie,12.04,4.75,36,17.46,92,40.71427,-74.00597,Open-Meteo Historical Weather API,2025-03-01/2025-05-31,11.88,11.05,41.24,1.07,2208,Open-Meteo Air Quality API,2025-03-01/2025-05-31,3,aucun,0,1,séjour correct mais perfectible.
2904,senior,dubaï,été,resort,gastronomie,15,6855.46,1056.82,ensoleillé,35.27,0.0,0,22.79,92,25.07725,55.30927,Open-Meteo Historical Weather API,2025-06-01/2025-08-31,128.17,54.13,71.91,2.19,2208,Open-Meteo Air Quality API,2025-06-01/2025-08-31,4,aucun,0,1,très bon séjour.
2905,couple,new york,été,hôtel,randonnée,5,8496.23,928.88,ensoleillé,24.52,2.28,32,14.21,92,40.71427,-74.00597,Open-Meteo Historical Weather API,2025-06-01/2025-08-31,18.13,17.43,51.89,1.61,2208,Open-Meteo Air Quality API,2025-06-01/2025-08-31,4,aucun,0,1,très bon séjour.
2906,solo,tokyo,hiver,hôtel,plage,10,4897.69,927.32,pluie,6.08,0.56,8,14.28,90,35.6895,139.69171,Open-Meteo Historical Weather API,2024-12-01/2025-02-28,31.02,30.0,55.43,0.51,2160,Open-Meteo Air Quality API,2024-12-01/2025-02-28,2,annulation,1,1,séjour décevant.
2907,senior,dubaï,automne,appartement,gastronomie,7,6092.71,832.88,variable,29.44,0.0,0,20.09,91,25.07725,55.30927,Open-Meteo Historical Weather API,2025-09-01/2025-11-30,80.53,41.8,60.89,1.56,2184,Open-Meteo Air Quality API,2025-09-01/2025-11-30,3,aucun,0,1,séjour correct mais perfectible.
2908,famille,tokyo,été,appartement,business,13,8437.64,1510.23,ensoleillé,27.71,2.91,31,13.49,92,35.6895,139.69171,Open-Meteo Historical Weather API,2025-06-01/2025-08-31,24.0,22.42,51.6,1.83,2208,Open-Meteo Air Quality API,2025-06-01/2025-08-31,3,aucun,0,1,séjour correct mais perfectible.
2909,senior,lisbonne,été,resort,randonnée,9,5443.19,358.45,variable,23.39,0.06,1,17.22,92,38.72509,-9.1498,Open-Meteo Historical Weather API,2025-06-01/2025-08-31,19.54,10.92,32.89,2.16,2208,Open-Meteo Air Quality API,2025-06-01/2025-08-31,3,météo,1,1,séjour correct mais perfectible.
2910,solo,new york,hiver,hôtel,business,6,4622.15,827.35,pluie,-0.0,2.34,32,16.49,90,40.71427,-74.00597,Open-Meteo Historical Weather API,2024-12-01/2025-02-28,14.23,13.56,43.36,0.34,2160,Open-Meteo Air Quality API,2024-12-01/2025-02-28,2,annulation,1,1,séjour décevant.
2911,business,rome,été,resort,culture,18,8218.02,525.37,ensoleillé,27.22,1.32,16,14.95,92,41.89193,12.51133,Open-Meteo Historical Weather API,2025-06-01/2025-08-31,15.45,9.67,40.74,2.01,2208,Open-Meteo Air Quality API,2025-06-01/2025-08-31,3,aucun,0,1,séjour correct mais perfectible.
2912,famille,lisbonne,été,hôtel,culture,13,2434.24,386.19,ensoleillé,23.39,0.06,1,17.22,92,38.72509,-9.1498,Open-Meteo Historical Weather API,2025-06-01/2025-08-31,19.54,10.92,32.89,2.16,2208,Open-Meteo Air Quality API,2025-06-01/2025-08-31,4,aucun,0,1,très bon séjour.
2913,solo,tokyo,hiver,hôtel,gastronomie,12,7032.44,1122.95,ensoleillé,6.08,0.56,8,14.28,90,35.6895,139.69171,Open-Meteo Historical Weather API,2024-12-01/2025-02-28,31.02,30.0,55.43,0.51,2160,Open-Meteo Air Quality API,2024-12-01/2025-02-28,2,aucun,0,1,séjour décevant.
2914,solo,rome,été,resort,culture,5,3848.7,464.1,ensoleillé,27.22,1.32,16,14.95,92,41.89193,12.51133,Open-Meteo Historical Weather API,2025-06-01/2025-08-31,15.45,9.67,40.74,2.01,2208,Open-Meteo Air Quality API,2025-06-01/2025-08-31,4,aucun,0,1,très bon séjour.
2915,couple,tokyo,été,hôtel,plage,4,7593.77,1118.51,ensoleillé,27.71,2.91,31,13.49,92,35.6895,139.69171,Open-Meteo Historical Weather API,2025-06-01/2025-08-31,24.0,22.42,51.6,1.83,2208,Open-Meteo Air Quality API,2025-06-01/2025-08-31,4,aucun,0,1,très bon séjour.
2916,famille,new york,automne,villa,plage,18,6624.48,834.49,nuageux,13.97,3.07,25,15.38,91,40.71427,-74.00597,Open-Meteo Historical Weather API,2025-09-01/2025-11-30,11.7,11.28,42.27,0.76,2184,Open-Meteo Air Quality API,2025-09-01/2025-11-30,3,météo,0,1,séjour correct mais perfectible.
2917,famille,lisbonne,hiver,resort,plage,21,4732.5,278.15,nuageux,12.63,2.92,26,17.53,90,38.72509,-9.1498,Open-Meteo Historical Weather API,2024-12-01/2025-02-28,19.66,13.91,36.49,0.38,2160,Open-Meteo Air Quality API,2024-12-01/2025-02-28,3,aucun,0,1,séjour correct mais perfectible.
2918,senior,paris,automne,hôtel,culture,14,6413.14,220.44,variable,12.33,2.12,33,16.01,91,48.85341,2.3488,Open-Meteo Historical Weather API,2025-09-01/2025-11-30,12.19,8.6,34.88,0.44,2184,Open-Meteo Air Quality API,2025-09-01/2025-11-30,3,aucun,0,1,séjour correct mais perfectible.
2919,famille,tokyo,printemps,hôtel,gastronomie,3,7919.54,1223.55,ensoleillé,14.52,6.04,44,15.33,92,35.6895,139.69171,Open-Meteo Historical Weather API,2025-03-01/2025-05-31,29.58,26.1,53.35,1.05,2208,Open-Meteo Air Quality API,2025-03-01/2025-05-31,3,aucun,0,1,séjour correct mais perfectible.
2920,business,sydney,hiver,appartement,randonnée,12,9724.26,1126.76,nuageux,22.44,3.42,39,20.67,90,-33.86785,151.20732,Open-Meteo Historical Weather API,2024-12-01/2025-02-28,12.57,9.86,34.15,2.24,2160,Open-Meteo Air Quality API,2024-12-01/2025-02-28,3,aucun,0,1,séjour correct mais perfectible.
2921,senior,tokyo,hiver,hôtel,plage,8,7274.89,1453.49,nuageux,6.08,0.56,8,14.28,90,35.6895,139.69171,Open-Meteo Historical Weather API,2024-12-01/2025-02-28,31.02,30.0,55.43,0.51,2160,Open-Meteo Air Quality API,2024-12-01/2025-02-28,3,aucun,0,1,séjour correct mais perfectible.
2922,famille,bali,hiver,hôtel,gastronomie,4,8796.9,1558.17,ensoleillé,26.28,11.89,84,14.7,90,-8.65,115.21667,Open-Meteo Historical Weather API,2024-12-01/2025-02-28,12.8,11.67,33.02,1.96,2160,Open-Meteo Air Quality API,2024-12-01/2025-02-28,4,aucun,0,1,très bon séjour.
2923,famille,tokyo,printemps,resort,randonnée,5,11385.27,954.28,ensoleillé,14.52,6.04,44,15.33,92,35.6895,139.69171,Open-Meteo Historical Weather API,2025-03-01/2025-05-31,29.58,26.1,53.35,1.05,2208,Open-Meteo Air Quality API,2025-03-01/2025-05-31,4,météo,0,1,très bon séjour.
2924,solo,bali,été,hôtel,plage,12,3548.89,1928.34,nuageux,25.53,3.21,49,18.92,92,-8.65,115.21667,Open-Meteo Historical Weather API,2025-06-01/2025-08-31,13.38,9.86,30.22,1.86,2208,Open-Meteo Air Quality API,2025-06-01/2025-08-31,2,aucun,0,0,séjour décevant.
2925,famille,lisbonne,été,resort,plage,11,5239.27,524.07,nuageux,23.39,0.06,1,17.22,92,38.72509,-9.1498,Open-Meteo Historical Weather API,2025-06-01/2025-08-31,19.54,10.92,32.89,2.16,2208,Open-Meteo Air Quality API,2025-06-01/2025-08-31,4,aucun,0,1,très bon séjour.
2926,solo,lisbonne,hiver,resort,culture,13,4381.35,335.86,nuageux,12.63,2.92,26,17.53,90,38.72509,-9.1498,Open-Meteo Historical Weather API,2024-12-01/2025-02-28,19.66,13.91,36.49,0.38,2160,Open-Meteo Air Quality API,2024-12-01/2025-02-28,3,aucun,0,1,séjour correct mais perfectible.
2927,business,rome,automne,hôtel,culture,16,5963.47,240.87,variable,17.21,4.01,24,12.75,91,41.89193,12.51133,Open-Meteo Historical Weather API,2025-09-01/2025-11-30,13.51,9.22,34.28,0.79,2184,Open-Meteo Air Quality API,2025-09-01/2025-11-30,2,météo,1,1,séjour décevant.
2928,solo,dubaï,hiver,appartement,randonnée,8,3911.87,786.71,ensoleillé,20.21,0.09,2,19.57,90,25.07725,55.30927,Open-Meteo Historical Weather API,2024-12-01/2025-02-28,59.55,32.47,55.0,1.03,2160,Open-Meteo Air Quality API,2024-12-01/2025-02-28,4,aucun,0,1,très bon séjour.
2929,couple,tokyo,été,resort,gastronomie,8,14214.5,1245.98,pluie,27.71,2.91,31,13.49,92,35.6895,139.69171,Open-Meteo Historical Weather API,2025-06-01/2025-08-31,24.0,22.42,51.6,1.83,2208,Open-Meteo Air Quality API,2025-06-01/2025-08-31,3,bagages,1,1,séjour correct mais perfectible.
2930,business,rome,automne,resort,randonnée,15,8432.22,484.94,ensoleillé,17.21,4.01,24,12.75,91,41.89193,12.51133,Open-Meteo Historical Weather API,2025-09-01/2025-11-30,13.51,9.22,34.28,0.79,2184,Open-Meteo Air Quality API,2025-09-01/2025-11-30,3,aucun,0,1,séjour correct mais perfectible.
2931,solo,sydney,automne,hôtel,gastronomie,6,6964.84,1246.45,variable,19.17,1.74,22,21.07,91,-33.86785,151.20732,Open-Meteo Historical Weather API,2025-09-01/2025-11-30,10.98,9.17,34.45,1.63,2184,Open-Meteo Air Quality API,2025-09-01/2025-11-30,3,annulation,1,1,séjour correct mais perfectible.
2932,famille,rome,été,resort,plage,4,6612.8,421.67,variable,27.22,1.32,16,14.95,92,41.89193,12.51133,Open-Meteo Historical Weather API,2025-06-01/2025-08-31,15.45,9.67,40.74,2.01,2208,Open-Meteo Air Quality API,2025-06-01/2025-08-31,4,aucun,0,1,très bon séjour.
2933,solo,new york,été,hôtel,business,19,6016.86,925.9,nuageux,24.52,2.28,32,14.21,92,40.71427,-74.00597,Open-Meteo Historical Weather API,2025-06-01/2025-08-31,18.13,17.43,51.89,1.61,2208,Open-Meteo Air Quality API,2025-06-01/2025-08-31,3,aucun,0,1,séjour correct mais perfectible.
2934,senior,rome,hiver,resort,culture,6,5963.08,507.24,ensoleillé,9.23,2.57,28,13.79,90,41.89193,12.51133,Open-Meteo Historical Weather API,2024-12-01/2025-02-28,20.56,17.01,40.29,0.27,2160,Open-Meteo Air Quality API,2024-12-01/2025-02-28,4,aucun,0,1,très bon séjour.
2935,solo,lisbonne,hiver,hôtel,business,5,1347.27,355.76,nuageux,12.63,2.92,26,17.53,90,38.72509,-9.1498,Open-Meteo Historical Weather API,2024-12-01/2025-02-28,19.66,13.91,36.49,0.38,2160,Open-Meteo Air Quality API,2024-12-01/2025-02-28,3,aucun,0,1,séjour correct mais perfectible.
2936,couple,tokyo,printemps,villa,randonnée,17,11977.48,981.88,pluie,14.52,6.04,44,15.33,92,35.6895,139.69171,Open-Meteo Historical Weather API,2025-03-01/2025-05-31,29.58,26.1,53.35,1.05,2208,Open-Meteo Air Quality API,2025-03-01/2025-05-31,2,météo,1,1,séjour décevant.
2937,couple,dubaï,hiver,hôtel,business,13,6559.43,508.56,pluie,20.21,0.09,2,19.57,90,25.07725,55.30927,Open-Meteo Historical Weather API,2024-12-01/2025-02-28,59.55,32.47,55.0,1.03,2160,Open-Meteo Air Quality API,2024-12-01/2025-02-28,3,aucun,0,1,séjour correct mais perfectible.
2938,famille,dubaï,printemps,villa,gastronomie,5,10092.27,711.49,ensoleillé,28.3,0.01,0,22.56,92,25.07725,55.30927,Open-Meteo Historical Weather API,2025-03-01/2025-05-31,70.72,36.99,63.06,2.2,2208,Open-Meteo Air Quality API,2025-03-01/2025-05-31,3,aucun,0,1,séjour correct mais perfectible.
2939,famille,dubaï,printemps,villa,plage,19,10851.47,559.9,nuageux,28.3,0.01,0,22.56,92,25.07725,55.30927,Open-Meteo Historical Weather API,2025-03-01/2025-05-31,70.72,36.99,63.06,2.2,2208,Open-Meteo Air Quality API,2025-03-01/2025-05-31,4,aucun,0,1,très bon séjour.
2940,famille,rome,automne,resort,randonnée,7,4065.49,524.4,ensoleillé,17.21,4.01,24,12.75,91,41.89193,12.51133,Open-Meteo Historical Weather API,2025-09-01/2025-11-30,13.51,9.22,34.28,0.79,2184,Open-Meteo Air Quality API,2025-09-01/2025-11-30,3,aucun,0,1,séjour correct mais perfectible.
2941,senior,paris,automne,hôtel,business,15,2978.75,303.75,nuageux,12.33,2.12,33,16.01,91,48.85341,2.3488,Open-Meteo Historical Weather API,2025-09-01/2025-11-30,12.19,8.6,34.88,0.44,2184,Open-Meteo Air Quality API,2025-09-01/2025-11-30,3,aucun,0,1,séjour correct mais perfectible.
2942,famille,dubaï,automne,hôtel,culture,15,9964.48,662.74,ensoleillé,29.44,0.0,0,20.09,91,25.07725,55.30927,Open-Meteo Historical Weather API,2025-09-01/2025-11-30,80.53,41.8,60.89,1.56,2184,Open-Meteo Air Quality API,2025-09-01/2025-11-30,4,aucun,0,1,très bon séjour.
2943,business,dubaï,été,villa,culture,18,13578.14,1147.74,nuageux,35.27,0.0,0,22.79,92,25.07725,55.30927,Open-Meteo Historical Weather API,2025-06-01/2025-08-31,128.17,54.13,71.91,2.19,2208,Open-Meteo Air Quality API,2025-06-01/2025-08-31,3,aucun,0,1,séjour correct mais perfectible.
2944,famille,lisbonne,hiver,resort,randonnée,16,2427.79,359.03,nuageux,12.63,2.92,26,17.53,90,38.72509,-9.1498,Open-Meteo Historical Weather API,2024-12-01/2025-02-28,19.66,13.91,36.49,0.38,2160,Open-Meteo Air Quality API,2024-12-01/2025-02-28,3,aucun,0,1,séjour correct mais perfectible.
2945,couple,paris,hiver,resort,culture,16,5675.77,322.24,ensoleillé,4.95,2.61,35,15.72,90,48.85341,2.3488,Open-Meteo Historical Weather API,2024-12-01/2025-02-28,20.98,17.57,45.01,0.13,2160,Open-Meteo Air Quality API,2024-12-01/2025-02-28,3,annulation,1,1,séjour correct mais perfectible.
2946,couple,tokyo,été,hôtel,business,3,9072.28,1369.61,ensoleillé,27.71,2.91,31,13.49,92,35.6895,139.69171,Open-Meteo Historical Weather API,2025-06-01/2025-08-31,24.0,22.42,51.6,1.83,2208,Open-Meteo Air Quality API,2025-06-01/2025-08-31,3,aucun,0,1,séjour correct mais perfectible.
2947,couple,paris,été,appartement,plage,20,4001.32,280.28,variable,21.05,2.58,30,14.41,92,48.85341,2.3488,Open-Meteo Historical Weather API,2025-06-01/2025-08-31,10.28,6.83,31.49,1.5,2208,Open-Meteo Air Quality API,2025-06-01/2025-08-31,2,bagages,0,1,séjour décevant.
2948,business,paris,printemps,hôtel,randonnée,5,8280.36,428.8,nuageux,12.44,1.18,26,14.07,92,48.85341,2.3488,Open-Meteo Historical Weather API,2025-03-01/2025-05-31,15.06,12.04,38.85,0.97,2208,Open-Meteo Air Quality API,2025-03-01/2025-05-31,3,aucun,0,1,séjour correct mais perfectible.
2949,senior,dubaï,printemps,hôtel,plage,7,7951.91,825.24,nuageux,28.3,0.01,0,22.56,92,25.07725,55.30927,Open-Meteo Historical Weather API,2025-03-01/2025-05-31,70.72,36.99,63.06,2.2,2208,Open-Meteo Air Quality API,2025-03-01/2025-05-31,3,aucun,0,1,séjour correct mais perfectible.
2950,senior,bali,printemps,hôtel,plage,11,4131.97,1258.56,pluie,26.99,6.49,65,13.72,92,-8.65,115.21667,Open-Meteo Historical Weather API,2025-03-01/2025-05-31,12.14,10.4,31.68,2.19,2208,Open-Meteo Air Quality API,2025-03-01/2025-05-31,2,annulation,0,1,séjour décevant.
2951,famille,paris,printemps,resort,business,8,7239.3,137.24,nuageux,12.44,1.18,26,14.07,92,48.85341,2.3488,Open-Meteo Historical Weather API,2025-03-01/2025-05-31,15.06,12.04,38.85,0.97,2208,Open-Meteo Air Quality API,2025-03-01/2025-05-31,3,aucun,0,1,séjour correct mais perfectible.
2952,business,tokyo,printemps,appartement,randonnée,14,7022.06,1000.97,ensoleillé,14.52,6.04,44,15.33,92,35.6895,139.69171,Open-Meteo Historical Weather API,2025-03-01/2025-05-31,29.58,26.1,53.35,1.05,2208,Open-Meteo Air Quality API,2025-03-01/2025-05-31,2,aucun,0,1,séjour décevant.
2953,famille,lisbonne,printemps,appartement,plage,4,2357.24,292.94,nuageux,15.64,3.53,41,19.08,92,38.72509,-9.1498,Open-Meteo Historical Weather API,2025-03-01/2025-05-31,15.2,9.48,34.11,1.3,2208,Open-Meteo Air Quality API,2025-03-01/2025-05-31,4,aucun,0,1,très bon séjour.
2954,senior,new york,été,hôtel,plage,11,4651.61,1205.95,ensoleillé,24.52,2.28,32,14.21,92,40.71427,-74.00597,Open-Meteo Historical Weather API,2025-06-01/2025-08-31,18.13,17.43,51.89,1.61,2208,Open-Meteo Air Quality API,2025-06-01/2025-08-31,3,aucun,0,1,séjour correct mais perfectible.
2955,solo,dubaï,automne,hôtel,business,9,4027.82,832.62,nuageux,29.44,0.0,0,20.09,91,25.07725,55.30927,Open-Meteo Historical Weather API,2025-09-01/2025-11-30,80.53,41.8,60.89,1.56,2184,Open-Meteo Air Quality API,2025-09-01/2025-11-30,3,aucun,0,1,séjour correct mais perfectible.
2956,couple,rome,été,appartement,gastronomie,15,3028.82,568.09,ensoleillé,27.22,1.32,16,14.95,92,41.89193,12.51133,Open-Meteo Historical Weather API,2025-06-01/2025-08-31,15.45,9.67,40.74,2.01,2208,Open-Meteo Air Quality API,2025-06-01/2025-08-31,3,aucun,0,1,séjour correct mais perfectible.
2957,famille,tokyo,été,resort,culture,12,11605.74,970.68,variable,27.71,2.91,31,13.49,92,35.6895,139.69171,Open-Meteo Historical Weather API,2025-06-01/2025-08-31,24.0,22.42,51.6,1.83,2208,Open-Meteo Air Quality API,2025-06-01/2025-08-31,4,aucun,0,1,très bon séjour.
2958,famille,sydney,automne,hôtel,randonnée,17,11596.33,1649.66,nuageux,19.17,1.74,22,21.07,91,-33.86785,151.20732,Open-Meteo Historical Weather API,2025-09-01/2025-11-30,10.98,9.17,34.45,1.63,2184,Open-Meteo Air Quality API,2025-09-01/2025-11-30,3,aucun,0,1,séjour correct mais perfectible.
2959,famille,bali,hiver,hôtel,culture,6,7935.7,1095.71,nuageux,26.28,11.89,84,14.7,90,-8.65,115.21667,Open-Meteo Historical Weather API,2024-12-01/2025-02-28,12.8,11.67,33.02,1.96,2160,Open-Meteo Air Quality API,2024-12-01/2025-02-28,4,annulation,0,1,très bon séjour.
2960,senior,dubaï,été,resort,business,21,9408.04,1094.42,nuageux,35.27,0.0,0,22.79,92,25.07725,55.30927,Open-Meteo Historical Weather API,2025-06-01/2025-08-31,128.17,54.13,71.91,2.19,2208,Open-Meteo Air Quality API,2025-06-01/2025-08-31,3,aucun,0,1,séjour correct mais perfectible.
2961,business,bali,printemps,villa,culture,10,10578.35,1204.94,ensoleillé,26.99,6.49,65,13.72,92,-8.65,115.21667,Open-Meteo Historical Weather API,2025-03-01/2025-05-31,12.14,10.4,31.68,2.19,2208,Open-Meteo Air Quality API,2025-03-01/2025-05-31,3,météo,1,1,séjour correct mais perfectible.
2962,senior,bali,été,appartement,gastronomie,9,5470.52,1480.79,ensoleillé,25.53,3.21,49,18.92,92,-8.65,115.21667,Open-Meteo Historical Weather API,2025-06-01/2025-08-31,13.38,9.86,30.22,1.86,2208,Open-Meteo Air Quality API,2025-06-01/2025-08-31,4,aucun,0,1,très bon séjour.
2963,famille,dubaï,hiver,hôtel,randonnée,13,7564.74,642.0,variable,20.21,0.09,2,19.57,90,25.07725,55.30927,Open-Meteo Historical Weather API,2024-12-01/2025-02-28,59.55,32.47,55.0,1.03,2160,Open-Meteo Air Quality API,2024-12-01/2025-02-28,3,aucun,0,1,séjour correct mais perfectible.
2964,solo,tokyo,automne,appartement,randonnée,6,4051.24,1315.91,pluie,18.79,4.52,34,12.27,91,35.6895,139.69171,Open-Meteo Historical Weather API,2025-09-01/2025-11-30,28.46,27.24,54.08,0.85,2184,Open-Meteo Air Quality API,2025-09-01/2025-11-30,2,aucun,0,1,séjour décevant.
2965,couple,sydney,automne,hôtel,gastronomie,18,11622.37,1442.37,pluie,19.17,1.74,22,21.07,91,-33.86785,151.20732,Open-Meteo Historical Weather API,2025-09-01/2025-11-30,10.98,9.17,34.45,1.63,2184,Open-Meteo Air Quality API,2025-09-01/2025-11-30,3,aucun,0,1,séjour correct mais perfectible.
2966,solo,sydney,hiver,appartement,gastronomie,8,2359.13,1637.64,nuageux,22.44,3.42,39,20.67,90,-33.86785,151.20732,Open-Meteo Historical Weather API,2024-12-01/2025-02-28,12.57,9.86,34.15,2.24,2160,Open-Meteo Air Quality API,2024-12-01/2025-02-28,1,aucun,0,0,très mauvaise expérience.
2967,couple,tokyo,hiver,hôtel,plage,20,4467.84,1083.56,nuageux,6.08,0.56,8,14.28,90,35.6895,139.69171,Open-Meteo Historical Weather API,2024-12-01/2025-02-28,31.02,30.0,55.43,0.51,2160,Open-Meteo Air Quality API,2024-12-01/2025-02-28,3,aucun,0,1,séjour correct mais perfectible.
2968,couple,rome,hiver,hôtel,plage,5,4662.03,446.19,ensoleillé,9.23,2.57,28,13.79,90,41.89193,12.51133,Open-Meteo Historical Weather API,2024-12-01/2025-02-28,20.56,17.01,40.29,0.27,2160,Open-Meteo Air Quality API,2024-12-01/2025-02-28,4,aucun,0,1,très bon séjour.
2969,solo,bali,été,resort,gastronomie,19,5254.71,1502.37,ensoleillé,25.53,3.21,49,18.92,92,-8.65,115.21667,Open-Meteo Historical Weather API,2025-06-01/2025-08-31,13.38,9.86,30.22,1.86,2208,Open-Meteo Air Quality API,2025-06-01/2025-08-31,2,annulation,1,1,séjour décevant.
2970,famille,sydney,été,hôtel,plage,10,6448.83,1932.31,ensoleillé,12.22,4.06,27,18.74,92,-33.86785,151.20732,Open-Meteo Historical Weather API,2025-06-01/2025-08-31,10.19,9.26,31.56,0.49,2208,Open-Meteo Air Quality API,2025-06-01/2025-08-31,4,aucun,0,1,très bon séjour.
2971,couple,new york,hiver,hôtel,gastronomie,14,5529.5,1005.56,ensoleillé,-0.0,2.34,32,16.49,90,40.71427,-74.00597,Open-Meteo Historical Weather API,2024-12-01/2025-02-28,14.23,13.56,43.36,0.34,2160,Open-Meteo Air Quality API,2024-12-01/2025-02-28,3,aucun,0,1,séjour correct mais perfectible.
2972,solo,lisbonne,automne,resort,randonnée,19,2581.08,389.45,ensoleillé,18.72,2.83,21,17.54,91,38.72509,-9.1498,Open-Meteo Historical Weather API,2025-09-01/2025-11-30,15.83,9.72,31.17,0.9,2184,Open-Meteo Air Quality API,2025-09-01/2025-11-30,3,aucun,0,1,séjour correct mais perfectible.
2973,famille,lisbonne,printemps,appartement,randonnée,5,4061.25,252.97,ensoleillé,15.64,3.53,41,19.08,92,38.72509,-9.1498,Open-Meteo Historical Weather API,2025-03-01/2025-05-31,15.2,9.48,34.11,1.3,2208,Open-Meteo Air Quality API,2025-03-01/2025-05-31,3,aucun,0,1,séjour correct mais perfectible.
2974,senior,sydney,printemps,appartement,plage,9,8091.62,1489.63,ensoleillé,19.13,4.44,49,17.74,92,-33.86785,151.20732,Open-Meteo Historical Weather API,2025-03-01/2025-05-31,11.25,9.25,31.84,1.01,2208,Open-Meteo Air Quality API,2025-03-01/2025-05-31,3,aucun,0,1,séjour correct mais perfectible.
2975,solo,rome,printemps,hôtel,gastronomie,21,4212.74,333.46,ensoleillé,15.22,3.55,32,13.85,92,41.89193,12.51133,Open-Meteo Historical Weather API,2025-03-01/2025-05-31,15.93,11.65,37.47,1.19,2208,Open-Meteo Air Quality API,2025-03-01/2025-05-31,2,aucun,0,1,séjour décevant.
2976,business,paris,été,hôtel,plage,5,4227.71,415.6,ensoleillé,21.05,2.58,30,14.41,92,48.85341,2.3488,Open-Meteo Historical Weather API,2025-06-01/2025-08-31,10.28,6.83,31.49,1.5,2208,Open-Meteo Air Quality API,2025-06-01/2025-08-31,4,aucun,0,1,très bon séjour.
2977,solo,sydney,printemps,resort,culture,4,5160.34,1272.91,nuageux,19.13,4.44,49,17.74,92,-33.86785,151.20732,Open-Meteo Historical Weather API,2025-03-01/2025-05-31,11.25,9.25,31.84,1.01,2208,Open-Meteo Air Quality API,2025-03-01/2025-05-31,5,aucun,0,1,excellent séjour.
2978,business,lisbonne,printemps,resort,business,12,3848.41,283.02,nuageux,15.64,3.53,41,19.08,92,38.72509,-9.1498,Open-Meteo Historical Weather API,2025-03-01/2025-05-31,15.2,9.48,34.11,1.3,2208,Open-Meteo Air Quality API,2025-03-01/2025-05-31,4,aucun,0,1,très bon séjour.
2979,business,sydney,printemps,hôtel,business,3,13156.37,1387.17,ensoleillé,19.13,4.44,49,17.74,92,-33.86785,151.20732,Open-Meteo Historical Weather API,2025-03-01/2025-05-31,11.25,9.25,31.84,1.01,2208,Open-Meteo Air Quality API,2025-03-01/2025-05-31,3,aucun,0,1,séjour correct mais perfectible.
2980,senior,new york,automne,appartement,culture,21,6123.63,1179.61,nuageux,13.97,3.07,25,15.38,91,40.71427,-74.00597,Open-Meteo Historical Weather API,2025-09-01/2025-11-30,11.7,11.28,42.27,0.76,2184,Open-Meteo Air Quality API,2025-09-01/2025-11-30,3,aucun,0,1,séjour correct mais perfectible.
2981,solo,dubaï,été,villa,business,20,7224.46,779.52,nuageux,35.27,0.0,0,22.79,92,25.07725,55.30927,Open-Meteo Historical Weather API,2025-06-01/2025-08-31,128.17,54.13,71.91,2.19,2208,Open-Meteo Air Quality API,2025-06-01/2025-08-31,3,aucun,0,1,séjour correct mais perfectible.
2982,couple,new york,automne,hôtel,business,6,7563.73,967.18,ensoleillé,13.97,3.07,25,15.38,91,40.71427,-74.00597,Open-Meteo Historical Weather API,2025-09-01/2025-11-30,11.7,11.28,42.27,0.76,2184,Open-Meteo Air Quality API,2025-09-01/2025-11-30,2,aucun,0,1,séjour décevant.
2983,famille,sydney,été,appartement,culture,6,7636.01,2184.45,ensoleillé,12.22,4.06,27,18.74,92,-33.86785,151.20732,Open-Meteo Historical Weather API,2025-06-01/2025-08-31,10.19,9.26,31.56,0.49,2208,Open-Meteo Air Quality API,2025-06-01/2025-08-31,3,bagages,1,1,séjour correct mais perfectible.
2984,solo,sydney,été,resort,randonnée,17,5559.71,1772.18,ensoleillé,12.22,4.06,27,18.74,92,-33.86785,151.20732,Open-Meteo Historical Weather API,2025-06-01/2025-08-31,10.19,9.26,31.56,0.49,2208,Open-Meteo Air Quality API,2025-06-01/2025-08-31,3,aucun,0,1,séjour correct mais perfectible.
2985,famille,rome,printemps,hôtel,gastronomie,12,5503.28,397.77,ensoleillé,15.22,3.55,32,13.85,92,41.89193,12.51133,Open-Meteo Historical Weather API,2025-03-01/2025-05-31,15.93,11.65,37.47,1.19,2208,Open-Meteo Air Quality API,2025-03-01/2025-05-31,4,aucun,0,1,très bon séjour.
2986,famille,dubaï,été,resort,business,18,9374.71,861.24,ensoleillé,35.27,0.0,0,22.79,92,25.07725,55.30927,Open-Meteo Historical Weather API,2025-06-01/2025-08-31,128.17,54.13,71.91,2.19,2208,Open-Meteo Air Quality API,2025-06-01/2025-08-31,2,aucun,0,1,séjour décevant.
2987,famille,tokyo,printemps,hôtel,culture,21,6432.02,1140.87,nuageux,14.52,6.04,44,15.33,92,35.6895,139.69171,Open-Meteo Historical Weather API,2025-03-01/2025-05-31,29.58,26.1,53.35,1.05,2208,Open-Meteo Air Quality API,2025-03-01/2025-05-31,3,aucun,0,1,séjour correct mais perfectible.
2988,solo,paris,hiver,hôtel,randonnée,10,4217.03,440.33,nuageux,4.95,2.61,35,15.72,90,48.85341,2.3488,Open-Meteo Historical Weather API,2024-12-01/2025-02-28,20.98,17.57,45.01,0.13,2160,Open-Meteo Air Quality API,2024-12-01/2025-02-28,3,annulation,1,1,séjour correct mais perfectible.
2989,famille,paris,hiver,villa,plage,7,7858.76,426.49,variable,4.95,2.61,35,15.72,90,48.85341,2.3488,Open-Meteo Historical Weather API,2024-12-01/2025-02-28,20.98,17.57,45.01,0.13,2160,Open-Meteo Air Quality API,2024-12-01/2025-02-28,3,retard_vol,0,1,séjour correct mais perfectible.
2990,solo,lisbonne,hiver,resort,plage,14,3402.15,190.54,variable,12.63,2.92,26,17.53,90,38.72509,-9.1498,Open-Meteo Historical Weather API,2024-12-01/2025-02-28,19.66,13.91,36.49,0.38,2160,Open-Meteo Air Quality API,2024-12-01/2025-02-28,2,aucun,0,1,séjour décevant.
2991,business,paris,automne,hôtel,randonnée,15,6321.28,296.06,nuageux,12.33,2.12,33,16.01,91,48.85341,2.3488,Open-Meteo Historical Weather API,2025-09-01/2025-11-30,12.19,8.6,34.88,0.44,2184,Open-Meteo Air Quality API,2025-09-01/2025-11-30,4,retard_vol,1,1,très bon séjour.
2992,business,lisbonne,automne,resort,business,11,6728.08,375.21,nuageux,18.72,2.83,21,17.54,91,38.72509,-9.1498,Open-Meteo Historical Weather API,2025-09-01/2025-11-30,15.83,9.72,31.17,0.9,2184,Open-Meteo Air Quality API,2025-09-01/2025-11-30,4,aucun,0,1,très bon séjour.
2993,couple,dubaï,été,villa,gastronomie,8,10337.58,675.05,variable,35.27,0.0,0,22.79,92,25.07725,55.30927,Open-Meteo Historical Weather API,2025-06-01/2025-08-31,128.17,54.13,71.91,2.19,2208,Open-Meteo Air Quality API,2025-06-01/2025-08-31,4,aucun,0,1,très bon séjour.
2994,solo,bali,hiver,resort,plage,7,4495.17,384.08,nuageux,26.28,11.89,84,14.7,90,-8.65,115.21667,Open-Meteo Historical Weather API,2024-12-01/2025-02-28,12.8,11.67,33.02,1.96,2160,Open-Meteo Air Quality API,2024-12-01/2025-02-28,4,météo,1,1,très bon séjour.
2995,solo,paris,automne,villa,business,12,5813.38,304.29,variable,12.33,2.12,33,16.01,91,48.85341,2.3488,Open-Meteo Historical Weather API,2025-09-01/2025-11-30,12.19,8.6,34.88,0.44,2184,Open-Meteo Air Quality API,2025-09-01/2025-11-30,3,aucun,0,1,séjour correct mais perfectible.
2996,couple,bali,été,appartement,gastronomie,11,5480.71,1356.12,nuageux,25.53,3.21,49,18.92,92,-8.65,115.21667,Open-Meteo Historical Weather API,2025-06-01/2025-08-31,13.38,9.86,30.22,1.86,2208,Open-Meteo Air Quality API,2025-06-01/2025-08-31,3,aucun,0,1,séjour correct mais perfectible.
2997,solo,rome,printemps,hôtel,randonnée,11,3444.28,407.45,ensoleillé,15.22,3.55,32,13.85,92,41.89193,12.51133,Open-Meteo Historical Weather API,2025-03-01/2025-05-31,15.93,11.65,37.47,1.19,2208,Open-Meteo Air Quality API,2025-03-01/2025-05-31,3,aucun,0,1,séjour correct mais perfectible.
2998,famille,sydney,été,appartement,business,4,9494.8,1258.72,ensoleillé,12.22,4.06,27,18.74,92,-33.86785,151.20732,Open-Meteo Historical Weather API,2025-06-01/2025-08-31,10.19,9.26,31.56,0.49,2208,Open-Meteo Air Quality API,2025-06-01/2025-08-31,4,bagages,1,1,très bon séjour.
2999,senior,paris,été,appartement,randonnée,19,3501.85,416.08,ensoleillé,21.05,2.58,30,14.41,92,48.85341,2.3488,Open-Meteo Historical Weather API,2025-06-01/2025-08-31,10.28,6.83,31.49,1.5,2208,Open-Meteo Air Quality API,2025-06-01/2025-08-31,3,météo,1,1,séjour correct mais perfectible.
3000,famille,sydney,hiver,appartement,culture,16,8868.87,1380.28,variable,22.44,3.42,39,20.67,90,-33.86785,151.20732,Open-Meteo Historical Weather API,2024-12-01/2025-02-28,12.57,9.86,34.15,2.24,2160,Open-Meteo Air Quality API,2024-12-01/2025-02-28,3,aucun,0,1,séjour correct mais perfectible.
