trip_id,client_type,budget_total,destination,saison,duree_jours,type_hebergement,prix_vol,meteo_prevue,activite_principale,satisfaction_client,imprevus,reorganisation_necessaire,respect_budget,retour_client,budget_par_jour,part_vol_budget,sejour_long,meteo_risque,client_business,hebergement_luxe,imprevu_present,imprevu_transport,imprevu_meteo,temperature_moyenne_saison,pluie_moyenne_mm,jours_pluie_moyen,vent_max_moyen_kmh,nb_jours_observes,latitude,longitude,source,periode_reference,pm10_moyen,pm2_5_moyen,european_aqi_moyen,uv_index_moyen,heures_observees_air,source_air_quality,periode_reference_air_quality
1,solo,5548.9,dubaï,automne,3,hôtel,1320.77,ensoleillé,plage,3,annulation,1,0,séjour mitigé.,1849.6333333333328,0.2380237524554416,0.0,0.0,0.0,0.0,1.0,1.0,0.0,29.44,0.0,0.0,20.09,91.0,25.07725,55.30927,Open-Meteo Historical Weather API,2025-09-01/2025-11-30,80.53,41.8,60.89,1.56,2184.0,Open-Meteo Air Quality API,2025-09-01/2025-11-30
2,business,3288.27,rome,printemps,12,hôtel,1524.09,variable,randonnée,4,aucun,0,1,excellent séjour.,274.0225,0.4634929613444151,0.0,1.0,1.0,0.0,0.0,0.0,0.0,15.22,3.55,32.0,13.85,92.0,41.89193,12.51133,Open-Meteo Historical Weather API,2025-03-01/2025-05-31,15.93,11.65,37.47,1.19,2208.0,Open-Meteo Air Quality API,2025-03-01/2025-05-31
3,senior,13347.18,bali,printemps,16,villa,881.94,ensoleillé,plage,5,météo,1,1,excellent séjour.,834.19875,0.0660768791609913,1.0,0.0,0.0,1.0,1.0,0.0,1.0,26.99,6.49,65.0,13.72,92.0,-8.65,115.21667,Open-Meteo Historical Weather API,2025-03-01/2025-05-31,12.14,10.4,31.68,2.19,2208.0,Open-Meteo Air Quality API,2025-03-01/2025-05-31
4,couple,7049.42,sydney,automne,17,appartement,844.39,nuageux,randonnée,3,météo,1,1,séjour mitigé.,414.6717647058824,0.1197814855690255,1.0,0.0,0.0,0.0,1.0,0.0,1.0,19.17,1.74,22.0,21.07,91.0,-33.86785,151.20732,Open-Meteo Historical Weather API,2025-09-01/2025-11-30,10.98,9.17,34.45,1.63,2184.0,Open-Meteo Air Quality API,2025-09-01/2025-11-30
5,solo,7612.92,paris,hiver,7,hôtel,1081.24,pluie,gastronomie,2,retard_vol,1,1,séjour mitigé.,1087.56,0.1420269751948004,0.0,1.0,0.0,0.0,1.0,1.0,0.0,4.95,2.61,35.0,15.72,90.0,48.85341,2.3488,Open-Meteo Historical Weather API,2024-12-01/2025-02-28,20.98,17.57,45.01,0.13,2160.0,Open-Meteo Air Quality API,2024-12-01/2025-02-28
6,famille,9378.46,new york,printemps,12,hôtel,1762.66,nuageux,gastronomie,5,météo,1,1,excellent séjour.,781.5383333333333,0.1879477014349904,0.0,0.0,0.0,0.0,1.0,0.0,1.0,12.04,4.75,36.0,17.46,92.0,40.71427,-74.00597,Open-Meteo Historical Weather API,2025-03-01/2025-05-31,11.88,11.05,41.24,1.07,2208.0,Open-Meteo Air Quality API,2025-03-01/2025-05-31
7,business,7486.54,lisbonne,été,5,villa,1033.07,nuageux,business,5,météo,1,1,excellent séjour.,1497.308,0.1379903132822371,0.0,0.0,1.0,1.0,1.0,0.0,1.0,23.39,0.06,1.0,17.22,92.0,38.72509,-9.1498,Open-Meteo Historical Weather API,2025-06-01/2025-08-31,19.54,10.92,32.89,2.16,2208.0,Open-Meteo Air Quality API,2025-06-01/2025-08-31
9,couple,9414.0,paris,hiver,17,appartement,1156.59,pluie,gastronomie,2,annulation,1,0,séjour mitigé.,553.7647058823529,0.1228585086042065,1.0,1.0,0.0,0.0,1.0,1.0,0.0,4.95,2.61,35.0,15.72,90.0,48.85341,2.3488,Open-Meteo Historical Weather API,2024-12-01/2025-02-28,20.98,17.57,45.01,0.13,2160.0,Open-Meteo Air Quality API,2024-12-01/2025-02-28
11,senior,12845.33,bali,automne,21,resort,466.0,variable,business,5,retard_vol,1,1,excellent séjour.,611.682380952381,0.0362777756585467,1.0,1.0,0.0,1.0,1.0,1.0,0.0,26.3,6.82,61.0,14.71,91.0,-8.65,115.21667,Open-Meteo Historical Weather API,2025-09-01/2025-11-30,14.48,11.69,32.66,2.5,2184.0,Open-Meteo Air Quality API,2025-09-01/2025-11-30
12,senior,10106.42,paris,hiver,4,appartement,1281.23,nuageux,plage,2,retard_vol,1,0,séjour mitigé.,2526.605,0.1267738724493935,0.0,0.0,0.0,0.0,1.0,1.0,0.0,4.95,2.61,35.0,15.72,90.0,48.85341,2.3488,Open-Meteo Historical Weather API,2024-12-01/2025-02-28,20.98,17.57,45.01,0.13,2160.0,Open-Meteo Air Quality API,2024-12-01/2025-02-28
13,famille,8515.12,new york,automne,10,villa,1204.4,nuageux,plage,1,météo,1,1,séjour mitigé.,851.5120000000001,0.1414425163708791,0.0,0.0,0.0,1.0,1.0,0.0,1.0,13.97,3.07,25.0,15.38,91.0,40.71427,-74.00597,Open-Meteo Historical Weather API,2025-09-01/2025-11-30,11.7,11.28,42.27,0.76,2184.0,Open-Meteo Air Quality API,2025-09-01/2025-11-30
14,solo,7607.9,sydney,printemps,19,hôtel,820.22,ensoleillé,randonnée,2,annulation,1,1,séjour mitigé.,400.4157894736842,0.1078116168719357,1.0,0.0,0.0,0.0,1.0,1.0,0.0,19.13,4.44,49.0,17.74,92.0,-33.86785,151.20732,Open-Meteo Historical Weather API,2025-03-01/2025-05-31,11.25,9.25,31.84,1.01,2208.0,Open-Meteo Air Quality API,2025-03-01/2025-05-31
15,business,12985.57,new york,été,9,hôtel,1631.27,pluie,randonnée,4,retard_vol,1,1,excellent séjour.,1442.841111111111,0.1256217478324016,0.0,1.0,1.0,0.0,1.0,1.0,0.0,24.52,2.28,32.0,14.21,92.0,40.71427,-74.00597,Open-Meteo Historical Weather API,2025-06-01/2025-08-31,18.13,17.43,51.89,1.61,2208.0,Open-Meteo Air Quality API,2025-06-01/2025-08-31
16,solo,6125.88,rome,automne,21,appartement,1211.76,nuageux,business,1,aucun,0,0,séjour mitigé.,291.7085714285714,0.1978099473055299,1.0,0.0,0.0,0.0,0.0,0.0,0.0,17.21,4.01,24.0,12.75,91.0,41.89193,12.51133,Open-Meteo Historical Weather API,2025-09-01/2025-11-30,13.51,9.22,34.28,0.79,2184.0,Open-Meteo Air Quality API,2025-09-01/2025-11-30
17,senior,8193.32,new york,hiver,17,appartement,1494.6,pluie,business,2,aucun,0,1,séjour mitigé.,481.96,0.1824168957150459,1.0,1.0,0.0,0.0,0.0,0.0,0.0,0.0,2.34,32.0,16.49,90.0,40.71427,-74.00597,Open-Meteo Historical Weather API,2024-12-01/2025-02-28,14.23,13.56,43.36,0.34,2160.0,Open-Meteo Air Quality API,2024-12-01/2025-02-28
19,famille,12221.95,rome,printemps,4,villa,1206.0,variable,culture,2,aucun,0,1,séjour mitigé.,3055.4875,0.0986749250324211,0.0,1.0,0.0,1.0,0.0,0.0,0.0,15.22,3.55,32.0,13.85,92.0,41.89193,12.51133,Open-Meteo Historical Weather API,2025-03-01/2025-05-31,15.93,11.65,37.47,1.19,2208.0,Open-Meteo Air Quality API,2025-03-01/2025-05-31
20,business,10416.72,tokyo,printemps,5,appartement,529.64,ensoleillé,plage,3,annulation,1,1,séjour mitigé.,2083.344,0.05084517967268,0.0,0.0,1.0,0.0,1.0,1.0,0.0,14.52,6.04,44.0,15.33,92.0,35.6895,139.69171,Open-Meteo Historical Weather API,2025-03-01/2025-05-31,29.58,26.1,53.35,1.05,2208.0,Open-Meteo Air Quality API,2025-03-01/2025-05-31
21,famille,8186.44,bali,automne,20,appartement,1236.69,variable,business,2,aucun,0,1,séjour mitigé.,409.322,0.1510656646845271,1.0,1.0,0.0,0.0,0.0,0.0,0.0,26.3,6.82,61.0,14.71,91.0,-8.65,115.21667,Open-Meteo Historical Weather API,2025-09-01/2025-11-30,14.48,11.69,32.66,2.5,2184.0,Open-Meteo Air Quality API,2025-09-01/2025-11-30
22,solo,10407.99,rome,automne,5,appartement,1617.2,pluie,plage,5,retard_vol,1,0,excellent séjour.,2081.598,0.1553806258461048,0.0,1.0,0.0,0.0,1.0,1.0,0.0,17.21,4.01,24.0,12.75,91.0,41.89193,12.51133,Open-Meteo Historical Weather API,2025-09-01/2025-11-30,13.51,9.22,34.28,0.79,2184.0,Open-Meteo Air Quality API,2025-09-01/2025-11-30
23,famille,10261.51,lisbonne,hiver,16,resort,1194.54,ensoleillé,plage,1,bagages,1,0,séjour mitigé.,641.344375,0.1164097681530301,1.0,0.0,0.0,1.0,1.0,1.0,0.0,12.63,2.92,26.0,17.53,90.0,38.72509,-9.1498,Open-Meteo Historical Weather API,2024-12-01/2025-02-28,19.66,13.91,36.49,0.38,2160.0,Open-Meteo Air Quality API,2024-12-01/2025-02-28
24,solo,13391.63,dubaï,automne,3,villa,1648.46,pluie,business,5,météo,1,1,excellent séjour.,4463.876666666666,0.1230962922362699,0.0,1.0,0.0,1.0,1.0,0.0,1.0,29.44,0.0,0.0,20.09,91.0,25.07725,55.30927,Open-Meteo Historical Weather API,2025-09-01/2025-11-30,80.53,41.8,60.89,1.56,2184.0,Open-Meteo Air Quality API,2025-09-01/2025-11-30
25,famille,5884.06,tokyo,hiver,14,villa,427.89,pluie,culture,1,aucun,0,0,séjour mitigé.,420.29,0.0727201965989469,1.0,1.0,0.0,1.0,0.0,0.0,0.0,6.08,0.56,8.0,14.28,90.0,35.6895,139.69171,Open-Meteo Historical Weather API,2024-12-01/2025-02-28,31.02,30.0,55.43,0.51,2160.0,Open-Meteo Air Quality API,2024-12-01/2025-02-28
26,couple,954.98,lisbonne,hiver,8,villa,776.88,variable,business,1,retard_vol,1,1,séjour mitigé.,119.3725,0.8135039477266539,0.0,1.0,0.0,1.0,1.0,1.0,0.0,12.63,2.92,26.0,17.53,90.0,38.72509,-9.1498,Open-Meteo Historical Weather API,2024-12-01/2025-02-28,19.66,13.91,36.49,0.38,2160.0,Open-Meteo Air Quality API,2024-12-01/2025-02-28
27,senior,14732.22,lisbonne,été,15,resort,631.15,variable,plage,5,bagages,1,1,excellent séjour.,982.148,0.0428414726361675,1.0,1.0,0.0,1.0,1.0,1.0,0.0,23.39,0.06,1.0,17.22,92.0,38.72509,-9.1498,Open-Meteo Historical Weather API,2025-06-01/2025-08-31,19.54,10.92,32.89,2.16,2208.0,Open-Meteo Air Quality API,2025-06-01/2025-08-31
28,business,10572.54,lisbonne,été,21,resort,606.79,ensoleillé,culture,5,bagages,1,0,excellent séjour.,503.4542857142857,0.0573930200311372,1.0,0.0,1.0,1.0,1.0,1.0,0.0,23.39,0.06,1.0,17.22,92.0,38.72509,-9.1498,Open-Meteo Historical Weather API,2025-06-01/2025-08-31,19.54,10.92,32.89,2.16,2208.0,Open-Meteo Air Quality API,2025-06-01/2025-08-31
29,solo,14826.2,bali,automne,21,villa,1357.46,nuageux,gastronomie,2,retard_vol,1,0,séjour mitigé.,706.0095238095239,0.0915581875328809,1.0,0.0,0.0,1.0,1.0,1.0,0.0,26.3,6.82,61.0,14.71,91.0,-8.65,115.21667,Open-Meteo Historical Weather API,2025-09-01/2025-11-30,14.48,11.69,32.66,2.5,2184.0,Open-Meteo Air Quality API,2025-09-01/2025-11-30
30,business,2403.24,dubaï,été,8,appartement,1727.18,variable,culture,4,météo,1,0,excellent séjour.,300.405,0.7186881043924037,0.0,1.0,1.0,0.0,1.0,0.0,1.0,35.27,0.0,0.0,22.79,92.0,25.07725,55.30927,Open-Meteo Historical Weather API,2025-06-01/2025-08-31,128.17,54.13,71.91,2.19,2208.0,Open-Meteo Air Quality API,2025-06-01/2025-08-31
31,couple,1497.43,lisbonne,printemps,9,hôtel,1185.28,variable,culture,2,météo,1,0,séjour mitigé.,166.38111111111112,0.7915428434050339,0.0,1.0,0.0,0.0,1.0,0.0,1.0,15.64,3.53,41.0,19.08,92.0,38.72509,-9.1498,Open-Meteo Historical Weather API,2025-03-01/2025-05-31,15.2,9.48,34.11,1.3,2208.0,Open-Meteo Air Quality API,2025-03-01/2025-05-31
32,senior,14400.28,new york,automne,20,villa,343.17,pluie,gastronomie,1,retard_vol,1,1,séjour mitigé.,720.014,0.0238307866235934,1.0,1.0,0.0,1.0,1.0,1.0,0.0,13.97,3.07,25.0,15.38,91.0,40.71427,-74.00597,Open-Meteo Historical Weather API,2025-09-01/2025-11-30,11.7,11.28,42.27,0.76,2184.0,Open-Meteo Air Quality API,2025-09-01/2025-11-30
33,famille,11390.91,dubaï,printemps,21,resort,134.0,variable,randonnée,1,bagages,1,0,séjour mitigé.,542.4242857142857,0.0117637660204496,1.0,1.0,0.0,1.0,1.0,1.0,0.0,28.3,0.01,0.0,22.56,92.0,25.07725,55.30927,Open-Meteo Historical Weather API,2025-03-01/2025-05-31,70.72,36.99,63.06,2.2,2208.0,Open-Meteo Air Quality API,2025-03-01/2025-05-31
34,couple,4132.88,rome,été,7,villa,1348.67,ensoleillé,randonnée,2,météo,1,0,séjour mitigé.,590.4114285714286,0.3263269197266797,0.0,0.0,0.0,1.0,1.0,0.0,1.0,27.22,1.32,16.0,14.95,92.0,41.89193,12.51133,Open-Meteo Historical Weather API,2025-06-01/2025-08-31,15.45,9.67,40.74,2.01,2208.0,Open-Meteo Air Quality API,2025-06-01/2025-08-31
35,business,7427.8,bali,hiver,10,villa,1602.58,variable,gastronomie,1,retard_vol,1,1,séjour mitigé.,742.78,0.2157543283340962,0.0,1.0,1.0,1.0,1.0,1.0,0.0,26.28,11.89,84.0,14.7,90.0,-8.65,115.21667,Open-Meteo Historical Weather API,2024-12-01/2025-02-28,12.8,11.67,33.02,1.96,2160.0,Open-Meteo Air Quality API,2024-12-01/2025-02-28
36,couple,8629.37,paris,printemps,4,villa,1796.66,nuageux,culture,2,météo,1,0,séjour mitigé.,2157.3425,0.2082029163194995,0.0,0.0,0.0,1.0,1.0,0.0,1.0,12.44,1.18,26.0,14.07,92.0,48.85341,2.3488,Open-Meteo Historical Weather API,2025-03-01/2025-05-31,15.06,12.04,38.85,0.97,2208.0,Open-Meteo Air Quality API,2025-03-01/2025-05-31
37,couple,9354.51,sydney,été,12,villa,1795.83,ensoleillé,gastronomie,3,bagages,1,1,séjour mitigé.,779.5425,0.1919747800793414,0.0,0.0,0.0,1.0,1.0,1.0,0.0,12.22,4.06,27.0,18.74,92.0,-33.86785,151.20732,Open-Meteo Historical Weather API,2025-06-01/2025-08-31,10.19,9.26,31.56,0.49,2208.0,Open-Meteo Air Quality API,2025-06-01/2025-08-31
38,business,13023.12,new york,printemps,13,hôtel,165.31,ensoleillé,plage,5,aucun,0,0,excellent séjour.,1001.7784615384616,0.0126935788044646,0.0,0.0,1.0,0.0,0.0,0.0,0.0,12.04,4.75,36.0,17.46,92.0,40.71427,-74.00597,Open-Meteo Historical Weather API,2025-03-01/2025-05-31,11.88,11.05,41.24,1.07,2208.0,Open-Meteo Air Quality API,2025-03-01/2025-05-31
39,senior,853.14,lisbonne,été,6,appartement,577.9,pluie,randonnée,1,retard_vol,1,1,séjour mitigé.,142.19,0.6773800314133671,0.0,1.0,0.0,0.0,1.0,1.0,0.0,23.39,0.06,1.0,17.22,92.0,38.72509,-9.1498,Open-Meteo Historical Weather API,2025-06-01/2025-08-31,19.54,10.92,32.89,2.16,2208.0,Open-Meteo Air Quality API,2025-06-01/2025-08-31
40,senior,5736.58,dubaï,automne,17,villa,164.47,nuageux,culture,5,aucun,0,0,excellent séjour.,337.4458823529412,0.0286703924638024,1.0,0.0,0.0,1.0,0.0,0.0,0.0,29.44,0.0,0.0,20.09,91.0,25.07725,55.30927,Open-Meteo Historical Weather API,2025-09-01/2025-11-30,80.53,41.8,60.89,1.56,2184.0,Open-Meteo Air Quality API,2025-09-01/2025-11-30
41,business,5227.96,tokyo,été,16,appartement,851.56,pluie,culture,2,bagages,1,0,séjour mitigé.,326.7475,0.162885714504319,1.0,1.0,1.0,0.0,1.0,1.0,0.0,27.71,2.91,31.0,13.49,92.0,35.6895,139.69171,Open-Meteo Historical Weather API,2025-06-01/2025-08-31,24.0,22.42,51.6,1.83,2208.0,Open-Meteo Air Quality API,2025-06-01/2025-08-31
42,business,5142.1,tokyo,été,15,appartement,954.2,ensoleillé,randonnée,5,bagages,1,1,excellent séjour.,342.8066666666667,0.1855662083584527,1.0,0.0,1.0,0.0,1.0,1.0,0.0,27.71,2.91,31.0,13.49,92.0,35.6895,139.69171,Open-Meteo Historical Weather API,2025-06-01/2025-08-31,24.0,22.42,51.6,1.83,2208.0,Open-Meteo Air Quality API,2025-06-01/2025-08-31
43,solo,13696.57,new york,printemps,10,hôtel,348.33,ensoleillé,business,2,annulation,1,1,séjour mitigé.,1369.657,0.0254319147056525,0.0,0.0,0.0,0.0,1.0,1.0,0.0,12.04,4.75,36.0,17.46,92.0,40.71427,-74.00597,Open-Meteo Historical Weather API,2025-03-01/2025-05-31,11.88,11.05,41.24,1.07,2208.0,Open-Meteo Air Quality API,2025-03-01/2025-05-31
44,solo,13525.7,rome,hiver,3,villa,595.68,nuageux,culture,5,annulation,1,1,excellent séjour.,4508.566666666667,0.0440406041831476,0.0,0.0,0.0,1.0,1.0,1.0,0.0,9.23,2.57,28.0,13.79,90.0,41.89193,12.51133,Open-Meteo Historical Weather API,2024-12-01/2025-02-28,20.56,17.01,40.29,0.27,2160.0,Open-Meteo Air Quality API,2024-12-01/2025-02-28
45,business,4100.91,tokyo,été,14,appartement,750.07,ensoleillé,culture,3,aucun,0,0,séjour mitigé.,292.92214285714283,0.1829033068270213,1.0,0.0,1.0,0.0,0.0,0.0,0.0,27.71,2.91,31.0,13.49,92.0,35.6895,139.69171,Open-Meteo Historical Weather API,2025-06-01/2025-08-31,24.0,22.42,51.6,1.83,2208.0,Open-Meteo Air Quality API,2025-06-01/2025-08-31
46,senior,10110.99,paris,été,14,hôtel,1163.0,nuageux,culture,4,météo,1,0,excellent séjour.,722.2135714285714,0.1150233557742614,1.0,0.0,0.0,0.0,1.0,0.0,1.0,21.05,2.58,30.0,14.41,92.0,48.85341,2.3488,Open-Meteo Historical Weather API,2025-06-01/2025-08-31,10.28,6.83,31.49,1.5,2208.0,Open-Meteo Air Quality API,2025-06-01/2025-08-31
47,famille,11526.28,sydney,été,15,villa,1541.26,nuageux,randonnée,1,bagages,1,0,séjour mitigé.,768.4186666666667,0.1337170361990165,1.0,0.0,0.0,1.0,1.0,1.0,0.0,12.22,4.06,27.0,18.74,92.0,-33.86785,151.20732,Open-Meteo Historical Weather API,2025-06-01/2025-08-31,10.19,9.26,31.56,0.49,2208.0,Open-Meteo Air Quality API,2025-06-01/2025-08-31
48,couple,9297.44,lisbonne,hiver,11,villa,1085.6,ensoleillé,business,5,aucun,0,0,excellent séjour.,845.2218181818182,0.1167633240978161,0.0,0.0,0.0,1.0,0.0,0.0,0.0,12.63,2.92,26.0,17.53,90.0,38.72509,-9.1498,Open-Meteo Historical Weather API,2024-12-01/2025-02-28,19.66,13.91,36.49,0.38,2160.0,Open-Meteo Air Quality API,2024-12-01/2025-02-28
49,business,10193.15,new york,printemps,7,resort,307.18,ensoleillé,randonnée,5,retard_vol,1,1,excellent séjour.,1456.1642857142856,0.0301359246160411,0.0,0.0,1.0,1.0,1.0,1.0,0.0,12.04,4.75,36.0,17.46,92.0,40.71427,-74.00597,Open-Meteo Historical Weather API,2025-03-01/2025-05-31,11.88,11.05,41.24,1.07,2208.0,Open-Meteo Air Quality API,2025-03-01/2025-05-31
50,couple,13659.38,paris,printemps,21,appartement,1366.22,ensoleillé,gastronomie,4,aucun,0,0,excellent séjour.,650.4466666666666,0.1000206451537332,1.0,0.0,0.0,0.0,0.0,0.0,0.0,12.44,1.18,26.0,14.07,92.0,48.85341,2.3488,Open-Meteo Historical Weather API,2025-03-01/2025-05-31,15.06,12.04,38.85,0.97,2208.0,Open-Meteo Air Quality API,2025-03-01/2025-05-31
51,couple,6298.38,new york,été,7,villa,1191.79,ensoleillé,randonnée,2,retard_vol,1,1,séjour mitigé.,899.7685714285715,0.1892216728746122,0.0,0.0,0.0,1.0,1.0,1.0,0.0,24.52,2.28,32.0,14.21,92.0,40.71427,-74.00597,Open-Meteo Historical Weather API,2025-06-01/2025-08-31,18.13,17.43,51.89,1.61,2208.0,Open-Meteo Air Quality API,2025-06-01/2025-08-31
52,couple,11568.18,paris,printemps,15,appartement,1196.77,variable,randonnée,2,bagages,1,0,séjour mitigé.,771.212,0.1034536115447719,1.0,1.0,0.0,0.0,1.0,1.0,0.0,12.44,1.18,26.0,14.07,92.0,48.85341,2.3488,Open-Meteo Historical Weather API,2025-03-01/2025-05-31,15.06,12.04,38.85,0.97,2208.0,Open-Meteo Air Quality API,2025-03-01/2025-05-31
53,business,1535.43,sydney,automne,3,appartement,1308.71,pluie,business,4,météo,1,1,excellent séjour.,511.81,0.8523410380154094,0.0,1.0,1.0,0.0,1.0,0.0,1.0,19.17,1.74,22.0,21.07,91.0,-33.86785,151.20732,Open-Meteo Historical Weather API,2025-09-01/2025-11-30,10.98,9.17,34.45,1.63,2184.0,Open-Meteo Air Quality API,2025-09-01/2025-11-30
54,business,2101.65,rome,printemps,5,appartement,1572.69,pluie,business,1,météo,1,1,séjour mitigé.,420.33,0.748312040539576,0.0,1.0,1.0,0.0,1.0,0.0,1.0,15.22,3.55,32.0,13.85,92.0,41.89193,12.51133,Open-Meteo Historical Weather API,2025-03-01/2025-05-31,15.93,11.65,37.47,1.19,2208.0,Open-Meteo Air Quality API,2025-03-01/2025-05-31
55,solo,4271.55,dubaï,automne,9,villa,1274.38,variable,randonnée,2,retard_vol,1,0,séjour mitigé.,474.6166666666667,0.298341351500041,0.0,1.0,0.0,1.0,1.0,1.0,0.0,29.44,0.0,0.0,20.09,91.0,25.07725,55.30927,Open-Meteo Historical Weather API,2025-09-01/2025-11-30,80.53,41.8,60.89,1.56,2184.0,Open-Meteo Air Quality API,2025-09-01/2025-11-30
56,couple,6164.98,rome,hiver,15,appartement,1235.25,nuageux,gastronomie,2,bagages,1,1,séjour mitigé.,410.9986666666666,0.2003656135137502,1.0,0.0,0.0,0.0,1.0,1.0,0.0,9.23,2.57,28.0,13.79,90.0,41.89193,12.51133,Open-Meteo Historical Weather API,2024-12-01/2025-02-28,20.56,17.01,40.29,0.27,2160.0,Open-Meteo Air Quality API,2024-12-01/2025-02-28
57,business,2661.97,sydney,hiver,5,villa,1475.38,nuageux,culture,2,retard_vol,1,1,séjour mitigé.,532.394,0.5542436616490796,0.0,0.0,1.0,1.0,1.0,1.0,0.0,22.44,3.42,39.0,20.67,90.0,-33.86785,151.20732,Open-Meteo Historical Weather API,2024-12-01/2025-02-28,12.57,9.86,34.15,2.24,2160.0,Open-Meteo Air Quality API,2024-12-01/2025-02-28
58,senior,6102.08,lisbonne,printemps,12,villa,1009.15,nuageux,plage,2,météo,1,0,séjour mitigé.,508.50666666666666,0.165378035030678,0.0,0.0,0.0,1.0,1.0,0.0,1.0,15.64,3.53,41.0,19.08,92.0,38.72509,-9.1498,Open-Meteo Historical Weather API,2025-03-01/2025-05-31,15.2,9.48,34.11,1.3,2208.0,Open-Meteo Air Quality API,2025-03-01/2025-05-31
59,business,4646.58,lisbonne,hiver,7,villa,841.25,nuageux,gastronomie,2,météo,1,0,séjour mitigé.,663.7971428571428,0.1810471357428474,0.0,0.0,1.0,1.0,1.0,0.0,1.0,12.63,2.92,26.0,17.53,90.0,38.72509,-9.1498,Open-Meteo Historical Weather API,2024-12-01/2025-02-28,19.66,13.91,36.49,0.38,2160.0,Open-Meteo Air Quality API,2024-12-01/2025-02-28
60,solo,14936.62,new york,été,15,resort,1199.42,ensoleillé,culture,3,météo,1,0,séjour mitigé.,995.7746666666668,0.0803006302630715,1.0,0.0,0.0,1.0,1.0,0.0,1.0,24.52,2.28,32.0,14.21,92.0,40.71427,-74.00597,Open-Meteo Historical Weather API,2025-06-01/2025-08-31,18.13,17.43,51.89,1.61,2208.0,Open-Meteo Air Quality API,2025-06-01/2025-08-31
61,couple,10432.85,new york,printemps,12,resort,1032.05,nuageux,gastronomie,4,retard_vol,1,1,excellent séjour.,869.4041666666667,0.098923113051563,0.0,0.0,0.0,1.0,1.0,1.0,0.0,12.04,4.75,36.0,17.46,92.0,40.71427,-74.00597,Open-Meteo Historical Weather API,2025-03-01/2025-05-31,11.88,11.05,41.24,1.07,2208.0,Open-Meteo Air Quality API,2025-03-01/2025-05-31
62,senior,7891.24,rome,été,16,resort,1190.78,ensoleillé,culture,2,météo,1,0,séjour mitigé.,493.2025,0.1508989715177842,1.0,0.0,0.0,1.0,1.0,0.0,1.0,27.22,1.32,16.0,14.95,92.0,41.89193,12.51133,Open-Meteo Historical Weather API,2025-06-01/2025-08-31,15.45,9.67,40.74,2.01,2208.0,Open-Meteo Air Quality API,2025-06-01/2025-08-31
63,couple,4858.33,rome,hiver,10,resort,1326.68,variable,gastronomie,2,retard_vol,1,1,séjour mitigé.,485.833,0.2730732576831957,0.0,1.0,0.0,1.0,1.0,1.0,0.0,9.23,2.57,28.0,13.79,90.0,41.89193,12.51133,Open-Meteo Historical Weather API,2024-12-01/2025-02-28,20.56,17.01,40.29,0.27,2160.0,Open-Meteo Air Quality API,2024-12-01/2025-02-28
64,famille,4903.8,lisbonne,été,8,villa,645.25,ensoleillé,plage,3,météo,0,1,séjour mitigé.,612.975,0.1315816305722093,0.0,0.0,0.0,1.0,1.0,0.0,1.0,23.39,0.06,1.0,17.22,92.0,38.72509,-9.1498,Open-Meteo Historical Weather API,2025-06-01/2025-08-31,19.54,10.92,32.89,2.16,2208.0,Open-Meteo Air Quality API,2025-06-01/2025-08-31
65,business,1652.62,rome,printemps,4,appartement,948.98,pluie,culture,1,retard_vol,1,1,séjour mitigé.,413.155,0.5742275901296124,0.0,1.0,1.0,0.0,1.0,1.0,0.0,15.22,3.55,32.0,13.85,92.0,41.89193,12.51133,Open-Meteo Historical Weather API,2025-03-01/2025-05-31,15.93,11.65,37.47,1.19,2208.0,Open-Meteo Air Quality API,2025-03-01/2025-05-31
66,couple,9703.95,lisbonne,automne,15,villa,828.65,variable,plage,2,bagages,1,1,séjour mitigé.,646.9300000000001,0.0853930615883222,1.0,1.0,0.0,1.0,1.0,1.0,0.0,18.72,2.83,21.0,17.54,91.0,38.72509,-9.1498,Open-Meteo Historical Weather API,2025-09-01/2025-11-30,15.83,9.72,31.17,0.9,2184.0,Open-Meteo Air Quality API,2025-09-01/2025-11-30
67,business,1590.34,rome,automne,3,appartement,1085.72,ensoleillé,business,4,météo,0,0,excellent séjour.,530.1133333333333,0.6826967818202397,0.0,0.0,1.0,0.0,1.0,0.0,1.0,17.21,4.01,24.0,12.75,91.0,41.89193,12.51133,Open-Meteo Historical Weather API,2025-09-01/2025-11-30,13.51,9.22,34.28,0.79,2184.0,Open-Meteo Air Quality API,2025-09-01/2025-11-30
68,famille,8401.42,new york,automne,10,resort,1161.43,ensoleillé,plage,2,météo,1,0,séjour mitigé.,840.142,0.1382421066914878,0.0,0.0,0.0,1.0,1.0,0.0,1.0,13.97,3.07,25.0,15.38,91.0,40.71427,-74.00597,Open-Meteo Historical Weather API,2025-09-01/2025-11-30,11.7,11.28,42.27,0.76,2184.0,Open-Meteo Air Quality API,2025-09-01/2025-11-30
69,senior,12479.47,bali,printemps,17,hôtel,1068.25,variable,culture,2,retard_vol,1,0,séjour mitigé.,734.0864705882352,0.0856005904096888,1.0,1.0,0.0,0.0,1.0,1.0,0.0,26.99,6.49,65.0,13.72,92.0,-8.65,115.21667,Open-Meteo Historical Weather API,2025-03-01/2025-05-31,12.14,10.4,31.68,2.19,2208.0,Open-Meteo Air Quality API,2025-03-01/2025-05-31
70,couple,3835.27,tokyo,été,12,villa,591.17,ensoleillé,randonnée,2,retard_vol,0,1,séjour mitigé.,319.6058333333333,0.1541403864656204,0.0,0.0,0.0,1.0,1.0,1.0,0.0,27.71,2.91,31.0,13.49,92.0,35.6895,139.69171,Open-Meteo Historical Weather API,2025-06-01/2025-08-31,24.0,22.42,51.6,1.83,2208.0,Open-Meteo Air Quality API,2025-06-01/2025-08-31
71,couple,11292.57,paris,automne,13,appartement,1490.79,nuageux,plage,3,retard_vol,1,1,séjour mitigé.,868.6592307692307,0.1320151214471108,0.0,0.0,0.0,0.0,1.0,1.0,0.0,12.33,2.12,33.0,16.01,91.0,48.85341,2.3488,Open-Meteo Historical Weather API,2025-09-01/2025-11-30,12.19,8.6,34.88,0.44,2184.0,Open-Meteo Air Quality API,2025-09-01/2025-11-30
72,solo,2187.78,sydney,hiver,4,appartement,1152.43,variable,business,3,météo,0,1,séjour mitigé.,546.945,0.5267577178692556,0.0,1.0,0.0,0.0,1.0,0.0,1.0,22.44,3.42,39.0,20.67,90.0,-33.86785,151.20732,Open-Meteo Historical Weather API,2024-12-01/2025-02-28,12.57,9.86,34.15,2.24,2160.0,Open-Meteo Air Quality API,2024-12-01/2025-02-28
73,famille,12406.78,lisbonne,été,20,appartement,914.14,ensoleillé,gastronomie,1,retard_vol,0,0,séjour mitigé.,620.339,0.0736806810469759,1.0,0.0,0.0,0.0,1.0,1.0,0.0,23.39,0.06,1.0,17.22,92.0,38.72509,-9.1498,Open-Meteo Historical Weather API,2025-06-01/2025-08-31,19.54,10.92,32.89,2.16,2208.0,Open-Meteo Air Quality API,2025-06-01/2025-08-31
74,famille,7327.12,rome,hiver,18,appartement,1006.62,pluie,culture,2,retard_vol,1,0,séjour mitigé.,407.0622222222222,0.1373827643057572,1.0,1.0,0.0,0.0,1.0,1.0,0.0,9.23,2.57,28.0,13.79,90.0,41.89193,12.51133,Open-Meteo Historical Weather API,2024-12-01/2025-02-28,20.56,17.01,40.29,0.27,2160.0,Open-Meteo Air Quality API,2024-12-01/2025-02-28
75,famille,5316.27,tokyo,été,13,hôtel,688.82,ensoleillé,plage,3,météo,1,1,séjour mitigé.,408.9438461538462,0.1295682875399481,0.0,0.0,0.0,0.0,1.0,0.0,1.0,27.71,2.91,31.0,13.49,92.0,35.6895,139.69171,Open-Meteo Historical Weather API,2025-06-01/2025-08-31,24.0,22.42,51.6,1.83,2208.0,Open-Meteo Air Quality API,2025-06-01/2025-08-31
76,couple,11518.82,new york,hiver,15,resort,1127.6,nuageux,gastronomie,3,retard_vol,1,1,séjour mitigé.,767.9213333333333,0.0978919715734771,1.0,0.0,0.0,1.0,1.0,1.0,0.0,0.0,2.34,32.0,16.49,90.0,40.71427,-74.00597,Open-Meteo Historical Weather API,2024-12-01/2025-02-28,14.23,13.56,43.36,0.34,2160.0,Open-Meteo Air Quality API,2024-12-01/2025-02-28
77,senior,3963.36,tokyo,hiver,10,hôtel,620.57,nuageux,culture,4,retard_vol,1,0,excellent séjour.,396.336,0.1565767429655646,0.0,0.0,0.0,0.0,1.0,1.0,0.0,6.08,0.56,8.0,14.28,90.0,35.6895,139.69171,Open-Meteo Historical Weather API,2024-12-01/2025-02-28,31.02,30.0,55.43,0.51,2160.0,Open-Meteo Air Quality API,2024-12-01/2025-02-28
78,business,4004.78,new york,printemps,4,resort,1171.66,variable,culture,3,aucun,0,0,séjour mitigé.,1001.195,0.292565384365683,0.0,1.0,1.0,1.0,0.0,0.0,0.0,12.04,4.75,36.0,17.46,92.0,40.71427,-74.00597,Open-Meteo Historical Weather API,2025-03-01/2025-05-31,11.88,11.05,41.24,1.07,2208.0,Open-Meteo Air Quality API,2025-03-01/2025-05-31
80,solo,2648.94,tokyo,hiver,8,villa,717.25,nuageux,randonnée,2,bagages,0,1,séjour mitigé.,331.1175,0.2707686848324235,0.0,0.0,0.0,1.0,1.0,1.0,0.0,6.08,0.56,8.0,14.28,90.0,35.6895,139.69171,Open-Meteo Historical Weather API,2024-12-01/2025-02-28,31.02,30.0,55.43,0.51,2160.0,Open-Meteo Air Quality API,2024-12-01/2025-02-28
81,couple,7913.09,sydney,été,13,appartement,1085.17,variable,culture,2,retard_vol,1,1,séjour mitigé.,608.6992307692308,0.1371360618923834,0.0,1.0,0.0,0.0,1.0,1.0,0.0,12.22,4.06,27.0,18.74,92.0,-33.86785,151.20732,Open-Meteo Historical Weather API,2025-06-01/2025-08-31,10.19,9.26,31.56,0.49,2208.0,Open-Meteo Air Quality API,2025-06-01/2025-08-31
82,senior,12784.87,new york,hiver,15,hôtel,1417.32,variable,gastronomie,3,météo,0,0,séjour mitigé.,852.3246666666668,0.1108591639961923,1.0,1.0,0.0,0.0,1.0,0.0,1.0,0.0,2.34,32.0,16.49,90.0,40.71427,-74.00597,Open-Meteo Historical Weather API,2024-12-01/2025-02-28,14.23,13.56,43.36,0.34,2160.0,Open-Meteo Air Quality API,2024-12-01/2025-02-28
83,senior,11425.81,new york,hiver,15,villa,1106.9,nuageux,culture,5,aucun,0,1,excellent séjour.,761.7206666666666,0.096877157943288,1.0,0.0,0.0,1.0,0.0,0.0,0.0,0.0,2.34,32.0,16.49,90.0,40.71427,-74.00597,Open-Meteo Historical Weather API,2024-12-01/2025-02-28,14.23,13.56,43.36,0.34,2160.0,Open-Meteo Air Quality API,2024-12-01/2025-02-28
84,famille,14419.35,paris,automne,15,hôtel,1028.22,nuageux,plage,3,bagages,1,1,séjour mitigé.,961.29,0.0713083460766262,1.0,0.0,0.0,0.0,1.0,1.0,0.0,12.33,2.12,33.0,16.01,91.0,48.85341,2.3488,Open-Meteo Historical Weather API,2025-09-01/2025-11-30,12.19,8.6,34.88,0.44,2184.0,Open-Meteo Air Quality API,2025-09-01/2025-11-30
85,couple,12035.15,bali,hiver,15,villa,1389.27,pluie,culture,2,aucun,0,0,séjour mitigé.,802.3433333333334,0.1154343734810118,1.0,1.0,0.0,1.0,0.0,0.0,0.0,26.28,11.89,84.0,14.7,90.0,-8.65,115.21667,Open-Meteo Historical Weather API,2024-12-01/2025-02-28,12.8,11.67,33.02,1.96,2160.0,Open-Meteo Air Quality API,2024-12-01/2025-02-28
86,business,5372.11,new york,été,6,appartement,906.04,variable,business,2,annulation,1,0,séjour mitigé.,895.3516666666666,0.1686562635537991,0.0,1.0,1.0,0.0,1.0,1.0,0.0,24.52,2.28,32.0,14.21,92.0,40.71427,-74.00597,Open-Meteo Historical Weather API,2025-06-01/2025-08-31,18.13,17.43,51.89,1.61,2208.0,Open-Meteo Air Quality API,2025-06-01/2025-08-31
87,business,1647.76,dubaï,hiver,3,hôtel,1362.15,pluie,culture,1,retard_vol,0,0,séjour mitigé.,549.2533333333333,0.8266677185997962,0.0,1.0,1.0,0.0,1.0,1.0,0.0,20.21,0.09,2.0,19.57,90.0,25.07725,55.30927,Open-Meteo Historical Weather API,2024-12-01/2025-02-28,59.55,32.47,55.0,1.03,2160.0,Open-Meteo Air Quality API,2024-12-01/2025-02-28
88,business,4113.67,lisbonne,automne,7,appartement,638.96,ensoleillé,culture,3,bagages,1,0,séjour mitigé.,587.6671428571428,0.1553260227485433,0.0,0.0,1.0,0.0,1.0,1.0,0.0,18.72,2.83,21.0,17.54,91.0,38.72509,-9.1498,Open-Meteo Historical Weather API,2025-09-01/2025-11-30,15.83,9.72,31.17,0.9,2184.0,Open-Meteo Air Quality API,2025-09-01/2025-11-30
89,senior,5746.63,lisbonne,été,10,hôtel,724.68,ensoleillé,gastronomie,2,météo,1,0,séjour mitigé.,574.663,0.1261052129682962,0.0,0.0,0.0,0.0,1.0,0.0,1.0,23.39,0.06,1.0,17.22,92.0,38.72509,-9.1498,Open-Meteo Historical Weather API,2025-06-01/2025-08-31,19.54,10.92,32.89,2.16,2208.0,Open-Meteo Air Quality API,2025-06-01/2025-08-31
90,famille,11511.49,new york,été,13,hôtel,1141.9,variable,plage,4,aucun,0,1,excellent séjour.,885.4992307692307,0.0991965418898856,0.0,1.0,0.0,0.0,0.0,0.0,0.0,24.52,2.28,32.0,14.21,92.0,40.71427,-74.00597,Open-Meteo Historical Weather API,2025-06-01/2025-08-31,18.13,17.43,51.89,1.61,2208.0,Open-Meteo Air Quality API,2025-06-01/2025-08-31
91,famille,17274.55,paris,printemps,20,resort,1357.49,ensoleillé,culture,3,annulation,0,1,séjour mitigé.,863.7275,0.0785832337166525,1.0,0.0,0.0,1.0,1.0,1.0,0.0,12.44,1.18,26.0,14.07,92.0,48.85341,2.3488,Open-Meteo Historical Weather API,2025-03-01/2025-05-31,15.06,12.04,38.85,0.97,2208.0,Open-Meteo Air Quality API,2025-03-01/2025-05-31
92,couple,5581.32,bali,printemps,7,appartement,1268.48,variable,culture,4,retard_vol,0,0,excellent séjour.,797.3314285714285,0.2272724015107537,0.0,1.0,0.0,0.0,1.0,1.0,0.0,26.99,6.49,65.0,13.72,92.0,-8.65,115.21667,Open-Meteo Historical Weather API,2025-03-01/2025-05-31,12.14,10.4,31.68,2.19,2208.0,Open-Meteo Air Quality API,2025-03-01/2025-05-31
93,famille,14646.06,paris,hiver,16,appartement,1200.91,pluie,culture,2,météo,1,1,séjour mitigé.,915.37875,0.0819954308530758,1.0,1.0,0.0,0.0,1.0,0.0,1.0,4.95,2.61,35.0,15.72,90.0,48.85341,2.3488,Open-Meteo Historical Weather API,2024-12-01/2025-02-28,20.98,17.57,45.01,0.13,2160.0,Open-Meteo Air Quality API,2024-12-01/2025-02-28
94,solo,9807.66,bali,automne,16,resort,1180.83,pluie,gastronomie,1,bagages,1,0,séjour mitigé.,612.97875,0.120398749548822,1.0,1.0,0.0,1.0,1.0,1.0,0.0,26.3,6.82,61.0,14.71,91.0,-8.65,115.21667,Open-Meteo Historical Weather API,2025-09-01/2025-11-30,14.48,11.69,32.66,2.5,2184.0,Open-Meteo Air Quality API,2025-09-01/2025-11-30
95,famille,9233.03,new york,été,10,villa,863.16,ensoleillé,plage,3,météo,1,0,séjour mitigé.,923.303,0.0934861036951033,0.0,0.0,0.0,1.0,1.0,0.0,1.0,24.52,2.28,32.0,14.21,92.0,40.71427,-74.00597,Open-Meteo Historical Weather API,2025-06-01/2025-08-31,18.13,17.43,51.89,1.61,2208.0,Open-Meteo Air Quality API,2025-06-01/2025-08-31
96,senior,16132.5,new york,printemps,18,hôtel,989.39,pluie,culture,4,météo,1,0,excellent séjour.,896.25,0.0613289942662327,1.0,1.0,0.0,0.0,1.0,0.0,1.0,12.04,4.75,36.0,17.46,92.0,40.71427,-74.00597,Open-Meteo Historical Weather API,2025-03-01/2025-05-31,11.88,11.05,41.24,1.07,2208.0,Open-Meteo Air Quality API,2025-03-01/2025-05-31
97,solo,8825.17,sydney,été,13,hôtel,1110.41,variable,plage,4,bagages,1,0,excellent séjour.,678.8592307692307,0.1258230719634862,0.0,1.0,0.0,0.0,1.0,1.0,0.0,12.22,4.06,27.0,18.74,92.0,-33.86785,151.20732,Open-Meteo Historical Weather API,2025-06-01/2025-08-31,10.19,9.26,31.56,0.49,2208.0,Open-Meteo Air Quality API,2025-06-01/2025-08-31
98,senior,6880.7,lisbonne,automne,12,villa,1048.48,pluie,culture,2,aucun,0,1,séjour mitigé.,573.3916666666667,0.1523798450739023,0.0,1.0,0.0,1.0,0.0,0.0,0.0,18.72,2.83,21.0,17.54,91.0,38.72509,-9.1498,Open-Meteo Historical Weather API,2025-09-01/2025-11-30,15.83,9.72,31.17,0.9,2184.0,Open-Meteo Air Quality API,2025-09-01/2025-11-30
99,business,4849.39,new york,automne,5,appartement,1166.32,ensoleillé,culture,2,retard_vol,1,0,séjour mitigé.,969.878,0.240508600050728,0.0,0.0,1.0,0.0,1.0,1.0,0.0,13.97,3.07,25.0,15.38,91.0,40.71427,-74.00597,Open-Meteo Historical Weather API,2025-09-01/2025-11-30,11.7,11.28,42.27,0.76,2184.0,Open-Meteo Air Quality API,2025-09-01/2025-11-30
100,famille,9636.33,rome,automne,19,appartement,941.65,pluie,plage,3,météo,1,1,séjour mitigé.,507.17526315789473,0.0977187373201208,1.0,1.0,0.0,0.0,1.0,0.0,1.0,17.21,4.01,24.0,12.75,91.0,41.89193,12.51133,Open-Meteo Historical Weather API,2025-09-01/2025-11-30,13.51,9.22,34.28,0.79,2184.0,Open-Meteo Air Quality API,2025-09-01/2025-11-30
101,solo,2721.2,tokyo,printemps,8,appartement,786.53,ensoleillé,plage,2,météo,1,0,séjour mitigé.,340.15,0.2890379244450977,0.0,0.0,0.0,0.0,1.0,0.0,1.0,14.52,6.04,44.0,15.33,92.0,35.6895,139.69171,Open-Meteo Historical Weather API,2025-03-01/2025-05-31,29.58,26.1,53.35,1.05,2208.0,Open-Meteo Air Quality API,2025-03-01/2025-05-31
102,senior,6521.95,lisbonne,été,11,villa,852.7,variable,culture,4,aucun,0,1,excellent séjour.,592.9045454545454,0.1307431059729069,0.0,1.0,0.0,1.0,0.0,0.0,0.0,23.39,0.06,1.0,17.22,92.0,38.72509,-9.1498,Open-Meteo Historical Weather API,2025-06-01/2025-08-31,19.54,10.92,32.89,2.16,2208.0,Open-Meteo Air Quality API,2025-06-01/2025-08-31
103,senior,3858.48,rome,été,8,hôtel,1150.22,ensoleillé,gastronomie,2,annulation,1,1,séjour mitigé.,482.31,0.2981018432128714,0.0,0.0,0.0,0.0,1.0,1.0,0.0,27.22,1.32,16.0,14.95,92.0,41.89193,12.51133,Open-Meteo Historical Weather API,2025-06-01/2025-08-31,15.45,9.67,40.74,2.01,2208.0,Open-Meteo Air Quality API,2025-06-01/2025-08-31
104,couple,3156.94,bali,printemps,5,hôtel,1350.16,variable,culture,2,bagages,1,1,séjour mitigé.,631.388,0.4276799685771665,0.0,1.0,0.0,0.0,1.0,1.0,0.0,26.99,6.49,65.0,13.72,92.0,-8.65,115.21667,Open-Meteo Historical Weather API,2025-03-01/2025-05-31,12.14,10.4,31.68,2.19,2208.0,Open-Meteo Air Quality API,2025-03-01/2025-05-31
105,famille,3968.49,dubaï,printemps,8,resort,1525.03,ensoleillé,culture,4,aucun,0,1,excellent séjour.,496.06125,0.3842847027458806,0.0,0.0,0.0,1.0,0.0,0.0,0.0,28.3,0.01,0.0,22.56,92.0,25.07725,55.30927,Open-Meteo Historical Weather API,2025-03-01/2025-05-31,70.72,36.99,63.06,2.2,2208.0,Open-Meteo Air Quality API,2025-03-01/2025-05-31
106,senior,9116.45,lisbonne,été,17,hôtel,1031.39,ensoleillé,plage,2,météo,1,0,séjour mitigé.,536.2617647058823,0.113135047085214,1.0,0.0,0.0,0.0,1.0,0.0,1.0,23.39,0.06,1.0,17.22,92.0,38.72509,-9.1498,Open-Meteo Historical Weather API,2025-06-01/2025-08-31,19.54,10.92,32.89,2.16,2208.0,Open-Meteo Air Quality API,2025-06-01/2025-08-31
107,couple,9210.9,bali,automne,11,villa,1081.01,pluie,culture,3,météo,1,1,séjour mitigé.,837.3545454545455,0.1173620384544398,0.0,1.0,0.0,1.0,1.0,0.0,1.0,26.3,6.82,61.0,14.71,91.0,-8.65,115.21667,Open-Meteo Historical Weather API,2025-09-01/2025-11-30,14.48,11.69,32.66,2.5,2184.0,Open-Meteo Air Quality API,2025-09-01/2025-11-30
108,solo,9727.07,new york,été,12,villa,1057.71,ensoleillé,culture,3,retard_vol,1,1,séjour mitigé.,810.5891666666666,0.1087388082947897,0.0,0.0,0.0,1.0,1.0,1.0,0.0,24.52,2.28,32.0,14.21,92.0,40.71427,-74.00597,Open-Meteo Historical Weather API,2025-06-01/2025-08-31,18.13,17.43,51.89,1.61,2208.0,Open-Meteo Air Quality API,2025-06-01/2025-08-31
109,solo,7725.61,dubaï,hiver,16,hôtel,1386.4,nuageux,gastronomie,2,météo,1,1,séjour mitigé.,482.850625,0.1794550851000762,1.0,0.0,0.0,0.0,1.0,0.0,1.0,20.21,0.09,2.0,19.57,90.0,25.07725,55.30927,Open-Meteo Historical Weather API,2024-12-01/2025-02-28,59.55,32.47,55.0,1.03,2160.0,Open-Meteo Air Quality API,2024-12-01/2025-02-28
110,business,6503.22,new york,printemps,7,hôtel,1271.45,ensoleillé,business,2,météo,0,0,séjour mitigé.,929.0314285714286,0.195510839245789,0.0,0.0,1.0,0.0,1.0,0.0,1.0,12.04,4.75,36.0,17.46,92.0,40.71427,-74.00597,Open-Meteo Historical Weather API,2025-03-01/2025-05-31,11.88,11.05,41.24,1.07,2208.0,Open-Meteo Air Quality API,2025-03-01/2025-05-31
111,couple,9247.46,new york,été,10,hôtel,1029.43,variable,plage,1,météo,1,0,séjour mitigé.,924.746,0.1113202976817418,0.0,1.0,0.0,0.0,1.0,0.0,1.0,24.52,2.28,32.0,14.21,92.0,40.71427,-74.00597,Open-Meteo Historical Weather API,2025-06-01/2025-08-31,18.13,17.43,51.89,1.61,2208.0,Open-Meteo Air Quality API,2025-06-01/2025-08-31
112,senior,5950.06,tokyo,printemps,19,hôtel,729.18,ensoleillé,gastronomie,2,annulation,1,0,séjour mitigé.,313.16105263157897,0.1225500247056332,1.0,0.0,0.0,0.0,1.0,1.0,0.0,14.52,6.04,44.0,15.33,92.0,35.6895,139.69171,Open-Meteo Historical Weather API,2025-03-01/2025-05-31,29.58,26.1,53.35,1.05,2208.0,Open-Meteo Air Quality API,2025-03-01/2025-05-31
113,business,2027.7,lisbonne,automne,3,hôtel,754.79,nuageux,business,2,aucun,0,0,séjour mitigé.,675.9,0.3722394831582581,0.0,0.0,1.0,0.0,0.0,0.0,0.0,18.72,2.83,21.0,17.54,91.0,38.72509,-9.1498,Open-Meteo Historical Weather API,2025-09-01/2025-11-30,15.83,9.72,31.17,0.9,2184.0,Open-Meteo Air Quality API,2025-09-01/2025-11-30
114,solo,4470.21,rome,hiver,10,resort,1050.5,ensoleillé,plage,3,annulation,1,1,séjour mitigé.,447.021,0.235000145407039,0.0,0.0,0.0,1.0,1.0,1.0,0.0,9.23,2.57,28.0,13.79,90.0,41.89193,12.51133,Open-Meteo Historical Weather API,2024-12-01/2025-02-28,20.56,17.01,40.29,0.27,2160.0,Open-Meteo Air Quality API,2024-12-01/2025-02-28
115,couple,5452.0,lisbonne,été,8,appartement,1015.27,pluie,culture,1,météo,1,0,séjour mitigé.,681.5,0.1862197358767424,0.0,1.0,0.0,0.0,1.0,0.0,1.0,23.39,0.06,1.0,17.22,92.0,38.72509,-9.1498,Open-Meteo Historical Weather API,2025-06-01/2025-08-31,19.54,10.92,32.89,2.16,2208.0,Open-Meteo Air Quality API,2025-06-01/2025-08-31
116,couple,4980.55,paris,été,5,appartement,1470.74,ensoleillé,gastronomie,3,retard_vol,1,0,séjour mitigé.,996.11,0.2952967041792573,0.0,0.0,0.0,0.0,1.0,1.0,0.0,21.05,2.58,30.0,14.41,92.0,48.85341,2.3488,Open-Meteo Historical Weather API,2025-06-01/2025-08-31,10.28,6.83,31.49,1.5,2208.0,Open-Meteo Air Quality API,2025-06-01/2025-08-31
117,famille,5022.84,rome,printemps,13,villa,1266.39,ensoleillé,randonnée,2,météo,0,0,séjour mitigé.,386.3723076923077,0.2521262871204339,0.0,0.0,0.0,1.0,1.0,0.0,1.0,15.22,3.55,32.0,13.85,92.0,41.89193,12.51133,Open-Meteo Historical Weather API,2025-03-01/2025-05-31,15.93,11.65,37.47,1.19,2208.0,Open-Meteo Air Quality API,2025-03-01/2025-05-31
118,senior,7174.02,rome,été,18,villa,1472.93,ensoleillé,plage,2,retard_vol,1,0,séjour mitigé.,398.5566666666667,0.205314454099654,1.0,0.0,0.0,1.0,1.0,1.0,0.0,27.22,1.32,16.0,14.95,92.0,41.89193,12.51133,Open-Meteo Historical Weather API,2025-06-01/2025-08-31,15.45,9.67,40.74,2.01,2208.0,Open-Meteo Air Quality API,2025-06-01/2025-08-31
119,couple,3851.98,lisbonne,automne,7,resort,954.07,nuageux,culture,4,aucun,0,1,excellent séjour.,550.2828571428571,0.2476830097767901,0.0,0.0,0.0,1.0,0.0,0.0,0.0,18.72,2.83,21.0,17.54,91.0,38.72509,-9.1498,Open-Meteo Historical Weather API,2025-09-01/2025-11-30,15.83,9.72,31.17,0.9,2184.0,Open-Meteo Air Quality API,2025-09-01/2025-11-30
120,famille,7345.11,bali,printemps,9,appartement,1117.02,variable,culture,2,annulation,1,1,séjour mitigé.,816.1233333333333,0.1520766877555271,0.0,1.0,0.0,0.0,1.0,1.0,0.0,26.99,6.49,65.0,13.72,92.0,-8.65,115.21667,Open-Meteo Historical Weather API,2025-03-01/2025-05-31,12.14,10.4,31.68,2.19,2208.0,Open-Meteo Air Quality API,2025-03-01/2025-05-31
121,senior,4523.67,lisbonne,printemps,9,villa,954.03,pluie,culture,2,aucun,0,1,séjour mitigé.,502.63,0.2108973466234274,0.0,1.0,0.0,1.0,0.0,0.0,0.0,15.64,3.53,41.0,19.08,92.0,38.72509,-9.1498,Open-Meteo Historical Weather API,2025-03-01/2025-05-31,15.2,9.48,34.11,1.3,2208.0,Open-Meteo Air Quality API,2025-03-01/2025-05-31
122,famille,8902.57,dubaï,hiver,14,resort,1625.48,pluie,plage,2,retard_vol,1,0,séjour mitigé.,635.8978571428571,0.1825854781259793,1.0,1.0,0.0,1.0,1.0,1.0,0.0,20.21,0.09,2.0,19.57,90.0,25.07725,55.30927,Open-Meteo Historical Weather API,2024-12-01/2025-02-28,59.55,32.47,55.0,1.03,2160.0,Open-Meteo Air Quality API,2024-12-01/2025-02-28
123,business,2830.29,dubaï,hiver,6,villa,1313.67,pluie,business,2,aucun,0,1,séjour mitigé.,471.715,0.4641467835451491,0.0,1.0,1.0,1.0,0.0,0.0,0.0,20.21,0.09,2.0,19.57,90.0,25.07725,55.30927,Open-Meteo Historical Weather API,2024-12-01/2025-02-28,59.55,32.47,55.0,1.03,2160.0,Open-Meteo Air Quality API,2024-12-01/2025-02-28
124,solo,3806.16,dubaï,été,6,villa,1630.75,nuageux,randonnée,2,météo,1,1,séjour mitigé.,634.36,0.4284501965235303,0.0,0.0,0.0,1.0,1.0,0.0,1.0,35.27,0.0,0.0,22.79,92.0,25.07725,55.30927,Open-Meteo Historical Weather API,2025-06-01/2025-08-31,128.17,54.13,71.91,2.19,2208.0,Open-Meteo Air Quality API,2025-06-01/2025-08-31
125,solo,7191.19,new york,hiver,8,hôtel,673.3,pluie,culture,2,aucun,0,1,séjour mitigé.,898.89875,0.0936284537051586,0.0,1.0,0.0,0.0,0.0,0.0,0.0,0.0,2.34,32.0,16.49,90.0,40.71427,-74.00597,Open-Meteo Historical Weather API,2024-12-01/2025-02-28,14.23,13.56,43.36,0.34,2160.0,Open-Meteo Air Quality API,2024-12-01/2025-02-28
126,famille,6772.07,rome,automne,14,villa,1438.05,pluie,plage,2,météo,0,1,séjour mitigé.,483.7192857142857,0.2123501381409229,1.0,1.0,0.0,1.0,1.0,0.0,1.0,17.21,4.01,24.0,12.75,91.0,41.89193,12.51133,Open-Meteo Historical Weather API,2025-09-01/2025-11-30,13.51,9.22,34.28,0.79,2184.0,Open-Meteo Air Quality API,2025-09-01/2025-11-30
127,business,1153.38,tokyo,printemps,3,resort,759.86,pluie,culture,2,annulation,0,1,séjour mitigé.,384.46,0.6588114931765766,0.0,1.0,1.0,1.0,1.0,1.0,0.0,14.52,6.04,44.0,15.33,92.0,35.6895,139.69171,Open-Meteo Historical Weather API,2025-03-01/2025-05-31,29.58,26.1,53.35,1.05,2208.0,Open-Meteo Air Quality API,2025-03-01/2025-05-31
128,business,1775.0,rome,printemps,4,appartement,1222.8,nuageux,business,3,aucun,0,1,séjour mitigé.,443.75,0.6889014084507042,0.0,0.0,1.0,0.0,0.0,0.0,0.0,15.22,3.55,32.0,13.85,92.0,41.89193,12.51133,Open-Meteo Historical Weather API,2025-03-01/2025-05-31,15.93,11.65,37.47,1.19,2208.0,Open-Meteo Air Quality API,2025-03-01/2025-05-31
129,solo,3844.61,bali,été,6,hôtel,1253.71,nuageux,culture,4,aucun,0,0,excellent séjour.,640.7683333333333,0.3260954947315853,0.0,0.0,0.0,0.0,0.0,0.0,0.0,25.53,3.21,49.0,18.92,92.0,-8.65,115.21667,Open-Meteo Historical Weather API,2025-06-01/2025-08-31,13.38,9.86,30.22,1.86,2208.0,Open-Meteo Air Quality API,2025-06-01/2025-08-31
130,solo,4161.07,tokyo,hiver,11,resort,526.45,pluie,business,3,bagages,0,0,séjour mitigé.,378.2790909090909,0.1265179388955244,0.0,1.0,0.0,1.0,1.0,1.0,0.0,6.08,0.56,8.0,14.28,90.0,35.6895,139.69171,Open-Meteo Historical Weather API,2024-12-01/2025-02-28,31.02,30.0,55.43,0.51,2160.0,Open-Meteo Air Quality API,2024-12-01/2025-02-28
131,solo,9094.75,bali,été,12,villa,1195.94,ensoleillé,plage,4,aucun,0,1,excellent séjour.,757.8958333333334,0.1314978421616867,0.0,0.0,0.0,1.0,0.0,0.0,0.0,25.53,3.21,49.0,18.92,92.0,-8.65,115.21667,Open-Meteo Historical Weather API,2025-06-01/2025-08-31,13.38,9.86,30.22,1.86,2208.0,Open-Meteo Air Quality API,2025-06-01/2025-08-31
132,couple,7349.93,sydney,automne,13,villa,1256.72,nuageux,gastronomie,4,annulation,1,1,excellent séjour.,565.3792307692308,0.170983941343659,0.0,0.0,0.0,1.0,1.0,1.0,0.0,19.17,1.74,22.0,21.07,91.0,-33.86785,151.20732,Open-Meteo Historical Weather API,2025-09-01/2025-11-30,10.98,9.17,34.45,1.63,2184.0,Open-Meteo Air Quality API,2025-09-01/2025-11-30
133,solo,6846.09,lisbonne,été,12,villa,1105.59,ensoleillé,randonnée,2,annulation,1,0,séjour mitigé.,570.5075,0.1614921802079727,0.0,0.0,0.0,1.0,1.0,1.0,0.0,23.39,0.06,1.0,17.22,92.0,38.72509,-9.1498,Open-Meteo Historical Weather API,2025-06-01/2025-08-31,19.54,10.92,32.89,2.16,2208.0,Open-Meteo Air Quality API,2025-06-01/2025-08-31
134,business,3289.6,lisbonne,automne,5,villa,834.62,pluie,business,2,annulation,1,1,séjour mitigé.,657.92,0.2537147373540856,0.0,1.0,1.0,1.0,1.0,1.0,0.0,18.72,2.83,21.0,17.54,91.0,38.72509,-9.1498,Open-Meteo Historical Weather API,2025-09-01/2025-11-30,15.83,9.72,31.17,0.9,2184.0,Open-Meteo Air Quality API,2025-09-01/2025-11-30
135,famille,6146.55,lisbonne,automne,10,resort,795.23,ensoleillé,plage,2,météo,1,0,séjour mitigé.,614.655,0.1293782691103139,0.0,0.0,0.0,1.0,1.0,0.0,1.0,18.72,2.83,21.0,17.54,91.0,38.72509,-9.1498,Open-Meteo Historical Weather API,2025-09-01/2025-11-30,15.83,9.72,31.17,0.9,2184.0,Open-Meteo Air Quality API,2025-09-01/2025-11-30
138,business,1762.44,lisbonne,été,3,appartement,949.6,variable,business,3,météo,1,0,séjour mitigé.,587.48,0.5387984839200199,0.0,1.0,1.0,0.0,1.0,0.0,1.0,23.39,0.06,1.0,17.22,92.0,38.72509,-9.1498,Open-Meteo Historical Weather API,2025-06-01/2025-08-31,19.54,10.92,32.89,2.16,2208.0,Open-Meteo Air Quality API,2025-06-01/2025-08-31
139,famille,6470.99,paris,automne,7,villa,1125.0,pluie,culture,1,retard_vol,1,0,séjour mitigé.,924.4271428571428,0.1738528416826482,0.0,1.0,0.0,1.0,1.0,1.0,0.0,12.33,2.12,33.0,16.01,91.0,48.85341,2.3488,Open-Meteo Historical Weather API,2025-09-01/2025-11-30,12.19,8.6,34.88,0.44,2184.0,Open-Meteo Air Quality API,2025-09-01/2025-11-30
140,couple,11363.43,new york,été,14,appartement,1194.54,variable,culture,3,retard_vol,1,0,séjour mitigé.,811.6735714285714,0.1051214290051507,1.0,1.0,0.0,0.0,1.0,1.0,0.0,24.52,2.28,32.0,14.21,92.0,40.71427,-74.00597,Open-Meteo Historical Weather API,2025-06-01/2025-08-31,18.13,17.43,51.89,1.61,2208.0,Open-Meteo Air Quality API,2025-06-01/2025-08-31
141,business,3677.84,dubaï,hiver,7,hôtel,1340.0,pluie,business,1,météo,1,1,séjour mitigé.,525.4057142857143,0.3643442890392186,0.0,1.0,1.0,0.0,1.0,0.0,1.0,20.21,0.09,2.0,19.57,90.0,25.07725,55.30927,Open-Meteo Historical Weather API,2024-12-01/2025-02-28,59.55,32.47,55.0,1.03,2160.0,Open-Meteo Air Quality API,2024-12-01/2025-02-28
142,solo,3258.31,dubaï,automne,6,hôtel,1512.67,pluie,plage,1,météo,1,0,séjour mitigé.,543.0516666666666,0.4642498718660901,0.0,1.0,0.0,0.0,1.0,0.0,1.0,29.44,0.0,0.0,20.09,91.0,25.07725,55.30927,Open-Meteo Historical Weather API,2025-09-01/2025-11-30,80.53,41.8,60.89,1.56,2184.0,Open-Meteo Air Quality API,2025-09-01/2025-11-30
143,business,2077.29,sydney,printemps,3,appartement,1067.21,pluie,gastronomie,2,aucun,0,1,séjour mitigé.,692.43,0.5137510891594337,0.0,1.0,1.0,0.0,0.0,0.0,0.0,19.13,4.44,49.0,17.74,92.0,-33.86785,151.20732,Open-Meteo Historical Weather API,2025-03-01/2025-05-31,11.25,9.25,31.84,1.01,2208.0,Open-Meteo Air Quality API,2025-03-01/2025-05-31
144,business,6064.07,paris,été,6,villa,1162.05,ensoleillé,culture,5,aucun,0,1,excellent séjour.,1010.6783333333332,0.1916287246024534,0.0,0.0,1.0,1.0,0.0,0.0,0.0,21.05,2.58,30.0,14.41,92.0,48.85341,2.3488,Open-Meteo Historical Weather API,2025-06-01/2025-08-31,10.28,6.83,31.49,1.5,2208.0,Open-Meteo Air Quality API,2025-06-01/2025-08-31
145,famille,11349.78,bali,printemps,17,appartement,1163.95,ensoleillé,culture,2,météo,0,0,séjour mitigé.,667.6341176470588,0.1025526485975939,1.0,0.0,0.0,0.0,1.0,0.0,1.0,26.99,6.49,65.0,13.72,92.0,-8.65,115.21667,Open-Meteo Historical Weather API,2025-03-01/2025-05-31,12.14,10.4,31.68,2.19,2208.0,Open-Meteo Air Quality API,2025-03-01/2025-05-31
146,business,2363.7,new york,printemps,3,villa,865.66,ensoleillé,business,2,bagages,1,1,séjour mitigé.,787.9,0.3662309091678301,0.0,0.0,1.0,1.0,1.0,1.0,0.0,12.04,4.75,36.0,17.46,92.0,40.71427,-74.00597,Open-Meteo Historical Weather API,2025-03-01/2025-05-31,11.88,11.05,41.24,1.07,2208.0,Open-Meteo Air Quality API,2025-03-01/2025-05-31
147,senior,5676.82,bali,printemps,8,resort,1291.62,variable,plage,2,météo,1,1,séjour mitigé.,709.6025,0.2275252694290113,0.0,1.0,0.0,1.0,1.0,0.0,1.0,26.99,6.49,65.0,13.72,92.0,-8.65,115.21667,Open-Meteo Historical Weather API,2025-03-01/2025-05-31,12.14,10.4,31.68,2.19,2208.0,Open-Meteo Air Quality API,2025-03-01/2025-05-31
148,business,2350.61,paris,automne,3,villa,1269.97,variable,business,1,retard_vol,1,1,séjour mitigé.,783.5366666666667,0.5402725250041478,0.0,1.0,1.0,1.0,1.0,1.0,0.0,12.33,2.12,33.0,16.01,91.0,48.85341,2.3488,Open-Meteo Historical Weather API,2025-09-01/2025-11-30,12.19,8.6,34.88,0.44,2184.0,Open-Meteo Air Quality API,2025-09-01/2025-11-30
149,solo,3164.44,rome,été,8,villa,1281.2,ensoleillé,culture,4,aucun,0,1,excellent séjour.,395.555,0.404874164149107,0.0,0.0,0.0,1.0,0.0,0.0,0.0,27.22,1.32,16.0,14.95,92.0,41.89193,12.51133,Open-Meteo Historical Weather API,2025-06-01/2025-08-31,15.45,9.67,40.74,2.01,2208.0,Open-Meteo Air Quality API,2025-06-01/2025-08-31
150,senior,10825.46,lisbonne,automne,18,villa,873.13,nuageux,plage,1,retard_vol,1,0,séjour mitigé.,601.4144444444444,0.0806552331263521,1.0,0.0,0.0,1.0,1.0,1.0,0.0,18.72,2.83,21.0,17.54,91.0,38.72509,-9.1498,Open-Meteo Historical Weather API,2025-09-01/2025-11-30,15.83,9.72,31.17,0.9,2184.0,Open-Meteo Air Quality API,2025-09-01/2025-11-30
151,business,2743.64,rome,hiver,7,appartement,1008.42,nuageux,business,3,aucun,0,1,séjour mitigé.,391.9485714285714,0.3675482206120336,0.0,0.0,1.0,0.0,0.0,0.0,0.0,9.23,2.57,28.0,13.79,90.0,41.89193,12.51133,Open-Meteo Historical Weather API,2024-12-01/2025-02-28,20.56,17.01,40.29,0.27,2160.0,Open-Meteo Air Quality API,2024-12-01/2025-02-28
152,famille,13042.36,bali,été,19,villa,1158.66,ensoleillé,plage,3,annulation,0,0,séjour mitigé.,686.44,0.088838216396419,1.0,0.0,0.0,1.0,1.0,1.0,0.0,25.53,3.21,49.0,18.92,92.0,-8.65,115.21667,Open-Meteo Historical Weather API,2025-06-01/2025-08-31,13.38,9.86,30.22,1.86,2208.0,Open-Meteo Air Quality API,2025-06-01/2025-08-31
153,business,6376.53,new york,été,7,villa,1052.13,variable,business,2,annulation,1,1,séjour mitigé.,910.9328571428572,0.165000399904023,0.0,1.0,1.0,1.0,1.0,1.0,0.0,24.52,2.28,32.0,14.21,92.0,40.71427,-74.00597,Open-Meteo Historical Weather API,2025-06-01/2025-08-31,18.13,17.43,51.89,1.61,2208.0,Open-Meteo Air Quality API,2025-06-01/2025-08-31
154,senior,5562.37,tokyo,printemps,16,villa,659.81,nuageux,culture,4,aucun,0,1,excellent séjour.,347.648125,0.1186203003396034,1.0,0.0,0.0,1.0,0.0,0.0,0.0,14.52,6.04,44.0,15.33,92.0,35.6895,139.69171,Open-Meteo Historical Weather API,2025-03-01/2025-05-31,29.58,26.1,53.35,1.05,2208.0,Open-Meteo Air Quality API,2025-03-01/2025-05-31
155,solo,3914.75,new york,automne,4,villa,1082.32,variable,plage,2,bagages,1,0,séjour mitigé.,978.6875,0.276472316239862,0.0,1.0,0.0,1.0,1.0,1.0,0.0,13.97,3.07,25.0,15.38,91.0,40.71427,-74.00597,Open-Meteo Historical Weather API,2025-09-01/2025-11-30,11.7,11.28,42.27,0.76,2184.0,Open-Meteo Air Quality API,2025-09-01/2025-11-30
156,couple,9204.41,bali,hiver,11,resort,1311.64,nuageux,plage,3,retard_vol,0,1,séjour mitigé.,836.7645454545454,0.1425012575493703,0.0,0.0,0.0,1.0,1.0,1.0,0.0,26.28,11.89,84.0,14.7,90.0,-8.65,115.21667,Open-Meteo Historical Weather API,2024-12-01/2025-02-28,12.8,11.67,33.02,1.96,2160.0,Open-Meteo Air Quality API,2024-12-01/2025-02-28
157,famille,5397.67,new york,printemps,7,villa,1422.96,ensoleillé,culture,2,retard_vol,1,1,séjour mitigé.,771.0957142857143,0.263624860356413,0.0,0.0,0.0,1.0,1.0,1.0,0.0,12.04,4.75,36.0,17.46,92.0,40.71427,-74.00597,Open-Meteo Historical Weather API,2025-03-01/2025-05-31,11.88,11.05,41.24,1.07,2208.0,Open-Meteo Air Quality API,2025-03-01/2025-05-31
158,solo,11885.49,paris,printemps,14,villa,1254.12,variable,randonnée,3,aucun,0,0,séjour mitigé.,848.9635714285714,0.1055168949702536,1.0,1.0,0.0,1.0,0.0,0.0,0.0,12.44,1.18,26.0,14.07,92.0,48.85341,2.3488,Open-Meteo Historical Weather API,2025-03-01/2025-05-31,15.06,12.04,38.85,0.97,2208.0,Open-Meteo Air Quality API,2025-03-01/2025-05-31
159,business,4675.19,new york,printemps,5,villa,1152.0,ensoleillé,business,3,météo,1,1,séjour mitigé.,935.038,0.2464070978933476,0.0,0.0,1.0,1.0,1.0,0.0,1.0,12.04,4.75,36.0,17.46,92.0,40.71427,-74.00597,Open-Meteo Historical Weather API,2025-03-01/2025-05-31,11.88,11.05,41.24,1.07,2208.0,Open-Meteo Air Quality API,2025-03-01/2025-05-31
160,solo,13129.94,new york,printemps,15,resort,1096.76,nuageux,plage,4,retard_vol,1,1,excellent séjour.,875.3293333333334,0.0835312271038557,1.0,0.0,0.0,1.0,1.0,1.0,0.0,12.04,4.75,36.0,17.46,92.0,40.71427,-74.00597,Open-Meteo Historical Weather API,2025-03-01/2025-05-31,11.88,11.05,41.24,1.07,2208.0,Open-Meteo Air Quality API,2025-03-01/2025-05-31
161,solo,4695.78,bali,été,6,villa,880.75,ensoleillé,gastronomie,3,retard_vol,1,0,séjour mitigé.,782.63,0.187562023774538,0.0,0.0,0.0,1.0,1.0,1.0,0.0,25.53,3.21,49.0,18.92,92.0,-8.65,115.21667,Open-Meteo Historical Weather API,2025-06-01/2025-08-31,13.38,9.86,30.22,1.86,2208.0,Open-Meteo Air Quality API,2025-06-01/2025-08-31
162,couple,5446.62,paris,été,6,hôtel,1217.25,variable,gastronomie,2,météo,1,1,séjour mitigé.,907.77,0.2234872269407449,0.0,1.0,0.0,0.0,1.0,0.0,1.0,21.05,2.58,30.0,14.41,92.0,48.85341,2.3488,Open-Meteo Historical Weather API,2025-06-01/2025-08-31,10.28,6.83,31.49,1.5,2208.0,Open-Meteo Air Quality API,2025-06-01/2025-08-31
163,solo,5669.13,rome,printemps,11,villa,1291.78,variable,business,2,bagages,1,1,séjour mitigé.,515.3754545454545,0.2278621234651525,0.0,1.0,0.0,1.0,1.0,1.0,0.0,15.22,3.55,32.0,13.85,92.0,41.89193,12.51133,Open-Meteo Historical Weather API,2025-03-01/2025-05-31,15.93,11.65,37.47,1.19,2208.0,Open-Meteo Air Quality API,2025-03-01/2025-05-31
164,solo,7942.62,bali,printemps,12,appartement,1693.63,nuageux,gastronomie,2,météo,0,0,séjour mitigé.,661.885,0.2132331648750664,0.0,0.0,0.0,0.0,1.0,0.0,1.0,26.99,6.49,65.0,13.72,92.0,-8.65,115.21667,Open-Meteo Historical Weather API,2025-03-01/2025-05-31,12.14,10.4,31.68,2.19,2208.0,Open-Meteo Air Quality API,2025-03-01/2025-05-31
165,business,1955.48,tokyo,hiver,5,villa,728.43,pluie,business,3,retard_vol,0,1,séjour mitigé.,391.096,0.3725070059525027,0.0,1.0,1.0,1.0,1.0,1.0,0.0,6.08,0.56,8.0,14.28,90.0,35.6895,139.69171,Open-Meteo Historical Weather API,2024-12-01/2025-02-28,31.02,30.0,55.43,0.51,2160.0,Open-Meteo Air Quality API,2024-12-01/2025-02-28
166,famille,6612.44,sydney,automne,13,appartement,1246.78,nuageux,gastronomie,3,aucun,0,0,séjour mitigé.,508.6492307692307,0.188550671159209,0.0,0.0,0.0,0.0,0.0,0.0,0.0,19.17,1.74,22.0,21.07,91.0,-33.86785,151.20732,Open-Meteo Historical Weather API,2025-09-01/2025-11-30,10.98,9.17,34.45,1.63,2184.0,Open-Meteo Air Quality API,2025-09-01/2025-11-30
167,senior,18143.54,new york,automne,20,appartement,1103.37,variable,gastronomie,2,retard_vol,1,0,séjour mitigé.,907.177,0.0608133804097766,1.0,1.0,0.0,0.0,1.0,1.0,0.0,13.97,3.07,25.0,15.38,91.0,40.71427,-74.00597,Open-Meteo Historical Weather API,2025-09-01/2025-11-30,11.7,11.28,42.27,0.76,2184.0,Open-Meteo Air Quality API,2025-09-01/2025-11-30
168,business,3538.41,sydney,printemps,6,villa,983.72,variable,business,1,météo,1,0,séjour mitigé.,589.735,0.278011875390359,0.0,1.0,1.0,1.0,1.0,0.0,1.0,19.13,4.44,49.0,17.74,92.0,-33.86785,151.20732,Open-Meteo Historical Weather API,2025-03-01/2025-05-31,11.25,9.25,31.84,1.01,2208.0,Open-Meteo Air Quality API,2025-03-01/2025-05-31
169,famille,13213.41,paris,été,15,appartement,1431.61,variable,plage,3,météo,1,0,séjour mitigé.,880.894,0.1083452341220018,1.0,1.0,0.0,0.0,1.0,0.0,1.0,21.05,2.58,30.0,14.41,92.0,48.85341,2.3488,Open-Meteo Historical Weather API,2025-06-01/2025-08-31,10.28,6.83,31.49,1.5,2208.0,Open-Meteo Air Quality API,2025-06-01/2025-08-31
170,couple,7366.67,lisbonne,hiver,12,appartement,1007.05,variable,randonnée,1,aucun,0,0,séjour mitigé.,613.8891666666667,0.1367035580526886,0.0,1.0,0.0,0.0,0.0,0.0,0.0,12.63,2.92,26.0,17.53,90.0,38.72509,-9.1498,Open-Meteo Historical Weather API,2024-12-01/2025-02-28,19.66,13.91,36.49,0.38,2160.0,Open-Meteo Air Quality API,2024-12-01/2025-02-28
171,senior,9424.19,lisbonne,printemps,17,villa,1012.35,ensoleillé,plage,5,aucun,0,1,excellent séjour.,554.3641176470588,0.1074203724670236,1.0,0.0,0.0,1.0,0.0,0.0,0.0,15.64,3.53,41.0,19.08,92.0,38.72509,-9.1498,Open-Meteo Historical Weather API,2025-03-01/2025-05-31,15.2,9.48,34.11,1.3,2208.0,Open-Meteo Air Quality API,2025-03-01/2025-05-31
172,famille,4738.51,lisbonne,été,9,villa,781.53,variable,plage,2,météo,0,1,séjour mitigé.,526.5011111111112,0.1649315924204021,0.0,1.0,0.0,1.0,1.0,0.0,1.0,23.39,0.06,1.0,17.22,92.0,38.72509,-9.1498,Open-Meteo Historical Weather API,2025-06-01/2025-08-31,19.54,10.92,32.89,2.16,2208.0,Open-Meteo Air Quality API,2025-06-01/2025-08-31
173,famille,18559.78,paris,été,19,appartement,1479.27,ensoleillé,randonnée,2,météo,1,1,séjour mitigé.,976.8305263157894,0.0797029921690882,1.0,0.0,0.0,0.0,1.0,0.0,1.0,21.05,2.58,30.0,14.41,92.0,48.85341,2.3488,Open-Meteo Historical Weather API,2025-06-01/2025-08-31,10.28,6.83,31.49,1.5,2208.0,Open-Meteo Air Quality API,2025-06-01/2025-08-31
174,solo,5823.37,lisbonne,hiver,9,resort,714.68,nuageux,culture,3,retard_vol,1,0,séjour mitigé.,647.0411111111111,0.1227261877572608,0.0,0.0,0.0,1.0,1.0,1.0,0.0,12.63,2.92,26.0,17.53,90.0,38.72509,-9.1498,Open-Meteo Historical Weather API,2024-12-01/2025-02-28,19.66,13.91,36.49,0.38,2160.0,Open-Meteo Air Quality API,2024-12-01/2025-02-28
175,senior,6575.46,paris,automne,8,villa,1329.7,nuageux,culture,3,bagages,1,1,séjour mitigé.,821.9325,0.2022215936223473,0.0,0.0,0.0,1.0,1.0,1.0,0.0,12.33,2.12,33.0,16.01,91.0,48.85341,2.3488,Open-Meteo Historical Weather API,2025-09-01/2025-11-30,12.19,8.6,34.88,0.44,2184.0,Open-Meteo Air Quality API,2025-09-01/2025-11-30
176,famille,15031.71,paris,automne,17,resort,1623.66,ensoleillé,plage,4,retard_vol,1,0,excellent séjour.,884.2182352941176,0.1080156549055297,1.0,0.0,0.0,1.0,1.0,1.0,0.0,12.33,2.12,33.0,16.01,91.0,48.85341,2.3488,Open-Meteo Historical Weather API,2025-09-01/2025-11-30,12.19,8.6,34.88,0.44,2184.0,Open-Meteo Air Quality API,2025-09-01/2025-11-30
177,business,3209.58,paris,printemps,3,villa,1040.53,variable,business,4,aucun,0,1,excellent séjour.,1069.86,0.3241950660210993,0.0,1.0,1.0,1.0,0.0,0.0,0.0,12.44,1.18,26.0,14.07,92.0,48.85341,2.3488,Open-Meteo Historical Weather API,2025-03-01/2025-05-31,15.06,12.04,38.85,0.97,2208.0,Open-Meteo Air Quality API,2025-03-01/2025-05-31
178,solo,3803.55,lisbonne,été,6,appartement,828.1,ensoleillé,plage,2,météo,1,1,séjour mitigé.,633.9250000000001,0.2177176585032404,0.0,0.0,0.0,0.0,1.0,0.0,1.0,23.39,0.06,1.0,17.22,92.0,38.72509,-9.1498,Open-Meteo Historical Weather API,2025-06-01/2025-08-31,19.54,10.92,32.89,2.16,2208.0,Open-Meteo Air Quality API,2025-06-01/2025-08-31
179,solo,6597.05,rome,automne,13,villa,1299.35,ensoleillé,culture,2,météo,0,1,séjour mitigé.,507.4653846153846,0.1969592469361305,0.0,0.0,0.0,1.0,1.0,0.0,1.0,17.21,4.01,24.0,12.75,91.0,41.89193,12.51133,Open-Meteo Historical Weather API,2025-09-01/2025-11-30,13.51,9.22,34.28,0.79,2184.0,Open-Meteo Air Quality API,2025-09-01/2025-11-30
180,business,2590.03,dubaï,hiver,5,hôtel,1221.02,ensoleillé,business,5,aucun,0,1,excellent séjour.,518.0060000000001,0.4714308328474959,0.0,0.0,1.0,0.0,0.0,0.0,0.0,20.21,0.09,2.0,19.57,90.0,25.07725,55.30927,Open-Meteo Historical Weather API,2024-12-01/2025-02-28,59.55,32.47,55.0,1.03,2160.0,Open-Meteo Air Quality API,2024-12-01/2025-02-28
181,business,2404.76,lisbonne,été,4,hôtel,694.48,ensoleillé,business,3,aucun,0,1,séjour mitigé.,601.19,0.2887938921139739,0.0,0.0,1.0,0.0,0.0,0.0,0.0,23.39,0.06,1.0,17.22,92.0,38.72509,-9.1498,Open-Meteo Historical Weather API,2025-06-01/2025-08-31,19.54,10.92,32.89,2.16,2208.0,Open-Meteo Air Quality API,2025-06-01/2025-08-31
182,famille,13423.77,new york,automne,18,hôtel,1120.56,pluie,randonnée,2,bagages,1,0,séjour mitigé.,745.765,0.083475804487115,1.0,1.0,0.0,0.0,1.0,1.0,0.0,13.97,3.07,25.0,15.38,91.0,40.71427,-74.00597,Open-Meteo Historical Weather API,2025-09-01/2025-11-30,11.7,11.28,42.27,0.76,2184.0,Open-Meteo Air Quality API,2025-09-01/2025-11-30
183,senior,12549.06,lisbonne,hiver,19,appartement,760.77,nuageux,plage,2,retard_vol,1,0,séjour mitigé.,660.4768421052631,0.0606236642425807,1.0,0.0,0.0,0.0,1.0,1.0,0.0,12.63,2.92,26.0,17.53,90.0,38.72509,-9.1498,Open-Meteo Historical Weather API,2024-12-01/2025-02-28,19.66,13.91,36.49,0.38,2160.0,Open-Meteo Air Quality API,2024-12-01/2025-02-28
184,business,4318.02,sydney,été,7,resort,1277.56,nuageux,business,2,retard_vol,1,1,séjour mitigé.,616.86,0.2958670872297951,0.0,0.0,1.0,1.0,1.0,1.0,0.0,12.22,4.06,27.0,18.74,92.0,-33.86785,151.20732,Open-Meteo Historical Weather API,2025-06-01/2025-08-31,10.19,9.26,31.56,0.49,2208.0,Open-Meteo Air Quality API,2025-06-01/2025-08-31
185,couple,5994.86,new york,hiver,6,villa,956.18,nuageux,gastronomie,3,aucun,0,1,séjour mitigé.,999.1433333333332,0.1594999716423736,0.0,0.0,0.0,1.0,0.0,0.0,0.0,0.0,2.34,32.0,16.49,90.0,40.71427,-74.00597,Open-Meteo Historical Weather API,2024-12-01/2025-02-28,14.23,13.56,43.36,0.34,2160.0,Open-Meteo Air Quality API,2024-12-01/2025-02-28
186,famille,6716.87,bali,été,10,hôtel,1524.21,ensoleillé,culture,3,retard_vol,1,0,séjour mitigé.,671.687,0.2269226589170253,0.0,0.0,0.0,0.0,1.0,1.0,0.0,25.53,3.21,49.0,18.92,92.0,-8.65,115.21667,Open-Meteo Historical Weather API,2025-06-01/2025-08-31,13.38,9.86,30.22,1.86,2208.0,Open-Meteo Air Quality API,2025-06-01/2025-08-31
187,senior,2784.56,rome,été,7,villa,1129.81,ensoleillé,culture,4,aucun,0,0,excellent séjour.,397.7942857142857,0.4057409429137817,0.0,0.0,0.0,1.0,0.0,0.0,0.0,27.22,1.32,16.0,14.95,92.0,41.89193,12.51133,Open-Meteo Historical Weather API,2025-06-01/2025-08-31,15.45,9.67,40.74,2.01,2208.0,Open-Meteo Air Quality API,2025-06-01/2025-08-31
188,solo,6071.22,lisbonne,printemps,12,appartement,861.26,variable,plage,3,météo,1,1,séjour mitigé.,505.935,0.1418594615250312,0.0,1.0,0.0,0.0,1.0,0.0,1.0,15.64,3.53,41.0,19.08,92.0,38.72509,-9.1498,Open-Meteo Historical Weather API,2025-03-01/2025-05-31,15.2,9.48,34.11,1.3,2208.0,Open-Meteo Air Quality API,2025-03-01/2025-05-31
189,solo,3697.96,tokyo,été,9,resort,841.6,variable,plage,2,météo,0,1,séjour mitigé.,410.88444444444445,0.2275849387229715,0.0,1.0,0.0,1.0,1.0,0.0,1.0,27.71,2.91,31.0,13.49,92.0,35.6895,139.69171,Open-Meteo Historical Weather API,2025-06-01/2025-08-31,24.0,22.42,51.6,1.83,2208.0,Open-Meteo Air Quality API,2025-06-01/2025-08-31
190,business,2653.23,lisbonne,automne,4,villa,737.89,pluie,business,2,aucun,0,1,séjour mitigé.,663.3075,0.2781100771512458,0.0,1.0,1.0,1.0,0.0,0.0,0.0,18.72,2.83,21.0,17.54,91.0,38.72509,-9.1498,Open-Meteo Historical Weather API,2025-09-01/2025-11-30,15.83,9.72,31.17,0.9,2184.0,Open-Meteo Air Quality API,2025-09-01/2025-11-30
191,famille,10065.01,lisbonne,hiver,18,appartement,935.85,nuageux,plage,2,retard_vol,1,1,séjour mitigé.,559.1672222222222,0.0929805335513824,1.0,0.0,0.0,0.0,1.0,1.0,0.0,12.63,2.92,26.0,17.53,90.0,38.72509,-9.1498,Open-Meteo Historical Weather API,2024-12-01/2025-02-28,19.66,13.91,36.49,0.38,2160.0,Open-Meteo Air Quality API,2024-12-01/2025-02-28
192,couple,4316.91,tokyo,printemps,13,villa,897.14,nuageux,culture,1,bagages,1,0,séjour mitigé.,332.07,0.2078199452849376,0.0,0.0,0.0,1.0,1.0,1.0,0.0,14.52,6.04,44.0,15.33,92.0,35.6895,139.69171,Open-Meteo Historical Weather API,2025-03-01/2025-05-31,29.58,26.1,53.35,1.05,2208.0,Open-Meteo Air Quality API,2025-03-01/2025-05-31
193,couple,6312.11,paris,été,6,hôtel,927.44,nuageux,culture,2,météo,0,1,séjour mitigé.,1052.0183333333332,0.1469302657906785,0.0,0.0,0.0,0.0,1.0,0.0,1.0,21.05,2.58,30.0,14.41,92.0,48.85341,2.3488,Open-Meteo Historical Weather API,2025-06-01/2025-08-31,10.28,6.83,31.49,1.5,2208.0,Open-Meteo Air Quality API,2025-06-01/2025-08-31
194,solo,11233.31,paris,hiver,13,villa,1255.96,ensoleillé,culture,3,bagages,1,0,séjour mitigé.,864.1007692307692,0.1118067604294727,0.0,0.0,0.0,1.0,1.0,1.0,0.0,4.95,2.61,35.0,15.72,90.0,48.85341,2.3488,Open-Meteo Historical Weather API,2024-12-01/2025-02-28,20.98,17.57,45.01,0.13,2160.0,Open-Meteo Air Quality API,2024-12-01/2025-02-28
195,famille,17582.15,paris,printemps,18,resort,1269.76,ensoleillé,culture,2,aucun,0,0,séjour mitigé.,976.7861111111112,0.0722186990783265,1.0,0.0,0.0,1.0,0.0,0.0,0.0,12.44,1.18,26.0,14.07,92.0,48.85341,2.3488,Open-Meteo Historical Weather API,2025-03-01/2025-05-31,15.06,12.04,38.85,0.97,2208.0,Open-Meteo Air Quality API,2025-03-01/2025-05-31
196,business,4388.17,lisbonne,automne,7,hôtel,1011.1,pluie,plage,2,retard_vol,1,1,séjour mitigé.,626.8814285714286,0.2304149565764316,0.0,1.0,1.0,0.0,1.0,1.0,0.0,18.72,2.83,21.0,17.54,91.0,38.72509,-9.1498,Open-Meteo Historical Weather API,2025-09-01/2025-11-30,15.83,9.72,31.17,0.9,2184.0,Open-Meteo Air Quality API,2025-09-01/2025-11-30
197,solo,5160.1,rome,automne,13,resort,1042.68,ensoleillé,randonnée,3,météo,1,1,séjour mitigé.,396.9307692307693,0.2020658514369876,0.0,0.0,0.0,1.0,1.0,0.0,1.0,17.21,4.01,24.0,12.75,91.0,41.89193,12.51133,Open-Meteo Historical Weather API,2025-09-01/2025-11-30,13.51,9.22,34.28,0.79,2184.0,Open-Meteo Air Quality API,2025-09-01/2025-11-30
198,couple,5700.76,rome,été,12,villa,1026.64,ensoleillé,gastronomie,1,bagages,1,0,séjour mitigé.,475.0633333333333,0.1800882689325633,0.0,0.0,0.0,1.0,1.0,1.0,0.0,27.22,1.32,16.0,14.95,92.0,41.89193,12.51133,Open-Meteo Historical Weather API,2025-06-01/2025-08-31,15.45,9.67,40.74,2.01,2208.0,Open-Meteo Air Quality API,2025-06-01/2025-08-31
199,solo,7368.9,paris,été,8,hôtel,1317.8,variable,randonnée,3,retard_vol,0,0,séjour mitigé.,921.1125,0.1788326615912822,0.0,1.0,0.0,0.0,1.0,1.0,0.0,21.05,2.58,30.0,14.41,92.0,48.85341,2.3488,Open-Meteo Historical Weather API,2025-06-01/2025-08-31,10.28,6.83,31.49,1.5,2208.0,Open-Meteo Air Quality API,2025-06-01/2025-08-31
200,solo,8602.49,paris,printemps,10,hôtel,1276.56,nuageux,gastronomie,2,aucun,0,0,séjour mitigé.,860.249,0.1483942439921464,0.0,0.0,0.0,0.0,0.0,0.0,0.0,12.44,1.18,26.0,14.07,92.0,48.85341,2.3488,Open-Meteo Historical Weather API,2025-03-01/2025-05-31,15.06,12.04,38.85,0.97,2208.0,Open-Meteo Air Quality API,2025-03-01/2025-05-31
201,solo,6413.73,lisbonne,été,12,villa,938.98,ensoleillé,plage,2,bagages,0,1,séjour mitigé.,534.4775,0.1464015479292081,0.0,0.0,0.0,1.0,1.0,1.0,0.0,23.39,0.06,1.0,17.22,92.0,38.72509,-9.1498,Open-Meteo Historical Weather API,2025-06-01/2025-08-31,19.54,10.92,32.89,2.16,2208.0,Open-Meteo Air Quality API,2025-06-01/2025-08-31
202,business,6004.1,new york,automne,6,villa,1166.79,variable,business,3,retard_vol,0,1,séjour mitigé.,1000.6833333333334,0.1943322063256774,0.0,1.0,1.0,1.0,1.0,1.0,0.0,13.97,3.07,25.0,15.38,91.0,40.71427,-74.00597,Open-Meteo Historical Weather API,2025-09-01/2025-11-30,11.7,11.28,42.27,0.76,2184.0,Open-Meteo Air Quality API,2025-09-01/2025-11-30
203,couple,3703.4,rome,hiver,9,villa,1149.63,pluie,gastronomie,1,retard_vol,0,0,séjour mitigé.,411.4888888888889,0.3104255548955014,0.0,1.0,0.0,1.0,1.0,1.0,0.0,9.23,2.57,28.0,13.79,90.0,41.89193,12.51133,Open-Meteo Historical Weather API,2024-12-01/2025-02-28,20.56,17.01,40.29,0.27,2160.0,Open-Meteo Air Quality API,2024-12-01/2025-02-28
204,famille,14265.14,lisbonne,hiver,21,resort,936.5,variable,plage,1,annulation,0,0,séjour mitigé.,679.2923809523809,0.0656495484797205,1.0,1.0,0.0,1.0,1.0,1.0,0.0,12.63,2.92,26.0,17.53,90.0,38.72509,-9.1498,Open-Meteo Historical Weather API,2024-12-01/2025-02-28,19.66,13.91,36.49,0.38,2160.0,Open-Meteo Air Quality API,2024-12-01/2025-02-28
205,couple,6110.25,new york,hiver,8,appartement,1157.91,nuageux,culture,3,annulation,1,0,séjour mitigé.,763.78125,0.189502884497361,0.0,0.0,0.0,0.0,1.0,1.0,0.0,0.0,2.34,32.0,16.49,90.0,40.71427,-74.00597,Open-Meteo Historical Weather API,2024-12-01/2025-02-28,14.23,13.56,43.36,0.34,2160.0,Open-Meteo Air Quality API,2024-12-01/2025-02-28
206,solo,9652.1,bali,printemps,15,villa,1104.18,pluie,gastronomie,3,bagages,0,0,séjour mitigé.,643.4733333333334,0.1143979030470053,1.0,1.0,0.0,1.0,1.0,1.0,0.0,26.99,6.49,65.0,13.72,92.0,-8.65,115.21667,Open-Meteo Historical Weather API,2025-03-01/2025-05-31,12.14,10.4,31.68,2.19,2208.0,Open-Meteo Air Quality API,2025-03-01/2025-05-31
207,couple,5028.61,new york,printemps,6,resort,1419.56,ensoleillé,gastronomie,2,météo,1,1,séjour mitigé.,838.1016666666666,0.2822966982923711,0.0,0.0,0.0,1.0,1.0,0.0,1.0,12.04,4.75,36.0,17.46,92.0,40.71427,-74.00597,Open-Meteo Historical Weather API,2025-03-01/2025-05-31,11.88,11.05,41.24,1.07,2208.0,Open-Meteo Air Quality API,2025-03-01/2025-05-31
208,couple,8077.98,paris,été,9,hôtel,1308.98,ensoleillé,plage,5,aucun,0,1,excellent séjour.,897.5533333333333,0.1620429859940232,0.0,0.0,0.0,0.0,0.0,0.0,0.0,21.05,2.58,30.0,14.41,92.0,48.85341,2.3488,Open-Meteo Historical Weather API,2025-06-01/2025-08-31,10.28,6.83,31.49,1.5,2208.0,Open-Meteo Air Quality API,2025-06-01/2025-08-31
209,solo,6875.06,new york,hiver,8,appartement,910.95,pluie,business,3,aucun,0,0,séjour mitigé.,859.3825,0.132500661812406,0.0,1.0,0.0,0.0,0.0,0.0,0.0,0.0,2.34,32.0,16.49,90.0,40.71427,-74.00597,Open-Meteo Historical Weather API,2024-12-01/2025-02-28,14.23,13.56,43.36,0.34,2160.0,Open-Meteo Air Quality API,2024-12-01/2025-02-28
210,famille,14210.02,bali,hiver,20,villa,1358.48,pluie,randonnée,2,météo,1,0,séjour mitigé.,710.501,0.0956001469385686,1.0,1.0,0.0,1.0,1.0,0.0,1.0,26.28,11.89,84.0,14.7,90.0,-8.65,115.21667,Open-Meteo Historical Weather API,2024-12-01/2025-02-28,12.8,11.67,33.02,1.96,2160.0,Open-Meteo Air Quality API,2024-12-01/2025-02-28
211,business,6892.27,paris,automne,7,appartement,1043.44,nuageux,culture,3,aucun,0,0,séjour mitigé.,984.61,0.1513927922150467,0.0,0.0,1.0,0.0,0.0,0.0,0.0,12.33,2.12,33.0,16.01,91.0,48.85341,2.3488,Open-Meteo Historical Weather API,2025-09-01/2025-11-30,12.19,8.6,34.88,0.44,2184.0,Open-Meteo Air Quality API,2025-09-01/2025-11-30
212,solo,9393.44,new york,été,10,appartement,1240.1,ensoleillé,culture,3,bagages,0,1,séjour mitigé.,939.344,0.1320176633906215,0.0,0.0,0.0,0.0,1.0,1.0,0.0,24.52,2.28,32.0,14.21,92.0,40.71427,-74.00597,Open-Meteo Historical Weather API,2025-06-01/2025-08-31,18.13,17.43,51.89,1.61,2208.0,Open-Meteo Air Quality API,2025-06-01/2025-08-31
213,couple,4322.38,new york,automne,5,appartement,1301.91,nuageux,gastronomie,1,annulation,1,1,séjour mitigé.,864.476,0.3012021155011822,0.0,0.0,0.0,0.0,1.0,1.0,0.0,13.97,3.07,25.0,15.38,91.0,40.71427,-74.00597,Open-Meteo Historical Weather API,2025-09-01/2025-11-30,11.7,11.28,42.27,0.76,2184.0,Open-Meteo Air Quality API,2025-09-01/2025-11-30
214,couple,6919.32,bali,hiver,9,resort,1084.45,pluie,gastronomie,3,aucun,0,1,séjour mitigé.,768.8133333333333,0.1567278287461773,0.0,1.0,0.0,1.0,0.0,0.0,0.0,26.28,11.89,84.0,14.7,90.0,-8.65,115.21667,Open-Meteo Historical Weather API,2024-12-01/2025-02-28,12.8,11.67,33.02,1.96,2160.0,Open-Meteo Air Quality API,2024-12-01/2025-02-28
215,solo,12184.85,new york,automne,12,villa,1269.43,ensoleillé,gastronomie,2,bagages,1,1,séjour mitigé.,1015.4041666666668,0.1041810116661263,0.0,0.0,0.0,1.0,1.0,1.0,0.0,13.97,3.07,25.0,15.38,91.0,40.71427,-74.00597,Open-Meteo Historical Weather API,2025-09-01/2025-11-30,11.7,11.28,42.27,0.76,2184.0,Open-Meteo Air Quality API,2025-09-01/2025-11-30
216,solo,3004.57,rome,automne,6,villa,1359.48,ensoleillé,randonnée,3,météo,1,1,séjour mitigé.,500.7616666666667,0.4524707362451199,0.0,0.0,0.0,1.0,1.0,0.0,1.0,17.21,4.01,24.0,12.75,91.0,41.89193,12.51133,Open-Meteo Historical Weather API,2025-09-01/2025-11-30,13.51,9.22,34.28,0.79,2184.0,Open-Meteo Air Quality API,2025-09-01/2025-11-30
218,senior,9242.19,new york,hiver,10,hôtel,1424.72,ensoleillé,culture,1,retard_vol,1,1,séjour mitigé.,924.219,0.1541539397047669,0.0,0.0,0.0,0.0,1.0,1.0,0.0,0.0,2.34,32.0,16.49,90.0,40.71427,-74.00597,Open-Meteo Historical Weather API,2024-12-01/2025-02-28,14.23,13.56,43.36,0.34,2160.0,Open-Meteo Air Quality API,2024-12-01/2025-02-28
219,senior,3363.81,rome,automne,7,appartement,1233.09,pluie,gastronomie,2,météo,1,0,séjour mitigé.,480.5442857142857,0.3665754011076725,0.0,1.0,0.0,0.0,1.0,0.0,1.0,17.21,4.01,24.0,12.75,91.0,41.89193,12.51133,Open-Meteo Historical Weather API,2025-09-01/2025-11-30,13.51,9.22,34.28,0.79,2184.0,Open-Meteo Air Quality API,2025-09-01/2025-11-30
220,couple,9850.44,lisbonne,automne,15,appartement,802.66,nuageux,culture,5,aucun,0,1,excellent séjour.,656.696,0.0814846849480835,1.0,0.0,0.0,0.0,0.0,0.0,0.0,18.72,2.83,21.0,17.54,91.0,38.72509,-9.1498,Open-Meteo Historical Weather API,2025-09-01/2025-11-30,15.83,9.72,31.17,0.9,2184.0,Open-Meteo Air Quality API,2025-09-01/2025-11-30
221,famille,11912.94,paris,hiver,15,appartement,1059.05,pluie,plage,2,aucun,0,1,séjour mitigé.,794.196,0.0888991298537556,1.0,1.0,0.0,0.0,0.0,0.0,0.0,4.95,2.61,35.0,15.72,90.0,48.85341,2.3488,Open-Meteo Historical Weather API,2024-12-01/2025-02-28,20.98,17.57,45.01,0.13,2160.0,Open-Meteo Air Quality API,2024-12-01/2025-02-28
222,senior,15034.39,new york,automne,16,appartement,973.42,ensoleillé,culture,3,bagages,1,0,séjour mitigé.,939.649375,0.0647462251544625,1.0,0.0,0.0,0.0,1.0,1.0,0.0,13.97,3.07,25.0,15.38,91.0,40.71427,-74.00597,Open-Meteo Historical Weather API,2025-09-01/2025-11-30,11.7,11.28,42.27,0.76,2184.0,Open-Meteo Air Quality API,2025-09-01/2025-11-30
223,solo,3871.28,sydney,été,7,resort,1179.03,ensoleillé,business,4,retard_vol,1,0,excellent séjour.,553.0400000000001,0.3045581823066272,0.0,0.0,0.0,1.0,1.0,1.0,0.0,12.22,4.06,27.0,18.74,92.0,-33.86785,151.20732,Open-Meteo Historical Weather API,2025-06-01/2025-08-31,10.19,9.26,31.56,0.49,2208.0,Open-Meteo Air Quality API,2025-06-01/2025-08-31
224,couple,9581.84,bali,automne,12,appartement,1299.97,nuageux,culture,2,aucun,0,0,séjour mitigé.,798.4866666666667,0.1356701844322176,0.0,0.0,0.0,0.0,0.0,0.0,0.0,26.3,6.82,61.0,14.71,91.0,-8.65,115.21667,Open-Meteo Historical Weather API,2025-09-01/2025-11-30,14.48,11.69,32.66,2.5,2184.0,Open-Meteo Air Quality API,2025-09-01/2025-11-30
225,business,1947.7,rome,été,4,hôtel,1333.35,ensoleillé,business,2,retard_vol,1,1,séjour mitigé.,486.925,0.684576680186887,0.0,0.0,1.0,0.0,1.0,1.0,0.0,27.22,1.32,16.0,14.95,92.0,41.89193,12.51133,Open-Meteo Historical Weather API,2025-06-01/2025-08-31,15.45,9.67,40.74,2.01,2208.0,Open-Meteo Air Quality API,2025-06-01/2025-08-31
226,couple,6859.35,rome,printemps,14,villa,1439.06,pluie,culture,2,retard_vol,1,1,séjour mitigé.,489.9535714285715,0.2097953887759044,1.0,1.0,0.0,1.0,1.0,1.0,0.0,15.22,3.55,32.0,13.85,92.0,41.89193,12.51133,Open-Meteo Historical Weather API,2025-03-01/2025-05-31,15.93,11.65,37.47,1.19,2208.0,Open-Meteo Air Quality API,2025-03-01/2025-05-31
227,business,5548.86,paris,été,7,resort,1224.5,pluie,business,1,bagages,1,0,séjour mitigé.,792.6942857142857,0.2206759586653835,0.0,1.0,1.0,1.0,1.0,1.0,0.0,21.05,2.58,30.0,14.41,92.0,48.85341,2.3488,Open-Meteo Historical Weather API,2025-06-01/2025-08-31,10.28,6.83,31.49,1.5,2208.0,Open-Meteo Air Quality API,2025-06-01/2025-08-31
228,business,2350.57,dubaï,été,4,villa,1608.74,ensoleillé,business,2,retard_vol,1,0,séjour mitigé.,587.6425,0.6844042083409555,0.0,0.0,1.0,1.0,1.0,1.0,0.0,35.27,0.0,0.0,22.79,92.0,25.07725,55.30927,Open-Meteo Historical Weather API,2025-06-01/2025-08-31,128.17,54.13,71.91,2.19,2208.0,Open-Meteo Air Quality API,2025-06-01/2025-08-31
229,business,6931.21,paris,été,7,hôtel,1173.6,ensoleillé,business,1,retard_vol,0,1,séjour mitigé.,990.1728571428572,0.1693210853516197,0.0,0.0,1.0,0.0,1.0,1.0,0.0,21.05,2.58,30.0,14.41,92.0,48.85341,2.3488,Open-Meteo Historical Weather API,2025-06-01/2025-08-31,10.28,6.83,31.49,1.5,2208.0,Open-Meteo Air Quality API,2025-06-01/2025-08-31
230,famille,14196.85,paris,été,16,appartement,1720.77,nuageux,plage,5,aucun,0,1,excellent séjour.,887.303125,0.1212078735775893,1.0,0.0,0.0,0.0,0.0,0.0,0.0,21.05,2.58,30.0,14.41,92.0,48.85341,2.3488,Open-Meteo Historical Weather API,2025-06-01/2025-08-31,10.28,6.83,31.49,1.5,2208.0,Open-Meteo Air Quality API,2025-06-01/2025-08-31
232,senior,7907.27,paris,hiver,8,resort,1064.98,variable,culture,4,annulation,1,0,excellent séjour.,988.40875,0.1346836518798523,0.0,1.0,0.0,1.0,1.0,1.0,0.0,4.95,2.61,35.0,15.72,90.0,48.85341,2.3488,Open-Meteo Historical Weather API,2024-12-01/2025-02-28,20.98,17.57,45.01,0.13,2160.0,Open-Meteo Air Quality API,2024-12-01/2025-02-28
233,senior,7928.13,rome,printemps,17,villa,1074.57,nuageux,culture,2,annulation,1,0,séjour mitigé.,466.3605882352941,0.1355388975710539,1.0,0.0,0.0,1.0,1.0,1.0,0.0,15.22,3.55,32.0,13.85,92.0,41.89193,12.51133,Open-Meteo Historical Weather API,2025-03-01/2025-05-31,15.93,11.65,37.47,1.19,2208.0,Open-Meteo Air Quality API,2025-03-01/2025-05-31
234,business,5756.26,new york,été,6,hôtel,1189.42,ensoleillé,business,3,bagages,1,0,séjour mitigé.,959.3766666666668,0.2066306942354931,0.0,0.0,1.0,0.0,1.0,1.0,0.0,24.52,2.28,32.0,14.21,92.0,40.71427,-74.00597,Open-Meteo Historical Weather API,2025-06-01/2025-08-31,18.13,17.43,51.89,1.61,2208.0,Open-Meteo Air Quality API,2025-06-01/2025-08-31
235,solo,4771.64,new york,été,5,villa,1071.97,variable,business,5,aucun,0,1,excellent séjour.,954.328,0.2246544165108851,0.0,1.0,0.0,1.0,0.0,0.0,0.0,24.52,2.28,32.0,14.21,92.0,40.71427,-74.00597,Open-Meteo Historical Weather API,2025-06-01/2025-08-31,18.13,17.43,51.89,1.61,2208.0,Open-Meteo Air Quality API,2025-06-01/2025-08-31
236,couple,5359.13,lisbonne,hiver,10,villa,1001.9,nuageux,culture,4,aucun,0,1,excellent séjour.,535.913,0.1869519866097668,0.0,0.0,0.0,1.0,0.0,0.0,0.0,12.63,2.92,26.0,17.53,90.0,38.72509,-9.1498,Open-Meteo Historical Weather API,2024-12-01/2025-02-28,19.66,13.91,36.49,0.38,2160.0,Open-Meteo Air Quality API,2024-12-01/2025-02-28
237,senior,9650.2,new york,automne,12,villa,1187.88,nuageux,culture,4,aucun,0,1,excellent séjour.,804.1833333333334,0.1230938218897017,0.0,0.0,0.0,1.0,0.0,0.0,0.0,13.97,3.07,25.0,15.38,91.0,40.71427,-74.00597,Open-Meteo Historical Weather API,2025-09-01/2025-11-30,11.7,11.28,42.27,0.76,2184.0,Open-Meteo Air Quality API,2025-09-01/2025-11-30
238,couple,5124.98,lisbonne,été,9,appartement,895.09,ensoleillé,gastronomie,2,météo,1,0,séjour mitigé.,569.4422222222222,0.1746523888873712,0.0,0.0,0.0,0.0,1.0,0.0,1.0,23.39,0.06,1.0,17.22,92.0,38.72509,-9.1498,Open-Meteo Historical Weather API,2025-06-01/2025-08-31,19.54,10.92,32.89,2.16,2208.0,Open-Meteo Air Quality API,2025-06-01/2025-08-31
239,famille,6551.13,rome,automne,17,appartement,1117.6,nuageux,plage,2,retard_vol,1,1,séjour mitigé.,385.3605882352941,0.1705965230425895,1.0,0.0,0.0,0.0,1.0,1.0,0.0,17.21,4.01,24.0,12.75,91.0,41.89193,12.51133,Open-Meteo Historical Weather API,2025-09-01/2025-11-30,13.51,9.22,34.28,0.79,2184.0,Open-Meteo Air Quality API,2025-09-01/2025-11-30
240,business,3133.87,rome,été,6,appartement,989.32,ensoleillé,business,5,aucun,0,1,excellent séjour.,522.3116666666666,0.3156863558475623,0.0,0.0,1.0,0.0,0.0,0.0,0.0,27.22,1.32,16.0,14.95,92.0,41.89193,12.51133,Open-Meteo Historical Weather API,2025-06-01/2025-08-31,15.45,9.67,40.74,2.01,2208.0,Open-Meteo Air Quality API,2025-06-01/2025-08-31
241,solo,5692.93,rome,hiver,14,resort,1194.47,pluie,culture,4,annulation,0,1,excellent séjour.,406.6378571428572,0.209816386289661,1.0,1.0,0.0,1.0,1.0,1.0,0.0,9.23,2.57,28.0,13.79,90.0,41.89193,12.51133,Open-Meteo Historical Weather API,2024-12-01/2025-02-28,20.56,17.01,40.29,0.27,2160.0,Open-Meteo Air Quality API,2024-12-01/2025-02-28
242,solo,6894.66,dubaï,automne,13,hôtel,1490.44,nuageux,plage,4,bagages,1,0,excellent séjour.,530.3584615384615,0.2161730962803097,0.0,0.0,0.0,0.0,1.0,1.0,0.0,29.44,0.0,0.0,20.09,91.0,25.07725,55.30927,Open-Meteo Historical Weather API,2025-09-01/2025-11-30,80.53,41.8,60.89,1.56,2184.0,Open-Meteo Air Quality API,2025-09-01/2025-11-30
243,business,4857.6,bali,été,6,resort,1276.41,ensoleillé,culture,1,météo,1,0,séjour mitigé.,809.6,0.2627655632411067,0.0,0.0,1.0,1.0,1.0,0.0,1.0,25.53,3.21,49.0,18.92,92.0,-8.65,115.21667,Open-Meteo Historical Weather API,2025-06-01/2025-08-31,13.38,9.86,30.22,1.86,2208.0,Open-Meteo Air Quality API,2025-06-01/2025-08-31
244,solo,4375.6,rome,été,10,hôtel,1040.99,ensoleillé,business,5,aucun,0,1,excellent séjour.,437.56000000000006,0.2379079440533869,0.0,0.0,0.0,0.0,0.0,0.0,0.0,27.22,1.32,16.0,14.95,92.0,41.89193,12.51133,Open-Meteo Historical Weather API,2025-06-01/2025-08-31,15.45,9.67,40.74,2.01,2208.0,Open-Meteo Air Quality API,2025-06-01/2025-08-31
245,couple,11005.31,bali,automne,16,appartement,1268.82,pluie,plage,4,retard_vol,1,0,excellent séjour.,687.831875,0.1152916183187933,1.0,1.0,0.0,0.0,1.0,1.0,0.0,26.3,6.82,61.0,14.71,91.0,-8.65,115.21667,Open-Meteo Historical Weather API,2025-09-01/2025-11-30,14.48,11.69,32.66,2.5,2184.0,Open-Meteo Air Quality API,2025-09-01/2025-11-30
246,senior,11453.97,lisbonne,printemps,19,appartement,957.28,variable,culture,2,retard_vol,1,0,séjour mitigé.,602.8405263157895,0.0835762622042837,1.0,1.0,0.0,0.0,1.0,1.0,0.0,15.64,3.53,41.0,19.08,92.0,38.72509,-9.1498,Open-Meteo Historical Weather API,2025-03-01/2025-05-31,15.2,9.48,34.11,1.3,2208.0,Open-Meteo Air Quality API,2025-03-01/2025-05-31
247,senior,9556.14,paris,automne,12,resort,1060.09,pluie,culture,2,annulation,1,0,séjour mitigé.,796.3449999999999,0.1109328661991138,0.0,1.0,0.0,1.0,1.0,1.0,0.0,12.33,2.12,33.0,16.01,91.0,48.85341,2.3488,Open-Meteo Historical Weather API,2025-09-01/2025-11-30,12.19,8.6,34.88,0.44,2184.0,Open-Meteo Air Quality API,2025-09-01/2025-11-30
248,solo,7202.77,bali,automne,9,appartement,1265.21,pluie,randonnée,3,météo,0,1,séjour mitigé.,800.3077777777778,0.1756560323320056,0.0,1.0,0.0,0.0,1.0,0.0,1.0,26.3,6.82,61.0,14.71,91.0,-8.65,115.21667,Open-Meteo Historical Weather API,2025-09-01/2025-11-30,14.48,11.69,32.66,2.5,2184.0,Open-Meteo Air Quality API,2025-09-01/2025-11-30
249,senior,8614.91,new york,hiver,10,appartement,1118.83,nuageux,culture,1,aucun,0,0,séjour mitigé.,861.491,0.1298713509485299,0.0,0.0,0.0,0.0,0.0,0.0,0.0,0.0,2.34,32.0,16.49,90.0,40.71427,-74.00597,Open-Meteo Historical Weather API,2024-12-01/2025-02-28,14.23,13.56,43.36,0.34,2160.0,Open-Meteo Air Quality API,2024-12-01/2025-02-28
250,couple,4392.71,lisbonne,printemps,7,appartement,749.82,ensoleillé,plage,3,aucun,0,0,séjour mitigé.,627.53,0.1706964493444821,0.0,0.0,0.0,0.0,0.0,0.0,0.0,15.64,3.53,41.0,19.08,92.0,38.72509,-9.1498,Open-Meteo Historical Weather API,2025-03-01/2025-05-31,15.2,9.48,34.11,1.3,2208.0,Open-Meteo Air Quality API,2025-03-01/2025-05-31
251,couple,3045.04,lisbonne,été,5,villa,953.54,nuageux,culture,3,retard_vol,1,0,séjour mitigé.,609.008,0.313145311720043,0.0,0.0,0.0,1.0,1.0,1.0,0.0,23.39,0.06,1.0,17.22,92.0,38.72509,-9.1498,Open-Meteo Historical Weather API,2025-06-01/2025-08-31,19.54,10.92,32.89,2.16,2208.0,Open-Meteo Air Quality API,2025-06-01/2025-08-31
252,couple,5032.05,bali,printemps,8,resort,1340.72,ensoleillé,randonnée,2,météo,1,1,séjour mitigé.,629.00625,0.2664361443149412,0.0,0.0,0.0,1.0,1.0,0.0,1.0,26.99,6.49,65.0,13.72,92.0,-8.65,115.21667,Open-Meteo Historical Weather API,2025-03-01/2025-05-31,12.14,10.4,31.68,2.19,2208.0,Open-Meteo Air Quality API,2025-03-01/2025-05-31
253,couple,10393.9,paris,automne,11,appartement,1420.66,variable,randonnée,2,annulation,1,1,séjour mitigé.,944.9,0.1366820923811081,0.0,1.0,0.0,0.0,1.0,1.0,0.0,12.33,2.12,33.0,16.01,91.0,48.85341,2.3488,Open-Meteo Historical Weather API,2025-09-01/2025-11-30,12.19,8.6,34.88,0.44,2184.0,Open-Meteo Air Quality API,2025-09-01/2025-11-30
254,solo,3673.68,new york,automne,4,appartement,1284.47,nuageux,culture,3,retard_vol,1,1,séjour mitigé.,918.42,0.3496412316804947,0.0,0.0,0.0,0.0,1.0,1.0,0.0,13.97,3.07,25.0,15.38,91.0,40.71427,-74.00597,Open-Meteo Historical Weather API,2025-09-01/2025-11-30,11.7,11.28,42.27,0.76,2184.0,Open-Meteo Air Quality API,2025-09-01/2025-11-30
255,solo,12382.66,new york,printemps,16,hôtel,879.94,variable,plage,3,retard_vol,1,1,séjour mitigé.,773.91625,0.071062275795346,1.0,1.0,0.0,0.0,1.0,1.0,0.0,12.04,4.75,36.0,17.46,92.0,40.71427,-74.00597,Open-Meteo Historical Weather API,2025-03-01/2025-05-31,11.88,11.05,41.24,1.07,2208.0,Open-Meteo Air Quality API,2025-03-01/2025-05-31
256,couple,15204.62,new york,été,16,appartement,953.12,pluie,culture,2,bagages,1,1,séjour mitigé.,950.28875,0.0626862098493747,1.0,1.0,0.0,0.0,1.0,1.0,0.0,24.52,2.28,32.0,14.21,92.0,40.71427,-74.00597,Open-Meteo Historical Weather API,2025-06-01/2025-08-31,18.13,17.43,51.89,1.61,2208.0,Open-Meteo Air Quality API,2025-06-01/2025-08-31
257,senior,10888.35,dubaï,été,20,resort,1422.81,ensoleillé,culture,2,bagages,1,0,séjour mitigé.,544.4175,0.1306726914546281,1.0,0.0,0.0,1.0,1.0,1.0,0.0,35.27,0.0,0.0,22.79,92.0,25.07725,55.30927,Open-Meteo Historical Weather API,2025-06-01/2025-08-31,128.17,54.13,71.91,2.19,2208.0,Open-Meteo Air Quality API,2025-06-01/2025-08-31
258,senior,18482.53,paris,automne,18,appartement,1316.3,pluie,gastronomie,2,bagages,1,0,séjour mitigé.,1026.8072222222222,0.0712186048122199,1.0,1.0,0.0,0.0,1.0,1.0,0.0,12.33,2.12,33.0,16.01,91.0,48.85341,2.3488,Open-Meteo Historical Weather API,2025-09-01/2025-11-30,12.19,8.6,34.88,0.44,2184.0,Open-Meteo Air Quality API,2025-09-01/2025-11-30
259,couple,7409.89,new york,hiver,8,villa,1194.84,pluie,gastronomie,3,annulation,0,1,séjour mitigé.,926.23625,0.1612493572779083,0.0,1.0,0.0,1.0,1.0,1.0,0.0,0.0,2.34,32.0,16.49,90.0,40.71427,-74.00597,Open-Meteo Historical Weather API,2024-12-01/2025-02-28,14.23,13.56,43.36,0.34,2160.0,Open-Meteo Air Quality API,2024-12-01/2025-02-28
260,famille,4986.61,sydney,hiver,9,hôtel,1789.24,pluie,plage,1,aucun,0,0,séjour mitigé.,554.0677777777778,0.3588088902079769,0.0,1.0,0.0,0.0,0.0,0.0,0.0,22.44,3.42,39.0,20.67,90.0,-33.86785,151.20732,Open-Meteo Historical Weather API,2024-12-01/2025-02-28,12.57,9.86,34.15,2.24,2160.0,Open-Meteo Air Quality API,2024-12-01/2025-02-28
261,couple,2569.41,dubaï,automne,5,appartement,1433.87,ensoleillé,plage,4,retard_vol,1,0,excellent séjour.,513.882,0.5580541836452726,0.0,0.0,0.0,0.0,1.0,1.0,0.0,29.44,0.0,0.0,20.09,91.0,25.07725,55.30927,Open-Meteo Historical Weather API,2025-09-01/2025-11-30,80.53,41.8,60.89,1.56,2184.0,Open-Meteo Air Quality API,2025-09-01/2025-11-30
262,solo,14657.13,new york,printemps,15,villa,1298.08,nuageux,randonnée,4,retard_vol,1,0,excellent séjour.,977.142,0.0885630406498407,1.0,0.0,0.0,1.0,1.0,1.0,0.0,12.04,4.75,36.0,17.46,92.0,40.71427,-74.00597,Open-Meteo Historical Weather API,2025-03-01/2025-05-31,11.88,11.05,41.24,1.07,2208.0,Open-Meteo Air Quality API,2025-03-01/2025-05-31
264,solo,10942.97,new york,hiver,11,appartement,1217.52,variable,culture,3,annulation,1,0,séjour mitigé.,994.8154545454544,0.1112604713345645,0.0,1.0,0.0,0.0,1.0,1.0,0.0,0.0,2.34,32.0,16.49,90.0,40.71427,-74.00597,Open-Meteo Historical Weather API,2024-12-01/2025-02-28,14.23,13.56,43.36,0.34,2160.0,Open-Meteo Air Quality API,2024-12-01/2025-02-28
265,famille,6518.69,new york,automne,8,appartement,1056.7,ensoleillé,plage,5,aucun,0,1,excellent séjour.,814.83625,0.1621031219462806,0.0,0.0,0.0,0.0,0.0,0.0,0.0,13.97,3.07,25.0,15.38,91.0,40.71427,-74.00597,Open-Meteo Historical Weather API,2025-09-01/2025-11-30,11.7,11.28,42.27,0.76,2184.0,Open-Meteo Air Quality API,2025-09-01/2025-11-30
266,senior,7435.62,new york,automne,9,appartement,1235.42,pluie,culture,3,météo,0,1,séjour mitigé.,826.18,0.1661488887275035,0.0,1.0,0.0,0.0,1.0,0.0,1.0,13.97,3.07,25.0,15.38,91.0,40.71427,-74.00597,Open-Meteo Historical Weather API,2025-09-01/2025-11-30,11.7,11.28,42.27,0.76,2184.0,Open-Meteo Air Quality API,2025-09-01/2025-11-30
267,couple,7923.06,rome,été,16,villa,1131.81,ensoleillé,gastronomie,4,météo,1,0,excellent séjour.,495.19125,0.1428501109419845,1.0,0.0,0.0,1.0,1.0,0.0,1.0,27.22,1.32,16.0,14.95,92.0,41.89193,12.51133,Open-Meteo Historical Weather API,2025-06-01/2025-08-31,15.45,9.67,40.74,2.01,2208.0,Open-Meteo Air Quality API,2025-06-01/2025-08-31
268,business,3598.19,paris,été,4,appartement,1178.7,variable,business,1,météo,0,0,séjour mitigé.,899.5475,0.3275813672985584,0.0,1.0,1.0,0.0,1.0,0.0,1.0,21.05,2.58,30.0,14.41,92.0,48.85341,2.3488,Open-Meteo Historical Weather API,2025-06-01/2025-08-31,10.28,6.83,31.49,1.5,2208.0,Open-Meteo Air Quality API,2025-06-01/2025-08-31
269,business,3968.59,bali,printemps,6,villa,1146.65,ensoleillé,plage,2,retard_vol,1,0,séjour mitigé.,661.4316666666667,0.2889313332946966,0.0,0.0,1.0,1.0,1.0,1.0,0.0,26.99,6.49,65.0,13.72,92.0,-8.65,115.21667,Open-Meteo Historical Weather API,2025-03-01/2025-05-31,12.14,10.4,31.68,2.19,2208.0,Open-Meteo Air Quality API,2025-03-01/2025-05-31
270,famille,17049.17,new york,hiver,21,villa,1122.77,nuageux,culture,4,bagages,0,1,excellent séjour.,811.865238095238,0.0658548187389767,1.0,0.0,0.0,1.0,1.0,1.0,0.0,0.0,2.34,32.0,16.49,90.0,40.71427,-74.00597,Open-Meteo Historical Weather API,2024-12-01/2025-02-28,14.23,13.56,43.36,0.34,2160.0,Open-Meteo Air Quality API,2024-12-01/2025-02-28
271,couple,10635.34,new york,automne,13,villa,1494.25,ensoleillé,plage,4,aucun,0,1,excellent séjour.,818.103076923077,0.1404985642207959,0.0,0.0,0.0,1.0,0.0,0.0,0.0,13.97,3.07,25.0,15.38,91.0,40.71427,-74.00597,Open-Meteo Historical Weather API,2025-09-01/2025-11-30,11.7,11.28,42.27,0.76,2184.0,Open-Meteo Air Quality API,2025-09-01/2025-11-30
272,couple,15979.85,new york,automne,16,villa,798.49,pluie,plage,2,météo,1,0,séjour mitigé.,998.740625,0.0499685541478799,1.0,1.0,0.0,1.0,1.0,0.0,1.0,13.97,3.07,25.0,15.38,91.0,40.71427,-74.00597,Open-Meteo Historical Weather API,2025-09-01/2025-11-30,11.7,11.28,42.27,0.76,2184.0,Open-Meteo Air Quality API,2025-09-01/2025-11-30
273,senior,9443.89,bali,automne,13,villa,1363.99,pluie,plage,2,météo,0,1,séjour mitigé.,726.4530769230769,0.1444309495345668,0.0,1.0,0.0,1.0,1.0,0.0,1.0,26.3,6.82,61.0,14.71,91.0,-8.65,115.21667,Open-Meteo Historical Weather API,2025-09-01/2025-11-30,14.48,11.69,32.66,2.5,2184.0,Open-Meteo Air Quality API,2025-09-01/2025-11-30
274,solo,7089.12,dubaï,hiver,14,appartement,1001.27,pluie,culture,1,annulation,0,1,séjour mitigé.,506.3657142857143,0.1412403796239871,1.0,1.0,0.0,0.0,1.0,1.0,0.0,20.21,0.09,2.0,19.57,90.0,25.07725,55.30927,Open-Meteo Historical Weather API,2024-12-01/2025-02-28,59.55,32.47,55.0,1.03,2160.0,Open-Meteo Air Quality API,2024-12-01/2025-02-28
275,couple,10816.57,new york,printemps,14,hôtel,1030.63,variable,randonnée,3,retard_vol,1,0,séjour mitigé.,772.6121428571429,0.0952825156218653,1.0,1.0,0.0,0.0,1.0,1.0,0.0,12.04,4.75,36.0,17.46,92.0,40.71427,-74.00597,Open-Meteo Historical Weather API,2025-03-01/2025-05-31,11.88,11.05,41.24,1.07,2208.0,Open-Meteo Air Quality API,2025-03-01/2025-05-31
276,senior,15648.94,new york,été,19,resort,1290.32,variable,culture,2,annulation,1,1,séjour mitigé.,823.6284210526316,0.0824541470540496,1.0,1.0,0.0,1.0,1.0,1.0,0.0,24.52,2.28,32.0,14.21,92.0,40.71427,-74.00597,Open-Meteo Historical Weather API,2025-06-01/2025-08-31,18.13,17.43,51.89,1.61,2208.0,Open-Meteo Air Quality API,2025-06-01/2025-08-31
277,famille,7642.41,dubaï,automne,15,appartement,1333.5,pluie,culture,3,aucun,0,1,séjour mitigé.,509.494,0.1744868438097406,1.0,1.0,0.0,0.0,0.0,0.0,0.0,29.44,0.0,0.0,20.09,91.0,25.07725,55.30927,Open-Meteo Historical Weather API,2025-09-01/2025-11-30,80.53,41.8,60.89,1.56,2184.0,Open-Meteo Air Quality API,2025-09-01/2025-11-30
278,business,3192.19,paris,été,3,villa,1024.55,ensoleillé,business,4,météo,1,0,excellent séjour.,1064.0633333333333,0.3209552063003768,0.0,0.0,1.0,1.0,1.0,0.0,1.0,21.05,2.58,30.0,14.41,92.0,48.85341,2.3488,Open-Meteo Historical Weather API,2025-06-01/2025-08-31,10.28,6.83,31.49,1.5,2208.0,Open-Meteo Air Quality API,2025-06-01/2025-08-31
279,senior,8078.63,lisbonne,automne,13,resort,807.88,nuageux,plage,2,météo,1,1,séjour mitigé.,621.4330769230769,0.1000021043171923,0.0,0.0,0.0,1.0,1.0,0.0,1.0,18.72,2.83,21.0,17.54,91.0,38.72509,-9.1498,Open-Meteo Historical Weather API,2025-09-01/2025-11-30,15.83,9.72,31.17,0.9,2184.0,Open-Meteo Air Quality API,2025-09-01/2025-11-30
280,business,2802.24,lisbonne,hiver,5,hôtel,997.23,pluie,business,3,aucun,0,1,séjour mitigé.,560.448,0.3558688763275094,0.0,1.0,1.0,0.0,0.0,0.0,0.0,12.63,2.92,26.0,17.53,90.0,38.72509,-9.1498,Open-Meteo Historical Weather API,2024-12-01/2025-02-28,19.66,13.91,36.49,0.38,2160.0,Open-Meteo Air Quality API,2024-12-01/2025-02-28
281,solo,10773.37,lisbonne,hiver,16,hôtel,805.83,ensoleillé,culture,3,météo,1,1,séjour mitigé.,673.335625,0.0747983221591758,1.0,0.0,0.0,0.0,1.0,0.0,1.0,12.63,2.92,26.0,17.53,90.0,38.72509,-9.1498,Open-Meteo Historical Weather API,2024-12-01/2025-02-28,19.66,13.91,36.49,0.38,2160.0,Open-Meteo Air Quality API,2024-12-01/2025-02-28
282,senior,16752.02,new york,automne,19,appartement,1145.16,variable,gastronomie,1,météo,1,1,séjour mitigé.,881.6852631578947,0.0683595172403089,1.0,1.0,0.0,0.0,1.0,0.0,1.0,13.97,3.07,25.0,15.38,91.0,40.71427,-74.00597,Open-Meteo Historical Weather API,2025-09-01/2025-11-30,11.7,11.28,42.27,0.76,2184.0,Open-Meteo Air Quality API,2025-09-01/2025-11-30
283,famille,11510.06,dubaï,été,21,villa,1329.8,nuageux,culture,2,annulation,1,0,séjour mitigé.,548.0980952380952,0.1155337157234627,1.0,0.0,0.0,1.0,1.0,1.0,0.0,35.27,0.0,0.0,22.79,92.0,25.07725,55.30927,Open-Meteo Historical Weather API,2025-06-01/2025-08-31,128.17,54.13,71.91,2.19,2208.0,Open-Meteo Air Quality API,2025-06-01/2025-08-31
284,couple,2587.9,lisbonne,printemps,4,appartement,816.52,nuageux,plage,2,aucun,0,0,séjour mitigé.,646.975,0.3155145098342285,0.0,0.0,0.0,0.0,0.0,0.0,0.0,15.64,3.53,41.0,19.08,92.0,38.72509,-9.1498,Open-Meteo Historical Weather API,2025-03-01/2025-05-31,15.2,9.48,34.11,1.3,2208.0,Open-Meteo Air Quality API,2025-03-01/2025-05-31
285,solo,13078.02,new york,été,16,hôtel,1465.84,ensoleillé,plage,5,aucun,0,1,excellent séjour.,817.37625,0.1120842451686111,1.0,0.0,0.0,0.0,0.0,0.0,0.0,24.52,2.28,32.0,14.21,92.0,40.71427,-74.00597,Open-Meteo Historical Weather API,2025-06-01/2025-08-31,18.13,17.43,51.89,1.61,2208.0,Open-Meteo Air Quality API,2025-06-01/2025-08-31
286,solo,3270.04,lisbonne,hiver,5,villa,991.03,nuageux,gastronomie,2,météo,1,1,séjour mitigé.,654.008,0.3030635710878154,0.0,0.0,0.0,1.0,1.0,0.0,1.0,12.63,2.92,26.0,17.53,90.0,38.72509,-9.1498,Open-Meteo Historical Weather API,2024-12-01/2025-02-28,19.66,13.91,36.49,0.38,2160.0,Open-Meteo Air Quality API,2024-12-01/2025-02-28
287,solo,7561.84,paris,printemps,8,hôtel,850.87,variable,business,1,bagages,1,0,séjour mitigé.,945.23,0.1125215556002242,0.0,1.0,0.0,0.0,1.0,1.0,0.0,12.44,1.18,26.0,14.07,92.0,48.85341,2.3488,Open-Meteo Historical Weather API,2025-03-01/2025-05-31,15.06,12.04,38.85,0.97,2208.0,Open-Meteo Air Quality API,2025-03-01/2025-05-31
288,senior,17321.01,new york,été,19,resort,1140.17,ensoleillé,plage,4,aucun,0,1,excellent séjour.,911.6321052631578,0.065825838100665,1.0,0.0,0.0,1.0,0.0,0.0,0.0,24.52,2.28,32.0,14.21,92.0,40.71427,-74.00597,Open-Meteo Historical Weather API,2025-06-01/2025-08-31,18.13,17.43,51.89,1.61,2208.0,Open-Meteo Air Quality API,2025-06-01/2025-08-31
289,senior,20262.0,new york,été,21,appartement,999.05,nuageux,culture,1,bagages,0,1,séjour mitigé.,964.8571428571428,0.0493065837528378,1.0,0.0,0.0,0.0,1.0,1.0,0.0,24.52,2.28,32.0,14.21,92.0,40.71427,-74.00597,Open-Meteo Historical Weather API,2025-06-01/2025-08-31,18.13,17.43,51.89,1.61,2208.0,Open-Meteo Air Quality API,2025-06-01/2025-08-31
290,famille,7596.48,lisbonne,printemps,14,villa,1020.69,ensoleillé,plage,3,météo,1,0,séjour mitigé.,542.6057142857143,0.1343635473271831,1.0,0.0,0.0,1.0,1.0,0.0,1.0,15.64,3.53,41.0,19.08,92.0,38.72509,-9.1498,Open-Meteo Historical Weather API,2025-03-01/2025-05-31,15.2,9.48,34.11,1.3,2208.0,Open-Meteo Air Quality API,2025-03-01/2025-05-31
291,solo,5699.54,rome,automne,12,appartement,1128.03,nuageux,culture,4,aucun,0,0,excellent séjour.,474.9616666666666,0.1979159721661748,0.0,0.0,0.0,0.0,0.0,0.0,0.0,17.21,4.01,24.0,12.75,91.0,41.89193,12.51133,Open-Meteo Historical Weather API,2025-09-01/2025-11-30,13.51,9.22,34.28,0.79,2184.0,Open-Meteo Air Quality API,2025-09-01/2025-11-30
292,couple,13102.7,new york,automne,15,villa,1090.06,pluie,culture,2,annulation,1,1,séjour mitigé.,873.5133333333334,0.0831935402626939,1.0,1.0,0.0,1.0,1.0,1.0,0.0,13.97,3.07,25.0,15.38,91.0,40.71427,-74.00597,Open-Meteo Historical Weather API,2025-09-01/2025-11-30,11.7,11.28,42.27,0.76,2184.0,Open-Meteo Air Quality API,2025-09-01/2025-11-30
293,business,957.94,tokyo,printemps,3,hôtel,806.89,ensoleillé,business,2,retard_vol,1,1,séjour mitigé.,319.31333333333333,0.8423178904733073,0.0,0.0,1.0,0.0,1.0,1.0,0.0,14.52,6.04,44.0,15.33,92.0,35.6895,139.69171,Open-Meteo Historical Weather API,2025-03-01/2025-05-31,29.58,26.1,53.35,1.05,2208.0,Open-Meteo Air Quality API,2025-03-01/2025-05-31
294,couple,12919.72,bali,printemps,16,resort,1397.29,variable,gastronomie,2,aucun,0,0,séjour mitigé.,807.4825,0.1081517246503794,1.0,1.0,0.0,1.0,0.0,0.0,0.0,26.99,6.49,65.0,13.72,92.0,-8.65,115.21667,Open-Meteo Historical Weather API,2025-03-01/2025-05-31,12.14,10.4,31.68,2.19,2208.0,Open-Meteo Air Quality API,2025-03-01/2025-05-31
295,senior,4487.75,dubaï,hiver,7,hôtel,1082.97,pluie,gastronomie,4,météo,0,0,excellent séjour.,641.1071428571429,0.2413169182775333,0.0,1.0,0.0,0.0,1.0,0.0,1.0,20.21,0.09,2.0,19.57,90.0,25.07725,55.30927,Open-Meteo Historical Weather API,2024-12-01/2025-02-28,59.55,32.47,55.0,1.03,2160.0,Open-Meteo Air Quality API,2024-12-01/2025-02-28
296,couple,3989.38,new york,été,4,villa,1053.5,ensoleillé,culture,3,météo,1,1,séjour mitigé.,997.345,0.2640761221041866,0.0,0.0,0.0,1.0,1.0,0.0,1.0,24.52,2.28,32.0,14.21,92.0,40.71427,-74.00597,Open-Meteo Historical Weather API,2025-06-01/2025-08-31,18.13,17.43,51.89,1.61,2208.0,Open-Meteo Air Quality API,2025-06-01/2025-08-31
297,famille,2481.72,tokyo,automne,7,villa,696.63,variable,plage,3,météo,1,1,séjour mitigé.,354.53142857142853,0.2807045113872637,0.0,1.0,0.0,1.0,1.0,0.0,1.0,18.79,4.52,34.0,12.27,91.0,35.6895,139.69171,Open-Meteo Historical Weather API,2025-09-01/2025-11-30,28.46,27.24,54.08,0.85,2184.0,Open-Meteo Air Quality API,2025-09-01/2025-11-30
298,senior,12880.87,paris,automne,12,villa,1102.35,nuageux,plage,4,bagages,1,0,excellent séjour.,1073.4058333333337,0.0855803994605954,0.0,0.0,0.0,1.0,1.0,1.0,0.0,12.33,2.12,33.0,16.01,91.0,48.85341,2.3488,Open-Meteo Historical Weather API,2025-09-01/2025-11-30,12.19,8.6,34.88,0.44,2184.0,Open-Meteo Air Quality API,2025-09-01/2025-11-30
299,senior,5637.91,sydney,printemps,10,hôtel,1508.71,pluie,culture,3,retard_vol,1,1,séjour mitigé.,563.7909999999999,0.2676009372267383,0.0,1.0,0.0,0.0,1.0,1.0,0.0,19.13,4.44,49.0,17.74,92.0,-33.86785,151.20732,Open-Meteo Historical Weather API,2025-03-01/2025-05-31,11.25,9.25,31.84,1.01,2208.0,Open-Meteo Air Quality API,2025-03-01/2025-05-31
300,couple,4132.56,tokyo,printemps,13,villa,795.63,ensoleillé,gastronomie,1,annulation,0,0,séjour mitigé.,317.8892307692308,0.1925271502410128,0.0,0.0,0.0,1.0,1.0,1.0,0.0,14.52,6.04,44.0,15.33,92.0,35.6895,139.69171,Open-Meteo Historical Weather API,2025-03-01/2025-05-31,29.58,26.1,53.35,1.05,2208.0,Open-Meteo Air Quality API,2025-03-01/2025-05-31
301,senior,4395.24,rome,hiver,9,appartement,1038.08,variable,plage,2,retard_vol,1,1,séjour mitigé.,488.36,0.2361827795524249,0.0,1.0,0.0,0.0,1.0,1.0,0.0,9.23,2.57,28.0,13.79,90.0,41.89193,12.51133,Open-Meteo Historical Weather API,2024-12-01/2025-02-28,20.56,17.01,40.29,0.27,2160.0,Open-Meteo Air Quality API,2024-12-01/2025-02-28
302,senior,10535.82,lisbonne,printemps,18,villa,1029.57,variable,gastronomie,1,annulation,1,1,séjour mitigé.,585.3233333333333,0.0977209177833334,1.0,1.0,0.0,1.0,1.0,1.0,0.0,15.64,3.53,41.0,19.08,92.0,38.72509,-9.1498,Open-Meteo Historical Weather API,2025-03-01/2025-05-31,15.2,9.48,34.11,1.3,2208.0,Open-Meteo Air Quality API,2025-03-01/2025-05-31
303,couple,4113.13,tokyo,printemps,14,villa,988.83,ensoleillé,gastronomie,2,météo,1,1,séjour mitigé.,293.795,0.2404081563189104,1.0,0.0,0.0,1.0,1.0,0.0,1.0,14.52,6.04,44.0,15.33,92.0,35.6895,139.69171,Open-Meteo Historical Weather API,2025-03-01/2025-05-31,29.58,26.1,53.35,1.05,2208.0,Open-Meteo Air Quality API,2025-03-01/2025-05-31
304,famille,19608.71,new york,été,21,resort,1280.92,ensoleillé,gastronomie,3,annulation,1,1,séjour mitigé.,933.7480952380952,0.0653240320245442,1.0,0.0,0.0,1.0,1.0,1.0,0.0,24.52,2.28,32.0,14.21,92.0,40.71427,-74.00597,Open-Meteo Historical Weather API,2025-06-01/2025-08-31,18.13,17.43,51.89,1.61,2208.0,Open-Meteo Air Quality API,2025-06-01/2025-08-31
305,solo,6444.64,new york,automne,7,appartement,856.37,pluie,gastronomie,2,retard_vol,1,1,séjour mitigé.,920.6628571428572,0.1328809677499441,0.0,1.0,0.0,0.0,1.0,1.0,0.0,13.97,3.07,25.0,15.38,91.0,40.71427,-74.00597,Open-Meteo Historical Weather API,2025-09-01/2025-11-30,11.7,11.28,42.27,0.76,2184.0,Open-Meteo Air Quality API,2025-09-01/2025-11-30
306,couple,1966.78,lisbonne,été,4,appartement,839.24,ensoleillé,randonnée,1,météo,1,1,séjour mitigé.,491.695,0.4267076134595634,0.0,0.0,0.0,0.0,1.0,0.0,1.0,23.39,0.06,1.0,17.22,92.0,38.72509,-9.1498,Open-Meteo Historical Weather API,2025-06-01/2025-08-31,19.54,10.92,32.89,2.16,2208.0,Open-Meteo Air Quality API,2025-06-01/2025-08-31
307,famille,6061.36,rome,automne,14,resort,1523.5,nuageux,culture,3,aucun,0,1,séjour mitigé.,432.9542857142857,0.2513462325286734,1.0,0.0,0.0,1.0,0.0,0.0,0.0,17.21,4.01,24.0,12.75,91.0,41.89193,12.51133,Open-Meteo Historical Weather API,2025-09-01/2025-11-30,13.51,9.22,34.28,0.79,2184.0,Open-Meteo Air Quality API,2025-09-01/2025-11-30
308,solo,5573.66,rome,hiver,13,villa,1144.32,ensoleillé,randonnée,2,météo,0,0,séjour mitigé.,428.7430769230769,0.2053085405281269,0.0,0.0,0.0,1.0,1.0,0.0,1.0,9.23,2.57,28.0,13.79,90.0,41.89193,12.51133,Open-Meteo Historical Weather API,2024-12-01/2025-02-28,20.56,17.01,40.29,0.27,2160.0,Open-Meteo Air Quality API,2024-12-01/2025-02-28
309,couple,3196.59,tokyo,hiver,10,resort,800.0,nuageux,gastronomie,3,retard_vol,1,1,séjour mitigé.,319.659,0.2502666904420022,0.0,0.0,0.0,1.0,1.0,1.0,0.0,6.08,0.56,8.0,14.28,90.0,35.6895,139.69171,Open-Meteo Historical Weather API,2024-12-01/2025-02-28,31.02,30.0,55.43,0.51,2160.0,Open-Meteo Air Quality API,2024-12-01/2025-02-28
310,business,5767.34,paris,automne,7,hôtel,1364.12,pluie,business,3,bagages,0,0,séjour mitigé.,823.9057142857143,0.2365249837880201,0.0,1.0,1.0,0.0,1.0,1.0,0.0,12.33,2.12,33.0,16.01,91.0,48.85341,2.3488,Open-Meteo Historical Weather API,2025-09-01/2025-11-30,12.19,8.6,34.88,0.44,2184.0,Open-Meteo Air Quality API,2025-09-01/2025-11-30
311,business,3303.59,lisbonne,hiver,6,villa,779.15,ensoleillé,business,1,retard_vol,0,0,séjour mitigé.,550.5983333333334,0.2358494849542467,0.0,0.0,1.0,1.0,1.0,1.0,0.0,12.63,2.92,26.0,17.53,90.0,38.72509,-9.1498,Open-Meteo Historical Weather API,2024-12-01/2025-02-28,19.66,13.91,36.49,0.38,2160.0,Open-Meteo Air Quality API,2024-12-01/2025-02-28
312,couple,11215.85,paris,hiver,12,appartement,1211.2,ensoleillé,gastronomie,1,retard_vol,1,1,séjour mitigé.,934.6541666666668,0.1079900319636942,0.0,0.0,0.0,0.0,1.0,1.0,0.0,4.95,2.61,35.0,15.72,90.0,48.85341,2.3488,Open-Meteo Historical Weather API,2024-12-01/2025-02-28,20.98,17.57,45.01,0.13,2160.0,Open-Meteo Air Quality API,2024-12-01/2025-02-28
313,couple,3508.2,bali,hiver,5,appartement,742.01,pluie,plage,3,aucun,0,1,séjour mitigé.,701.64,0.2115073256940881,0.0,1.0,0.0,0.0,0.0,0.0,0.0,26.28,11.89,84.0,14.7,90.0,-8.65,115.21667,Open-Meteo Historical Weather API,2024-12-01/2025-02-28,12.8,11.67,33.02,1.96,2160.0,Open-Meteo Air Quality API,2024-12-01/2025-02-28
314,business,3376.55,rome,été,7,hôtel,1083.5,ensoleillé,business,2,annulation,1,1,séjour mitigé.,482.36428571428576,0.3208896654869615,0.0,0.0,1.0,0.0,1.0,1.0,0.0,27.22,1.32,16.0,14.95,92.0,41.89193,12.51133,Open-Meteo Historical Weather API,2025-06-01/2025-08-31,15.45,9.67,40.74,2.01,2208.0,Open-Meteo Air Quality API,2025-06-01/2025-08-31
315,solo,4079.61,rome,printemps,8,villa,1231.71,ensoleillé,randonnée,2,météo,0,1,séjour mitigé.,509.95125,0.301918565745255,0.0,0.0,0.0,1.0,1.0,0.0,1.0,15.22,3.55,32.0,13.85,92.0,41.89193,12.51133,Open-Meteo Historical Weather API,2025-03-01/2025-05-31,15.93,11.65,37.47,1.19,2208.0,Open-Meteo Air Quality API,2025-03-01/2025-05-31
316,senior,7658.46,rome,automne,17,villa,1040.6,pluie,plage,1,aucun,0,1,séjour mitigé.,450.49764705882353,0.1358758810518041,1.0,1.0,0.0,1.0,0.0,0.0,0.0,17.21,4.01,24.0,12.75,91.0,41.89193,12.51133,Open-Meteo Historical Weather API,2025-09-01/2025-11-30,13.51,9.22,34.28,0.79,2184.0,Open-Meteo Air Quality API,2025-09-01/2025-11-30
317,senior,10156.05,new york,printemps,13,villa,1380.74,pluie,plage,2,météo,0,0,séjour mitigé.,781.2346153846154,0.1359524618330945,0.0,1.0,0.0,1.0,1.0,0.0,1.0,12.04,4.75,36.0,17.46,92.0,40.71427,-74.00597,Open-Meteo Historical Weather API,2025-03-01/2025-05-31,11.88,11.05,41.24,1.07,2208.0,Open-Meteo Air Quality API,2025-03-01/2025-05-31
318,solo,2984.92,tokyo,printemps,8,appartement,589.16,ensoleillé,culture,2,annulation,1,1,séjour mitigé.,373.115,0.1973788242230947,0.0,0.0,0.0,0.0,1.0,1.0,0.0,14.52,6.04,44.0,15.33,92.0,35.6895,139.69171,Open-Meteo Historical Weather API,2025-03-01/2025-05-31,29.58,26.1,53.35,1.05,2208.0,Open-Meteo Air Quality API,2025-03-01/2025-05-31
319,famille,6767.81,lisbonne,printemps,12,villa,845.24,pluie,randonnée,4,météo,1,1,excellent séjour.,563.9841666666667,0.1248912129625388,0.0,1.0,0.0,1.0,1.0,0.0,1.0,15.64,3.53,41.0,19.08,92.0,38.72509,-9.1498,Open-Meteo Historical Weather API,2025-03-01/2025-05-31,15.2,9.48,34.11,1.3,2208.0,Open-Meteo Air Quality API,2025-03-01/2025-05-31
320,famille,6496.33,dubaï,printemps,11,appartement,1346.67,ensoleillé,randonnée,1,annulation,1,1,séjour mitigé.,590.5754545454546,0.2072970430997193,0.0,0.0,0.0,0.0,1.0,1.0,0.0,28.3,0.01,0.0,22.56,92.0,25.07725,55.30927,Open-Meteo Historical Weather API,2025-03-01/2025-05-31,70.72,36.99,63.06,2.2,2208.0,Open-Meteo Air Quality API,2025-03-01/2025-05-31
321,senior,5580.01,rome,printemps,11,hôtel,1556.99,pluie,culture,2,annulation,1,1,séjour mitigé.,507.2736363636364,0.2790299658961184,0.0,1.0,0.0,0.0,1.0,1.0,0.0,15.22,3.55,32.0,13.85,92.0,41.89193,12.51133,Open-Meteo Historical Weather API,2025-03-01/2025-05-31,15.93,11.65,37.47,1.19,2208.0,Open-Meteo Air Quality API,2025-03-01/2025-05-31
322,couple,2335.83,dubaï,printemps,4,appartement,1036.3,ensoleillé,gastronomie,3,aucun,0,1,séjour mitigé.,583.9575,0.4436538617964492,0.0,0.0,0.0,0.0,0.0,0.0,0.0,28.3,0.01,0.0,22.56,92.0,25.07725,55.30927,Open-Meteo Historical Weather API,2025-03-01/2025-05-31,70.72,36.99,63.06,2.2,2208.0,Open-Meteo Air Quality API,2025-03-01/2025-05-31
323,business,2669.27,sydney,printemps,5,villa,1400.94,pluie,culture,3,météo,0,0,séjour mitigé.,533.854,0.5248401248281366,0.0,1.0,1.0,1.0,1.0,0.0,1.0,19.13,4.44,49.0,17.74,92.0,-33.86785,151.20732,Open-Meteo Historical Weather API,2025-03-01/2025-05-31,11.25,9.25,31.84,1.01,2208.0,Open-Meteo Air Quality API,2025-03-01/2025-05-31
324,senior,17958.5,paris,printemps,17,villa,1223.99,variable,culture,4,aucun,0,1,excellent séjour.,1056.3823529411766,0.0681565832335662,1.0,1.0,0.0,1.0,0.0,0.0,0.0,12.44,1.18,26.0,14.07,92.0,48.85341,2.3488,Open-Meteo Historical Weather API,2025-03-01/2025-05-31,15.06,12.04,38.85,0.97,2208.0,Open-Meteo Air Quality API,2025-03-01/2025-05-31
325,famille,13058.41,bali,automne,18,villa,1054.62,pluie,randonnée,3,retard_vol,0,0,séjour mitigé.,725.4672222222222,0.0807617466444995,1.0,1.0,0.0,1.0,1.0,1.0,0.0,26.3,6.82,61.0,14.71,91.0,-8.65,115.21667,Open-Meteo Historical Weather API,2025-09-01/2025-11-30,14.48,11.69,32.66,2.5,2184.0,Open-Meteo Air Quality API,2025-09-01/2025-11-30
326,business,4959.45,new york,été,5,hôtel,1186.03,ensoleillé,gastronomie,2,annulation,1,0,séjour mitigé.,991.89,0.2391454697597516,0.0,0.0,1.0,0.0,1.0,1.0,0.0,24.52,2.28,32.0,14.21,92.0,40.71427,-74.00597,Open-Meteo Historical Weather API,2025-06-01/2025-08-31,18.13,17.43,51.89,1.61,2208.0,Open-Meteo Air Quality API,2025-06-01/2025-08-31
327,famille,7241.43,lisbonne,hiver,12,villa,932.0,pluie,randonnée,3,bagages,1,0,séjour mitigé.,603.4525,0.128703860977735,0.0,1.0,0.0,1.0,1.0,1.0,0.0,12.63,2.92,26.0,17.53,90.0,38.72509,-9.1498,Open-Meteo Historical Weather API,2024-12-01/2025-02-28,19.66,13.91,36.49,0.38,2160.0,Open-Meteo Air Quality API,2024-12-01/2025-02-28
328,couple,2660.0,tokyo,automne,8,appartement,682.54,ensoleillé,plage,4,annulation,0,0,excellent séjour.,332.5,0.256593984962406,0.0,0.0,0.0,0.0,1.0,1.0,0.0,18.79,4.52,34.0,12.27,91.0,35.6895,139.69171,Open-Meteo Historical Weather API,2025-09-01/2025-11-30,28.46,27.24,54.08,0.85,2184.0,Open-Meteo Air Quality API,2025-09-01/2025-11-30
329,business,875.85,tokyo,été,3,appartement,757.92,variable,business,1,retard_vol,1,1,séjour mitigé.,291.95,0.8653536564480219,0.0,1.0,1.0,0.0,1.0,1.0,0.0,27.71,2.91,31.0,13.49,92.0,35.6895,139.69171,Open-Meteo Historical Weather API,2025-06-01/2025-08-31,24.0,22.42,51.6,1.83,2208.0,Open-Meteo Air Quality API,2025-06-01/2025-08-31
330,senior,3899.8,lisbonne,printemps,8,villa,852.67,ensoleillé,culture,5,aucun,0,1,excellent séjour.,487.475,0.2186445458741473,0.0,0.0,0.0,1.0,0.0,0.0,0.0,15.64,3.53,41.0,19.08,92.0,38.72509,-9.1498,Open-Meteo Historical Weather API,2025-03-01/2025-05-31,15.2,9.48,34.11,1.3,2208.0,Open-Meteo Air Quality API,2025-03-01/2025-05-31
331,famille,4423.77,bali,automne,7,hôtel,1257.75,pluie,plage,1,aucun,0,1,séjour mitigé.,631.9671428571429,0.2843163184342766,0.0,1.0,0.0,0.0,0.0,0.0,0.0,26.3,6.82,61.0,14.71,91.0,-8.65,115.21667,Open-Meteo Historical Weather API,2025-09-01/2025-11-30,14.48,11.69,32.66,2.5,2184.0,Open-Meteo Air Quality API,2025-09-01/2025-11-30
332,senior,7132.8,rome,automne,18,appartement,1407.37,pluie,culture,3,retard_vol,1,0,séjour mitigé.,396.26666666666665,0.1973096119336025,1.0,1.0,0.0,0.0,1.0,1.0,0.0,17.21,4.01,24.0,12.75,91.0,41.89193,12.51133,Open-Meteo Historical Weather API,2025-09-01/2025-11-30,13.51,9.22,34.28,0.79,2184.0,Open-Meteo Air Quality API,2025-09-01/2025-11-30
333,business,1086.42,tokyo,hiver,3,villa,928.51,ensoleillé,business,3,bagages,1,1,séjour mitigé.,362.14,0.8546510557611237,0.0,0.0,1.0,1.0,1.0,1.0,0.0,6.08,0.56,8.0,14.28,90.0,35.6895,139.69171,Open-Meteo Historical Weather API,2024-12-01/2025-02-28,31.02,30.0,55.43,0.51,2160.0,Open-Meteo Air Quality API,2024-12-01/2025-02-28
334,business,2741.94,tokyo,été,7,appartement,610.8,ensoleillé,business,2,météo,1,1,séjour mitigé.,391.7057142857143,0.2227619860390818,0.0,0.0,1.0,0.0,1.0,0.0,1.0,27.71,2.91,31.0,13.49,92.0,35.6895,139.69171,Open-Meteo Historical Weather API,2025-06-01/2025-08-31,24.0,22.42,51.6,1.83,2208.0,Open-Meteo Air Quality API,2025-06-01/2025-08-31
335,business,1912.11,rome,printemps,4,hôtel,1689.83,ensoleillé,business,1,retard_vol,1,1,séjour mitigé.,478.0275,0.8837514578136195,0.0,0.0,1.0,0.0,1.0,1.0,0.0,15.22,3.55,32.0,13.85,92.0,41.89193,12.51133,Open-Meteo Historical Weather API,2025-03-01/2025-05-31,15.93,11.65,37.47,1.19,2208.0,Open-Meteo Air Quality API,2025-03-01/2025-05-31
336,senior,7645.12,new york,printemps,8,villa,784.38,pluie,culture,2,retard_vol,0,0,séjour mitigé.,955.64,0.1025987819681051,0.0,1.0,0.0,1.0,1.0,1.0,0.0,12.04,4.75,36.0,17.46,92.0,40.71427,-74.00597,Open-Meteo Historical Weather API,2025-03-01/2025-05-31,11.88,11.05,41.24,1.07,2208.0,Open-Meteo Air Quality API,2025-03-01/2025-05-31
337,solo,5252.17,new york,printemps,7,hôtel,1083.9,ensoleillé,plage,2,météo,1,1,séjour mitigé.,750.3100000000001,0.206371842495578,0.0,0.0,0.0,0.0,1.0,0.0,1.0,12.04,4.75,36.0,17.46,92.0,40.71427,-74.00597,Open-Meteo Historical Weather API,2025-03-01/2025-05-31,11.88,11.05,41.24,1.07,2208.0,Open-Meteo Air Quality API,2025-03-01/2025-05-31
338,famille,12866.99,bali,été,18,villa,1345.82,ensoleillé,plage,3,aucun,0,1,séjour mitigé.,714.8327777777778,0.1045947809083554,1.0,0.0,0.0,1.0,0.0,0.0,0.0,25.53,3.21,49.0,18.92,92.0,-8.65,115.21667,Open-Meteo Historical Weather API,2025-06-01/2025-08-31,13.38,9.86,30.22,1.86,2208.0,Open-Meteo Air Quality API,2025-06-01/2025-08-31
339,solo,11400.5,bali,automne,15,villa,1288.81,ensoleillé,plage,4,météo,0,1,excellent séjour.,760.0333333333333,0.1130485505021709,1.0,0.0,0.0,1.0,1.0,0.0,1.0,26.3,6.82,61.0,14.71,91.0,-8.65,115.21667,Open-Meteo Historical Weather API,2025-09-01/2025-11-30,14.48,11.69,32.66,2.5,2184.0,Open-Meteo Air Quality API,2025-09-01/2025-11-30
340,solo,6258.78,bali,automne,9,villa,1121.18,pluie,business,3,météo,1,0,séjour mitigé.,695.42,0.1791371481343009,0.0,1.0,0.0,1.0,1.0,0.0,1.0,26.3,6.82,61.0,14.71,91.0,-8.65,115.21667,Open-Meteo Historical Weather API,2025-09-01/2025-11-30,14.48,11.69,32.66,2.5,2184.0,Open-Meteo Air Quality API,2025-09-01/2025-11-30
341,senior,6073.45,new york,printemps,7,resort,1074.52,pluie,culture,3,annulation,1,0,séjour mitigé.,867.6357142857142,0.1769208604664564,0.0,1.0,0.0,1.0,1.0,1.0,0.0,12.04,4.75,36.0,17.46,92.0,40.71427,-74.00597,Open-Meteo Historical Weather API,2025-03-01/2025-05-31,11.88,11.05,41.24,1.07,2208.0,Open-Meteo Air Quality API,2025-03-01/2025-05-31
342,senior,16903.37,paris,hiver,21,hôtel,1131.74,variable,culture,2,annulation,1,1,séjour mitigé.,804.9223809523809,0.0669535128202246,1.0,1.0,0.0,0.0,1.0,1.0,0.0,4.95,2.61,35.0,15.72,90.0,48.85341,2.3488,Open-Meteo Historical Weather API,2024-12-01/2025-02-28,20.98,17.57,45.01,0.13,2160.0,Open-Meteo Air Quality API,2024-12-01/2025-02-28
343,solo,10029.21,dubaï,printemps,16,hôtel,1204.01,pluie,plage,3,annulation,1,0,séjour mitigé.,626.825625,0.1200503329773731,1.0,1.0,0.0,0.0,1.0,1.0,0.0,28.3,0.01,0.0,22.56,92.0,25.07725,55.30927,Open-Meteo Historical Weather API,2025-03-01/2025-05-31,70.72,36.99,63.06,2.2,2208.0,Open-Meteo Air Quality API,2025-03-01/2025-05-31
344,solo,8590.28,bali,automne,14,hôtel,1394.29,pluie,gastronomie,3,annulation,1,0,séjour mitigé.,613.5914285714287,0.1623101924500714,1.0,1.0,0.0,0.0,1.0,1.0,0.0,26.3,6.82,61.0,14.71,91.0,-8.65,115.21667,Open-Meteo Historical Weather API,2025-09-01/2025-11-30,14.48,11.69,32.66,2.5,2184.0,Open-Meteo Air Quality API,2025-09-01/2025-11-30
345,famille,5004.1,tokyo,été,14,villa,790.24,ensoleillé,plage,1,retard_vol,0,1,séjour mitigé.,357.4357142857143,0.1579185068244039,1.0,0.0,0.0,1.0,1.0,1.0,0.0,27.71,2.91,31.0,13.49,92.0,35.6895,139.69171,Open-Meteo Historical Weather API,2025-06-01/2025-08-31,24.0,22.42,51.6,1.83,2208.0,Open-Meteo Air Quality API,2025-06-01/2025-08-31
346,solo,8818.28,paris,été,11,appartement,1095.09,ensoleillé,culture,1,retard_vol,1,1,séjour mitigé.,801.6618181818183,0.1241840812494046,0.0,0.0,0.0,0.0,1.0,1.0,0.0,21.05,2.58,30.0,14.41,92.0,48.85341,2.3488,Open-Meteo Historical Weather API,2025-06-01/2025-08-31,10.28,6.83,31.49,1.5,2208.0,Open-Meteo Air Quality API,2025-06-01/2025-08-31
347,business,4385.53,paris,printemps,5,resort,1387.03,ensoleillé,business,3,aucun,0,0,séjour mitigé.,877.106,0.3162742017498455,0.0,0.0,1.0,1.0,0.0,0.0,0.0,12.44,1.18,26.0,14.07,92.0,48.85341,2.3488,Open-Meteo Historical Weather API,2025-03-01/2025-05-31,15.06,12.04,38.85,0.97,2208.0,Open-Meteo Air Quality API,2025-03-01/2025-05-31
348,solo,10266.88,bali,printemps,15,appartement,1293.7,pluie,plage,2,météo,0,0,séjour mitigé.,684.4586666666667,0.1260071219299339,1.0,1.0,0.0,0.0,1.0,0.0,1.0,26.99,6.49,65.0,13.72,92.0,-8.65,115.21667,Open-Meteo Historical Weather API,2025-03-01/2025-05-31,12.14,10.4,31.68,2.19,2208.0,Open-Meteo Air Quality API,2025-03-01/2025-05-31
349,couple,3056.02,dubaï,été,6,appartement,1481.81,nuageux,randonnée,5,aucun,0,1,excellent séjour.,509.3366666666666,0.4848822978907205,0.0,0.0,0.0,0.0,0.0,0.0,0.0,35.27,0.0,0.0,22.79,92.0,25.07725,55.30927,Open-Meteo Historical Weather API,2025-06-01/2025-08-31,128.17,54.13,71.91,2.19,2208.0,Open-Meteo Air Quality API,2025-06-01/2025-08-31
350,business,1810.16,tokyo,été,5,villa,820.91,ensoleillé,gastronomie,3,bagages,1,0,séjour mitigé.,362.032,0.4535013479471427,0.0,0.0,1.0,1.0,1.0,1.0,0.0,27.71,2.91,31.0,13.49,92.0,35.6895,139.69171,Open-Meteo Historical Weather API,2025-06-01/2025-08-31,24.0,22.42,51.6,1.83,2208.0,Open-Meteo Air Quality API,2025-06-01/2025-08-31
351,famille,14989.12,new york,automne,15,hôtel,971.23,pluie,culture,3,retard_vol,0,0,séjour mitigé.,999.2746666666668,0.0647956651224354,1.0,1.0,0.0,0.0,1.0,1.0,0.0,13.97,3.07,25.0,15.38,91.0,40.71427,-74.00597,Open-Meteo Historical Weather API,2025-09-01/2025-11-30,11.7,11.28,42.27,0.76,2184.0,Open-Meteo Air Quality API,2025-09-01/2025-11-30
352,business,5398.62,bali,été,7,appartement,1132.77,ensoleillé,culture,2,retard_vol,1,1,séjour mitigé.,771.2314285714285,0.2098258443824533,0.0,0.0,1.0,0.0,1.0,1.0,0.0,25.53,3.21,49.0,18.92,92.0,-8.65,115.21667,Open-Meteo Historical Weather API,2025-06-01/2025-08-31,13.38,9.86,30.22,1.86,2208.0,Open-Meteo Air Quality API,2025-06-01/2025-08-31
353,solo,10088.19,bali,été,13,hôtel,1375.32,variable,plage,2,annulation,1,0,séjour mitigé.,776.0146153846155,0.1363297083024804,0.0,1.0,0.0,0.0,1.0,1.0,0.0,25.53,3.21,49.0,18.92,92.0,-8.65,115.21667,Open-Meteo Historical Weather API,2025-06-01/2025-08-31,13.38,9.86,30.22,1.86,2208.0,Open-Meteo Air Quality API,2025-06-01/2025-08-31
354,couple,6432.61,rome,automne,14,villa,1397.43,variable,business,3,météo,1,0,séjour mitigé.,459.4721428571429,0.2172415240470042,1.0,1.0,0.0,1.0,1.0,0.0,1.0,17.21,4.01,24.0,12.75,91.0,41.89193,12.51133,Open-Meteo Historical Weather API,2025-09-01/2025-11-30,13.51,9.22,34.28,0.79,2184.0,Open-Meteo Air Quality API,2025-09-01/2025-11-30
355,couple,15562.54,paris,hiver,15,appartement,1218.28,ensoleillé,gastronomie,1,aucun,0,0,séjour mitigé.,1037.5026666666668,0.078282850999901,1.0,0.0,0.0,0.0,0.0,0.0,0.0,4.95,2.61,35.0,15.72,90.0,48.85341,2.3488,Open-Meteo Historical Weather API,2024-12-01/2025-02-28,20.98,17.57,45.01,0.13,2160.0,Open-Meteo Air Quality API,2024-12-01/2025-02-28
356,business,2439.88,dubaï,été,4,resort,1344.01,variable,business,2,météo,1,1,séjour mitigé.,609.97,0.5508508615177795,0.0,1.0,1.0,1.0,1.0,0.0,1.0,35.27,0.0,0.0,22.79,92.0,25.07725,55.30927,Open-Meteo Historical Weather API,2025-06-01/2025-08-31,128.17,54.13,71.91,2.19,2208.0,Open-Meteo Air Quality API,2025-06-01/2025-08-31
357,solo,12210.62,paris,printemps,12,resort,1456.33,pluie,randonnée,3,météo,1,0,séjour mitigé.,1017.5516666666668,0.1192674901028776,0.0,1.0,0.0,1.0,1.0,0.0,1.0,12.44,1.18,26.0,14.07,92.0,48.85341,2.3488,Open-Meteo Historical Weather API,2025-03-01/2025-05-31,15.06,12.04,38.85,0.97,2208.0,Open-Meteo Air Quality API,2025-03-01/2025-05-31
358,famille,10930.83,lisbonne,hiver,17,villa,824.67,nuageux,plage,4,retard_vol,0,0,excellent séjour.,642.99,0.0754444081556478,1.0,0.0,0.0,1.0,1.0,1.0,0.0,12.63,2.92,26.0,17.53,90.0,38.72509,-9.1498,Open-Meteo Historical Weather API,2024-12-01/2025-02-28,19.66,13.91,36.49,0.38,2160.0,Open-Meteo Air Quality API,2024-12-01/2025-02-28
359,senior,8194.01,dubaï,printemps,15,hôtel,1429.16,variable,gastronomie,4,météo,1,0,excellent séjour.,546.2673333333333,0.1744152130641773,1.0,1.0,0.0,0.0,1.0,0.0,1.0,28.3,0.01,0.0,22.56,92.0,25.07725,55.30927,Open-Meteo Historical Weather API,2025-03-01/2025-05-31,70.72,36.99,63.06,2.2,2208.0,Open-Meteo Air Quality API,2025-03-01/2025-05-31
360,senior,9045.33,new york,été,11,appartement,1075.51,ensoleillé,gastronomie,1,aucun,0,0,séjour mitigé.,822.3027272727272,0.1189022401614977,0.0,0.0,0.0,0.0,0.0,0.0,0.0,24.52,2.28,32.0,14.21,92.0,40.71427,-74.00597,Open-Meteo Historical Weather API,2025-06-01/2025-08-31,18.13,17.43,51.89,1.61,2208.0,Open-Meteo Air Quality API,2025-06-01/2025-08-31
361,solo,9691.58,new york,hiver,13,hôtel,1072.93,pluie,gastronomie,4,retard_vol,1,0,excellent séjour.,745.5061538461539,0.1107074388283437,0.0,1.0,0.0,0.0,1.0,1.0,0.0,0.0,2.34,32.0,16.49,90.0,40.71427,-74.00597,Open-Meteo Historical Weather API,2024-12-01/2025-02-28,14.23,13.56,43.36,0.34,2160.0,Open-Meteo Air Quality API,2024-12-01/2025-02-28
362,couple,8271.15,bali,été,12,appartement,1440.52,ensoleillé,plage,4,aucun,0,1,excellent séjour.,689.2624999999999,0.1741619968202729,0.0,0.0,0.0,0.0,0.0,0.0,0.0,25.53,3.21,49.0,18.92,92.0,-8.65,115.21667,Open-Meteo Historical Weather API,2025-06-01/2025-08-31,13.38,9.86,30.22,1.86,2208.0,Open-Meteo Air Quality API,2025-06-01/2025-08-31
363,famille,2811.22,tokyo,hiver,7,villa,842.94,pluie,plage,3,retard_vol,1,1,séjour mitigé.,401.6028571428571,0.2998484643677834,0.0,1.0,0.0,1.0,1.0,1.0,0.0,6.08,0.56,8.0,14.28,90.0,35.6895,139.69171,Open-Meteo Historical Weather API,2024-12-01/2025-02-28,31.02,30.0,55.43,0.51,2160.0,Open-Meteo Air Quality API,2024-12-01/2025-02-28
365,business,3343.64,paris,hiver,4,resort,1461.43,ensoleillé,business,3,retard_vol,1,0,séjour mitigé.,835.91,0.4370775561962413,0.0,0.0,1.0,1.0,1.0,1.0,0.0,4.95,2.61,35.0,15.72,90.0,48.85341,2.3488,Open-Meteo Historical Weather API,2024-12-01/2025-02-28,20.98,17.57,45.01,0.13,2160.0,Open-Meteo Air Quality API,2024-12-01/2025-02-28
366,senior,10312.73,rome,hiver,21,resort,1284.25,ensoleillé,gastronomie,2,annulation,1,1,séjour mitigé.,491.08238095238096,0.1245305559245709,1.0,0.0,0.0,1.0,1.0,1.0,0.0,9.23,2.57,28.0,13.79,90.0,41.89193,12.51133,Open-Meteo Historical Weather API,2024-12-01/2025-02-28,20.56,17.01,40.29,0.27,2160.0,Open-Meteo Air Quality API,2024-12-01/2025-02-28
367,business,6007.64,new york,printemps,7,villa,1222.61,pluie,gastronomie,2,aucun,0,1,séjour mitigé.,858.2342857142858,0.2035091982875138,0.0,1.0,1.0,1.0,0.0,0.0,0.0,12.04,4.75,36.0,17.46,92.0,40.71427,-74.00597,Open-Meteo Historical Weather API,2025-03-01/2025-05-31,11.88,11.05,41.24,1.07,2208.0,Open-Meteo Air Quality API,2025-03-01/2025-05-31
368,business,3001.11,new york,printemps,3,hôtel,1057.53,ensoleillé,culture,2,météo,1,1,séjour mitigé.,1000.37,0.3523796195407699,0.0,0.0,1.0,0.0,1.0,0.0,1.0,12.04,4.75,36.0,17.46,92.0,40.71427,-74.00597,Open-Meteo Historical Weather API,2025-03-01/2025-05-31,11.88,11.05,41.24,1.07,2208.0,Open-Meteo Air Quality API,2025-03-01/2025-05-31
369,business,4707.8,bali,automne,6,hôtel,1296.82,nuageux,business,2,météo,0,0,séjour mitigé.,784.6333333333333,0.2754619992353115,0.0,0.0,1.0,0.0,1.0,0.0,1.0,26.3,6.82,61.0,14.71,91.0,-8.65,115.21667,Open-Meteo Historical Weather API,2025-09-01/2025-11-30,14.48,11.69,32.66,2.5,2184.0,Open-Meteo Air Quality API,2025-09-01/2025-11-30
370,couple,8173.73,rome,hiver,16,resort,1255.22,nuageux,business,2,météo,1,1,séjour mitigé.,510.858125,0.1535675878699198,1.0,0.0,0.0,1.0,1.0,0.0,1.0,9.23,2.57,28.0,13.79,90.0,41.89193,12.51133,Open-Meteo Historical Weather API,2024-12-01/2025-02-28,20.56,17.01,40.29,0.27,2160.0,Open-Meteo Air Quality API,2024-12-01/2025-02-28
371,solo,6816.09,paris,été,7,hôtel,1239.9,pluie,culture,2,aucun,0,1,séjour mitigé.,973.7271428571428,0.1819078093158981,0.0,1.0,0.0,0.0,0.0,0.0,0.0,21.05,2.58,30.0,14.41,92.0,48.85341,2.3488,Open-Meteo Historical Weather API,2025-06-01/2025-08-31,10.28,6.83,31.49,1.5,2208.0,Open-Meteo Air Quality API,2025-06-01/2025-08-31
372,senior,8748.66,rome,été,19,appartement,1394.5,ensoleillé,gastronomie,3,annulation,1,0,séjour mitigé.,460.4557894736842,0.1593958389056152,1.0,0.0,0.0,0.0,1.0,1.0,0.0,27.22,1.32,16.0,14.95,92.0,41.89193,12.51133,Open-Meteo Historical Weather API,2025-06-01/2025-08-31,15.45,9.67,40.74,2.01,2208.0,Open-Meteo Air Quality API,2025-06-01/2025-08-31
373,solo,3477.35,rome,printemps,9,villa,1123.09,ensoleillé,plage,4,aucun,0,1,excellent séjour.,386.3722222222222,0.3229729535422088,0.0,0.0,0.0,1.0,0.0,0.0,0.0,15.22,3.55,32.0,13.85,92.0,41.89193,12.51133,Open-Meteo Historical Weather API,2025-03-01/2025-05-31,15.93,11.65,37.47,1.19,2208.0,Open-Meteo Air Quality API,2025-03-01/2025-05-31
374,couple,6601.36,dubaï,été,13,appartement,1735.3,ensoleillé,culture,2,météo,1,1,séjour mitigé.,507.7969230769231,0.2628700752572197,0.0,0.0,0.0,0.0,1.0,0.0,1.0,35.27,0.0,0.0,22.79,92.0,25.07725,55.30927,Open-Meteo Historical Weather API,2025-06-01/2025-08-31,128.17,54.13,71.91,2.19,2208.0,Open-Meteo Air Quality API,2025-06-01/2025-08-31
375,famille,15880.63,new york,printemps,21,appartement,941.78,ensoleillé,randonnée,2,retard_vol,1,0,séjour mitigé.,756.2204761904761,0.0593036926116911,1.0,0.0,0.0,0.0,1.0,1.0,0.0,12.04,4.75,36.0,17.46,92.0,40.71427,-74.00597,Open-Meteo Historical Weather API,2025-03-01/2025-05-31,11.88,11.05,41.24,1.07,2208.0,Open-Meteo Air Quality API,2025-03-01/2025-05-31
376,senior,6340.29,tokyo,été,18,resort,613.46,ensoleillé,culture,2,météo,1,1,séjour mitigé.,352.23833333333334,0.0967558266262268,1.0,0.0,0.0,1.0,1.0,0.0,1.0,27.71,2.91,31.0,13.49,92.0,35.6895,139.69171,Open-Meteo Historical Weather API,2025-06-01/2025-08-31,24.0,22.42,51.6,1.83,2208.0,Open-Meteo Air Quality API,2025-06-01/2025-08-31
377,couple,4061.74,tokyo,printemps,12,resort,880.37,ensoleillé,randonnée,3,météo,1,0,séjour mitigé.,338.4783333333333,0.2167470099021601,0.0,0.0,0.0,1.0,1.0,0.0,1.0,14.52,6.04,44.0,15.33,92.0,35.6895,139.69171,Open-Meteo Historical Weather API,2025-03-01/2025-05-31,29.58,26.1,53.35,1.05,2208.0,Open-Meteo Air Quality API,2025-03-01/2025-05-31
378,business,4818.13,paris,été,5,appartement,1367.24,variable,culture,2,bagages,1,1,séjour mitigé.,963.626,0.2837698443171936,0.0,1.0,1.0,0.0,1.0,1.0,0.0,21.05,2.58,30.0,14.41,92.0,48.85341,2.3488,Open-Meteo Historical Weather API,2025-06-01/2025-08-31,10.28,6.83,31.49,1.5,2208.0,Open-Meteo Air Quality API,2025-06-01/2025-08-31
379,business,2415.1,sydney,printemps,4,hôtel,1304.49,ensoleillé,business,1,météo,1,1,séjour mitigé.,603.775,0.5401391246739266,0.0,0.0,1.0,0.0,1.0,0.0,1.0,19.13,4.44,49.0,17.74,92.0,-33.86785,151.20732,Open-Meteo Historical Weather API,2025-03-01/2025-05-31,11.25,9.25,31.84,1.01,2208.0,Open-Meteo Air Quality API,2025-03-01/2025-05-31
380,business,1822.63,tokyo,automne,6,resort,820.77,ensoleillé,business,2,retard_vol,1,0,séjour mitigé.,303.7716666666667,0.4503217877462787,0.0,0.0,1.0,1.0,1.0,1.0,0.0,18.79,4.52,34.0,12.27,91.0,35.6895,139.69171,Open-Meteo Historical Weather API,2025-09-01/2025-11-30,28.46,27.24,54.08,0.85,2184.0,Open-Meteo Air Quality API,2025-09-01/2025-11-30
381,senior,12126.22,paris,printemps,13,appartement,1219.87,variable,gastronomie,2,bagages,0,1,séjour mitigé.,932.7861538461538,0.1005977130548513,0.0,1.0,0.0,0.0,1.0,1.0,0.0,12.44,1.18,26.0,14.07,92.0,48.85341,2.3488,Open-Meteo Historical Weather API,2025-03-01/2025-05-31,15.06,12.04,38.85,0.97,2208.0,Open-Meteo Air Quality API,2025-03-01/2025-05-31
382,solo,3508.79,tokyo,automne,11,resort,649.12,nuageux,gastronomie,3,aucun,0,1,séjour mitigé.,318.9809090909091,0.1849982472590266,0.0,0.0,0.0,1.0,0.0,0.0,0.0,18.79,4.52,34.0,12.27,91.0,35.6895,139.69171,Open-Meteo Historical Weather API,2025-09-01/2025-11-30,28.46,27.24,54.08,0.85,2184.0,Open-Meteo Air Quality API,2025-09-01/2025-11-30
383,business,3683.46,paris,hiver,4,appartement,1236.01,pluie,business,2,retard_vol,1,0,séjour mitigé.,920.865,0.3355567862824626,0.0,1.0,1.0,0.0,1.0,1.0,0.0,4.95,2.61,35.0,15.72,90.0,48.85341,2.3488,Open-Meteo Historical Weather API,2024-12-01/2025-02-28,20.98,17.57,45.01,0.13,2160.0,Open-Meteo Air Quality API,2024-12-01/2025-02-28
384,solo,4804.52,new york,printemps,6,appartement,996.49,variable,randonnée,2,météo,0,1,séjour mitigé.,800.7533333333334,0.2074067752866051,0.0,1.0,0.0,0.0,1.0,0.0,1.0,12.04,4.75,36.0,17.46,92.0,40.71427,-74.00597,Open-Meteo Historical Weather API,2025-03-01/2025-05-31,11.88,11.05,41.24,1.07,2208.0,Open-Meteo Air Quality API,2025-03-01/2025-05-31
385,couple,12099.92,new york,printemps,14,hôtel,1271.38,nuageux,plage,2,retard_vol,1,1,séjour mitigé.,864.28,0.1050734219730378,1.0,0.0,0.0,0.0,1.0,1.0,0.0,12.04,4.75,36.0,17.46,92.0,40.71427,-74.00597,Open-Meteo Historical Weather API,2025-03-01/2025-05-31,11.88,11.05,41.24,1.07,2208.0,Open-Meteo Air Quality API,2025-03-01/2025-05-31
386,business,6389.41,paris,printemps,7,appartement,1195.16,variable,culture,4,aucun,0,1,excellent séjour.,912.7728571428572,0.1870532646989315,0.0,1.0,1.0,0.0,0.0,0.0,0.0,12.44,1.18,26.0,14.07,92.0,48.85341,2.3488,Open-Meteo Historical Weather API,2025-03-01/2025-05-31,15.06,12.04,38.85,0.97,2208.0,Open-Meteo Air Quality API,2025-03-01/2025-05-31
387,business,3605.06,rome,hiver,7,hôtel,1121.69,ensoleillé,business,2,météo,0,0,séjour mitigé.,515.0085714285714,0.3111432264650242,0.0,0.0,1.0,0.0,1.0,0.0,1.0,9.23,2.57,28.0,13.79,90.0,41.89193,12.51133,Open-Meteo Historical Weather API,2024-12-01/2025-02-28,20.56,17.01,40.29,0.27,2160.0,Open-Meteo Air Quality API,2024-12-01/2025-02-28
388,senior,19262.78,new york,printemps,21,appartement,1055.68,pluie,plage,1,bagages,1,0,séjour mitigé.,917.275238095238,0.0548041352286637,1.0,1.0,0.0,0.0,1.0,1.0,0.0,12.04,4.75,36.0,17.46,92.0,40.71427,-74.00597,Open-Meteo Historical Weather API,2025-03-01/2025-05-31,11.88,11.05,41.24,1.07,2208.0,Open-Meteo Air Quality API,2025-03-01/2025-05-31
389,couple,8080.75,rome,hiver,16,hôtel,1359.51,pluie,gastronomie,2,annulation,1,0,séjour mitigé.,505.046875,0.1682405717291093,1.0,1.0,0.0,0.0,1.0,1.0,0.0,9.23,2.57,28.0,13.79,90.0,41.89193,12.51133,Open-Meteo Historical Weather API,2024-12-01/2025-02-28,20.56,17.01,40.29,0.27,2160.0,Open-Meteo Air Quality API,2024-12-01/2025-02-28
390,senior,6177.64,tokyo,été,16,resort,686.65,ensoleillé,culture,1,retard_vol,1,0,séjour mitigé.,386.1025,0.1111508601990404,1.0,0.0,0.0,1.0,1.0,1.0,0.0,27.71,2.91,31.0,13.49,92.0,35.6895,139.69171,Open-Meteo Historical Weather API,2025-06-01/2025-08-31,24.0,22.42,51.6,1.83,2208.0,Open-Meteo Air Quality API,2025-06-01/2025-08-31
391,couple,5065.55,dubaï,automne,9,villa,1157.88,pluie,randonnée,4,météo,1,0,excellent séjour.,562.838888888889,0.2285793250486127,0.0,1.0,0.0,1.0,1.0,0.0,1.0,29.44,0.0,0.0,20.09,91.0,25.07725,55.30927,Open-Meteo Historical Weather API,2025-09-01/2025-11-30,80.53,41.8,60.89,1.56,2184.0,Open-Meteo Air Quality API,2025-09-01/2025-11-30
392,solo,5076.0,rome,printemps,12,appartement,1327.01,variable,randonnée,3,météo,1,1,séjour mitigé.,423.0,0.2614282899921197,0.0,1.0,0.0,0.0,1.0,0.0,1.0,15.22,3.55,32.0,13.85,92.0,41.89193,12.51133,Open-Meteo Historical Weather API,2025-03-01/2025-05-31,15.93,11.65,37.47,1.19,2208.0,Open-Meteo Air Quality API,2025-03-01/2025-05-31
393,famille,8544.16,dubaï,printemps,14,hôtel,1369.3,nuageux,plage,3,retard_vol,1,0,séjour mitigé.,610.2971428571428,0.1602615119567049,1.0,0.0,0.0,0.0,1.0,1.0,0.0,28.3,0.01,0.0,22.56,92.0,25.07725,55.30927,Open-Meteo Historical Weather API,2025-03-01/2025-05-31,70.72,36.99,63.06,2.2,2208.0,Open-Meteo Air Quality API,2025-03-01/2025-05-31
394,business,1617.74,lisbonne,printemps,3,hôtel,836.16,ensoleillé,business,3,météo,1,1,séjour mitigé.,539.2466666666667,0.5168692126052394,0.0,0.0,1.0,0.0,1.0,0.0,1.0,15.64,3.53,41.0,19.08,92.0,38.72509,-9.1498,Open-Meteo Historical Weather API,2025-03-01/2025-05-31,15.2,9.48,34.11,1.3,2208.0,Open-Meteo Air Quality API,2025-03-01/2025-05-31
395,famille,6319.31,lisbonne,printemps,11,hôtel,841.03,ensoleillé,gastronomie,3,retard_vol,1,1,séjour mitigé.,574.4827272727273,0.1330888973637944,0.0,0.0,0.0,0.0,1.0,1.0,0.0,15.64,3.53,41.0,19.08,92.0,38.72509,-9.1498,Open-Meteo Historical Weather API,2025-03-01/2025-05-31,15.2,9.48,34.11,1.3,2208.0,Open-Meteo Air Quality API,2025-03-01/2025-05-31
397,solo,3605.5,dubaï,automne,7,appartement,1033.88,variable,plage,2,météo,0,0,séjour mitigé.,515.0714285714286,0.286750797392872,0.0,1.0,0.0,0.0,1.0,0.0,1.0,29.44,0.0,0.0,20.09,91.0,25.07725,55.30927,Open-Meteo Historical Weather API,2025-09-01/2025-11-30,80.53,41.8,60.89,1.56,2184.0,Open-Meteo Air Quality API,2025-09-01/2025-11-30
398,famille,4538.66,rome,printemps,10,appartement,1009.94,ensoleillé,plage,2,météo,1,0,séjour mitigé.,453.866,0.2225194220320535,0.0,0.0,0.0,0.0,1.0,0.0,1.0,15.22,3.55,32.0,13.85,92.0,41.89193,12.51133,Open-Meteo Historical Weather API,2025-03-01/2025-05-31,15.93,11.65,37.47,1.19,2208.0,Open-Meteo Air Quality API,2025-03-01/2025-05-31
399,business,6632.61,paris,été,7,hôtel,1090.41,ensoleillé,business,4,annulation,1,0,excellent séjour.,947.5157142857142,0.1644013442671889,0.0,0.0,1.0,0.0,1.0,1.0,0.0,21.05,2.58,30.0,14.41,92.0,48.85341,2.3488,Open-Meteo Historical Weather API,2025-06-01/2025-08-31,10.28,6.83,31.49,1.5,2208.0,Open-Meteo Air Quality API,2025-06-01/2025-08-31
400,solo,2508.05,lisbonne,printemps,4,appartement,876.0,variable,culture,2,météo,1,0,séjour mitigé.,627.0125,0.3492753334263671,0.0,1.0,0.0,0.0,1.0,0.0,1.0,15.64,3.53,41.0,19.08,92.0,38.72509,-9.1498,Open-Meteo Historical Weather API,2025-03-01/2025-05-31,15.2,9.48,34.11,1.3,2208.0,Open-Meteo Air Quality API,2025-03-01/2025-05-31
401,couple,5103.08,dubaï,été,8,villa,1382.37,variable,gastronomie,3,météo,1,1,séjour mitigé.,637.885,0.2708893452581578,0.0,1.0,0.0,1.0,1.0,0.0,1.0,35.27,0.0,0.0,22.79,92.0,25.07725,55.30927,Open-Meteo Historical Weather API,2025-06-01/2025-08-31,128.17,54.13,71.91,2.19,2208.0,Open-Meteo Air Quality API,2025-06-01/2025-08-31
402,solo,3819.38,sydney,printemps,7,appartement,1456.8,variable,randonnée,3,annulation,1,1,séjour mitigé.,545.6257142857143,0.3814231629217307,0.0,1.0,0.0,0.0,1.0,1.0,0.0,19.13,4.44,49.0,17.74,92.0,-33.86785,151.20732,Open-Meteo Historical Weather API,2025-03-01/2025-05-31,11.25,9.25,31.84,1.01,2208.0,Open-Meteo Air Quality API,2025-03-01/2025-05-31
403,business,5205.13,new york,hiver,6,appartement,1251.84,ensoleillé,business,4,météo,1,0,excellent séjour.,867.5216666666666,0.2405011978567297,0.0,0.0,1.0,0.0,1.0,0.0,1.0,0.0,2.34,32.0,16.49,90.0,40.71427,-74.00597,Open-Meteo Historical Weather API,2024-12-01/2025-02-28,14.23,13.56,43.36,0.34,2160.0,Open-Meteo Air Quality API,2024-12-01/2025-02-28
404,famille,5659.77,tokyo,automne,19,resort,732.08,nuageux,plage,2,retard_vol,1,0,séjour mitigé.,297.8826315789474,0.1293480123750611,1.0,0.0,0.0,1.0,1.0,1.0,0.0,18.79,4.52,34.0,12.27,91.0,35.6895,139.69171,Open-Meteo Historical Weather API,2025-09-01/2025-11-30,28.46,27.24,54.08,0.85,2184.0,Open-Meteo Air Quality API,2025-09-01/2025-11-30
405,couple,3729.53,lisbonne,printemps,6,appartement,902.39,variable,culture,2,météo,1,1,séjour mitigé.,621.5883333333334,0.2419581019592281,0.0,1.0,0.0,0.0,1.0,0.0,1.0,15.64,3.53,41.0,19.08,92.0,38.72509,-9.1498,Open-Meteo Historical Weather API,2025-03-01/2025-05-31,15.2,9.48,34.11,1.3,2208.0,Open-Meteo Air Quality API,2025-03-01/2025-05-31
406,famille,4489.48,rome,été,11,appartement,1087.7,variable,plage,3,retard_vol,1,0,séjour mitigé.,408.1345454545454,0.2422775020715094,0.0,1.0,0.0,0.0,1.0,1.0,0.0,27.22,1.32,16.0,14.95,92.0,41.89193,12.51133,Open-Meteo Historical Weather API,2025-06-01/2025-08-31,15.45,9.67,40.74,2.01,2208.0,Open-Meteo Air Quality API,2025-06-01/2025-08-31
407,solo,11560.81,new york,été,13,hôtel,1106.07,nuageux,randonnée,3,bagages,1,0,séjour mitigé.,889.2930769230769,0.0956740920402636,0.0,0.0,0.0,0.0,1.0,1.0,0.0,24.52,2.28,32.0,14.21,92.0,40.71427,-74.00597,Open-Meteo Historical Weather API,2025-06-01/2025-08-31,18.13,17.43,51.89,1.61,2208.0,Open-Meteo Air Quality API,2025-06-01/2025-08-31
408,senior,8370.35,lisbonne,été,13,appartement,865.79,pluie,plage,2,retard_vol,1,1,séjour mitigé.,643.873076923077,0.1034353402187483,0.0,1.0,0.0,0.0,1.0,1.0,0.0,23.39,0.06,1.0,17.22,92.0,38.72509,-9.1498,Open-Meteo Historical Weather API,2025-06-01/2025-08-31,19.54,10.92,32.89,2.16,2208.0,Open-Meteo Air Quality API,2025-06-01/2025-08-31
409,solo,4236.71,dubaï,été,8,appartement,1384.71,variable,culture,4,aucun,0,1,excellent séjour.,529.58875,0.3268361535247869,0.0,1.0,0.0,0.0,0.0,0.0,0.0,35.27,0.0,0.0,22.79,92.0,25.07725,55.30927,Open-Meteo Historical Weather API,2025-06-01/2025-08-31,128.17,54.13,71.91,2.19,2208.0,Open-Meteo Air Quality API,2025-06-01/2025-08-31
410,business,6694.38,new york,hiver,7,villa,971.52,nuageux,business,2,météo,1,1,séjour mitigé.,956.34,0.1451247165532879,0.0,0.0,1.0,1.0,1.0,0.0,1.0,0.0,2.34,32.0,16.49,90.0,40.71427,-74.00597,Open-Meteo Historical Weather API,2024-12-01/2025-02-28,14.23,13.56,43.36,0.34,2160.0,Open-Meteo Air Quality API,2024-12-01/2025-02-28
411,senior,4430.77,tokyo,automne,11,appartement,808.5,ensoleillé,plage,2,retard_vol,1,1,séjour mitigé.,402.7972727272728,0.1824739266538321,0.0,0.0,0.0,0.0,1.0,1.0,0.0,18.79,4.52,34.0,12.27,91.0,35.6895,139.69171,Open-Meteo Historical Weather API,2025-09-01/2025-11-30,28.46,27.24,54.08,0.85,2184.0,Open-Meteo Air Quality API,2025-09-01/2025-11-30
412,famille,9655.5,new york,automne,12,villa,1364.16,nuageux,plage,2,retard_vol,0,1,séjour mitigé.,804.625,0.1412832064626379,0.0,0.0,0.0,1.0,1.0,1.0,0.0,13.97,3.07,25.0,15.38,91.0,40.71427,-74.00597,Open-Meteo Historical Weather API,2025-09-01/2025-11-30,11.7,11.28,42.27,0.76,2184.0,Open-Meteo Air Quality API,2025-09-01/2025-11-30
413,couple,3940.96,sydney,automne,6,hôtel,1173.37,nuageux,plage,2,aucun,0,0,séjour mitigé.,656.8266666666667,0.2977370995899476,0.0,0.0,0.0,0.0,0.0,0.0,0.0,19.17,1.74,22.0,21.07,91.0,-33.86785,151.20732,Open-Meteo Historical Weather API,2025-09-01/2025-11-30,10.98,9.17,34.45,1.63,2184.0,Open-Meteo Air Quality API,2025-09-01/2025-11-30
414,business,1671.46,sydney,automne,3,villa,1264.7,pluie,culture,3,météo,1,1,séjour mitigé.,557.1533333333333,0.7566438921661303,0.0,1.0,1.0,1.0,1.0,0.0,1.0,19.17,1.74,22.0,21.07,91.0,-33.86785,151.20732,Open-Meteo Historical Weather API,2025-09-01/2025-11-30,10.98,9.17,34.45,1.63,2184.0,Open-Meteo Air Quality API,2025-09-01/2025-11-30
415,solo,6030.66,rome,automne,14,villa,1412.74,pluie,plage,2,météo,0,0,séjour mitigé.,430.76142857142855,0.234259600110104,1.0,1.0,0.0,1.0,1.0,0.0,1.0,17.21,4.01,24.0,12.75,91.0,41.89193,12.51133,Open-Meteo Historical Weather API,2025-09-01/2025-11-30,13.51,9.22,34.28,0.79,2184.0,Open-Meteo Air Quality API,2025-09-01/2025-11-30
416,famille,5701.19,sydney,printemps,9,resort,1121.04,ensoleillé,plage,2,retard_vol,1,0,séjour mitigé.,633.4655555555555,0.1966326328363026,0.0,0.0,0.0,1.0,1.0,1.0,0.0,19.13,4.44,49.0,17.74,92.0,-33.86785,151.20732,Open-Meteo Historical Weather API,2025-03-01/2025-05-31,11.25,9.25,31.84,1.01,2208.0,Open-Meteo Air Quality API,2025-03-01/2025-05-31
417,couple,4795.89,rome,automne,12,villa,1323.25,nuageux,culture,5,aucun,0,1,excellent séjour.,399.6575,0.2759133341256784,0.0,0.0,0.0,1.0,0.0,0.0,0.0,17.21,4.01,24.0,12.75,91.0,41.89193,12.51133,Open-Meteo Historical Weather API,2025-09-01/2025-11-30,13.51,9.22,34.28,0.79,2184.0,Open-Meteo Air Quality API,2025-09-01/2025-11-30
419,solo,4765.44,paris,automne,6,hôtel,1240.02,pluie,gastronomie,3,météo,1,0,séjour mitigé.,794.2399999999999,0.2602110193392425,0.0,1.0,0.0,0.0,1.0,0.0,1.0,12.33,2.12,33.0,16.01,91.0,48.85341,2.3488,Open-Meteo Historical Weather API,2025-09-01/2025-11-30,12.19,8.6,34.88,0.44,2184.0,Open-Meteo Air Quality API,2025-09-01/2025-11-30
420,couple,6939.67,dubaï,été,14,hôtel,1167.62,nuageux,culture,3,bagages,1,1,séjour mitigé.,495.6907142857143,0.1682529572731844,1.0,0.0,0.0,0.0,1.0,1.0,0.0,35.27,0.0,0.0,22.79,92.0,25.07725,55.30927,Open-Meteo Historical Weather API,2025-06-01/2025-08-31,128.17,54.13,71.91,2.19,2208.0,Open-Meteo Air Quality API,2025-06-01/2025-08-31
421,solo,2058.48,dubaï,été,4,villa,1325.63,pluie,plage,1,annulation,1,1,séjour mitigé.,514.62,0.6439848820488905,0.0,1.0,0.0,1.0,1.0,1.0,0.0,35.27,0.0,0.0,22.79,92.0,25.07725,55.30927,Open-Meteo Historical Weather API,2025-06-01/2025-08-31,128.17,54.13,71.91,2.19,2208.0,Open-Meteo Air Quality API,2025-06-01/2025-08-31
422,business,5757.92,new york,été,6,villa,1192.0,variable,gastronomie,4,retard_vol,0,1,excellent séjour.,959.6533333333332,0.2070192013782754,0.0,1.0,1.0,1.0,1.0,1.0,0.0,24.52,2.28,32.0,14.21,92.0,40.71427,-74.00597,Open-Meteo Historical Weather API,2025-06-01/2025-08-31,18.13,17.43,51.89,1.61,2208.0,Open-Meteo Air Quality API,2025-06-01/2025-08-31
423,business,3619.35,bali,été,6,villa,1505.88,nuageux,business,2,aucun,0,0,séjour mitigé.,603.225,0.4160636578391148,0.0,0.0,1.0,1.0,0.0,0.0,0.0,25.53,3.21,49.0,18.92,92.0,-8.65,115.21667,Open-Meteo Historical Weather API,2025-06-01/2025-08-31,13.38,9.86,30.22,1.86,2208.0,Open-Meteo Air Quality API,2025-06-01/2025-08-31
424,famille,4486.98,rome,hiver,10,appartement,1464.43,ensoleillé,culture,2,annulation,1,0,séjour mitigé.,448.698,0.3263731953340554,0.0,0.0,0.0,0.0,1.0,1.0,0.0,9.23,2.57,28.0,13.79,90.0,41.89193,12.51133,Open-Meteo Historical Weather API,2024-12-01/2025-02-28,20.56,17.01,40.29,0.27,2160.0,Open-Meteo Air Quality API,2024-12-01/2025-02-28
425,couple,8871.71,new york,hiver,12,villa,1467.38,nuageux,plage,4,aucun,0,1,excellent séjour.,739.3091666666666,0.1653999059933203,0.0,0.0,0.0,1.0,0.0,0.0,0.0,0.0,2.34,32.0,16.49,90.0,40.71427,-74.00597,Open-Meteo Historical Weather API,2024-12-01/2025-02-28,14.23,13.56,43.36,0.34,2160.0,Open-Meteo Air Quality API,2024-12-01/2025-02-28
426,solo,12444.69,new york,printemps,13,villa,981.48,pluie,plage,2,météo,1,1,séjour mitigé.,957.2838461538462,0.0788673723491706,0.0,1.0,0.0,1.0,1.0,0.0,1.0,12.04,4.75,36.0,17.46,92.0,40.71427,-74.00597,Open-Meteo Historical Weather API,2025-03-01/2025-05-31,11.88,11.05,41.24,1.07,2208.0,Open-Meteo Air Quality API,2025-03-01/2025-05-31
427,business,5808.18,new york,été,7,villa,1254.28,pluie,culture,1,météo,1,1,séjour mitigé.,829.74,0.2159506075913625,0.0,1.0,1.0,1.0,1.0,0.0,1.0,24.52,2.28,32.0,14.21,92.0,40.71427,-74.00597,Open-Meteo Historical Weather API,2025-06-01/2025-08-31,18.13,17.43,51.89,1.61,2208.0,Open-Meteo Air Quality API,2025-06-01/2025-08-31
428,couple,6750.35,rome,printemps,14,hôtel,1315.42,pluie,culture,3,météo,1,1,séjour mitigé.,482.16785714285714,0.1948669328257053,1.0,1.0,0.0,0.0,1.0,0.0,1.0,15.22,3.55,32.0,13.85,92.0,41.89193,12.51133,Open-Meteo Historical Weather API,2025-03-01/2025-05-31,15.93,11.65,37.47,1.19,2208.0,Open-Meteo Air Quality API,2025-03-01/2025-05-31
429,couple,9905.5,lisbonne,automne,15,appartement,1202.23,pluie,culture,1,aucun,0,1,séjour mitigé.,660.3666666666667,0.1213699459896017,1.0,1.0,0.0,0.0,0.0,0.0,0.0,18.72,2.83,21.0,17.54,91.0,38.72509,-9.1498,Open-Meteo Historical Weather API,2025-09-01/2025-11-30,15.83,9.72,31.17,0.9,2184.0,Open-Meteo Air Quality API,2025-09-01/2025-11-30
430,couple,5883.48,lisbonne,hiver,12,appartement,795.25,pluie,randonnée,2,météo,1,0,séjour mitigé.,490.29,0.1351666020790416,0.0,1.0,0.0,0.0,1.0,0.0,1.0,12.63,2.92,26.0,17.53,90.0,38.72509,-9.1498,Open-Meteo Historical Weather API,2024-12-01/2025-02-28,19.66,13.91,36.49,0.38,2160.0,Open-Meteo Air Quality API,2024-12-01/2025-02-28
431,senior,6692.56,dubaï,automne,13,villa,1154.41,variable,gastronomie,1,météo,1,1,séjour mitigé.,514.8123076923077,0.17249154284758,0.0,1.0,0.0,1.0,1.0,0.0,1.0,29.44,0.0,0.0,20.09,91.0,25.07725,55.30927,Open-Meteo Historical Weather API,2025-09-01/2025-11-30,80.53,41.8,60.89,1.56,2184.0,Open-Meteo Air Quality API,2025-09-01/2025-11-30
432,couple,5363.78,new york,hiver,6,resort,1009.43,pluie,culture,2,météo,1,0,séjour mitigé.,893.9633333333333,0.1881937737938543,0.0,1.0,0.0,1.0,1.0,0.0,1.0,0.0,2.34,32.0,16.49,90.0,40.71427,-74.00597,Open-Meteo Historical Weather API,2024-12-01/2025-02-28,14.23,13.56,43.36,0.34,2160.0,Open-Meteo Air Quality API,2024-12-01/2025-02-28
433,senior,8306.45,rome,automne,16,hôtel,872.36,nuageux,plage,3,retard_vol,1,0,séjour mitigé.,519.153125,0.1050220009751458,1.0,0.0,0.0,0.0,1.0,1.0,0.0,17.21,4.01,24.0,12.75,91.0,41.89193,12.51133,Open-Meteo Historical Weather API,2025-09-01/2025-11-30,13.51,9.22,34.28,0.79,2184.0,Open-Meteo Air Quality API,2025-09-01/2025-11-30
434,solo,7256.75,bali,hiver,9,hôtel,1139.16,pluie,randonnée,2,bagages,1,1,séjour mitigé.,806.3055555555555,0.1569793640403762,0.0,1.0,0.0,0.0,1.0,1.0,0.0,26.28,11.89,84.0,14.7,90.0,-8.65,115.21667,Open-Meteo Historical Weather API,2024-12-01/2025-02-28,12.8,11.67,33.02,1.96,2160.0,Open-Meteo Air Quality API,2024-12-01/2025-02-28
435,business,1965.75,rome,automne,4,appartement,1134.44,nuageux,business,3,météo,1,1,séjour mitigé.,491.4375,0.5771028869388275,0.0,0.0,1.0,0.0,1.0,0.0,1.0,17.21,4.01,24.0,12.75,91.0,41.89193,12.51133,Open-Meteo Historical Weather API,2025-09-01/2025-11-30,13.51,9.22,34.28,0.79,2184.0,Open-Meteo Air Quality API,2025-09-01/2025-11-30
436,solo,3432.83,lisbonne,printemps,5,villa,925.39,variable,culture,2,météo,1,1,séjour mitigé.,686.566,0.2695705875327354,0.0,1.0,0.0,1.0,1.0,0.0,1.0,15.64,3.53,41.0,19.08,92.0,38.72509,-9.1498,Open-Meteo Historical Weather API,2025-03-01/2025-05-31,15.2,9.48,34.11,1.3,2208.0,Open-Meteo Air Quality API,2025-03-01/2025-05-31
437,famille,8739.18,rome,automne,19,appartement,1345.84,variable,plage,3,météo,1,1,séjour mitigé.,459.9568421052632,0.1540007186028895,1.0,1.0,0.0,0.0,1.0,0.0,1.0,17.21,4.01,24.0,12.75,91.0,41.89193,12.51133,Open-Meteo Historical Weather API,2025-09-01/2025-11-30,13.51,9.22,34.28,0.79,2184.0,Open-Meteo Air Quality API,2025-09-01/2025-11-30
438,solo,2188.04,lisbonne,hiver,4,hôtel,1159.66,variable,randonnée,3,annulation,1,1,séjour mitigé.,547.01,0.5299994515639568,0.0,1.0,0.0,0.0,1.0,1.0,0.0,12.63,2.92,26.0,17.53,90.0,38.72509,-9.1498,Open-Meteo Historical Weather API,2024-12-01/2025-02-28,19.66,13.91,36.49,0.38,2160.0,Open-Meteo Air Quality API,2024-12-01/2025-02-28
439,business,1513.49,tokyo,printemps,5,resort,857.0,ensoleillé,business,2,retard_vol,1,1,séjour mitigé.,302.698,0.5662409398146007,0.0,0.0,1.0,1.0,1.0,1.0,0.0,14.52,6.04,44.0,15.33,92.0,35.6895,139.69171,Open-Meteo Historical Weather API,2025-03-01/2025-05-31,29.58,26.1,53.35,1.05,2208.0,Open-Meteo Air Quality API,2025-03-01/2025-05-31
440,famille,5362.25,rome,été,11,villa,1169.43,ensoleillé,gastronomie,3,bagages,1,0,séjour mitigé.,487.4772727272728,0.2180856916406359,0.0,0.0,0.0,1.0,1.0,1.0,0.0,27.22,1.32,16.0,14.95,92.0,41.89193,12.51133,Open-Meteo Historical Weather API,2025-06-01/2025-08-31,15.45,9.67,40.74,2.01,2208.0,Open-Meteo Air Quality API,2025-06-01/2025-08-31
441,senior,16259.62,paris,hiver,16,appartement,1057.42,pluie,plage,3,aucun,0,0,séjour mitigé.,1016.22625,0.0650335001679006,1.0,1.0,0.0,0.0,0.0,0.0,0.0,4.95,2.61,35.0,15.72,90.0,48.85341,2.3488,Open-Meteo Historical Weather API,2024-12-01/2025-02-28,20.98,17.57,45.01,0.13,2160.0,Open-Meteo Air Quality API,2024-12-01/2025-02-28
442,solo,10620.33,sydney,été,16,villa,1280.84,variable,randonnée,1,météo,1,1,séjour mitigé.,663.770625,0.1206026554730408,1.0,1.0,0.0,1.0,1.0,0.0,1.0,12.22,4.06,27.0,18.74,92.0,-33.86785,151.20732,Open-Meteo Historical Weather API,2025-06-01/2025-08-31,10.19,9.26,31.56,0.49,2208.0,Open-Meteo Air Quality API,2025-06-01/2025-08-31
443,couple,6637.07,new york,automne,7,villa,889.5,variable,business,2,annulation,1,0,séjour mitigé.,948.1528571428572,0.1340199817087962,0.0,1.0,0.0,1.0,1.0,1.0,0.0,13.97,3.07,25.0,15.38,91.0,40.71427,-74.00597,Open-Meteo Historical Weather API,2025-09-01/2025-11-30,11.7,11.28,42.27,0.76,2184.0,Open-Meteo Air Quality API,2025-09-01/2025-11-30
444,senior,12226.8,new york,automne,14,appartement,1413.85,nuageux,culture,1,météo,1,0,séjour mitigé.,873.342857142857,0.1156353256780187,1.0,0.0,0.0,0.0,1.0,0.0,1.0,13.97,3.07,25.0,15.38,91.0,40.71427,-74.00597,Open-Meteo Historical Weather API,2025-09-01/2025-11-30,11.7,11.28,42.27,0.76,2184.0,Open-Meteo Air Quality API,2025-09-01/2025-11-30
445,couple,4008.89,lisbonne,printemps,7,appartement,1065.08,nuageux,plage,3,aucun,0,1,séjour mitigé.,572.6985714285714,0.2656795272506853,0.0,0.0,0.0,0.0,0.0,0.0,0.0,15.64,3.53,41.0,19.08,92.0,38.72509,-9.1498,Open-Meteo Historical Weather API,2025-03-01/2025-05-31,15.2,9.48,34.11,1.3,2208.0,Open-Meteo Air Quality API,2025-03-01/2025-05-31
446,solo,6164.17,lisbonne,été,9,appartement,841.29,ensoleillé,culture,1,retard_vol,1,1,séjour mitigé.,684.9077777777778,0.1364806616300329,0.0,0.0,0.0,0.0,1.0,1.0,0.0,23.39,0.06,1.0,17.22,92.0,38.72509,-9.1498,Open-Meteo Historical Weather API,2025-06-01/2025-08-31,19.54,10.92,32.89,2.16,2208.0,Open-Meteo Air Quality API,2025-06-01/2025-08-31
447,senior,8960.66,rome,automne,19,hôtel,951.24,nuageux,gastronomie,2,météo,0,1,séjour mitigé.,471.6136842105263,0.106157358944542,1.0,0.0,0.0,0.0,1.0,0.0,1.0,17.21,4.01,24.0,12.75,91.0,41.89193,12.51133,Open-Meteo Historical Weather API,2025-09-01/2025-11-30,13.51,9.22,34.28,0.79,2184.0,Open-Meteo Air Quality API,2025-09-01/2025-11-30
448,solo,7304.26,bali,automne,11,villa,1487.84,nuageux,plage,1,retard_vol,1,1,séjour mitigé.,664.0236363636363,0.2036948301402195,0.0,0.0,0.0,1.0,1.0,1.0,0.0,26.3,6.82,61.0,14.71,91.0,-8.65,115.21667,Open-Meteo Historical Weather API,2025-09-01/2025-11-30,14.48,11.69,32.66,2.5,2184.0,Open-Meteo Air Quality API,2025-09-01/2025-11-30
449,senior,15833.3,new york,printemps,17,appartement,1090.09,variable,culture,4,météo,1,1,excellent séjour.,931.370588235294,0.068847934416704,1.0,1.0,0.0,0.0,1.0,0.0,1.0,12.04,4.75,36.0,17.46,92.0,40.71427,-74.00597,Open-Meteo Historical Weather API,2025-03-01/2025-05-31,11.88,11.05,41.24,1.07,2208.0,Open-Meteo Air Quality API,2025-03-01/2025-05-31
450,business,2524.74,dubaï,printemps,5,resort,1566.0,variable,culture,1,retard_vol,0,1,séjour mitigé.,504.948,0.6202618883528601,0.0,1.0,1.0,1.0,1.0,1.0,0.0,28.3,0.01,0.0,22.56,92.0,25.07725,55.30927,Open-Meteo Historical Weather API,2025-03-01/2025-05-31,70.72,36.99,63.06,2.2,2208.0,Open-Meteo Air Quality API,2025-03-01/2025-05-31
451,solo,1776.93,tokyo,automne,6,villa,570.68,ensoleillé,randonnée,2,retard_vol,1,0,séjour mitigé.,296.15500000000003,0.3211606534866314,0.0,0.0,0.0,1.0,1.0,1.0,0.0,18.79,4.52,34.0,12.27,91.0,35.6895,139.69171,Open-Meteo Historical Weather API,2025-09-01/2025-11-30,28.46,27.24,54.08,0.85,2184.0,Open-Meteo Air Quality API,2025-09-01/2025-11-30
452,senior,11589.04,new york,printemps,12,appartement,1009.43,variable,plage,3,retard_vol,0,0,séjour mitigé.,965.7533333333334,0.0871021240758509,0.0,1.0,0.0,0.0,1.0,1.0,0.0,12.04,4.75,36.0,17.46,92.0,40.71427,-74.00597,Open-Meteo Historical Weather API,2025-03-01/2025-05-31,11.88,11.05,41.24,1.07,2208.0,Open-Meteo Air Quality API,2025-03-01/2025-05-31
453,senior,10354.45,new york,printemps,11,villa,1110.02,variable,culture,3,météo,1,0,séjour mitigé.,941.3136363636364,0.1072022174041112,0.0,1.0,0.0,1.0,1.0,0.0,1.0,12.04,4.75,36.0,17.46,92.0,40.71427,-74.00597,Open-Meteo Historical Weather API,2025-03-01/2025-05-31,11.88,11.05,41.24,1.07,2208.0,Open-Meteo Air Quality API,2025-03-01/2025-05-31
454,senior,6685.92,lisbonne,printemps,13,resort,911.35,nuageux,culture,3,météo,0,0,séjour mitigé.,514.3015384615385,0.1363088400698782,0.0,0.0,0.0,1.0,1.0,0.0,1.0,15.64,3.53,41.0,19.08,92.0,38.72509,-9.1498,Open-Meteo Historical Weather API,2025-03-01/2025-05-31,15.2,9.48,34.11,1.3,2208.0,Open-Meteo Air Quality API,2025-03-01/2025-05-31
455,solo,3409.77,dubaï,automne,6,appartement,1231.61,ensoleillé,gastronomie,2,retard_vol,1,1,séjour mitigé.,568.295,0.3612003155638063,0.0,0.0,0.0,0.0,1.0,1.0,0.0,29.44,0.0,0.0,20.09,91.0,25.07725,55.30927,Open-Meteo Historical Weather API,2025-09-01/2025-11-30,80.53,41.8,60.89,1.56,2184.0,Open-Meteo Air Quality API,2025-09-01/2025-11-30
456,senior,3952.58,rome,hiver,9,hôtel,1399.82,ensoleillé,plage,5,aucun,0,1,excellent séjour.,439.1755555555556,0.3541534896194384,0.0,0.0,0.0,0.0,0.0,0.0,0.0,9.23,2.57,28.0,13.79,90.0,41.89193,12.51133,Open-Meteo Historical Weather API,2024-12-01/2025-02-28,20.56,17.01,40.29,0.27,2160.0,Open-Meteo Air Quality API,2024-12-01/2025-02-28
457,famille,3753.86,rome,printemps,8,villa,1075.2,variable,gastronomie,2,retard_vol,1,0,séjour mitigé.,469.2325,0.2864251730219028,0.0,1.0,0.0,1.0,1.0,1.0,0.0,15.22,3.55,32.0,13.85,92.0,41.89193,12.51133,Open-Meteo Historical Weather API,2025-03-01/2025-05-31,15.93,11.65,37.47,1.19,2208.0,Open-Meteo Air Quality API,2025-03-01/2025-05-31
458,business,3910.98,new york,printemps,4,appartement,1085.46,ensoleillé,culture,3,aucun,0,1,séjour mitigé.,977.745,0.2775416903180277,0.0,0.0,1.0,0.0,0.0,0.0,0.0,12.04,4.75,36.0,17.46,92.0,40.71427,-74.00597,Open-Meteo Historical Weather API,2025-03-01/2025-05-31,11.88,11.05,41.24,1.07,2208.0,Open-Meteo Air Quality API,2025-03-01/2025-05-31
459,business,3253.28,bali,été,5,resort,1259.01,ensoleillé,business,2,météo,0,1,séjour mitigé.,650.6560000000001,0.3869971229036541,0.0,0.0,1.0,1.0,1.0,0.0,1.0,25.53,3.21,49.0,18.92,92.0,-8.65,115.21667,Open-Meteo Historical Weather API,2025-06-01/2025-08-31,13.38,9.86,30.22,1.86,2208.0,Open-Meteo Air Quality API,2025-06-01/2025-08-31
460,couple,4184.53,dubaï,hiver,7,appartement,1422.69,ensoleillé,randonnée,2,bagages,0,1,séjour mitigé.,597.79,0.3399880034316877,0.0,0.0,0.0,0.0,1.0,1.0,0.0,20.21,0.09,2.0,19.57,90.0,25.07725,55.30927,Open-Meteo Historical Weather API,2024-12-01/2025-02-28,59.55,32.47,55.0,1.03,2160.0,Open-Meteo Air Quality API,2024-12-01/2025-02-28
461,couple,2600.47,dubaï,printemps,4,appartement,1461.75,ensoleillé,gastronomie,3,météo,1,0,séjour mitigé.,650.1175,0.5621099262825566,0.0,0.0,0.0,0.0,1.0,0.0,1.0,28.3,0.01,0.0,22.56,92.0,25.07725,55.30927,Open-Meteo Historical Weather API,2025-03-01/2025-05-31,70.72,36.99,63.06,2.2,2208.0,Open-Meteo Air Quality API,2025-03-01/2025-05-31
462,couple,3438.82,paris,printemps,4,villa,1015.95,ensoleillé,gastronomie,4,bagages,1,1,excellent séjour.,859.705,0.2954356436219401,0.0,0.0,0.0,1.0,1.0,1.0,0.0,12.44,1.18,26.0,14.07,92.0,48.85341,2.3488,Open-Meteo Historical Weather API,2025-03-01/2025-05-31,15.06,12.04,38.85,0.97,2208.0,Open-Meteo Air Quality API,2025-03-01/2025-05-31
463,senior,6866.47,tokyo,automne,17,appartement,577.47,variable,culture,2,bagages,1,0,séjour mitigé.,403.91,0.0840999815043246,1.0,1.0,0.0,0.0,1.0,1.0,0.0,18.79,4.52,34.0,12.27,91.0,35.6895,139.69171,Open-Meteo Historical Weather API,2025-09-01/2025-11-30,28.46,27.24,54.08,0.85,2184.0,Open-Meteo Air Quality API,2025-09-01/2025-11-30
464,solo,13756.2,new york,printemps,15,resort,1321.72,pluie,plage,3,aucun,0,0,séjour mitigé.,917.08,0.096081766766985,1.0,1.0,0.0,1.0,0.0,0.0,0.0,12.04,4.75,36.0,17.46,92.0,40.71427,-74.00597,Open-Meteo Historical Weather API,2025-03-01/2025-05-31,11.88,11.05,41.24,1.07,2208.0,Open-Meteo Air Quality API,2025-03-01/2025-05-31
465,business,1924.11,dubaï,printemps,3,appartement,1386.61,variable,culture,3,retard_vol,1,1,séjour mitigé.,641.37,0.7206500667841236,0.0,1.0,1.0,0.0,1.0,1.0,0.0,28.3,0.01,0.0,22.56,92.0,25.07725,55.30927,Open-Meteo Historical Weather API,2025-03-01/2025-05-31,70.72,36.99,63.06,2.2,2208.0,Open-Meteo Air Quality API,2025-03-01/2025-05-31
466,famille,7800.48,paris,printemps,9,villa,1084.9,variable,randonnée,2,météo,0,0,séjour mitigé.,866.7199999999999,0.1390811847476053,0.0,1.0,0.0,1.0,1.0,0.0,1.0,12.44,1.18,26.0,14.07,92.0,48.85341,2.3488,Open-Meteo Historical Weather API,2025-03-01/2025-05-31,15.06,12.04,38.85,0.97,2208.0,Open-Meteo Air Quality API,2025-03-01/2025-05-31
467,business,1069.79,tokyo,hiver,3,appartement,924.59,pluie,business,2,bagages,0,1,séjour mitigé.,356.59666666666664,0.8642724272988157,0.0,1.0,1.0,0.0,1.0,1.0,0.0,6.08,0.56,8.0,14.28,90.0,35.6895,139.69171,Open-Meteo Historical Weather API,2024-12-01/2025-02-28,31.02,30.0,55.43,0.51,2160.0,Open-Meteo Air Quality API,2024-12-01/2025-02-28
468,couple,3254.21,lisbonne,automne,5,appartement,920.68,nuageux,plage,1,retard_vol,1,1,séjour mitigé.,650.842,0.282919664065933,0.0,0.0,0.0,0.0,1.0,1.0,0.0,18.72,2.83,21.0,17.54,91.0,38.72509,-9.1498,Open-Meteo Historical Weather API,2025-09-01/2025-11-30,15.83,9.72,31.17,0.9,2184.0,Open-Meteo Air Quality API,2025-09-01/2025-11-30
469,solo,11024.66,new york,été,13,hôtel,1305.35,ensoleillé,gastronomie,3,météo,1,1,séjour mitigé.,848.0507692307692,0.1184027443930243,0.0,0.0,0.0,0.0,1.0,0.0,1.0,24.52,2.28,32.0,14.21,92.0,40.71427,-74.00597,Open-Meteo Historical Weather API,2025-06-01/2025-08-31,18.13,17.43,51.89,1.61,2208.0,Open-Meteo Air Quality API,2025-06-01/2025-08-31
470,senior,9112.95,paris,printemps,9,resort,1234.49,pluie,culture,3,météo,0,1,séjour mitigé.,1012.55,0.1354654639825742,0.0,1.0,0.0,1.0,1.0,0.0,1.0,12.44,1.18,26.0,14.07,92.0,48.85341,2.3488,Open-Meteo Historical Weather API,2025-03-01/2025-05-31,15.06,12.04,38.85,0.97,2208.0,Open-Meteo Air Quality API,2025-03-01/2025-05-31
471,senior,4960.68,tokyo,été,14,villa,981.93,variable,culture,1,retard_vol,1,0,séjour mitigé.,354.3342857142857,0.1979426207697331,1.0,1.0,0.0,1.0,1.0,1.0,0.0,27.71,2.91,31.0,13.49,92.0,35.6895,139.69171,Open-Meteo Historical Weather API,2025-06-01/2025-08-31,24.0,22.42,51.6,1.83,2208.0,Open-Meteo Air Quality API,2025-06-01/2025-08-31
472,senior,7589.91,dubaï,hiver,14,hôtel,1668.53,nuageux,gastronomie,2,retard_vol,1,0,séjour mitigé.,542.1364285714286,0.2198352813142711,1.0,0.0,0.0,0.0,1.0,1.0,0.0,20.21,0.09,2.0,19.57,90.0,25.07725,55.30927,Open-Meteo Historical Weather API,2024-12-01/2025-02-28,59.55,32.47,55.0,1.03,2160.0,Open-Meteo Air Quality API,2024-12-01/2025-02-28
473,couple,6918.84,sydney,printemps,11,appartement,1148.28,ensoleillé,culture,1,météo,0,0,séjour mitigé.,628.9854545454546,0.1659642367795757,0.0,0.0,0.0,0.0,1.0,0.0,1.0,19.13,4.44,49.0,17.74,92.0,-33.86785,151.20732,Open-Meteo Historical Weather API,2025-03-01/2025-05-31,11.25,9.25,31.84,1.01,2208.0,Open-Meteo Air Quality API,2025-03-01/2025-05-31
475,solo,8888.29,bali,automne,12,appartement,1356.41,variable,plage,1,aucun,0,0,séjour mitigé.,740.6908333333334,0.1526064068566619,0.0,1.0,0.0,0.0,0.0,0.0,0.0,26.3,6.82,61.0,14.71,91.0,-8.65,115.21667,Open-Meteo Historical Weather API,2025-09-01/2025-11-30,14.48,11.69,32.66,2.5,2184.0,Open-Meteo Air Quality API,2025-09-01/2025-11-30
476,senior,9625.08,sydney,automne,14,hôtel,1437.71,pluie,culture,3,retard_vol,1,0,séjour mitigé.,687.5057142857142,0.1493712260053942,1.0,1.0,0.0,0.0,1.0,1.0,0.0,19.17,1.74,22.0,21.07,91.0,-33.86785,151.20732,Open-Meteo Historical Weather API,2025-09-01/2025-11-30,10.98,9.17,34.45,1.63,2184.0,Open-Meteo Air Quality API,2025-09-01/2025-11-30
477,solo,5456.62,bali,hiver,8,appartement,1057.69,nuageux,plage,1,retard_vol,1,0,séjour mitigé.,682.0775,0.1938361109991166,0.0,0.0,0.0,0.0,1.0,1.0,0.0,26.28,11.89,84.0,14.7,90.0,-8.65,115.21667,Open-Meteo Historical Weather API,2024-12-01/2025-02-28,12.8,11.67,33.02,1.96,2160.0,Open-Meteo Air Quality API,2024-12-01/2025-02-28
478,business,2176.79,tokyo,automne,6,appartement,827.26,variable,business,3,aucun,0,0,séjour mitigé.,362.79833333333335,0.3800366594848378,0.0,1.0,1.0,0.0,0.0,0.0,0.0,18.79,4.52,34.0,12.27,91.0,35.6895,139.69171,Open-Meteo Historical Weather API,2025-09-01/2025-11-30,28.46,27.24,54.08,0.85,2184.0,Open-Meteo Air Quality API,2025-09-01/2025-11-30
479,solo,9683.09,new york,automne,11,resort,1285.24,pluie,gastronomie,1,météo,1,1,séjour mitigé.,880.2809090909091,0.1327303577680265,0.0,1.0,0.0,1.0,1.0,0.0,1.0,13.97,3.07,25.0,15.38,91.0,40.71427,-74.00597,Open-Meteo Historical Weather API,2025-09-01/2025-11-30,11.7,11.28,42.27,0.76,2184.0,Open-Meteo Air Quality API,2025-09-01/2025-11-30
480,business,5905.36,new york,automne,6,resort,816.54,nuageux,business,3,retard_vol,1,1,séjour mitigé.,984.2266666666666,0.1382709944863649,0.0,0.0,1.0,1.0,1.0,1.0,0.0,13.97,3.07,25.0,15.38,91.0,40.71427,-74.00597,Open-Meteo Historical Weather API,2025-09-01/2025-11-30,11.7,11.28,42.27,0.76,2184.0,Open-Meteo Air Quality API,2025-09-01/2025-11-30
481,business,2107.18,sydney,automne,4,villa,981.11,nuageux,business,3,bagages,1,1,séjour mitigé.,526.795,0.4656033181787982,0.0,0.0,1.0,1.0,1.0,1.0,0.0,19.17,1.74,22.0,21.07,91.0,-33.86785,151.20732,Open-Meteo Historical Weather API,2025-09-01/2025-11-30,10.98,9.17,34.45,1.63,2184.0,Open-Meteo Air Quality API,2025-09-01/2025-11-30
482,famille,3390.79,rome,hiver,8,appartement,888.62,nuageux,plage,1,retard_vol,1,0,séjour mitigé.,423.84875,0.262068721448394,0.0,0.0,0.0,0.0,1.0,1.0,0.0,9.23,2.57,28.0,13.79,90.0,41.89193,12.51133,Open-Meteo Historical Weather API,2024-12-01/2025-02-28,20.56,17.01,40.29,0.27,2160.0,Open-Meteo Air Quality API,2024-12-01/2025-02-28
483,solo,2310.61,rome,automne,5,villa,1228.48,nuageux,plage,2,annulation,1,1,séjour mitigé.,462.122,0.5316691263346043,0.0,0.0,0.0,1.0,1.0,1.0,0.0,17.21,4.01,24.0,12.75,91.0,41.89193,12.51133,Open-Meteo Historical Weather API,2025-09-01/2025-11-30,13.51,9.22,34.28,0.79,2184.0,Open-Meteo Air Quality API,2025-09-01/2025-11-30
484,solo,7730.67,sydney,hiver,13,villa,1321.21,pluie,randonnée,3,aucun,0,1,séjour mitigé.,594.6669230769231,0.1709049797753623,0.0,1.0,0.0,1.0,0.0,0.0,0.0,22.44,3.42,39.0,20.67,90.0,-33.86785,151.20732,Open-Meteo Historical Weather API,2024-12-01/2025-02-28,12.57,9.86,34.15,2.24,2160.0,Open-Meteo Air Quality API,2024-12-01/2025-02-28
485,business,3426.63,new york,automne,4,hôtel,1359.1,ensoleillé,business,1,retard_vol,1,1,séjour mitigé.,856.6575,0.3966287577007146,0.0,0.0,1.0,0.0,1.0,1.0,0.0,13.97,3.07,25.0,15.38,91.0,40.71427,-74.00597,Open-Meteo Historical Weather API,2025-09-01/2025-11-30,11.7,11.28,42.27,0.76,2184.0,Open-Meteo Air Quality API,2025-09-01/2025-11-30
486,senior,15032.23,bali,été,21,hôtel,1250.43,ensoleillé,culture,3,annulation,1,1,séjour mitigé.,715.8204761904761,0.083183266887215,1.0,0.0,0.0,0.0,1.0,1.0,0.0,25.53,3.21,49.0,18.92,92.0,-8.65,115.21667,Open-Meteo Historical Weather API,2025-06-01/2025-08-31,13.38,9.86,30.22,1.86,2208.0,Open-Meteo Air Quality API,2025-06-01/2025-08-31
487,couple,5546.6,rome,été,13,villa,1592.96,ensoleillé,plage,2,annulation,1,0,séjour mitigé.,426.6615384615385,0.2871957595644178,0.0,0.0,0.0,1.0,1.0,1.0,0.0,27.22,1.32,16.0,14.95,92.0,41.89193,12.51133,Open-Meteo Historical Weather API,2025-06-01/2025-08-31,15.45,9.67,40.74,2.01,2208.0,Open-Meteo Air Quality API,2025-06-01/2025-08-31
488,business,3378.77,new york,automne,4,villa,879.54,nuageux,business,2,retard_vol,1,0,séjour mitigé.,844.6925,0.2603136644400181,0.0,0.0,1.0,1.0,1.0,1.0,0.0,13.97,3.07,25.0,15.38,91.0,40.71427,-74.00597,Open-Meteo Historical Weather API,2025-09-01/2025-11-30,11.7,11.28,42.27,0.76,2184.0,Open-Meteo Air Quality API,2025-09-01/2025-11-30
489,business,3044.53,rome,automne,7,appartement,953.11,pluie,business,2,annulation,0,1,séjour mitigé.,434.9328571428572,0.3130565308931099,0.0,1.0,1.0,0.0,1.0,1.0,0.0,17.21,4.01,24.0,12.75,91.0,41.89193,12.51133,Open-Meteo Historical Weather API,2025-09-01/2025-11-30,13.51,9.22,34.28,0.79,2184.0,Open-Meteo Air Quality API,2025-09-01/2025-11-30
490,senior,9812.6,lisbonne,printemps,15,hôtel,897.43,variable,gastronomie,2,bagages,1,1,séjour mitigé.,654.1733333333334,0.0914569023500397,1.0,1.0,0.0,0.0,1.0,1.0,0.0,15.64,3.53,41.0,19.08,92.0,38.72509,-9.1498,Open-Meteo Historical Weather API,2025-03-01/2025-05-31,15.2,9.48,34.11,1.3,2208.0,Open-Meteo Air Quality API,2025-03-01/2025-05-31
492,famille,2556.7,tokyo,printemps,7,hôtel,746.39,ensoleillé,culture,5,aucun,0,1,excellent séjour.,365.24285714285713,0.2919349161027887,0.0,0.0,0.0,0.0,0.0,0.0,0.0,14.52,6.04,44.0,15.33,92.0,35.6895,139.69171,Open-Meteo Historical Weather API,2025-03-01/2025-05-31,29.58,26.1,53.35,1.05,2208.0,Open-Meteo Air Quality API,2025-03-01/2025-05-31
493,solo,7512.09,bali,printemps,10,hôtel,853.17,nuageux,business,3,retard_vol,0,0,séjour mitigé.,751.2090000000001,0.113572920452231,0.0,0.0,0.0,0.0,1.0,1.0,0.0,26.99,6.49,65.0,13.72,92.0,-8.65,115.21667,Open-Meteo Historical Weather API,2025-03-01/2025-05-31,12.14,10.4,31.68,2.19,2208.0,Open-Meteo Air Quality API,2025-03-01/2025-05-31
494,business,1185.76,tokyo,hiver,3,hôtel,740.04,ensoleillé,business,2,bagages,1,1,séjour mitigé.,395.2533333333333,0.6241060585615976,0.0,0.0,1.0,0.0,1.0,1.0,0.0,6.08,0.56,8.0,14.28,90.0,35.6895,139.69171,Open-Meteo Historical Weather API,2024-12-01/2025-02-28,31.02,30.0,55.43,0.51,2160.0,Open-Meteo Air Quality API,2024-12-01/2025-02-28
495,solo,6704.63,lisbonne,automne,12,villa,727.9,nuageux,plage,3,bagages,1,1,séjour mitigé.,558.7191666666666,0.108566766547893,0.0,0.0,0.0,1.0,1.0,1.0,0.0,18.72,2.83,21.0,17.54,91.0,38.72509,-9.1498,Open-Meteo Historical Weather API,2025-09-01/2025-11-30,15.83,9.72,31.17,0.9,2184.0,Open-Meteo Air Quality API,2025-09-01/2025-11-30
496,business,2996.07,new york,printemps,4,hôtel,1220.57,ensoleillé,business,2,annulation,1,0,séjour mitigé.,749.0175,0.4073903480225762,0.0,0.0,1.0,0.0,1.0,1.0,0.0,12.04,4.75,36.0,17.46,92.0,40.71427,-74.00597,Open-Meteo Historical Weather API,2025-03-01/2025-05-31,11.88,11.05,41.24,1.07,2208.0,Open-Meteo Air Quality API,2025-03-01/2025-05-31
498,senior,12492.51,dubaï,été,21,appartement,1134.57,ensoleillé,plage,3,retard_vol,1,1,séjour mitigé.,594.8814285714286,0.0908200193555978,1.0,0.0,0.0,0.0,1.0,1.0,0.0,35.27,0.0,0.0,22.79,92.0,25.07725,55.30927,Open-Meteo Historical Weather API,2025-06-01/2025-08-31,128.17,54.13,71.91,2.19,2208.0,Open-Meteo Air Quality API,2025-06-01/2025-08-31
500,senior,5572.07,rome,été,12,appartement,1076.81,ensoleillé,culture,4,annulation,1,1,excellent séjour.,464.3391666666666,0.1932513410635545,0.0,0.0,0.0,0.0,1.0,1.0,0.0,27.22,1.32,16.0,14.95,92.0,41.89193,12.51133,Open-Meteo Historical Weather API,2025-06-01/2025-08-31,15.45,9.67,40.74,2.01,2208.0,Open-Meteo Air Quality API,2025-06-01/2025-08-31
501,solo,11242.41,new york,printemps,13,hôtel,1098.72,pluie,randonnée,4,météo,1,1,excellent séjour.,864.8007692307692,0.0977299351295674,0.0,1.0,0.0,0.0,1.0,0.0,1.0,12.04,4.75,36.0,17.46,92.0,40.71427,-74.00597,Open-Meteo Historical Weather API,2025-03-01/2025-05-31,11.88,11.05,41.24,1.07,2208.0,Open-Meteo Air Quality API,2025-03-01/2025-05-31
502,senior,4623.75,dubaï,automne,8,villa,1510.0,nuageux,gastronomie,5,aucun,0,1,excellent séjour.,577.96875,0.3265747499324141,0.0,0.0,0.0,1.0,0.0,0.0,0.0,29.44,0.0,0.0,20.09,91.0,25.07725,55.30927,Open-Meteo Historical Weather API,2025-09-01/2025-11-30,80.53,41.8,60.89,1.56,2184.0,Open-Meteo Air Quality API,2025-09-01/2025-11-30
503,couple,4893.94,tokyo,printemps,14,appartement,639.17,pluie,plage,2,retard_vol,0,0,séjour mitigé.,349.5671428571428,0.1306043801109127,1.0,1.0,0.0,0.0,1.0,1.0,0.0,14.52,6.04,44.0,15.33,92.0,35.6895,139.69171,Open-Meteo Historical Weather API,2025-03-01/2025-05-31,29.58,26.1,53.35,1.05,2208.0,Open-Meteo Air Quality API,2025-03-01/2025-05-31
504,business,3682.73,new york,hiver,4,hôtel,1193.01,ensoleillé,business,2,aucun,0,0,séjour mitigé.,920.6825,0.3239471804883876,0.0,0.0,1.0,0.0,0.0,0.0,0.0,0.0,2.34,32.0,16.49,90.0,40.71427,-74.00597,Open-Meteo Historical Weather API,2024-12-01/2025-02-28,14.23,13.56,43.36,0.34,2160.0,Open-Meteo Air Quality API,2024-12-01/2025-02-28
505,famille,18923.2,new york,été,20,villa,1020.93,ensoleillé,plage,2,aucun,0,0,séjour mitigé.,946.16,0.0539512344635156,1.0,0.0,0.0,1.0,0.0,0.0,0.0,24.52,2.28,32.0,14.21,92.0,40.71427,-74.00597,Open-Meteo Historical Weather API,2025-06-01/2025-08-31,18.13,17.43,51.89,1.61,2208.0,Open-Meteo Air Quality API,2025-06-01/2025-08-31
507,solo,5178.53,tokyo,printemps,14,hôtel,738.03,variable,plage,3,météo,1,1,séjour mitigé.,369.895,0.142517278069259,1.0,1.0,0.0,0.0,1.0,0.0,1.0,14.52,6.04,44.0,15.33,92.0,35.6895,139.69171,Open-Meteo Historical Weather API,2025-03-01/2025-05-31,29.58,26.1,53.35,1.05,2208.0,Open-Meteo Air Quality API,2025-03-01/2025-05-31
508,senior,9262.06,paris,été,12,hôtel,1032.34,pluie,culture,2,météo,1,1,séjour mitigé.,771.8383333333333,0.1114590058799014,0.0,1.0,0.0,0.0,1.0,0.0,1.0,21.05,2.58,30.0,14.41,92.0,48.85341,2.3488,Open-Meteo Historical Weather API,2025-06-01/2025-08-31,10.28,6.83,31.49,1.5,2208.0,Open-Meteo Air Quality API,2025-06-01/2025-08-31
509,senior,7193.07,lisbonne,printemps,11,villa,829.82,variable,culture,3,retard_vol,1,0,séjour mitigé.,653.9154545454545,0.1153638154501485,0.0,1.0,0.0,1.0,1.0,1.0,0.0,15.64,3.53,41.0,19.08,92.0,38.72509,-9.1498,Open-Meteo Historical Weather API,2025-03-01/2025-05-31,15.2,9.48,34.11,1.3,2208.0,Open-Meteo Air Quality API,2025-03-01/2025-05-31
510,business,2287.1,tokyo,été,7,hôtel,615.3,ensoleillé,business,2,météo,1,0,séjour mitigé.,326.7285714285714,0.2690306501683354,0.0,0.0,1.0,0.0,1.0,0.0,1.0,27.71,2.91,31.0,13.49,92.0,35.6895,139.69171,Open-Meteo Historical Weather API,2025-06-01/2025-08-31,24.0,22.42,51.6,1.83,2208.0,Open-Meteo Air Quality API,2025-06-01/2025-08-31
511,famille,11809.88,bali,printemps,17,hôtel,1601.15,variable,plage,4,bagages,1,1,excellent séjour.,694.6988235294117,0.1355771608178914,1.0,1.0,0.0,0.0,1.0,1.0,0.0,26.99,6.49,65.0,13.72,92.0,-8.65,115.21667,Open-Meteo Historical Weather API,2025-03-01/2025-05-31,12.14,10.4,31.68,2.19,2208.0,Open-Meteo Air Quality API,2025-03-01/2025-05-31
512,solo,3712.04,lisbonne,automne,7,appartement,909.76,nuageux,plage,3,bagages,0,0,séjour mitigé.,530.2914285714286,0.2450835659098501,0.0,0.0,0.0,0.0,1.0,1.0,0.0,18.72,2.83,21.0,17.54,91.0,38.72509,-9.1498,Open-Meteo Historical Weather API,2025-09-01/2025-11-30,15.83,9.72,31.17,0.9,2184.0,Open-Meteo Air Quality API,2025-09-01/2025-11-30
513,business,3620.22,new york,printemps,5,hôtel,992.73,variable,business,1,retard_vol,1,1,séjour mitigé.,724.044,0.2742181414389181,0.0,1.0,1.0,0.0,1.0,1.0,0.0,12.04,4.75,36.0,17.46,92.0,40.71427,-74.00597,Open-Meteo Historical Weather API,2025-03-01/2025-05-31,11.88,11.05,41.24,1.07,2208.0,Open-Meteo Air Quality API,2025-03-01/2025-05-31
514,solo,9658.24,lisbonne,été,15,resort,934.02,ensoleillé,culture,4,bagages,1,0,excellent séjour.,643.8826666666666,0.0967070604996355,1.0,0.0,0.0,1.0,1.0,1.0,0.0,23.39,0.06,1.0,17.22,92.0,38.72509,-9.1498,Open-Meteo Historical Weather API,2025-06-01/2025-08-31,19.54,10.92,32.89,2.16,2208.0,Open-Meteo Air Quality API,2025-06-01/2025-08-31
515,senior,12939.66,lisbonne,printemps,21,resort,889.73,variable,plage,2,annulation,0,1,séjour mitigé.,616.1742857142857,0.0687599210489302,1.0,1.0,0.0,1.0,1.0,1.0,0.0,15.64,3.53,41.0,19.08,92.0,38.72509,-9.1498,Open-Meteo Historical Weather API,2025-03-01/2025-05-31,15.2,9.48,34.11,1.3,2208.0,Open-Meteo Air Quality API,2025-03-01/2025-05-31
516,famille,8216.27,bali,automne,10,villa,1195.7,nuageux,plage,1,retard_vol,1,0,séjour mitigé.,821.6270000000001,0.1455283236797232,0.0,0.0,0.0,1.0,1.0,1.0,0.0,26.3,6.82,61.0,14.71,91.0,-8.65,115.21667,Open-Meteo Historical Weather API,2025-09-01/2025-11-30,14.48,11.69,32.66,2.5,2184.0,Open-Meteo Air Quality API,2025-09-01/2025-11-30
517,couple,5313.67,bali,été,7,villa,1350.62,pluie,plage,3,bagages,0,1,séjour mitigé.,759.0957142857143,0.2541783738922439,0.0,1.0,0.0,1.0,1.0,1.0,0.0,25.53,3.21,49.0,18.92,92.0,-8.65,115.21667,Open-Meteo Historical Weather API,2025-06-01/2025-08-31,13.38,9.86,30.22,1.86,2208.0,Open-Meteo Air Quality API,2025-06-01/2025-08-31
518,famille,11071.98,new york,automne,12,hôtel,1235.18,nuageux,plage,3,bagages,1,1,séjour mitigé.,922.665,0.111559088798932,0.0,0.0,0.0,0.0,1.0,1.0,0.0,13.97,3.07,25.0,15.38,91.0,40.71427,-74.00597,Open-Meteo Historical Weather API,2025-09-01/2025-11-30,11.7,11.28,42.27,0.76,2184.0,Open-Meteo Air Quality API,2025-09-01/2025-11-30
519,business,2895.0,paris,hiver,3,hôtel,1124.86,nuageux,business,1,annulation,1,1,séjour mitigé.,965.0,0.3885526770293609,0.0,0.0,1.0,0.0,1.0,1.0,0.0,4.95,2.61,35.0,15.72,90.0,48.85341,2.3488,Open-Meteo Historical Weather API,2024-12-01/2025-02-28,20.98,17.57,45.01,0.13,2160.0,Open-Meteo Air Quality API,2024-12-01/2025-02-28
520,couple,1520.72,tokyo,hiver,5,appartement,685.28,pluie,randonnée,2,bagages,1,1,séjour mitigé.,304.144,0.4506286495870377,0.0,1.0,0.0,0.0,1.0,1.0,0.0,6.08,0.56,8.0,14.28,90.0,35.6895,139.69171,Open-Meteo Historical Weather API,2024-12-01/2025-02-28,31.02,30.0,55.43,0.51,2160.0,Open-Meteo Air Quality API,2024-12-01/2025-02-28
521,senior,11773.96,lisbonne,hiver,18,hôtel,867.64,pluie,plage,2,météo,1,0,séjour mitigé.,654.1088888888888,0.0736914343177656,1.0,1.0,0.0,0.0,1.0,0.0,1.0,12.63,2.92,26.0,17.53,90.0,38.72509,-9.1498,Open-Meteo Historical Weather API,2024-12-01/2025-02-28,19.66,13.91,36.49,0.38,2160.0,Open-Meteo Air Quality API,2024-12-01/2025-02-28
522,solo,8972.34,new york,été,10,villa,726.17,ensoleillé,plage,3,météo,1,1,séjour mitigé.,897.234,0.0809342936179413,0.0,0.0,0.0,1.0,1.0,0.0,1.0,24.52,2.28,32.0,14.21,92.0,40.71427,-74.00597,Open-Meteo Historical Weather API,2025-06-01/2025-08-31,18.13,17.43,51.89,1.61,2208.0,Open-Meteo Air Quality API,2025-06-01/2025-08-31
523,solo,4940.56,new york,hiver,5,villa,857.06,pluie,plage,3,retard_vol,0,1,séjour mitigé.,988.112,0.1734742620269766,0.0,1.0,0.0,1.0,1.0,1.0,0.0,0.0,2.34,32.0,16.49,90.0,40.71427,-74.00597,Open-Meteo Historical Weather API,2024-12-01/2025-02-28,14.23,13.56,43.36,0.34,2160.0,Open-Meteo Air Quality API,2024-12-01/2025-02-28
524,senior,7016.84,rome,printemps,15,appartement,1542.7,variable,culture,1,retard_vol,1,0,séjour mitigé.,467.7893333333333,0.2198568016372042,1.0,1.0,0.0,0.0,1.0,1.0,0.0,15.22,3.55,32.0,13.85,92.0,41.89193,12.51133,Open-Meteo Historical Weather API,2025-03-01/2025-05-31,15.93,11.65,37.47,1.19,2208.0,Open-Meteo Air Quality API,2025-03-01/2025-05-31
525,senior,6473.16,rome,automne,15,villa,1596.1,nuageux,gastronomie,2,météo,1,0,séjour mitigé.,431.544,0.2465719988382799,1.0,0.0,0.0,1.0,1.0,0.0,1.0,17.21,4.01,24.0,12.75,91.0,41.89193,12.51133,Open-Meteo Historical Weather API,2025-09-01/2025-11-30,13.51,9.22,34.28,0.79,2184.0,Open-Meteo Air Quality API,2025-09-01/2025-11-30
526,senior,5555.13,dubaï,été,10,villa,1271.43,ensoleillé,plage,1,annulation,0,1,séjour mitigé.,555.513,0.2288749318197774,0.0,0.0,0.0,1.0,1.0,1.0,0.0,35.27,0.0,0.0,22.79,92.0,25.07725,55.30927,Open-Meteo Historical Weather API,2025-06-01/2025-08-31,128.17,54.13,71.91,2.19,2208.0,Open-Meteo Air Quality API,2025-06-01/2025-08-31
527,solo,6741.87,rome,été,13,hôtel,1390.93,variable,plage,2,bagages,1,1,séjour mitigé.,518.6053846153847,0.2063121952811312,0.0,1.0,0.0,0.0,1.0,1.0,0.0,27.22,1.32,16.0,14.95,92.0,41.89193,12.51133,Open-Meteo Historical Weather API,2025-06-01/2025-08-31,15.45,9.67,40.74,2.01,2208.0,Open-Meteo Air Quality API,2025-06-01/2025-08-31
528,business,2232.92,tokyo,printemps,7,appartement,785.09,ensoleillé,culture,2,annulation,1,1,séjour mitigé.,318.98857142857145,0.3515979076724647,0.0,0.0,1.0,0.0,1.0,1.0,0.0,14.52,6.04,44.0,15.33,92.0,35.6895,139.69171,Open-Meteo Historical Weather API,2025-03-01/2025-05-31,29.58,26.1,53.35,1.05,2208.0,Open-Meteo Air Quality API,2025-03-01/2025-05-31
529,solo,2595.37,rome,hiver,5,appartement,1871.46,nuageux,gastronomie,1,météo,1,1,séjour mitigé.,519.074,0.7210763783198543,0.0,0.0,0.0,0.0,1.0,0.0,1.0,9.23,2.57,28.0,13.79,90.0,41.89193,12.51133,Open-Meteo Historical Weather API,2024-12-01/2025-02-28,20.56,17.01,40.29,0.27,2160.0,Open-Meteo Air Quality API,2024-12-01/2025-02-28
530,senior,4821.55,dubaï,hiver,10,villa,1542.58,pluie,gastronomie,3,météo,1,1,séjour mitigé.,482.155,0.3199344609098734,0.0,1.0,0.0,1.0,1.0,0.0,1.0,20.21,0.09,2.0,19.57,90.0,25.07725,55.30927,Open-Meteo Historical Weather API,2024-12-01/2025-02-28,59.55,32.47,55.0,1.03,2160.0,Open-Meteo Air Quality API,2024-12-01/2025-02-28
531,business,3074.71,rome,été,7,resort,1255.65,ensoleillé,business,2,météo,0,0,séjour mitigé.,439.2442857142857,0.4083799772986721,0.0,0.0,1.0,1.0,1.0,0.0,1.0,27.22,1.32,16.0,14.95,92.0,41.89193,12.51133,Open-Meteo Historical Weather API,2025-06-01/2025-08-31,15.45,9.67,40.74,2.01,2208.0,Open-Meteo Air Quality API,2025-06-01/2025-08-31
532,couple,6050.95,lisbonne,été,10,hôtel,775.26,ensoleillé,culture,1,annulation,1,1,séjour mitigé.,605.095,0.1281220304249745,0.0,0.0,0.0,0.0,1.0,1.0,0.0,23.39,0.06,1.0,17.22,92.0,38.72509,-9.1498,Open-Meteo Historical Weather API,2025-06-01/2025-08-31,19.54,10.92,32.89,2.16,2208.0,Open-Meteo Air Quality API,2025-06-01/2025-08-31
533,famille,17696.76,new york,automne,19,appartement,841.88,pluie,plage,1,bagages,1,1,séjour mitigé.,931.4084210526316,0.0475725500035034,1.0,1.0,0.0,0.0,1.0,1.0,0.0,13.97,3.07,25.0,15.38,91.0,40.71427,-74.00597,Open-Meteo Historical Weather API,2025-09-01/2025-11-30,11.7,11.28,42.27,0.76,2184.0,Open-Meteo Air Quality API,2025-09-01/2025-11-30
534,senior,5521.47,dubaï,automne,10,villa,1361.08,nuageux,gastronomie,3,météo,1,1,séjour mitigé.,552.147,0.2465068179307322,0.0,0.0,0.0,1.0,1.0,0.0,1.0,29.44,0.0,0.0,20.09,91.0,25.07725,55.30927,Open-Meteo Historical Weather API,2025-09-01/2025-11-30,80.53,41.8,60.89,1.56,2184.0,Open-Meteo Air Quality API,2025-09-01/2025-11-30
535,senior,17301.27,new york,automne,19,villa,983.31,variable,culture,3,annulation,1,0,séjour mitigé.,910.5931578947368,0.0568345560759412,1.0,1.0,0.0,1.0,1.0,1.0,0.0,13.97,3.07,25.0,15.38,91.0,40.71427,-74.00597,Open-Meteo Historical Weather API,2025-09-01/2025-11-30,11.7,11.28,42.27,0.76,2184.0,Open-Meteo Air Quality API,2025-09-01/2025-11-30
536,solo,4895.13,dubaï,automne,8,appartement,1039.0,nuageux,gastronomie,3,retard_vol,1,0,séjour mitigé.,611.89125,0.212251768594501,0.0,0.0,0.0,0.0,1.0,1.0,0.0,29.44,0.0,0.0,20.09,91.0,25.07725,55.30927,Open-Meteo Historical Weather API,2025-09-01/2025-11-30,80.53,41.8,60.89,1.56,2184.0,Open-Meteo Air Quality API,2025-09-01/2025-11-30
537,senior,12511.44,new york,hiver,17,appartement,1001.58,pluie,culture,3,aucun,0,1,séjour mitigé.,735.9670588235294,0.0800531353705089,1.0,1.0,0.0,0.0,0.0,0.0,0.0,0.0,2.34,32.0,16.49,90.0,40.71427,-74.00597,Open-Meteo Historical Weather API,2024-12-01/2025-02-28,14.23,13.56,43.36,0.34,2160.0,Open-Meteo Air Quality API,2024-12-01/2025-02-28
538,couple,7533.95,bali,été,9,villa,1036.06,ensoleillé,culture,2,retard_vol,1,1,séjour mitigé.,837.1055555555555,0.1375188314230914,0.0,0.0,0.0,1.0,1.0,1.0,0.0,25.53,3.21,49.0,18.92,92.0,-8.65,115.21667,Open-Meteo Historical Weather API,2025-06-01/2025-08-31,13.38,9.86,30.22,1.86,2208.0,Open-Meteo Air Quality API,2025-06-01/2025-08-31
539,solo,4030.94,rome,printemps,8,villa,1604.2,variable,culture,3,retard_vol,1,1,séjour mitigé.,503.8675,0.3979716889856956,0.0,1.0,0.0,1.0,1.0,1.0,0.0,15.22,3.55,32.0,13.85,92.0,41.89193,12.51133,Open-Meteo Historical Weather API,2025-03-01/2025-05-31,15.93,11.65,37.47,1.19,2208.0,Open-Meteo Air Quality API,2025-03-01/2025-05-31
540,famille,9830.59,lisbonne,automne,17,resort,1024.65,variable,plage,2,annulation,0,1,séjour mitigé.,578.27,0.104230773534447,1.0,1.0,0.0,1.0,1.0,1.0,0.0,18.72,2.83,21.0,17.54,91.0,38.72509,-9.1498,Open-Meteo Historical Weather API,2025-09-01/2025-11-30,15.83,9.72,31.17,0.9,2184.0,Open-Meteo Air Quality API,2025-09-01/2025-11-30
541,famille,13149.86,new york,été,18,villa,1107.82,ensoleillé,plage,4,annulation,1,1,excellent séjour.,730.5477777777778,0.0842457638332271,1.0,0.0,0.0,1.0,1.0,1.0,0.0,24.52,2.28,32.0,14.21,92.0,40.71427,-74.00597,Open-Meteo Historical Weather API,2025-06-01/2025-08-31,18.13,17.43,51.89,1.61,2208.0,Open-Meteo Air Quality API,2025-06-01/2025-08-31
542,couple,2462.77,lisbonne,printemps,4,villa,1105.87,variable,plage,3,annulation,1,1,séjour mitigé.,615.6925,0.4490350296617223,0.0,1.0,0.0,1.0,1.0,1.0,0.0,15.64,3.53,41.0,19.08,92.0,38.72509,-9.1498,Open-Meteo Historical Weather API,2025-03-01/2025-05-31,15.2,9.48,34.11,1.3,2208.0,Open-Meteo Air Quality API,2025-03-01/2025-05-31
543,solo,9882.54,paris,printemps,12,appartement,1236.3,variable,plage,4,bagages,1,1,excellent séjour.,823.5450000000001,0.1250994177610209,0.0,1.0,0.0,0.0,1.0,1.0,0.0,12.44,1.18,26.0,14.07,92.0,48.85341,2.3488,Open-Meteo Historical Weather API,2025-03-01/2025-05-31,15.06,12.04,38.85,0.97,2208.0,Open-Meteo Air Quality API,2025-03-01/2025-05-31
544,senior,10893.54,new york,automne,14,resort,965.86,pluie,culture,4,retard_vol,1,1,excellent séjour.,778.11,0.0886635565665522,1.0,1.0,0.0,1.0,1.0,1.0,0.0,13.97,3.07,25.0,15.38,91.0,40.71427,-74.00597,Open-Meteo Historical Weather API,2025-09-01/2025-11-30,11.7,11.28,42.27,0.76,2184.0,Open-Meteo Air Quality API,2025-09-01/2025-11-30
545,senior,11214.38,new york,été,12,appartement,1362.56,ensoleillé,culture,1,météo,0,0,séjour mitigé.,934.5316666666666,0.1215011440668142,0.0,0.0,0.0,0.0,1.0,0.0,1.0,24.52,2.28,32.0,14.21,92.0,40.71427,-74.00597,Open-Meteo Historical Weather API,2025-06-01/2025-08-31,18.13,17.43,51.89,1.61,2208.0,Open-Meteo Air Quality API,2025-06-01/2025-08-31
546,solo,2988.23,sydney,automne,5,resort,1289.25,pluie,culture,3,météo,1,1,séjour mitigé.,597.646,0.4314426935008349,0.0,1.0,0.0,1.0,1.0,0.0,1.0,19.17,1.74,22.0,21.07,91.0,-33.86785,151.20732,Open-Meteo Historical Weather API,2025-09-01/2025-11-30,10.98,9.17,34.45,1.63,2184.0,Open-Meteo Air Quality API,2025-09-01/2025-11-30
547,famille,6701.94,rome,printemps,14,resort,1081.03,nuageux,randonnée,4,annulation,1,0,excellent séjour.,478.71,0.1613010561121108,1.0,0.0,0.0,1.0,1.0,1.0,0.0,15.22,3.55,32.0,13.85,92.0,41.89193,12.51133,Open-Meteo Historical Weather API,2025-03-01/2025-05-31,15.93,11.65,37.47,1.19,2208.0,Open-Meteo Air Quality API,2025-03-01/2025-05-31
549,couple,15709.49,paris,été,16,villa,1061.6,ensoleillé,culture,3,aucun,0,1,séjour mitigé.,981.843125,0.0675769869040942,1.0,0.0,0.0,1.0,0.0,0.0,0.0,21.05,2.58,30.0,14.41,92.0,48.85341,2.3488,Open-Meteo Historical Weather API,2025-06-01/2025-08-31,10.28,6.83,31.49,1.5,2208.0,Open-Meteo Air Quality API,2025-06-01/2025-08-31
550,solo,12421.27,paris,hiver,14,appartement,968.62,pluie,gastronomie,4,aucun,0,1,excellent séjour.,887.2335714285715,0.0779807539808731,1.0,1.0,0.0,0.0,0.0,0.0,0.0,4.95,2.61,35.0,15.72,90.0,48.85341,2.3488,Open-Meteo Historical Weather API,2024-12-01/2025-02-28,20.98,17.57,45.01,0.13,2160.0,Open-Meteo Air Quality API,2024-12-01/2025-02-28
551,famille,13170.51,new york,printemps,14,hôtel,1263.24,ensoleillé,culture,2,météo,1,0,séjour mitigé.,940.7507142857144,0.0959142812237339,1.0,0.0,0.0,0.0,1.0,0.0,1.0,12.04,4.75,36.0,17.46,92.0,40.71427,-74.00597,Open-Meteo Historical Weather API,2025-03-01/2025-05-31,11.88,11.05,41.24,1.07,2208.0,Open-Meteo Air Quality API,2025-03-01/2025-05-31
552,senior,11805.49,paris,été,11,appartement,1572.14,nuageux,plage,2,météo,1,0,séjour mitigé.,1073.2263636363637,0.1331702453688919,0.0,0.0,0.0,0.0,1.0,0.0,1.0,21.05,2.58,30.0,14.41,92.0,48.85341,2.3488,Open-Meteo Historical Weather API,2025-06-01/2025-08-31,10.28,6.83,31.49,1.5,2208.0,Open-Meteo Air Quality API,2025-06-01/2025-08-31
553,famille,10526.82,lisbonne,printemps,18,appartement,715.12,nuageux,plage,2,aucun,0,0,séjour mitigé.,584.8233333333333,0.0679331460023064,1.0,0.0,0.0,0.0,0.0,0.0,0.0,15.64,3.53,41.0,19.08,92.0,38.72509,-9.1498,Open-Meteo Historical Weather API,2025-03-01/2025-05-31,15.2,9.48,34.11,1.3,2208.0,Open-Meteo Air Quality API,2025-03-01/2025-05-31
554,couple,11469.99,bali,été,16,villa,1341.12,ensoleillé,business,2,bagages,0,0,séjour mitigé.,716.874375,0.1169242518955988,1.0,0.0,0.0,1.0,1.0,1.0,0.0,25.53,3.21,49.0,18.92,92.0,-8.65,115.21667,Open-Meteo Historical Weather API,2025-06-01/2025-08-31,13.38,9.86,30.22,1.86,2208.0,Open-Meteo Air Quality API,2025-06-01/2025-08-31
555,couple,2648.7,dubaï,été,5,hôtel,1191.87,ensoleillé,business,2,retard_vol,1,1,séjour mitigé.,529.74,0.4499830105334692,0.0,0.0,0.0,0.0,1.0,1.0,0.0,35.27,0.0,0.0,22.79,92.0,25.07725,55.30927,Open-Meteo Historical Weather API,2025-06-01/2025-08-31,128.17,54.13,71.91,2.19,2208.0,Open-Meteo Air Quality API,2025-06-01/2025-08-31
556,senior,6179.13,sydney,hiver,12,appartement,1105.67,nuageux,plage,1,météo,0,1,séjour mitigé.,514.9275,0.1789361932828731,0.0,0.0,0.0,0.0,1.0,0.0,1.0,22.44,3.42,39.0,20.67,90.0,-33.86785,151.20732,Open-Meteo Historical Weather API,2024-12-01/2025-02-28,12.57,9.86,34.15,2.24,2160.0,Open-Meteo Air Quality API,2024-12-01/2025-02-28
557,business,2027.75,rome,automne,5,villa,1166.46,nuageux,business,2,météo,1,0,séjour mitigé.,405.55,0.5752484280606583,0.0,0.0,1.0,1.0,1.0,0.0,1.0,17.21,4.01,24.0,12.75,91.0,41.89193,12.51133,Open-Meteo Historical Weather API,2025-09-01/2025-11-30,13.51,9.22,34.28,0.79,2184.0,Open-Meteo Air Quality API,2025-09-01/2025-11-30
558,business,2149.78,rome,automne,5,villa,1114.3,variable,business,2,retard_vol,1,1,séjour mitigé.,429.956,0.5183321084017899,0.0,1.0,1.0,1.0,1.0,1.0,0.0,17.21,4.01,24.0,12.75,91.0,41.89193,12.51133,Open-Meteo Historical Weather API,2025-09-01/2025-11-30,13.51,9.22,34.28,0.79,2184.0,Open-Meteo Air Quality API,2025-09-01/2025-11-30
559,senior,5484.9,lisbonne,hiver,9,villa,911.56,pluie,plage,2,annulation,1,0,séjour mitigé.,609.4333333333333,0.1661944611569946,0.0,1.0,0.0,1.0,1.0,1.0,0.0,12.63,2.92,26.0,17.53,90.0,38.72509,-9.1498,Open-Meteo Historical Weather API,2024-12-01/2025-02-28,19.66,13.91,36.49,0.38,2160.0,Open-Meteo Air Quality API,2024-12-01/2025-02-28
560,couple,8479.56,bali,été,11,resort,1082.55,ensoleillé,plage,5,aucun,0,1,excellent séjour.,770.8690909090909,0.1276658222832316,0.0,0.0,0.0,1.0,0.0,0.0,0.0,25.53,3.21,49.0,18.92,92.0,-8.65,115.21667,Open-Meteo Historical Weather API,2025-06-01/2025-08-31,13.38,9.86,30.22,1.86,2208.0,Open-Meteo Air Quality API,2025-06-01/2025-08-31
561,couple,4258.3,sydney,été,8,villa,1241.22,nuageux,plage,1,bagages,1,1,séjour mitigé.,532.2875,0.2914825164971937,0.0,0.0,0.0,1.0,1.0,1.0,0.0,12.22,4.06,27.0,18.74,92.0,-33.86785,151.20732,Open-Meteo Historical Weather API,2025-06-01/2025-08-31,10.19,9.26,31.56,0.49,2208.0,Open-Meteo Air Quality API,2025-06-01/2025-08-31
562,business,1401.86,dubaï,printemps,3,villa,1310.82,ensoleillé,business,2,météo,1,0,séjour mitigé.,467.2866666666666,0.9350577090436992,0.0,0.0,1.0,1.0,1.0,0.0,1.0,28.3,0.01,0.0,22.56,92.0,25.07725,55.30927,Open-Meteo Historical Weather API,2025-03-01/2025-05-31,70.72,36.99,63.06,2.2,2208.0,Open-Meteo Air Quality API,2025-03-01/2025-05-31
563,famille,6946.53,new york,automne,7,hôtel,1069.4,variable,gastronomie,1,météo,1,1,séjour mitigé.,992.3614285714284,0.1539473665268846,0.0,1.0,0.0,0.0,1.0,0.0,1.0,13.97,3.07,25.0,15.38,91.0,40.71427,-74.00597,Open-Meteo Historical Weather API,2025-09-01/2025-11-30,11.7,11.28,42.27,0.76,2184.0,Open-Meteo Air Quality API,2025-09-01/2025-11-30
564,famille,7288.2,sydney,hiver,12,villa,1030.44,ensoleillé,randonnée,3,retard_vol,0,1,séjour mitigé.,607.35,0.1413847040421503,0.0,0.0,0.0,1.0,1.0,1.0,0.0,22.44,3.42,39.0,20.67,90.0,-33.86785,151.20732,Open-Meteo Historical Weather API,2024-12-01/2025-02-28,12.57,9.86,34.15,2.24,2160.0,Open-Meteo Air Quality API,2024-12-01/2025-02-28
565,couple,3010.15,dubaï,hiver,6,resort,1206.5,nuageux,business,2,météo,1,0,séjour mitigé.,501.69166666666666,0.4008105908343438,0.0,0.0,0.0,1.0,1.0,0.0,1.0,20.21,0.09,2.0,19.57,90.0,25.07725,55.30927,Open-Meteo Historical Weather API,2024-12-01/2025-02-28,59.55,32.47,55.0,1.03,2160.0,Open-Meteo Air Quality API,2024-12-01/2025-02-28
566,couple,3834.48,lisbonne,hiver,6,hôtel,1007.52,variable,culture,4,aucun,0,1,excellent séjour.,639.08,0.2627527070163359,0.0,1.0,0.0,0.0,0.0,0.0,0.0,12.63,2.92,26.0,17.53,90.0,38.72509,-9.1498,Open-Meteo Historical Weather API,2024-12-01/2025-02-28,19.66,13.91,36.49,0.38,2160.0,Open-Meteo Air Quality API,2024-12-01/2025-02-28
567,couple,8235.7,lisbonne,automne,15,villa,972.97,nuageux,plage,2,retard_vol,1,0,séjour mitigé.,549.0466666666667,0.1181405345022281,1.0,0.0,0.0,1.0,1.0,1.0,0.0,18.72,2.83,21.0,17.54,91.0,38.72509,-9.1498,Open-Meteo Historical Weather API,2025-09-01/2025-11-30,15.83,9.72,31.17,0.9,2184.0,Open-Meteo Air Quality API,2025-09-01/2025-11-30
568,solo,1464.6,tokyo,été,5,resort,640.08,nuageux,gastronomie,4,aucun,0,1,excellent séjour.,292.92,0.437034002458009,0.0,0.0,0.0,1.0,0.0,0.0,0.0,27.71,2.91,31.0,13.49,92.0,35.6895,139.69171,Open-Meteo Historical Weather API,2025-06-01/2025-08-31,24.0,22.42,51.6,1.83,2208.0,Open-Meteo Air Quality API,2025-06-01/2025-08-31
569,couple,6467.05,dubaï,été,10,appartement,1340.45,ensoleillé,plage,2,annulation,0,1,séjour mitigé.,646.705,0.207273795625517,0.0,0.0,0.0,0.0,1.0,1.0,0.0,35.27,0.0,0.0,22.79,92.0,25.07725,55.30927,Open-Meteo Historical Weather API,2025-06-01/2025-08-31,128.17,54.13,71.91,2.19,2208.0,Open-Meteo Air Quality API,2025-06-01/2025-08-31
570,couple,5593.3,sydney,été,10,hôtel,1327.27,ensoleillé,randonnée,2,retard_vol,1,0,séjour mitigé.,559.33,0.237296408202671,0.0,0.0,0.0,0.0,1.0,1.0,0.0,12.22,4.06,27.0,18.74,92.0,-33.86785,151.20732,Open-Meteo Historical Weather API,2025-06-01/2025-08-31,10.19,9.26,31.56,0.49,2208.0,Open-Meteo Air Quality API,2025-06-01/2025-08-31
571,couple,10165.47,paris,automne,11,appartement,916.08,nuageux,culture,1,météo,0,1,séjour mitigé.,924.1336363636364,0.0901168367030742,0.0,0.0,0.0,0.0,1.0,0.0,1.0,12.33,2.12,33.0,16.01,91.0,48.85341,2.3488,Open-Meteo Historical Weather API,2025-09-01/2025-11-30,12.19,8.6,34.88,0.44,2184.0,Open-Meteo Air Quality API,2025-09-01/2025-11-30
572,senior,2562.07,tokyo,automne,7,resort,811.2,pluie,gastronomie,3,météo,1,1,séjour mitigé.,366.0100000000001,0.3166189838685125,0.0,1.0,0.0,1.0,1.0,0.0,1.0,18.79,4.52,34.0,12.27,91.0,35.6895,139.69171,Open-Meteo Historical Weather API,2025-09-01/2025-11-30,28.46,27.24,54.08,0.85,2184.0,Open-Meteo Air Quality API,2025-09-01/2025-11-30
573,senior,10276.07,bali,été,17,appartement,1113.77,ensoleillé,gastronomie,3,retard_vol,0,0,séjour mitigé.,604.474705882353,0.1083848202668919,1.0,0.0,0.0,0.0,1.0,1.0,0.0,25.53,3.21,49.0,18.92,92.0,-8.65,115.21667,Open-Meteo Historical Weather API,2025-06-01/2025-08-31,13.38,9.86,30.22,1.86,2208.0,Open-Meteo Air Quality API,2025-06-01/2025-08-31
574,business,3283.51,lisbonne,hiver,6,appartement,982.43,pluie,business,1,bagages,1,0,séjour mitigé.,547.2516666666667,0.2992011597345523,0.0,1.0,1.0,0.0,1.0,1.0,0.0,12.63,2.92,26.0,17.53,90.0,38.72509,-9.1498,Open-Meteo Historical Weather API,2024-12-01/2025-02-28,19.66,13.91,36.49,0.38,2160.0,Open-Meteo Air Quality API,2024-12-01/2025-02-28
575,senior,8803.53,lisbonne,été,17,appartement,801.37,ensoleillé,gastronomie,2,retard_vol,1,1,séjour mitigé.,517.854705882353,0.0910282579828773,1.0,0.0,0.0,0.0,1.0,1.0,0.0,23.39,0.06,1.0,17.22,92.0,38.72509,-9.1498,Open-Meteo Historical Weather API,2025-06-01/2025-08-31,19.54,10.92,32.89,2.16,2208.0,Open-Meteo Air Quality API,2025-06-01/2025-08-31
576,solo,4218.36,dubaï,printemps,8,villa,963.19,variable,plage,3,bagages,1,0,séjour mitigé.,527.295,0.2283328118036393,0.0,1.0,0.0,1.0,1.0,1.0,0.0,28.3,0.01,0.0,22.56,92.0,25.07725,55.30927,Open-Meteo Historical Weather API,2025-03-01/2025-05-31,70.72,36.99,63.06,2.2,2208.0,Open-Meteo Air Quality API,2025-03-01/2025-05-31
577,solo,7351.2,new york,automne,9,appartement,838.37,nuageux,plage,3,météo,1,1,séjour mitigé.,816.8,0.1140453259331809,0.0,0.0,0.0,0.0,1.0,0.0,1.0,13.97,3.07,25.0,15.38,91.0,40.71427,-74.00597,Open-Meteo Historical Weather API,2025-09-01/2025-11-30,11.7,11.28,42.27,0.76,2184.0,Open-Meteo Air Quality API,2025-09-01/2025-11-30
578,business,2409.74,new york,automne,3,appartement,1117.15,ensoleillé,business,4,annulation,1,0,excellent séjour.,803.2466666666666,0.4635977325354603,0.0,0.0,1.0,0.0,1.0,1.0,0.0,13.97,3.07,25.0,15.38,91.0,40.71427,-74.00597,Open-Meteo Historical Weather API,2025-09-01/2025-11-30,11.7,11.28,42.27,0.76,2184.0,Open-Meteo Air Quality API,2025-09-01/2025-11-30
579,solo,9923.9,lisbonne,printemps,16,appartement,940.23,ensoleillé,plage,4,bagages,1,1,excellent séjour.,620.24375,0.0947440018541097,1.0,0.0,0.0,0.0,1.0,1.0,0.0,15.64,3.53,41.0,19.08,92.0,38.72509,-9.1498,Open-Meteo Historical Weather API,2025-03-01/2025-05-31,15.2,9.48,34.11,1.3,2208.0,Open-Meteo Air Quality API,2025-03-01/2025-05-31
580,business,1950.58,dubaï,hiver,3,hôtel,1141.61,nuageux,business,3,météo,1,1,séjour mitigé.,650.1933333333333,0.5852669462416307,0.0,0.0,1.0,0.0,1.0,0.0,1.0,20.21,0.09,2.0,19.57,90.0,25.07725,55.30927,Open-Meteo Historical Weather API,2024-12-01/2025-02-28,59.55,32.47,55.0,1.03,2160.0,Open-Meteo Air Quality API,2024-12-01/2025-02-28
581,business,1665.29,tokyo,été,5,villa,821.92,ensoleillé,business,4,aucun,0,1,excellent séjour.,333.058,0.4935596802959244,0.0,0.0,1.0,1.0,0.0,0.0,0.0,27.71,2.91,31.0,13.49,92.0,35.6895,139.69171,Open-Meteo Historical Weather API,2025-06-01/2025-08-31,24.0,22.42,51.6,1.83,2208.0,Open-Meteo Air Quality API,2025-06-01/2025-08-31
582,solo,4953.47,dubaï,automne,10,appartement,991.6,pluie,culture,3,bagages,1,1,séjour mitigé.,495.347,0.2001829020868199,0.0,1.0,0.0,0.0,1.0,1.0,0.0,29.44,0.0,0.0,20.09,91.0,25.07725,55.30927,Open-Meteo Historical Weather API,2025-09-01/2025-11-30,80.53,41.8,60.89,1.56,2184.0,Open-Meteo Air Quality API,2025-09-01/2025-11-30
583,couple,7611.86,rome,hiver,15,resort,1267.53,pluie,randonnée,3,bagages,0,0,séjour mitigé.,507.4573333333333,0.1665204036858271,1.0,1.0,0.0,1.0,1.0,1.0,0.0,9.23,2.57,28.0,13.79,90.0,41.89193,12.51133,Open-Meteo Historical Weather API,2024-12-01/2025-02-28,20.56,17.01,40.29,0.27,2160.0,Open-Meteo Air Quality API,2024-12-01/2025-02-28
585,solo,2357.68,tokyo,printemps,8,hôtel,676.73,variable,plage,2,météo,1,0,séjour mitigé.,294.71,0.2870321672152285,0.0,1.0,0.0,0.0,1.0,0.0,1.0,14.52,6.04,44.0,15.33,92.0,35.6895,139.69171,Open-Meteo Historical Weather API,2025-03-01/2025-05-31,29.58,26.1,53.35,1.05,2208.0,Open-Meteo Air Quality API,2025-03-01/2025-05-31
586,famille,5217.96,lisbonne,hiver,10,villa,911.41,pluie,plage,2,retard_vol,0,0,séjour mitigé.,521.796,0.174667877867979,0.0,1.0,0.0,1.0,1.0,1.0,0.0,12.63,2.92,26.0,17.53,90.0,38.72509,-9.1498,Open-Meteo Historical Weather API,2024-12-01/2025-02-28,19.66,13.91,36.49,0.38,2160.0,Open-Meteo Air Quality API,2024-12-01/2025-02-28
587,business,2603.82,tokyo,été,7,villa,653.26,ensoleillé,gastronomie,3,annulation,1,0,séjour mitigé.,371.9742857142857,0.2508852378428616,0.0,0.0,1.0,1.0,1.0,1.0,0.0,27.71,2.91,31.0,13.49,92.0,35.6895,139.69171,Open-Meteo Historical Weather API,2025-06-01/2025-08-31,24.0,22.42,51.6,1.83,2208.0,Open-Meteo Air Quality API,2025-06-01/2025-08-31
588,famille,7794.61,rome,printemps,15,resort,1206.37,ensoleillé,randonnée,2,annulation,0,1,séjour mitigé.,519.6406666666667,0.1547697703926174,1.0,0.0,0.0,1.0,1.0,1.0,0.0,15.22,3.55,32.0,13.85,92.0,41.89193,12.51133,Open-Meteo Historical Weather API,2025-03-01/2025-05-31,15.93,11.65,37.47,1.19,2208.0,Open-Meteo Air Quality API,2025-03-01/2025-05-31
589,business,4385.52,bali,automne,7,hôtel,1423.36,variable,culture,2,météo,1,1,séjour mitigé.,626.5028571428572,0.3245590032652912,0.0,1.0,1.0,0.0,1.0,0.0,1.0,26.3,6.82,61.0,14.71,91.0,-8.65,115.21667,Open-Meteo Historical Weather API,2025-09-01/2025-11-30,14.48,11.69,32.66,2.5,2184.0,Open-Meteo Air Quality API,2025-09-01/2025-11-30
590,famille,18195.86,new york,automne,18,resort,1013.17,nuageux,culture,2,retard_vol,0,0,séjour mitigé.,1010.8811111111112,0.0556813472954836,1.0,0.0,0.0,1.0,1.0,1.0,0.0,13.97,3.07,25.0,15.38,91.0,40.71427,-74.00597,Open-Meteo Historical Weather API,2025-09-01/2025-11-30,11.7,11.28,42.27,0.76,2184.0,Open-Meteo Air Quality API,2025-09-01/2025-11-30
591,senior,7859.36,tokyo,été,21,appartement,844.09,nuageux,gastronomie,2,annulation,1,0,séjour mitigé.,374.2552380952381,0.1073993302253618,1.0,0.0,0.0,0.0,1.0,1.0,0.0,27.71,2.91,31.0,13.49,92.0,35.6895,139.69171,Open-Meteo Historical Weather API,2025-06-01/2025-08-31,24.0,22.42,51.6,1.83,2208.0,Open-Meteo Air Quality API,2025-06-01/2025-08-31
592,solo,8071.07,sydney,automne,16,hôtel,990.69,pluie,plage,4,aucun,0,0,excellent séjour.,504.441875,0.1227458069376179,1.0,1.0,0.0,0.0,0.0,0.0,0.0,19.17,1.74,22.0,21.07,91.0,-33.86785,151.20732,Open-Meteo Historical Weather API,2025-09-01/2025-11-30,10.98,9.17,34.45,1.63,2184.0,Open-Meteo Air Quality API,2025-09-01/2025-11-30
593,solo,5479.19,sydney,printemps,8,villa,1287.62,pluie,gastronomie,1,retard_vol,1,0,séjour mitigé.,684.89875,0.2350018889653397,0.0,1.0,0.0,1.0,1.0,1.0,0.0,19.13,4.44,49.0,17.74,92.0,-33.86785,151.20732,Open-Meteo Historical Weather API,2025-03-01/2025-05-31,11.25,9.25,31.84,1.01,2208.0,Open-Meteo Air Quality API,2025-03-01/2025-05-31
594,famille,5622.33,tokyo,hiver,14,hôtel,912.26,variable,plage,4,aucun,0,1,excellent séjour.,401.595,0.1622565733423687,1.0,1.0,0.0,0.0,0.0,0.0,0.0,6.08,0.56,8.0,14.28,90.0,35.6895,139.69171,Open-Meteo Historical Weather API,2024-12-01/2025-02-28,31.02,30.0,55.43,0.51,2160.0,Open-Meteo Air Quality API,2024-12-01/2025-02-28
595,business,4305.53,lisbonne,printemps,7,hôtel,569.46,ensoleillé,business,1,météo,1,0,séjour mitigé.,615.0757142857143,0.1322624624610675,0.0,0.0,1.0,0.0,1.0,0.0,1.0,15.64,3.53,41.0,19.08,92.0,38.72509,-9.1498,Open-Meteo Historical Weather API,2025-03-01/2025-05-31,15.2,9.48,34.11,1.3,2208.0,Open-Meteo Air Quality API,2025-03-01/2025-05-31
596,solo,2921.53,dubaï,automne,5,villa,1162.89,nuageux,randonnée,2,bagages,1,1,séjour mitigé.,584.306,0.3980414371921562,0.0,0.0,0.0,1.0,1.0,1.0,0.0,29.44,0.0,0.0,20.09,91.0,25.07725,55.30927,Open-Meteo Historical Weather API,2025-09-01/2025-11-30,80.53,41.8,60.89,1.56,2184.0,Open-Meteo Air Quality API,2025-09-01/2025-11-30
597,famille,5126.22,lisbonne,hiver,9,villa,983.31,nuageux,randonnée,4,météo,0,1,excellent séjour.,569.58,0.1918197034071889,0.0,0.0,0.0,1.0,1.0,0.0,1.0,12.63,2.92,26.0,17.53,90.0,38.72509,-9.1498,Open-Meteo Historical Weather API,2024-12-01/2025-02-28,19.66,13.91,36.49,0.38,2160.0,Open-Meteo Air Quality API,2024-12-01/2025-02-28
598,famille,9388.89,rome,hiver,21,appartement,1241.22,nuageux,plage,1,météo,0,1,séjour mitigé.,447.09,0.1322009311004815,1.0,0.0,0.0,0.0,1.0,0.0,1.0,9.23,2.57,28.0,13.79,90.0,41.89193,12.51133,Open-Meteo Historical Weather API,2024-12-01/2025-02-28,20.56,17.01,40.29,0.27,2160.0,Open-Meteo Air Quality API,2024-12-01/2025-02-28
599,couple,9126.76,paris,été,9,villa,1290.15,ensoleillé,plage,2,retard_vol,0,0,séjour mitigé.,1014.0844444444444,0.1413590365036442,0.0,0.0,0.0,1.0,1.0,1.0,0.0,21.05,2.58,30.0,14.41,92.0,48.85341,2.3488,Open-Meteo Historical Weather API,2025-06-01/2025-08-31,10.28,6.83,31.49,1.5,2208.0,Open-Meteo Air Quality API,2025-06-01/2025-08-31
600,business,2341.89,rome,hiver,5,villa,1164.23,nuageux,business,3,bagages,1,0,séjour mitigé.,468.378,0.4971326578105718,0.0,0.0,1.0,1.0,1.0,1.0,0.0,9.23,2.57,28.0,13.79,90.0,41.89193,12.51133,Open-Meteo Historical Weather API,2024-12-01/2025-02-28,20.56,17.01,40.29,0.27,2160.0,Open-Meteo Air Quality API,2024-12-01/2025-02-28
601,solo,4929.65,lisbonne,été,8,resort,916.73,ensoleillé,plage,3,retard_vol,1,1,séjour mitigé.,616.20625,0.1859624922661852,0.0,0.0,0.0,1.0,1.0,1.0,0.0,23.39,0.06,1.0,17.22,92.0,38.72509,-9.1498,Open-Meteo Historical Weather API,2025-06-01/2025-08-31,19.54,10.92,32.89,2.16,2208.0,Open-Meteo Air Quality API,2025-06-01/2025-08-31
602,famille,7191.93,lisbonne,été,13,hôtel,883.84,variable,plage,4,météo,0,1,excellent séjour.,553.2253846153847,0.1228932984609138,0.0,1.0,0.0,0.0,1.0,0.0,1.0,23.39,0.06,1.0,17.22,92.0,38.72509,-9.1498,Open-Meteo Historical Weather API,2025-06-01/2025-08-31,19.54,10.92,32.89,2.16,2208.0,Open-Meteo Air Quality API,2025-06-01/2025-08-31
603,famille,12693.61,sydney,printemps,18,hôtel,1401.77,variable,culture,5,aucun,0,1,excellent séjour.,705.2005555555556,0.1104311539428105,1.0,1.0,0.0,0.0,0.0,0.0,0.0,19.13,4.44,49.0,17.74,92.0,-33.86785,151.20732,Open-Meteo Historical Weather API,2025-03-01/2025-05-31,11.25,9.25,31.84,1.01,2208.0,Open-Meteo Air Quality API,2025-03-01/2025-05-31
604,business,5291.2,new york,été,6,resort,1151.48,nuageux,business,3,aucun,0,1,séjour mitigé.,881.8666666666667,0.217621711521016,0.0,0.0,1.0,1.0,0.0,0.0,0.0,24.52,2.28,32.0,14.21,92.0,40.71427,-74.00597,Open-Meteo Historical Weather API,2025-06-01/2025-08-31,18.13,17.43,51.89,1.61,2208.0,Open-Meteo Air Quality API,2025-06-01/2025-08-31
605,business,1913.8,tokyo,hiver,5,resort,788.05,pluie,culture,3,retard_vol,1,1,séjour mitigé.,382.76,0.4117723900094053,0.0,1.0,1.0,1.0,1.0,1.0,0.0,6.08,0.56,8.0,14.28,90.0,35.6895,139.69171,Open-Meteo Historical Weather API,2024-12-01/2025-02-28,31.02,30.0,55.43,0.51,2160.0,Open-Meteo Air Quality API,2024-12-01/2025-02-28
606,solo,3251.57,sydney,printemps,6,appartement,1119.13,nuageux,randonnée,4,aucun,0,1,excellent séjour.,541.9283333333334,0.3441814262033418,0.0,0.0,0.0,0.0,0.0,0.0,0.0,19.13,4.44,49.0,17.74,92.0,-33.86785,151.20732,Open-Meteo Historical Weather API,2025-03-01/2025-05-31,11.25,9.25,31.84,1.01,2208.0,Open-Meteo Air Quality API,2025-03-01/2025-05-31
607,business,3935.97,lisbonne,été,6,villa,838.78,ensoleillé,culture,1,retard_vol,1,0,séjour mitigé.,655.995,0.2131062990825641,0.0,0.0,1.0,1.0,1.0,1.0,0.0,23.39,0.06,1.0,17.22,92.0,38.72509,-9.1498,Open-Meteo Historical Weather API,2025-06-01/2025-08-31,19.54,10.92,32.89,2.16,2208.0,Open-Meteo Air Quality API,2025-06-01/2025-08-31
608,famille,7948.75,rome,été,15,hôtel,1197.15,ensoleillé,culture,1,météo,1,1,séjour mitigé.,529.9166666666666,0.1506085862557006,1.0,0.0,0.0,0.0,1.0,0.0,1.0,27.22,1.32,16.0,14.95,92.0,41.89193,12.51133,Open-Meteo Historical Weather API,2025-06-01/2025-08-31,15.45,9.67,40.74,2.01,2208.0,Open-Meteo Air Quality API,2025-06-01/2025-08-31
609,famille,3492.27,rome,automne,8,resort,1355.96,nuageux,culture,3,retard_vol,0,0,séjour mitigé.,436.53375,0.3882746752112523,0.0,0.0,0.0,1.0,1.0,1.0,0.0,17.21,4.01,24.0,12.75,91.0,41.89193,12.51133,Open-Meteo Historical Weather API,2025-09-01/2025-11-30,13.51,9.22,34.28,0.79,2184.0,Open-Meteo Air Quality API,2025-09-01/2025-11-30
610,business,6076.83,new york,hiver,6,appartement,1039.11,variable,business,2,météo,0,0,séjour mitigé.,1012.805,0.1709954038536539,0.0,1.0,1.0,0.0,1.0,0.0,1.0,0.0,2.34,32.0,16.49,90.0,40.71427,-74.00597,Open-Meteo Historical Weather API,2024-12-01/2025-02-28,14.23,13.56,43.36,0.34,2160.0,Open-Meteo Air Quality API,2024-12-01/2025-02-28
611,senior,12542.46,bali,hiver,16,villa,1290.44,ensoleillé,plage,1,bagages,1,0,séjour mitigé.,783.90375,0.102885717793798,1.0,0.0,0.0,1.0,1.0,1.0,0.0,26.28,11.89,84.0,14.7,90.0,-8.65,115.21667,Open-Meteo Historical Weather API,2024-12-01/2025-02-28,12.8,11.67,33.02,1.96,2160.0,Open-Meteo Air Quality API,2024-12-01/2025-02-28
612,solo,4196.41,rome,printemps,10,villa,1678.76,pluie,plage,1,bagages,1,0,séjour mitigé.,419.641,0.4000467065896802,0.0,1.0,0.0,1.0,1.0,1.0,0.0,15.22,3.55,32.0,13.85,92.0,41.89193,12.51133,Open-Meteo Historical Weather API,2025-03-01/2025-05-31,15.93,11.65,37.47,1.19,2208.0,Open-Meteo Air Quality API,2025-03-01/2025-05-31
613,couple,4212.65,lisbonne,hiver,8,resort,1023.23,nuageux,plage,4,aucun,0,1,excellent séjour.,526.58125,0.242894615028545,0.0,0.0,0.0,1.0,0.0,0.0,0.0,12.63,2.92,26.0,17.53,90.0,38.72509,-9.1498,Open-Meteo Historical Weather API,2024-12-01/2025-02-28,19.66,13.91,36.49,0.38,2160.0,Open-Meteo Air Quality API,2024-12-01/2025-02-28
614,couple,7430.72,new york,automne,9,appartement,1054.91,pluie,culture,3,météo,1,1,séjour mitigé.,825.6355555555556,0.1419660544334869,0.0,1.0,0.0,0.0,1.0,0.0,1.0,13.97,3.07,25.0,15.38,91.0,40.71427,-74.00597,Open-Meteo Historical Weather API,2025-09-01/2025-11-30,11.7,11.28,42.27,0.76,2184.0,Open-Meteo Air Quality API,2025-09-01/2025-11-30
615,business,3827.04,lisbonne,printemps,7,villa,1068.04,ensoleillé,business,2,bagages,1,0,séjour mitigé.,546.72,0.2790773025628161,0.0,0.0,1.0,1.0,1.0,1.0,0.0,15.64,3.53,41.0,19.08,92.0,38.72509,-9.1498,Open-Meteo Historical Weather API,2025-03-01/2025-05-31,15.2,9.48,34.11,1.3,2208.0,Open-Meteo Air Quality API,2025-03-01/2025-05-31
616,solo,7427.22,lisbonne,printemps,12,villa,849.58,variable,plage,2,météo,1,0,séjour mitigé.,618.9350000000001,0.1143873481598767,0.0,1.0,0.0,1.0,1.0,0.0,1.0,15.64,3.53,41.0,19.08,92.0,38.72509,-9.1498,Open-Meteo Historical Weather API,2025-03-01/2025-05-31,15.2,9.48,34.11,1.3,2208.0,Open-Meteo Air Quality API,2025-03-01/2025-05-31
617,business,6280.99,paris,été,6,villa,848.49,ensoleillé,business,2,météo,1,1,séjour mitigé.,1046.8316666666667,0.1350885768007909,0.0,0.0,1.0,1.0,1.0,0.0,1.0,21.05,2.58,30.0,14.41,92.0,48.85341,2.3488,Open-Meteo Historical Weather API,2025-06-01/2025-08-31,10.28,6.83,31.49,1.5,2208.0,Open-Meteo Air Quality API,2025-06-01/2025-08-31
618,senior,12090.52,dubaï,été,21,resort,1121.05,ensoleillé,culture,2,bagages,1,0,séjour mitigé.,575.7390476190476,0.0927214048692694,1.0,0.0,0.0,1.0,1.0,1.0,0.0,35.27,0.0,0.0,22.79,92.0,25.07725,55.30927,Open-Meteo Historical Weather API,2025-06-01/2025-08-31,128.17,54.13,71.91,2.19,2208.0,Open-Meteo Air Quality API,2025-06-01/2025-08-31
619,business,5640.77,new york,été,6,appartement,797.9,ensoleillé,business,3,bagages,0,1,séjour mitigé.,940.1283333333334,0.1414523194528406,0.0,0.0,1.0,0.0,1.0,1.0,0.0,24.52,2.28,32.0,14.21,92.0,40.71427,-74.00597,Open-Meteo Historical Weather API,2025-06-01/2025-08-31,18.13,17.43,51.89,1.61,2208.0,Open-Meteo Air Quality API,2025-06-01/2025-08-31
620,senior,9615.94,sydney,printemps,19,villa,1129.93,variable,culture,2,météo,0,0,séjour mitigé.,506.1021052631579,0.1175059328573181,1.0,1.0,0.0,1.0,1.0,0.0,1.0,19.13,4.44,49.0,17.74,92.0,-33.86785,151.20732,Open-Meteo Historical Weather API,2025-03-01/2025-05-31,11.25,9.25,31.84,1.01,2208.0,Open-Meteo Air Quality API,2025-03-01/2025-05-31
621,couple,6848.66,dubaï,automne,14,hôtel,1324.42,pluie,plage,4,bagages,1,1,excellent séjour.,489.19,0.1933838152280884,1.0,1.0,0.0,0.0,1.0,1.0,0.0,29.44,0.0,0.0,20.09,91.0,25.07725,55.30927,Open-Meteo Historical Weather API,2025-09-01/2025-11-30,80.53,41.8,60.89,1.56,2184.0,Open-Meteo Air Quality API,2025-09-01/2025-11-30
622,senior,3477.19,lisbonne,automne,7,hôtel,1132.55,pluie,culture,3,bagages,1,1,séjour mitigé.,496.74142857142857,0.3257084024744118,0.0,1.0,0.0,0.0,1.0,1.0,0.0,18.72,2.83,21.0,17.54,91.0,38.72509,-9.1498,Open-Meteo Historical Weather API,2025-09-01/2025-11-30,15.83,9.72,31.17,0.9,2184.0,Open-Meteo Air Quality API,2025-09-01/2025-11-30
623,famille,5647.67,tokyo,printemps,16,hôtel,786.85,nuageux,plage,4,aucun,0,0,excellent séjour.,352.979375,0.1393229420274201,1.0,0.0,0.0,0.0,0.0,0.0,0.0,14.52,6.04,44.0,15.33,92.0,35.6895,139.69171,Open-Meteo Historical Weather API,2025-03-01/2025-05-31,29.58,26.1,53.35,1.05,2208.0,Open-Meteo Air Quality API,2025-03-01/2025-05-31
624,famille,3080.6,rome,été,7,appartement,1238.14,ensoleillé,plage,4,annulation,1,1,excellent séjour.,440.0857142857143,0.4019152113224697,0.0,0.0,0.0,0.0,1.0,1.0,0.0,27.22,1.32,16.0,14.95,92.0,41.89193,12.51133,Open-Meteo Historical Weather API,2025-06-01/2025-08-31,15.45,9.67,40.74,2.01,2208.0,Open-Meteo Air Quality API,2025-06-01/2025-08-31
625,solo,4581.01,dubaï,été,8,hôtel,1485.09,ensoleillé,culture,3,retard_vol,0,0,séjour mitigé.,572.62625,0.3241839681642257,0.0,0.0,0.0,0.0,1.0,1.0,0.0,35.27,0.0,0.0,22.79,92.0,25.07725,55.30927,Open-Meteo Historical Weather API,2025-06-01/2025-08-31,128.17,54.13,71.91,2.19,2208.0,Open-Meteo Air Quality API,2025-06-01/2025-08-31
626,senior,11628.08,lisbonne,hiver,18,hôtel,604.82,variable,plage,3,bagages,0,0,séjour mitigé.,646.0044444444444,0.0520137460354589,1.0,1.0,0.0,0.0,1.0,1.0,0.0,12.63,2.92,26.0,17.53,90.0,38.72509,-9.1498,Open-Meteo Historical Weather API,2024-12-01/2025-02-28,19.66,13.91,36.49,0.38,2160.0,Open-Meteo Air Quality API,2024-12-01/2025-02-28
627,solo,4332.66,bali,printemps,6,villa,1280.4,variable,culture,4,annulation,1,1,excellent séjour.,722.11,0.2955228427801858,0.0,1.0,0.0,1.0,1.0,1.0,0.0,26.99,6.49,65.0,13.72,92.0,-8.65,115.21667,Open-Meteo Historical Weather API,2025-03-01/2025-05-31,12.14,10.4,31.68,2.19,2208.0,Open-Meteo Air Quality API,2025-03-01/2025-05-31
628,solo,2653.03,rome,printemps,6,hôtel,1428.25,pluie,plage,2,météo,1,0,séjour mitigé.,442.1716666666667,0.5383467205421725,0.0,1.0,0.0,0.0,1.0,0.0,1.0,15.22,3.55,32.0,13.85,92.0,41.89193,12.51133,Open-Meteo Historical Weather API,2025-03-01/2025-05-31,15.93,11.65,37.47,1.19,2208.0,Open-Meteo Air Quality API,2025-03-01/2025-05-31
629,solo,2430.41,lisbonne,automne,4,hôtel,704.26,pluie,gastronomie,4,annulation,1,1,excellent séjour.,607.6025,0.2897700388000379,0.0,1.0,0.0,0.0,1.0,1.0,0.0,18.72,2.83,21.0,17.54,91.0,38.72509,-9.1498,Open-Meteo Historical Weather API,2025-09-01/2025-11-30,15.83,9.72,31.17,0.9,2184.0,Open-Meteo Air Quality API,2025-09-01/2025-11-30
630,senior,4954.15,sydney,printemps,8,hôtel,1397.47,ensoleillé,plage,1,météo,1,0,séjour mitigé.,619.26875,0.2820806798340785,0.0,0.0,0.0,0.0,1.0,0.0,1.0,19.13,4.44,49.0,17.74,92.0,-33.86785,151.20732,Open-Meteo Historical Weather API,2025-03-01/2025-05-31,11.25,9.25,31.84,1.01,2208.0,Open-Meteo Air Quality API,2025-03-01/2025-05-31
631,business,3903.9,lisbonne,printemps,6,hôtel,950.92,ensoleillé,plage,5,aucun,0,1,excellent séjour.,650.65,0.2435820589666743,0.0,0.0,1.0,0.0,0.0,0.0,0.0,15.64,3.53,41.0,19.08,92.0,38.72509,-9.1498,Open-Meteo Historical Weather API,2025-03-01/2025-05-31,15.2,9.48,34.11,1.3,2208.0,Open-Meteo Air Quality API,2025-03-01/2025-05-31
632,senior,13282.52,new york,hiver,14,villa,1040.06,nuageux,culture,3,aucun,0,1,séjour mitigé.,948.7514285714286,0.0783029123991531,1.0,0.0,0.0,1.0,0.0,0.0,0.0,0.0,2.34,32.0,16.49,90.0,40.71427,-74.00597,Open-Meteo Historical Weather API,2024-12-01/2025-02-28,14.23,13.56,43.36,0.34,2160.0,Open-Meteo Air Quality API,2024-12-01/2025-02-28
633,senior,11841.01,lisbonne,été,19,appartement,990.87,pluie,plage,3,aucun,0,0,séjour mitigé.,623.2110526315789,0.0836812062484534,1.0,1.0,0.0,0.0,0.0,0.0,0.0,23.39,0.06,1.0,17.22,92.0,38.72509,-9.1498,Open-Meteo Historical Weather API,2025-06-01/2025-08-31,19.54,10.92,32.89,2.16,2208.0,Open-Meteo Air Quality API,2025-06-01/2025-08-31
634,senior,12115.17,paris,été,12,villa,1638.37,pluie,culture,4,météo,1,0,excellent séjour.,1009.5975,0.1352329352373924,0.0,1.0,0.0,1.0,1.0,0.0,1.0,21.05,2.58,30.0,14.41,92.0,48.85341,2.3488,Open-Meteo Historical Weather API,2025-06-01/2025-08-31,10.28,6.83,31.49,1.5,2208.0,Open-Meteo Air Quality API,2025-06-01/2025-08-31
635,business,4388.31,dubaï,printemps,7,resort,1356.8,ensoleillé,culture,2,retard_vol,1,0,séjour mitigé.,626.9014285714286,0.3091850849187956,0.0,0.0,1.0,1.0,1.0,1.0,0.0,28.3,0.01,0.0,22.56,92.0,25.07725,55.30927,Open-Meteo Historical Weather API,2025-03-01/2025-05-31,70.72,36.99,63.06,2.2,2208.0,Open-Meteo Air Quality API,2025-03-01/2025-05-31
636,senior,3473.75,tokyo,printemps,9,hôtel,778.0,ensoleillé,culture,3,retard_vol,1,0,séjour mitigé.,385.97222222222223,0.2239654551997121,0.0,0.0,0.0,0.0,1.0,1.0,0.0,14.52,6.04,44.0,15.33,92.0,35.6895,139.69171,Open-Meteo Historical Weather API,2025-03-01/2025-05-31,29.58,26.1,53.35,1.05,2208.0,Open-Meteo Air Quality API,2025-03-01/2025-05-31
637,senior,6498.91,lisbonne,été,11,villa,842.62,ensoleillé,culture,2,annulation,1,0,séjour mitigé.,590.81,0.1296555883986699,0.0,0.0,0.0,1.0,1.0,1.0,0.0,23.39,0.06,1.0,17.22,92.0,38.72509,-9.1498,Open-Meteo Historical Weather API,2025-06-01/2025-08-31,19.54,10.92,32.89,2.16,2208.0,Open-Meteo Air Quality API,2025-06-01/2025-08-31
638,solo,2528.35,lisbonne,printemps,4,villa,789.61,pluie,plage,1,bagages,1,0,séjour mitigé.,632.0875,0.3123024897660529,0.0,1.0,0.0,1.0,1.0,1.0,0.0,15.64,3.53,41.0,19.08,92.0,38.72509,-9.1498,Open-Meteo Historical Weather API,2025-03-01/2025-05-31,15.2,9.48,34.11,1.3,2208.0,Open-Meteo Air Quality API,2025-03-01/2025-05-31
639,solo,1848.2,dubaï,automne,4,hôtel,1485.27,ensoleillé,culture,3,retard_vol,1,1,séjour mitigé.,462.05,0.8036305594632616,0.0,0.0,0.0,0.0,1.0,1.0,0.0,29.44,0.0,0.0,20.09,91.0,25.07725,55.30927,Open-Meteo Historical Weather API,2025-09-01/2025-11-30,80.53,41.8,60.89,1.56,2184.0,Open-Meteo Air Quality API,2025-09-01/2025-11-30
640,couple,8540.72,dubaï,hiver,14,appartement,1151.17,nuageux,culture,3,aucun,0,0,séjour mitigé.,610.0514285714286,0.1347860601916466,1.0,0.0,0.0,0.0,0.0,0.0,0.0,20.21,0.09,2.0,19.57,90.0,25.07725,55.30927,Open-Meteo Historical Weather API,2024-12-01/2025-02-28,59.55,32.47,55.0,1.03,2160.0,Open-Meteo Air Quality API,2024-12-01/2025-02-28
641,couple,5738.32,rome,automne,13,villa,1293.96,variable,culture,2,météo,1,1,séjour mitigé.,441.4092307692308,0.2254945698392561,0.0,1.0,0.0,1.0,1.0,0.0,1.0,17.21,4.01,24.0,12.75,91.0,41.89193,12.51133,Open-Meteo Historical Weather API,2025-09-01/2025-11-30,13.51,9.22,34.28,0.79,2184.0,Open-Meteo Air Quality API,2025-09-01/2025-11-30
642,business,3261.57,rome,été,7,appartement,1188.49,ensoleillé,culture,3,annulation,0,0,séjour mitigé.,465.9385714285714,0.3643919952660835,0.0,0.0,1.0,0.0,1.0,1.0,0.0,27.22,1.32,16.0,14.95,92.0,41.89193,12.51133,Open-Meteo Historical Weather API,2025-06-01/2025-08-31,15.45,9.67,40.74,2.01,2208.0,Open-Meteo Air Quality API,2025-06-01/2025-08-31
643,famille,7320.83,bali,automne,9,villa,1325.54,nuageux,plage,2,bagages,1,1,séjour mitigé.,813.4255555555555,0.1810641689535203,0.0,0.0,0.0,1.0,1.0,1.0,0.0,26.3,6.82,61.0,14.71,91.0,-8.65,115.21667,Open-Meteo Historical Weather API,2025-09-01/2025-11-30,14.48,11.69,32.66,2.5,2184.0,Open-Meteo Air Quality API,2025-09-01/2025-11-30
644,senior,4089.23,sydney,automne,8,appartement,1252.53,pluie,culture,4,retard_vol,1,1,excellent séjour.,511.15375,0.3062997190180058,0.0,1.0,0.0,0.0,1.0,1.0,0.0,19.17,1.74,22.0,21.07,91.0,-33.86785,151.20732,Open-Meteo Historical Weather API,2025-09-01/2025-11-30,10.98,9.17,34.45,1.63,2184.0,Open-Meteo Air Quality API,2025-09-01/2025-11-30
646,business,4691.88,new york,automne,5,appartement,1024.3,ensoleillé,culture,2,retard_vol,1,0,séjour mitigé.,938.376,0.2183133413471785,0.0,0.0,1.0,0.0,1.0,1.0,0.0,13.97,3.07,25.0,15.38,91.0,40.71427,-74.00597,Open-Meteo Historical Weather API,2025-09-01/2025-11-30,11.7,11.28,42.27,0.76,2184.0,Open-Meteo Air Quality API,2025-09-01/2025-11-30
647,couple,8486.3,lisbonne,automne,15,villa,868.34,variable,randonnée,3,météo,0,0,séjour mitigé.,565.7533333333333,0.1023225669608663,1.0,1.0,0.0,1.0,1.0,0.0,1.0,18.72,2.83,21.0,17.54,91.0,38.72509,-9.1498,Open-Meteo Historical Weather API,2025-09-01/2025-11-30,15.83,9.72,31.17,0.9,2184.0,Open-Meteo Air Quality API,2025-09-01/2025-11-30
649,couple,7734.28,bali,hiver,12,villa,1154.27,nuageux,plage,2,annulation,1,1,séjour mitigé.,644.5233333333333,0.1492407825938549,0.0,0.0,0.0,1.0,1.0,1.0,0.0,26.28,11.89,84.0,14.7,90.0,-8.65,115.21667,Open-Meteo Historical Weather API,2024-12-01/2025-02-28,12.8,11.67,33.02,1.96,2160.0,Open-Meteo Air Quality API,2024-12-01/2025-02-28
650,senior,7665.19,tokyo,automne,19,appartement,792.52,nuageux,gastronomie,1,retard_vol,1,1,séjour mitigé.,403.43105263157895,0.1033920881282786,1.0,0.0,0.0,0.0,1.0,1.0,0.0,18.79,4.52,34.0,12.27,91.0,35.6895,139.69171,Open-Meteo Historical Weather API,2025-09-01/2025-11-30,28.46,27.24,54.08,0.85,2184.0,Open-Meteo Air Quality API,2025-09-01/2025-11-30
651,couple,3386.48,lisbonne,été,5,appartement,1007.73,ensoleillé,plage,4,météo,1,0,excellent séjour.,677.296,0.2975744726087265,0.0,0.0,0.0,0.0,1.0,0.0,1.0,23.39,0.06,1.0,17.22,92.0,38.72509,-9.1498,Open-Meteo Historical Weather API,2025-06-01/2025-08-31,19.54,10.92,32.89,2.16,2208.0,Open-Meteo Air Quality API,2025-06-01/2025-08-31
652,business,1854.62,dubaï,automne,3,villa,1138.07,pluie,business,3,aucun,0,1,séjour mitigé.,618.2066666666666,0.6136405301355534,0.0,1.0,1.0,1.0,0.0,0.0,0.0,29.44,0.0,0.0,20.09,91.0,25.07725,55.30927,Open-Meteo Historical Weather API,2025-09-01/2025-11-30,80.53,41.8,60.89,1.56,2184.0,Open-Meteo Air Quality API,2025-09-01/2025-11-30
653,couple,4923.31,lisbonne,printemps,10,resort,1023.02,variable,culture,1,météo,0,0,séjour mitigé.,492.331,0.2077910998901145,0.0,1.0,0.0,1.0,1.0,0.0,1.0,15.64,3.53,41.0,19.08,92.0,38.72509,-9.1498,Open-Meteo Historical Weather API,2025-03-01/2025-05-31,15.2,9.48,34.11,1.3,2208.0,Open-Meteo Air Quality API,2025-03-01/2025-05-31
654,couple,12731.65,paris,été,16,appartement,1470.63,variable,culture,5,aucun,0,1,excellent séjour.,795.728125,0.1155097728888243,1.0,1.0,0.0,0.0,0.0,0.0,0.0,21.05,2.58,30.0,14.41,92.0,48.85341,2.3488,Open-Meteo Historical Weather API,2025-06-01/2025-08-31,10.28,6.83,31.49,1.5,2208.0,Open-Meteo Air Quality API,2025-06-01/2025-08-31
655,solo,8052.77,sydney,printemps,12,resort,1266.8,nuageux,randonnée,3,météo,1,0,séjour mitigé.,671.0641666666667,0.1573123285527836,0.0,0.0,0.0,1.0,1.0,0.0,1.0,19.13,4.44,49.0,17.74,92.0,-33.86785,151.20732,Open-Meteo Historical Weather API,2025-03-01/2025-05-31,11.25,9.25,31.84,1.01,2208.0,Open-Meteo Air Quality API,2025-03-01/2025-05-31
656,business,4561.01,new york,hiver,5,appartement,1421.4,ensoleillé,business,3,aucun,0,1,séjour mitigé.,912.202,0.3116415004571356,0.0,0.0,1.0,0.0,0.0,0.0,0.0,0.0,2.34,32.0,16.49,90.0,40.71427,-74.00597,Open-Meteo Historical Weather API,2024-12-01/2025-02-28,14.23,13.56,43.36,0.34,2160.0,Open-Meteo Air Quality API,2024-12-01/2025-02-28
657,senior,13615.08,paris,automne,13,hôtel,1080.27,variable,gastronomie,3,annulation,1,1,séjour mitigé.,1047.313846153846,0.0793436395526137,0.0,1.0,0.0,0.0,1.0,1.0,0.0,12.33,2.12,33.0,16.01,91.0,48.85341,2.3488,Open-Meteo Historical Weather API,2025-09-01/2025-11-30,12.19,8.6,34.88,0.44,2184.0,Open-Meteo Air Quality API,2025-09-01/2025-11-30
658,famille,10382.0,sydney,printemps,19,hôtel,970.13,variable,culture,4,aucun,0,0,excellent séjour.,546.421052631579,0.0934434598343286,1.0,1.0,0.0,0.0,0.0,0.0,0.0,19.13,4.44,49.0,17.74,92.0,-33.86785,151.20732,Open-Meteo Historical Weather API,2025-03-01/2025-05-31,11.25,9.25,31.84,1.01,2208.0,Open-Meteo Air Quality API,2025-03-01/2025-05-31
659,business,1945.28,sydney,printemps,3,resort,874.57,ensoleillé,business,3,annulation,1,0,séjour mitigé.,648.4266666666666,0.449585663760487,0.0,0.0,1.0,1.0,1.0,1.0,0.0,19.13,4.44,49.0,17.74,92.0,-33.86785,151.20732,Open-Meteo Historical Weather API,2025-03-01/2025-05-31,11.25,9.25,31.84,1.01,2208.0,Open-Meteo Air Quality API,2025-03-01/2025-05-31
660,couple,12641.91,new york,été,14,appartement,1358.05,ensoleillé,business,5,aucun,0,1,excellent séjour.,902.9935714285714,0.1074244319094187,1.0,0.0,0.0,0.0,0.0,0.0,0.0,24.52,2.28,32.0,14.21,92.0,40.71427,-74.00597,Open-Meteo Historical Weather API,2025-06-01/2025-08-31,18.13,17.43,51.89,1.61,2208.0,Open-Meteo Air Quality API,2025-06-01/2025-08-31
662,solo,6337.25,dubaï,été,11,resort,1309.76,ensoleillé,culture,3,retard_vol,0,1,séjour mitigé.,576.1136363636364,0.2066763974910253,0.0,0.0,0.0,1.0,1.0,1.0,0.0,35.27,0.0,0.0,22.79,92.0,25.07725,55.30927,Open-Meteo Historical Weather API,2025-06-01/2025-08-31,128.17,54.13,71.91,2.19,2208.0,Open-Meteo Air Quality API,2025-06-01/2025-08-31
663,business,1851.9,rome,automne,4,appartement,1333.98,variable,business,1,retard_vol,1,1,séjour mitigé.,462.975,0.7203304714077434,0.0,1.0,1.0,0.0,1.0,1.0,0.0,17.21,4.01,24.0,12.75,91.0,41.89193,12.51133,Open-Meteo Historical Weather API,2025-09-01/2025-11-30,13.51,9.22,34.28,0.79,2184.0,Open-Meteo Air Quality API,2025-09-01/2025-11-30
664,solo,12915.63,paris,été,12,hôtel,1015.79,ensoleillé,gastronomie,3,météo,1,0,séjour mitigé.,1076.3025,0.0786481185973893,0.0,0.0,0.0,0.0,1.0,0.0,1.0,21.05,2.58,30.0,14.41,92.0,48.85341,2.3488,Open-Meteo Historical Weather API,2025-06-01/2025-08-31,10.28,6.83,31.49,1.5,2208.0,Open-Meteo Air Quality API,2025-06-01/2025-08-31
665,famille,17346.05,new york,automne,17,resort,1516.06,nuageux,gastronomie,4,aucun,0,1,excellent séjour.,1020.3558823529412,0.0874008780096909,1.0,0.0,0.0,1.0,0.0,0.0,0.0,13.97,3.07,25.0,15.38,91.0,40.71427,-74.00597,Open-Meteo Historical Weather API,2025-09-01/2025-11-30,11.7,11.28,42.27,0.76,2184.0,Open-Meteo Air Quality API,2025-09-01/2025-11-30
666,solo,4779.71,bali,hiver,7,villa,1260.66,variable,culture,4,aucun,0,0,excellent séjour.,682.8157142857143,0.2637524033884901,0.0,1.0,0.0,1.0,0.0,0.0,0.0,26.28,11.89,84.0,14.7,90.0,-8.65,115.21667,Open-Meteo Historical Weather API,2024-12-01/2025-02-28,12.8,11.67,33.02,1.96,2160.0,Open-Meteo Air Quality API,2024-12-01/2025-02-28
667,business,1865.41,dubaï,hiver,4,villa,1342.44,pluie,business,3,retard_vol,1,1,séjour mitigé.,466.3525,0.7196487635425992,0.0,1.0,1.0,1.0,1.0,1.0,0.0,20.21,0.09,2.0,19.57,90.0,25.07725,55.30927,Open-Meteo Historical Weather API,2024-12-01/2025-02-28,59.55,32.47,55.0,1.03,2160.0,Open-Meteo Air Quality API,2024-12-01/2025-02-28
668,famille,5413.31,tokyo,été,14,villa,831.73,ensoleillé,plage,3,aucun,0,0,séjour mitigé.,386.665,0.1536453666980091,1.0,0.0,0.0,1.0,0.0,0.0,0.0,27.71,2.91,31.0,13.49,92.0,35.6895,139.69171,Open-Meteo Historical Weather API,2025-06-01/2025-08-31,24.0,22.42,51.6,1.83,2208.0,Open-Meteo Air Quality API,2025-06-01/2025-08-31
669,senior,4741.56,dubaï,printemps,8,resort,1416.07,nuageux,culture,3,annulation,1,0,séjour mitigé.,592.695,0.2986506550586726,0.0,0.0,0.0,1.0,1.0,1.0,0.0,28.3,0.01,0.0,22.56,92.0,25.07725,55.30927,Open-Meteo Historical Weather API,2025-03-01/2025-05-31,70.72,36.99,63.06,2.2,2208.0,Open-Meteo Air Quality API,2025-03-01/2025-05-31
670,business,2398.51,paris,automne,3,hôtel,1263.16,pluie,business,2,aucun,0,0,séjour mitigé.,799.5033333333334,0.5266436245835956,0.0,1.0,1.0,0.0,0.0,0.0,0.0,12.33,2.12,33.0,16.01,91.0,48.85341,2.3488,Open-Meteo Historical Weather API,2025-09-01/2025-11-30,12.19,8.6,34.88,0.44,2184.0,Open-Meteo Air Quality API,2025-09-01/2025-11-30
671,couple,14802.98,new york,automne,16,appartement,977.64,pluie,plage,2,retard_vol,1,1,séjour mitigé.,925.18625,0.066043458817076,1.0,1.0,0.0,0.0,1.0,1.0,0.0,13.97,3.07,25.0,15.38,91.0,40.71427,-74.00597,Open-Meteo Historical Weather API,2025-09-01/2025-11-30,11.7,11.28,42.27,0.76,2184.0,Open-Meteo Air Quality API,2025-09-01/2025-11-30
672,business,5601.16,new york,printemps,7,hôtel,1187.59,variable,business,2,retard_vol,1,1,séjour mitigé.,800.1657142857142,0.2120257232430425,0.0,1.0,1.0,0.0,1.0,1.0,0.0,12.04,4.75,36.0,17.46,92.0,40.71427,-74.00597,Open-Meteo Historical Weather API,2025-03-01/2025-05-31,11.88,11.05,41.24,1.07,2208.0,Open-Meteo Air Quality API,2025-03-01/2025-05-31
673,solo,5870.61,bali,été,8,appartement,1585.81,ensoleillé,randonnée,3,retard_vol,1,1,séjour mitigé.,733.82625,0.2701269544391468,0.0,0.0,0.0,0.0,1.0,1.0,0.0,25.53,3.21,49.0,18.92,92.0,-8.65,115.21667,Open-Meteo Historical Weather API,2025-06-01/2025-08-31,13.38,9.86,30.22,1.86,2208.0,Open-Meteo Air Quality API,2025-06-01/2025-08-31
674,solo,9528.4,sydney,automne,14,hôtel,1433.55,nuageux,culture,2,bagages,1,1,séjour mitigé.,680.6,0.1504502329876999,1.0,0.0,0.0,0.0,1.0,1.0,0.0,19.17,1.74,22.0,21.07,91.0,-33.86785,151.20732,Open-Meteo Historical Weather API,2025-09-01/2025-11-30,10.98,9.17,34.45,1.63,2184.0,Open-Meteo Air Quality API,2025-09-01/2025-11-30
675,famille,12579.87,bali,automne,17,appartement,1532.23,variable,culture,2,bagages,1,1,séjour mitigé.,739.9923529411765,0.1218001457884699,1.0,1.0,0.0,0.0,1.0,1.0,0.0,26.3,6.82,61.0,14.71,91.0,-8.65,115.21667,Open-Meteo Historical Weather API,2025-09-01/2025-11-30,14.48,11.69,32.66,2.5,2184.0,Open-Meteo Air Quality API,2025-09-01/2025-11-30
676,business,2197.47,tokyo,hiver,6,villa,692.55,pluie,business,4,météo,1,1,excellent séjour.,366.245,0.3151578861144862,0.0,1.0,1.0,1.0,1.0,0.0,1.0,6.08,0.56,8.0,14.28,90.0,35.6895,139.69171,Open-Meteo Historical Weather API,2024-12-01/2025-02-28,31.02,30.0,55.43,0.51,2160.0,Open-Meteo Air Quality API,2024-12-01/2025-02-28
677,solo,3811.78,bali,été,6,hôtel,1053.11,ensoleillé,plage,4,retard_vol,1,1,excellent séjour.,635.2966666666667,0.2762777495028569,0.0,0.0,0.0,0.0,1.0,1.0,0.0,25.53,3.21,49.0,18.92,92.0,-8.65,115.21667,Open-Meteo Historical Weather API,2025-06-01/2025-08-31,13.38,9.86,30.22,1.86,2208.0,Open-Meteo Air Quality API,2025-06-01/2025-08-31
679,famille,11176.71,new york,printemps,13,appartement,1118.42,pluie,plage,1,météo,1,1,séjour mitigé.,859.746923076923,0.1000670143539557,0.0,1.0,0.0,0.0,1.0,0.0,1.0,12.04,4.75,36.0,17.46,92.0,40.71427,-74.00597,Open-Meteo Historical Weather API,2025-03-01/2025-05-31,11.88,11.05,41.24,1.07,2208.0,Open-Meteo Air Quality API,2025-03-01/2025-05-31
680,couple,6474.73,bali,printemps,10,resort,1439.67,variable,plage,2,bagages,1,1,séjour mitigé.,647.473,0.2223521289690844,0.0,1.0,0.0,1.0,1.0,1.0,0.0,26.99,6.49,65.0,13.72,92.0,-8.65,115.21667,Open-Meteo Historical Weather API,2025-03-01/2025-05-31,12.14,10.4,31.68,2.19,2208.0,Open-Meteo Air Quality API,2025-03-01/2025-05-31
681,famille,6620.82,rome,été,16,appartement,955.21,nuageux,plage,1,météo,1,0,séjour mitigé.,413.80125,0.144273670028788,1.0,0.0,0.0,0.0,1.0,0.0,1.0,27.22,1.32,16.0,14.95,92.0,41.89193,12.51133,Open-Meteo Historical Weather API,2025-06-01/2025-08-31,15.45,9.67,40.74,2.01,2208.0,Open-Meteo Air Quality API,2025-06-01/2025-08-31
682,couple,13953.56,paris,automne,15,villa,1502.51,pluie,randonnée,2,météo,1,0,séjour mitigé.,930.2373333333333,0.1076793305794363,1.0,1.0,0.0,1.0,1.0,0.0,1.0,12.33,2.12,33.0,16.01,91.0,48.85341,2.3488,Open-Meteo Historical Weather API,2025-09-01/2025-11-30,12.19,8.6,34.88,0.44,2184.0,Open-Meteo Air Quality API,2025-09-01/2025-11-30
683,couple,5426.77,lisbonne,automne,9,appartement,883.53,pluie,business,3,aucun,0,1,séjour mitigé.,602.9744444444445,0.1628095533807402,0.0,1.0,0.0,0.0,0.0,0.0,0.0,18.72,2.83,21.0,17.54,91.0,38.72509,-9.1498,Open-Meteo Historical Weather API,2025-09-01/2025-11-30,15.83,9.72,31.17,0.9,2184.0,Open-Meteo Air Quality API,2025-09-01/2025-11-30
684,business,1614.52,tokyo,automne,4,appartement,702.04,nuageux,culture,1,retard_vol,1,1,séjour mitigé.,403.63,0.4348289274830909,0.0,0.0,1.0,0.0,1.0,1.0,0.0,18.79,4.52,34.0,12.27,91.0,35.6895,139.69171,Open-Meteo Historical Weather API,2025-09-01/2025-11-30,28.46,27.24,54.08,0.85,2184.0,Open-Meteo Air Quality API,2025-09-01/2025-11-30
685,business,4012.31,lisbonne,automne,7,villa,767.59,pluie,business,2,aucun,0,1,séjour mitigé.,573.1871428571428,0.1913087473300916,0.0,1.0,1.0,1.0,0.0,0.0,0.0,18.72,2.83,21.0,17.54,91.0,38.72509,-9.1498,Open-Meteo Historical Weather API,2025-09-01/2025-11-30,15.83,9.72,31.17,0.9,2184.0,Open-Meteo Air Quality API,2025-09-01/2025-11-30
686,business,1931.94,lisbonne,été,3,villa,680.33,ensoleillé,culture,1,retard_vol,1,0,séjour mitigé.,643.98,0.3521486174518877,0.0,0.0,1.0,1.0,1.0,1.0,0.0,23.39,0.06,1.0,17.22,92.0,38.72509,-9.1498,Open-Meteo Historical Weather API,2025-06-01/2025-08-31,19.54,10.92,32.89,2.16,2208.0,Open-Meteo Air Quality API,2025-06-01/2025-08-31
687,business,2025.29,rome,été,5,villa,1438.29,variable,culture,3,bagages,1,0,séjour mitigé.,405.058,0.7101649640298426,0.0,1.0,1.0,1.0,1.0,1.0,0.0,27.22,1.32,16.0,14.95,92.0,41.89193,12.51133,Open-Meteo Historical Weather API,2025-06-01/2025-08-31,15.45,9.67,40.74,2.01,2208.0,Open-Meteo Air Quality API,2025-06-01/2025-08-31
688,senior,17055.57,paris,été,19,villa,1235.56,nuageux,gastronomie,4,aucun,0,1,excellent séjour.,897.6615789473684,0.0724431959764464,1.0,0.0,0.0,1.0,0.0,0.0,0.0,21.05,2.58,30.0,14.41,92.0,48.85341,2.3488,Open-Meteo Historical Weather API,2025-06-01/2025-08-31,10.28,6.83,31.49,1.5,2208.0,Open-Meteo Air Quality API,2025-06-01/2025-08-31
689,couple,7366.61,bali,été,10,villa,997.4,variable,plage,2,retard_vol,0,1,séjour mitigé.,736.661,0.1353947066561145,0.0,1.0,0.0,1.0,1.0,1.0,0.0,25.53,3.21,49.0,18.92,92.0,-8.65,115.21667,Open-Meteo Historical Weather API,2025-06-01/2025-08-31,13.38,9.86,30.22,1.86,2208.0,Open-Meteo Air Quality API,2025-06-01/2025-08-31
690,business,2164.06,tokyo,automne,6,villa,604.36,pluie,business,1,aucun,0,1,séjour mitigé.,360.6766666666667,0.2792713695553728,0.0,1.0,1.0,1.0,0.0,0.0,0.0,18.79,4.52,34.0,12.27,91.0,35.6895,139.69171,Open-Meteo Historical Weather API,2025-09-01/2025-11-30,28.46,27.24,54.08,0.85,2184.0,Open-Meteo Air Quality API,2025-09-01/2025-11-30
691,senior,4255.38,tokyo,automne,13,appartement,712.29,variable,gastronomie,1,retard_vol,1,0,séjour mitigé.,327.3369230769231,0.1673857563836837,0.0,1.0,0.0,0.0,1.0,1.0,0.0,18.79,4.52,34.0,12.27,91.0,35.6895,139.69171,Open-Meteo Historical Weather API,2025-09-01/2025-11-30,28.46,27.24,54.08,0.85,2184.0,Open-Meteo Air Quality API,2025-09-01/2025-11-30
692,business,4940.24,sydney,hiver,7,appartement,1491.45,nuageux,business,2,annulation,1,1,séjour mitigé.,705.7485714285714,0.3018982883422668,0.0,0.0,1.0,0.0,1.0,1.0,0.0,22.44,3.42,39.0,20.67,90.0,-33.86785,151.20732,Open-Meteo Historical Weather API,2024-12-01/2025-02-28,12.57,9.86,34.15,2.24,2160.0,Open-Meteo Air Quality API,2024-12-01/2025-02-28
693,business,4660.36,new york,printemps,6,appartement,1065.96,variable,business,1,retard_vol,1,0,séjour mitigé.,776.7266666666666,0.2287291110557983,0.0,1.0,1.0,0.0,1.0,1.0,0.0,12.04,4.75,36.0,17.46,92.0,40.71427,-74.00597,Open-Meteo Historical Weather API,2025-03-01/2025-05-31,11.88,11.05,41.24,1.07,2208.0,Open-Meteo Air Quality API,2025-03-01/2025-05-31
694,business,1414.4,tokyo,automne,4,villa,580.95,variable,business,2,météo,0,1,séjour mitigé.,353.6,0.410739536199095,0.0,1.0,1.0,1.0,1.0,0.0,1.0,18.79,4.52,34.0,12.27,91.0,35.6895,139.69171,Open-Meteo Historical Weather API,2025-09-01/2025-11-30,28.46,27.24,54.08,0.85,2184.0,Open-Meteo Air Quality API,2025-09-01/2025-11-30
695,business,5899.23,new york,automne,6,hôtel,1068.27,pluie,gastronomie,3,météo,0,1,séjour mitigé.,983.205,0.1810863451670811,0.0,1.0,1.0,0.0,1.0,0.0,1.0,13.97,3.07,25.0,15.38,91.0,40.71427,-74.00597,Open-Meteo Historical Weather API,2025-09-01/2025-11-30,11.7,11.28,42.27,0.76,2184.0,Open-Meteo Air Quality API,2025-09-01/2025-11-30
696,business,3257.38,paris,automne,4,appartement,1172.12,variable,business,3,météo,1,1,séjour mitigé.,814.345,0.3598352049806899,0.0,1.0,1.0,0.0,1.0,0.0,1.0,12.33,2.12,33.0,16.01,91.0,48.85341,2.3488,Open-Meteo Historical Weather API,2025-09-01/2025-11-30,12.19,8.6,34.88,0.44,2184.0,Open-Meteo Air Quality API,2025-09-01/2025-11-30
697,couple,4418.01,tokyo,hiver,11,appartement,450.04,pluie,plage,3,retard_vol,0,1,séjour mitigé.,401.6372727272728,0.1018648667612794,0.0,1.0,0.0,0.0,1.0,1.0,0.0,6.08,0.56,8.0,14.28,90.0,35.6895,139.69171,Open-Meteo Historical Weather API,2024-12-01/2025-02-28,31.02,30.0,55.43,0.51,2160.0,Open-Meteo Air Quality API,2024-12-01/2025-02-28
698,solo,4006.7,tokyo,hiver,10,villa,743.96,ensoleillé,randonnée,2,retard_vol,1,1,séjour mitigé.,400.67,0.1856789876956098,0.0,0.0,0.0,1.0,1.0,1.0,0.0,6.08,0.56,8.0,14.28,90.0,35.6895,139.69171,Open-Meteo Historical Weather API,2024-12-01/2025-02-28,31.02,30.0,55.43,0.51,2160.0,Open-Meteo Air Quality API,2024-12-01/2025-02-28
699,famille,5367.28,rome,hiver,11,resort,1235.87,nuageux,culture,2,météo,0,0,séjour mitigé.,487.9345454545455,0.2302600199728726,0.0,0.0,0.0,1.0,1.0,0.0,1.0,9.23,2.57,28.0,13.79,90.0,41.89193,12.51133,Open-Meteo Historical Weather API,2024-12-01/2025-02-28,20.56,17.01,40.29,0.27,2160.0,Open-Meteo Air Quality API,2024-12-01/2025-02-28
700,senior,15183.22,new york,automne,19,villa,1224.98,variable,culture,3,aucun,0,1,séjour mitigé.,799.1168421052631,0.0806798557881661,1.0,1.0,0.0,1.0,0.0,0.0,0.0,13.97,3.07,25.0,15.38,91.0,40.71427,-74.00597,Open-Meteo Historical Weather API,2025-09-01/2025-11-30,11.7,11.28,42.27,0.76,2184.0,Open-Meteo Air Quality API,2025-09-01/2025-11-30
701,senior,11408.99,bali,automne,18,appartement,1579.68,nuageux,plage,2,bagages,1,0,séjour mitigé.,633.8327777777778,0.1384592325876348,1.0,0.0,0.0,0.0,1.0,1.0,0.0,26.3,6.82,61.0,14.71,91.0,-8.65,115.21667,Open-Meteo Historical Weather API,2025-09-01/2025-11-30,14.48,11.69,32.66,2.5,2184.0,Open-Meteo Air Quality API,2025-09-01/2025-11-30
702,business,2786.94,dubaï,printemps,6,villa,1543.96,pluie,culture,2,météo,1,1,séjour mitigé.,464.49,0.5539982920335565,0.0,1.0,1.0,1.0,1.0,0.0,1.0,28.3,0.01,0.0,22.56,92.0,25.07725,55.30927,Open-Meteo Historical Weather API,2025-03-01/2025-05-31,70.72,36.99,63.06,2.2,2208.0,Open-Meteo Air Quality API,2025-03-01/2025-05-31
703,solo,13857.65,new york,printemps,14,villa,1064.41,ensoleillé,plage,1,bagages,1,0,séjour mitigé.,989.8321428571428,0.0768102816855671,1.0,0.0,0.0,1.0,1.0,1.0,0.0,12.04,4.75,36.0,17.46,92.0,40.71427,-74.00597,Open-Meteo Historical Weather API,2025-03-01/2025-05-31,11.88,11.05,41.24,1.07,2208.0,Open-Meteo Air Quality API,2025-03-01/2025-05-31
704,couple,10788.84,paris,printemps,14,resort,1019.27,variable,culture,4,météo,1,0,excellent séjour.,770.6314285714286,0.0944744754765109,1.0,1.0,0.0,1.0,1.0,0.0,1.0,12.44,1.18,26.0,14.07,92.0,48.85341,2.3488,Open-Meteo Historical Weather API,2025-03-01/2025-05-31,15.06,12.04,38.85,0.97,2208.0,Open-Meteo Air Quality API,2025-03-01/2025-05-31
705,solo,3853.46,rome,été,10,villa,1774.38,ensoleillé,gastronomie,3,retard_vol,1,0,séjour mitigé.,385.346,0.4604641023910979,0.0,0.0,0.0,1.0,1.0,1.0,0.0,27.22,1.32,16.0,14.95,92.0,41.89193,12.51133,Open-Meteo Historical Weather API,2025-06-01/2025-08-31,15.45,9.67,40.74,2.01,2208.0,Open-Meteo Air Quality API,2025-06-01/2025-08-31
706,senior,11009.47,bali,été,15,villa,1247.68,ensoleillé,plage,2,météo,1,0,séjour mitigé.,733.9646666666666,0.1133278895351002,1.0,0.0,0.0,1.0,1.0,0.0,1.0,25.53,3.21,49.0,18.92,92.0,-8.65,115.21667,Open-Meteo Historical Weather API,2025-06-01/2025-08-31,13.38,9.86,30.22,1.86,2208.0,Open-Meteo Air Quality API,2025-06-01/2025-08-31
707,solo,7260.96,new york,automne,9,villa,1111.47,nuageux,plage,3,retard_vol,1,0,séjour mitigé.,806.7733333333333,0.1530748000264427,0.0,0.0,0.0,1.0,1.0,1.0,0.0,13.97,3.07,25.0,15.38,91.0,40.71427,-74.00597,Open-Meteo Historical Weather API,2025-09-01/2025-11-30,11.7,11.28,42.27,0.76,2184.0,Open-Meteo Air Quality API,2025-09-01/2025-11-30
708,solo,3117.6,bali,automne,5,hôtel,1232.21,variable,gastronomie,2,météo,1,1,séjour mitigé.,623.52,0.3952431357454452,0.0,1.0,0.0,0.0,1.0,0.0,1.0,26.3,6.82,61.0,14.71,91.0,-8.65,115.21667,Open-Meteo Historical Weather API,2025-09-01/2025-11-30,14.48,11.69,32.66,2.5,2184.0,Open-Meteo Air Quality API,2025-09-01/2025-11-30
709,famille,6146.22,bali,été,9,appartement,1273.44,nuageux,plage,2,retard_vol,1,0,séjour mitigé.,682.9133333333334,0.207190761150756,0.0,0.0,0.0,0.0,1.0,1.0,0.0,25.53,3.21,49.0,18.92,92.0,-8.65,115.21667,Open-Meteo Historical Weather API,2025-06-01/2025-08-31,13.38,9.86,30.22,1.86,2208.0,Open-Meteo Air Quality API,2025-06-01/2025-08-31
710,couple,1958.78,rome,printemps,4,villa,1252.49,ensoleillé,gastronomie,1,aucun,0,0,séjour mitigé.,489.695,0.6394235187208365,0.0,0.0,0.0,1.0,0.0,0.0,0.0,15.22,3.55,32.0,13.85,92.0,41.89193,12.51133,Open-Meteo Historical Weather API,2025-03-01/2025-05-31,15.93,11.65,37.47,1.19,2208.0,Open-Meteo Air Quality API,2025-03-01/2025-05-31
711,solo,3109.39,rome,été,7,appartement,1170.05,ensoleillé,randonnée,2,annulation,1,0,séjour mitigé.,444.1985714285714,0.3762956721414811,0.0,0.0,0.0,0.0,1.0,1.0,0.0,27.22,1.32,16.0,14.95,92.0,41.89193,12.51133,Open-Meteo Historical Weather API,2025-06-01/2025-08-31,15.45,9.67,40.74,2.01,2208.0,Open-Meteo Air Quality API,2025-06-01/2025-08-31
712,senior,10692.67,new york,printemps,13,appartement,1018.17,variable,culture,4,bagages,1,1,excellent séjour.,822.5130769230769,0.095221305810429,0.0,1.0,0.0,0.0,1.0,1.0,0.0,12.04,4.75,36.0,17.46,92.0,40.71427,-74.00597,Open-Meteo Historical Weather API,2025-03-01/2025-05-31,11.88,11.05,41.24,1.07,2208.0,Open-Meteo Air Quality API,2025-03-01/2025-05-31
713,senior,8513.49,rome,printemps,18,villa,1273.93,pluie,gastronomie,4,météo,1,1,excellent séjour.,472.9716666666666,0.1496366355043583,1.0,1.0,0.0,1.0,1.0,0.0,1.0,15.22,3.55,32.0,13.85,92.0,41.89193,12.51133,Open-Meteo Historical Weather API,2025-03-01/2025-05-31,15.93,11.65,37.47,1.19,2208.0,Open-Meteo Air Quality API,2025-03-01/2025-05-31
714,business,2206.96,sydney,hiver,4,villa,1095.59,nuageux,culture,2,annulation,1,1,séjour mitigé.,551.74,0.4964249465327871,0.0,0.0,1.0,1.0,1.0,1.0,0.0,22.44,3.42,39.0,20.67,90.0,-33.86785,151.20732,Open-Meteo Historical Weather API,2024-12-01/2025-02-28,12.57,9.86,34.15,2.24,2160.0,Open-Meteo Air Quality API,2024-12-01/2025-02-28
715,senior,5089.5,rome,été,10,villa,1143.33,ensoleillé,plage,2,météo,0,1,séjour mitigé.,508.95,0.2246448570586501,0.0,0.0,0.0,1.0,1.0,0.0,1.0,27.22,1.32,16.0,14.95,92.0,41.89193,12.51133,Open-Meteo Historical Weather API,2025-06-01/2025-08-31,15.45,9.67,40.74,2.01,2208.0,Open-Meteo Air Quality API,2025-06-01/2025-08-31
716,solo,7318.39,lisbonne,automne,13,hôtel,919.42,variable,gastronomie,4,météo,1,0,excellent séjour.,562.953076923077,0.1256314571920873,0.0,1.0,0.0,0.0,1.0,0.0,1.0,18.72,2.83,21.0,17.54,91.0,38.72509,-9.1498,Open-Meteo Historical Weather API,2025-09-01/2025-11-30,15.83,9.72,31.17,0.9,2184.0,Open-Meteo Air Quality API,2025-09-01/2025-11-30
717,couple,6936.73,new york,printemps,8,appartement,1066.73,variable,plage,1,retard_vol,1,1,séjour mitigé.,867.09125,0.1537799510720469,0.0,1.0,0.0,0.0,1.0,1.0,0.0,12.04,4.75,36.0,17.46,92.0,40.71427,-74.00597,Open-Meteo Historical Weather API,2025-03-01/2025-05-31,11.88,11.05,41.24,1.07,2208.0,Open-Meteo Air Quality API,2025-03-01/2025-05-31
718,famille,18234.37,new york,hiver,18,hôtel,1359.37,nuageux,gastronomie,3,annulation,1,1,séjour mitigé.,1013.0205555555556,0.0745498747694601,1.0,0.0,0.0,0.0,1.0,1.0,0.0,0.0,2.34,32.0,16.49,90.0,40.71427,-74.00597,Open-Meteo Historical Weather API,2024-12-01/2025-02-28,14.23,13.56,43.36,0.34,2160.0,Open-Meteo Air Quality API,2024-12-01/2025-02-28
719,couple,3347.33,lisbonne,été,5,appartement,545.12,ensoleillé,plage,2,météo,1,0,séjour mitigé.,669.466,0.1628521836807246,0.0,0.0,0.0,0.0,1.0,0.0,1.0,23.39,0.06,1.0,17.22,92.0,38.72509,-9.1498,Open-Meteo Historical Weather API,2025-06-01/2025-08-31,19.54,10.92,32.89,2.16,2208.0,Open-Meteo Air Quality API,2025-06-01/2025-08-31
720,senior,11123.17,dubaï,printemps,21,appartement,1537.01,variable,culture,3,annulation,1,0,séjour mitigé.,529.6747619047619,0.1381809322342461,1.0,1.0,0.0,0.0,1.0,1.0,0.0,28.3,0.01,0.0,22.56,92.0,25.07725,55.30927,Open-Meteo Historical Weather API,2025-03-01/2025-05-31,70.72,36.99,63.06,2.2,2208.0,Open-Meteo Air Quality API,2025-03-01/2025-05-31
721,business,3092.24,paris,hiver,4,villa,1450.54,nuageux,gastronomie,4,bagages,1,0,excellent séjour.,773.06,0.4690903681473624,0.0,0.0,1.0,1.0,1.0,1.0,0.0,4.95,2.61,35.0,15.72,90.0,48.85341,2.3488,Open-Meteo Historical Weather API,2024-12-01/2025-02-28,20.98,17.57,45.01,0.13,2160.0,Open-Meteo Air Quality API,2024-12-01/2025-02-28
722,solo,11859.19,paris,hiver,12,resort,842.03,ensoleillé,plage,5,aucun,0,1,excellent séjour.,988.2658333333334,0.0710023197199808,0.0,0.0,0.0,1.0,0.0,0.0,0.0,4.95,2.61,35.0,15.72,90.0,48.85341,2.3488,Open-Meteo Historical Weather API,2024-12-01/2025-02-28,20.98,17.57,45.01,0.13,2160.0,Open-Meteo Air Quality API,2024-12-01/2025-02-28
723,couple,9998.76,bali,printemps,15,resort,1173.12,variable,randonnée,3,bagages,1,1,séjour mitigé.,666.5840000000001,0.117326548492013,1.0,1.0,0.0,1.0,1.0,1.0,0.0,26.99,6.49,65.0,13.72,92.0,-8.65,115.21667,Open-Meteo Historical Weather API,2025-03-01/2025-05-31,12.14,10.4,31.68,2.19,2208.0,Open-Meteo Air Quality API,2025-03-01/2025-05-31
724,business,2826.76,new york,automne,3,villa,1047.35,variable,business,3,retard_vol,1,1,séjour mitigé.,942.2533333333334,0.3705125302466427,0.0,1.0,1.0,1.0,1.0,1.0,0.0,13.97,3.07,25.0,15.38,91.0,40.71427,-74.00597,Open-Meteo Historical Weather API,2025-09-01/2025-11-30,11.7,11.28,42.27,0.76,2184.0,Open-Meteo Air Quality API,2025-09-01/2025-11-30
725,business,3004.29,rome,hiver,6,appartement,1009.93,pluie,business,3,bagages,0,1,séjour mitigé.,500.715,0.3361626207856099,0.0,1.0,1.0,0.0,1.0,1.0,0.0,9.23,2.57,28.0,13.79,90.0,41.89193,12.51133,Open-Meteo Historical Weather API,2024-12-01/2025-02-28,20.56,17.01,40.29,0.27,2160.0,Open-Meteo Air Quality API,2024-12-01/2025-02-28
726,solo,4654.13,tokyo,été,14,villa,662.56,ensoleillé,culture,5,aucun,0,1,excellent séjour.,332.4378571428571,0.1423595817048513,1.0,0.0,0.0,1.0,0.0,0.0,0.0,27.71,2.91,31.0,13.49,92.0,35.6895,139.69171,Open-Meteo Historical Weather API,2025-06-01/2025-08-31,24.0,22.42,51.6,1.83,2208.0,Open-Meteo Air Quality API,2025-06-01/2025-08-31
727,business,2879.28,new york,printemps,3,hôtel,924.38,pluie,business,4,météo,1,1,excellent séjour.,959.76,0.3210455391625684,0.0,1.0,1.0,0.0,1.0,0.0,1.0,12.04,4.75,36.0,17.46,92.0,40.71427,-74.00597,Open-Meteo Historical Weather API,2025-03-01/2025-05-31,11.88,11.05,41.24,1.07,2208.0,Open-Meteo Air Quality API,2025-03-01/2025-05-31
728,solo,8775.75,lisbonne,printemps,13,appartement,1142.84,variable,gastronomie,1,bagages,1,0,séjour mitigé.,675.0576923076923,0.1302270461214141,0.0,1.0,0.0,0.0,1.0,1.0,0.0,15.64,3.53,41.0,19.08,92.0,38.72509,-9.1498,Open-Meteo Historical Weather API,2025-03-01/2025-05-31,15.2,9.48,34.11,1.3,2208.0,Open-Meteo Air Quality API,2025-03-01/2025-05-31
729,solo,4175.03,rome,été,11,resort,1459.9,ensoleillé,gastronomie,4,annulation,1,1,excellent séjour.,379.5481818181818,0.3496741340780785,0.0,0.0,0.0,1.0,1.0,1.0,0.0,27.22,1.32,16.0,14.95,92.0,41.89193,12.51133,Open-Meteo Historical Weather API,2025-06-01/2025-08-31,15.45,9.67,40.74,2.01,2208.0,Open-Meteo Air Quality API,2025-06-01/2025-08-31
730,senior,8977.5,rome,automne,17,appartement,1524.39,pluie,culture,1,météo,0,0,séjour mitigé.,528.0882352941177,0.1698011695906432,1.0,1.0,0.0,0.0,1.0,0.0,1.0,17.21,4.01,24.0,12.75,91.0,41.89193,12.51133,Open-Meteo Historical Weather API,2025-09-01/2025-11-30,13.51,9.22,34.28,0.79,2184.0,Open-Meteo Air Quality API,2025-09-01/2025-11-30
731,solo,8643.68,new york,hiver,9,hôtel,1229.22,pluie,culture,4,bagages,0,1,excellent séjour.,960.4088888888888,0.1422102622956888,0.0,1.0,0.0,0.0,1.0,1.0,0.0,0.0,2.34,32.0,16.49,90.0,40.71427,-74.00597,Open-Meteo Historical Weather API,2024-12-01/2025-02-28,14.23,13.56,43.36,0.34,2160.0,Open-Meteo Air Quality API,2024-12-01/2025-02-28
732,couple,2798.96,dubaï,printemps,5,hôtel,1097.09,variable,plage,2,météo,0,0,séjour mitigé.,559.792,0.3919634435647526,0.0,1.0,0.0,0.0,1.0,0.0,1.0,28.3,0.01,0.0,22.56,92.0,25.07725,55.30927,Open-Meteo Historical Weather API,2025-03-01/2025-05-31,70.72,36.99,63.06,2.2,2208.0,Open-Meteo Air Quality API,2025-03-01/2025-05-31
733,business,5135.96,bali,automne,7,resort,1139.39,pluie,culture,4,aucun,0,1,excellent séjour.,733.7085714285714,0.2218455751213016,0.0,1.0,1.0,1.0,0.0,0.0,0.0,26.3,6.82,61.0,14.71,91.0,-8.65,115.21667,Open-Meteo Historical Weather API,2025-09-01/2025-11-30,14.48,11.69,32.66,2.5,2184.0,Open-Meteo Air Quality API,2025-09-01/2025-11-30
734,senior,5526.25,new york,hiver,7,villa,1190.57,variable,plage,3,bagages,1,1,séjour mitigé.,789.4642857142857,0.2154390409409635,0.0,1.0,0.0,1.0,1.0,1.0,0.0,0.0,2.34,32.0,16.49,90.0,40.71427,-74.00597,Open-Meteo Historical Weather API,2024-12-01/2025-02-28,14.23,13.56,43.36,0.34,2160.0,Open-Meteo Air Quality API,2024-12-01/2025-02-28
735,business,5713.06,new york,automne,6,villa,905.82,variable,culture,2,annulation,1,0,séjour mitigé.,952.1766666666668,0.1585525095132905,0.0,1.0,1.0,1.0,1.0,1.0,0.0,13.97,3.07,25.0,15.38,91.0,40.71427,-74.00597,Open-Meteo Historical Weather API,2025-09-01/2025-11-30,11.7,11.28,42.27,0.76,2184.0,Open-Meteo Air Quality API,2025-09-01/2025-11-30
736,senior,11424.16,bali,automne,17,hôtel,1368.95,ensoleillé,plage,2,météo,1,1,séjour mitigé.,672.0094117647059,0.1198293791403481,1.0,0.0,0.0,0.0,1.0,0.0,1.0,26.3,6.82,61.0,14.71,91.0,-8.65,115.21667,Open-Meteo Historical Weather API,2025-09-01/2025-11-30,14.48,11.69,32.66,2.5,2184.0,Open-Meteo Air Quality API,2025-09-01/2025-11-30
737,business,2062.5,sydney,printemps,4,hôtel,1149.83,nuageux,business,4,météo,0,0,excellent séjour.,515.625,0.5574933333333333,0.0,0.0,1.0,0.0,1.0,0.0,1.0,19.13,4.44,49.0,17.74,92.0,-33.86785,151.20732,Open-Meteo Historical Weather API,2025-03-01/2025-05-31,11.25,9.25,31.84,1.01,2208.0,Open-Meteo Air Quality API,2025-03-01/2025-05-31
738,solo,10516.82,lisbonne,printemps,16,villa,854.09,ensoleillé,plage,2,météo,0,1,séjour mitigé.,657.30125,0.0812118111748608,1.0,0.0,0.0,1.0,1.0,0.0,1.0,15.64,3.53,41.0,19.08,92.0,38.72509,-9.1498,Open-Meteo Historical Weather API,2025-03-01/2025-05-31,15.2,9.48,34.11,1.3,2208.0,Open-Meteo Air Quality API,2025-03-01/2025-05-31
739,business,2873.79,dubaï,été,5,villa,1461.62,variable,culture,1,retard_vol,0,1,séjour mitigé.,574.758,0.5086036210022304,0.0,1.0,1.0,1.0,1.0,1.0,0.0,35.27,0.0,0.0,22.79,92.0,25.07725,55.30927,Open-Meteo Historical Weather API,2025-06-01/2025-08-31,128.17,54.13,71.91,2.19,2208.0,Open-Meteo Air Quality API,2025-06-01/2025-08-31
740,famille,12297.56,dubaï,automne,20,villa,1408.79,nuageux,gastronomie,3,météo,1,1,séjour mitigé.,614.8779999999999,0.1145584977833001,1.0,0.0,0.0,1.0,1.0,0.0,1.0,29.44,0.0,0.0,20.09,91.0,25.07725,55.30927,Open-Meteo Historical Weather API,2025-09-01/2025-11-30,80.53,41.8,60.89,1.56,2184.0,Open-Meteo Air Quality API,2025-09-01/2025-11-30
741,famille,11084.04,rome,printemps,21,resort,1210.9,variable,culture,5,aucun,0,1,excellent séjour.,527.8114285714286,0.1092471698045117,1.0,1.0,0.0,1.0,0.0,0.0,0.0,15.22,3.55,32.0,13.85,92.0,41.89193,12.51133,Open-Meteo Historical Weather API,2025-03-01/2025-05-31,15.93,11.65,37.47,1.19,2208.0,Open-Meteo Air Quality API,2025-03-01/2025-05-31
742,couple,4349.43,rome,printemps,9,hôtel,1502.84,variable,culture,4,aucun,0,1,excellent séjour.,483.27,0.3455257355561533,0.0,1.0,0.0,0.0,0.0,0.0,0.0,15.22,3.55,32.0,13.85,92.0,41.89193,12.51133,Open-Meteo Historical Weather API,2025-03-01/2025-05-31,15.93,11.65,37.47,1.19,2208.0,Open-Meteo Air Quality API,2025-03-01/2025-05-31
743,business,1902.3,bali,printemps,3,hôtel,1036.15,pluie,business,1,météo,1,0,séjour mitigé.,634.1,0.5446827524575515,0.0,1.0,1.0,0.0,1.0,0.0,1.0,26.99,6.49,65.0,13.72,92.0,-8.65,115.21667,Open-Meteo Historical Weather API,2025-03-01/2025-05-31,12.14,10.4,31.68,2.19,2208.0,Open-Meteo Air Quality API,2025-03-01/2025-05-31
744,business,2436.69,bali,printemps,3,appartement,1350.95,pluie,business,3,bagages,0,1,séjour mitigé.,812.23,0.5544201355116982,0.0,1.0,1.0,0.0,1.0,1.0,0.0,26.99,6.49,65.0,13.72,92.0,-8.65,115.21667,Open-Meteo Historical Weather API,2025-03-01/2025-05-31,12.14,10.4,31.68,2.19,2208.0,Open-Meteo Air Quality API,2025-03-01/2025-05-31
745,business,5403.8,new york,automne,6,villa,1207.83,nuageux,gastronomie,2,retard_vol,1,0,séjour mitigé.,900.6333333333333,0.2235149339353787,0.0,0.0,1.0,1.0,1.0,1.0,0.0,13.97,3.07,25.0,15.38,91.0,40.71427,-74.00597,Open-Meteo Historical Weather API,2025-09-01/2025-11-30,11.7,11.28,42.27,0.76,2184.0,Open-Meteo Air Quality API,2025-09-01/2025-11-30
746,business,3490.01,rome,automne,7,resort,1220.77,variable,business,3,retard_vol,1,0,séjour mitigé.,498.5728571428572,0.3497898286824393,0.0,1.0,1.0,1.0,1.0,1.0,0.0,17.21,4.01,24.0,12.75,91.0,41.89193,12.51133,Open-Meteo Historical Weather API,2025-09-01/2025-11-30,13.51,9.22,34.28,0.79,2184.0,Open-Meteo Air Quality API,2025-09-01/2025-11-30
747,couple,4644.64,rome,printemps,9,villa,1342.84,variable,plage,4,retard_vol,1,1,excellent séjour.,516.0711111111111,0.2891160563574356,0.0,1.0,0.0,1.0,1.0,1.0,0.0,15.22,3.55,32.0,13.85,92.0,41.89193,12.51133,Open-Meteo Historical Weather API,2025-03-01/2025-05-31,15.93,11.65,37.47,1.19,2208.0,Open-Meteo Air Quality API,2025-03-01/2025-05-31
749,senior,2698.24,rome,hiver,7,appartement,1457.66,ensoleillé,gastronomie,3,retard_vol,1,0,séjour mitigé.,385.4628571428571,0.540226221537002,0.0,0.0,0.0,0.0,1.0,1.0,0.0,9.23,2.57,28.0,13.79,90.0,41.89193,12.51133,Open-Meteo Historical Weather API,2024-12-01/2025-02-28,20.56,17.01,40.29,0.27,2160.0,Open-Meteo Air Quality API,2024-12-01/2025-02-28
750,couple,11170.85,bali,été,14,resort,1202.39,ensoleillé,plage,2,retard_vol,1,1,séjour mitigé.,797.9178571428572,0.1076363929333936,1.0,0.0,0.0,1.0,1.0,1.0,0.0,25.53,3.21,49.0,18.92,92.0,-8.65,115.21667,Open-Meteo Historical Weather API,2025-06-01/2025-08-31,13.38,9.86,30.22,1.86,2208.0,Open-Meteo Air Quality API,2025-06-01/2025-08-31
751,business,,paris,printemps,17,villa,1050.81,nuageux,business,2,aucun,0,1,de nombreux problèmes rencontrés.,,,1.0,0.0,1.0,1.0,0.0,0.0,0.0,12.44,1.18,26.0,14.07,92.0,48.85341,2.3488,Open-Meteo Historical Weather API,2025-03-01/2025-05-31,15.06,12.04,38.85,0.97,2208.0,Open-Meteo Air Quality API,2025-03-01/2025-05-31
752,solo,12092.48,tokyo,printemps,11,villa,974.76,pluie,culture,1,retard_vol,1,1,très mauvaise expérience.,1099.3163636363636,0.0806087750403556,0.0,1.0,0.0,1.0,1.0,1.0,0.0,14.52,6.04,44.0,15.33,92.0,35.6895,139.69171,Open-Meteo Historical Weather API,2025-03-01/2025-05-31,29.58,26.1,53.35,1.05,2208.0,Open-Meteo Air Quality API,2025-03-01/2025-05-31
753,senior,11596.27,new york,printemps,10,appartement,942.65,nuageux,plage,1,météo,1,1,de nombreux problèmes rencontrés.,1159.627,0.0812890696749903,0.0,0.0,0.0,0.0,1.0,0.0,1.0,12.04,4.75,36.0,17.46,92.0,40.71427,-74.00597,Open-Meteo Historical Weather API,2025-03-01/2025-05-31,11.88,11.05,41.24,1.07,2208.0,Open-Meteo Air Quality API,2025-03-01/2025-05-31
754,business,,tokyo,été,5,appartement,1208.84,pluie,culture,3,annulation,0,1,dans l'ensemble satisfaisant.,,,0.0,1.0,1.0,0.0,1.0,1.0,0.0,27.71,2.91,31.0,13.49,92.0,35.6895,139.69171,Open-Meteo Historical Weather API,2025-06-01/2025-08-31,24.0,22.42,51.6,1.83,2208.0,Open-Meteo Air Quality API,2025-06-01/2025-08-31
755,famille,5462.92,rome,été,10,villa,1022.04,variable,plage,1,météo,0,1,de nombreux problèmes rencontrés.,546.292,0.1870867594619727,0.0,1.0,0.0,1.0,1.0,0.0,1.0,27.22,1.32,16.0,14.95,92.0,41.89193,12.51133,Open-Meteo Historical Weather API,2025-06-01/2025-08-31,15.45,9.67,40.74,2.01,2208.0,Open-Meteo Air Quality API,2025-06-01/2025-08-31
756,senior,6718.36,tokyo,printemps,10,appartement,996.39,nuageux,culture,2,météo,1,1,de nombreux problèmes rencontrés.,671.836,0.1483085157687292,0.0,0.0,0.0,0.0,1.0,0.0,1.0,14.52,6.04,44.0,15.33,92.0,35.6895,139.69171,Open-Meteo Historical Weather API,2025-03-01/2025-05-31,29.58,26.1,53.35,1.05,2208.0,Open-Meteo Air Quality API,2025-03-01/2025-05-31
757,business,6682.55,tokyo,printemps,3,villa,759.94,variable,culture,5,météo,1,1,"parfait, rien à redire.",2227.516666666667,0.1137200619523984,0.0,1.0,1.0,1.0,1.0,0.0,1.0,14.52,6.04,44.0,15.33,92.0,35.6895,139.69171,Open-Meteo Historical Weather API,2025-03-01/2025-05-31,29.58,26.1,53.35,1.05,2208.0,Open-Meteo Air Quality API,2025-03-01/2025-05-31
759,famille,13191.08,dubaï,hiver,8,hôtel,1069.43,ensoleillé,plage,5,bagages,0,1,une expérience inoubliable.,1648.885,0.0810722094021111,0.0,0.0,0.0,0.0,1.0,1.0,0.0,20.21,0.09,2.0,19.57,90.0,25.07725,55.30927,Open-Meteo Historical Weather API,2024-12-01/2025-02-28,59.55,32.47,55.0,1.03,2160.0,Open-Meteo Air Quality API,2024-12-01/2025-02-28
760,solo,8409.1,bali,printemps,12,villa,,nuageux,culture,1,aucun,0,1,très mauvaise expérience.,700.7583333333333,,0.0,0.0,0.0,1.0,0.0,0.0,0.0,26.99,6.49,65.0,13.72,92.0,-8.65,115.21667,Open-Meteo Historical Weather API,2025-03-01/2025-05-31,12.14,10.4,31.68,2.19,2208.0,Open-Meteo Air Quality API,2025-03-01/2025-05-31
761,solo,14890.71,new york,été,12,hôtel,1171.27,pluie,randonnée,4,bagages,0,1,"parfait, rien à redire.",1240.8925,0.0786577671581811,0.0,1.0,0.0,0.0,1.0,1.0,0.0,24.52,2.28,32.0,14.21,92.0,40.71427,-74.00597,Open-Meteo Historical Weather API,2025-06-01/2025-08-31,18.13,17.43,51.89,1.61,2208.0,Open-Meteo Air Quality API,2025-06-01/2025-08-31
762,senior,,new york,hiver,7,hôtel,1318.46,variable,business,4,météo,1,1,une expérience inoubliable.,,,0.0,1.0,0.0,0.0,1.0,0.0,1.0,0.0,2.34,32.0,16.49,90.0,40.71427,-74.00597,Open-Meteo Historical Weather API,2024-12-01/2025-02-28,14.23,13.56,43.36,0.34,2160.0,Open-Meteo Air Quality API,2024-12-01/2025-02-28
763,business,5976.82,lisbonne,hiver,12,appartement,1306.02,nuageux,culture,1,aucun,0,1,je ne recommande pas.,498.0683333333333,0.2185141931662657,0.0,0.0,1.0,0.0,0.0,0.0,0.0,12.63,2.92,26.0,17.53,90.0,38.72509,-9.1498,Open-Meteo Historical Weather API,2024-12-01/2025-02-28,19.66,13.91,36.49,0.38,2160.0,Open-Meteo Air Quality API,2024-12-01/2025-02-28
764,senior,10267.02,rome,hiver,9,villa,1266.13,ensoleillé,,5,météo,1,1,très bon rapport qualité-prix.,1140.78,0.1233201065158147,0.0,0.0,0.0,1.0,1.0,0.0,1.0,9.23,2.57,28.0,13.79,90.0,41.89193,12.51133,Open-Meteo Historical Weather API,2024-12-01/2025-02-28,20.56,17.01,40.29,0.27,2160.0,Open-Meteo Air Quality API,2024-12-01/2025-02-28
765,solo,13805.76,rome,automne,3,,1053.5,pluie,randonnée,3,aucun,0,1,"quelques imprévus, globalement bien.",4601.92,0.0763087291101685,0.0,1.0,0.0,,0.0,0.0,0.0,17.21,4.01,24.0,12.75,91.0,41.89193,12.51133,Open-Meteo Historical Weather API,2025-09-01/2025-11-30,13.51,9.22,34.28,0.79,2184.0,Open-Meteo Air Quality API,2025-09-01/2025-11-30
767,solo,11711.92,tokyo,hiver,15,hôtel,838.23,pluie,business,1,retard_vol,1,1,,780.7946666666667,0.0715706732969487,1.0,1.0,0.0,0.0,1.0,1.0,0.0,6.08,0.56,8.0,14.28,90.0,35.6895,139.69171,Open-Meteo Historical Weather API,2024-12-01/2025-02-28,31.02,30.0,55.43,0.51,2160.0,Open-Meteo Air Quality API,2024-12-01/2025-02-28
768,famille,,bali,hiver,3,villa,959.03,nuageux,plage,4,météo,1,1,très bon rapport qualité-prix.,,,0.0,0.0,0.0,1.0,1.0,0.0,1.0,26.28,11.89,84.0,14.7,90.0,-8.65,115.21667,Open-Meteo Historical Weather API,2024-12-01/2025-02-28,12.8,11.67,33.02,1.96,2160.0,Open-Meteo Air Quality API,2024-12-01/2025-02-28
769,senior,6049.86,dubaï,hiver,10,,1123.27,pluie,randonnée,1,retard_vol,1,1,de nombreux problèmes rencontrés.,604.986,0.1856687592770741,0.0,1.0,0.0,,1.0,1.0,0.0,20.21,0.09,2.0,19.57,90.0,25.07725,55.30927,Open-Meteo Historical Weather API,2024-12-01/2025-02-28,59.55,32.47,55.0,1.03,2160.0,Open-Meteo Air Quality API,2024-12-01/2025-02-28
770,business,9247.86,rome,été,18,hôtel,907.28,variable,plage,4,retard_vol,1,1,excellent séjour.,513.77,0.0981070215163291,1.0,1.0,1.0,0.0,1.0,1.0,0.0,27.22,1.32,16.0,14.95,92.0,41.89193,12.51133,Open-Meteo Historical Weather API,2025-06-01/2025-08-31,15.45,9.67,40.74,2.01,2208.0,Open-Meteo Air Quality API,2025-06-01/2025-08-31
771,business,13676.81,paris,printemps,6,resort,1143.74,pluie,gastronomie,4,bagages,0,1,très bon rapport qualité-prix.,2279.468333333333,0.0836262257061405,0.0,1.0,1.0,1.0,1.0,1.0,0.0,12.44,1.18,26.0,14.07,92.0,48.85341,2.3488,Open-Meteo Historical Weather API,2025-03-01/2025-05-31,15.06,12.04,38.85,0.97,2208.0,Open-Meteo Air Quality API,2025-03-01/2025-05-31
773,senior,8757.58,dubaï,été,3,villa,672.85,pluie,gastronomie,2,retard_vol,1,1,très mauvaise expérience.,2919.193333333333,0.0768305856184014,0.0,1.0,0.0,1.0,1.0,1.0,0.0,35.27,0.0,0.0,22.79,92.0,25.07725,55.30927,Open-Meteo Historical Weather API,2025-06-01/2025-08-31,128.17,54.13,71.91,2.19,2208.0,Open-Meteo Air Quality API,2025-06-01/2025-08-31
774,senior,7131.34,lisbonne,automne,18,villa,1337.6,variable,culture,1,annulation,1,1,je ne recommande pas.,396.18555555555554,0.1875664321151424,1.0,1.0,0.0,1.0,1.0,1.0,0.0,18.72,2.83,21.0,17.54,91.0,38.72509,-9.1498,Open-Meteo Historical Weather API,2025-09-01/2025-11-30,15.83,9.72,31.17,0.9,2184.0,Open-Meteo Air Quality API,2025-09-01/2025-11-30
775,business,5601.29,dubaï,hiver,9,villa,990.86,,randonnée,1,aucun,0,1,je ne recommande pas.,622.3655555555556,0.1768985358729864,0.0,,1.0,1.0,0.0,0.0,0.0,20.21,0.09,2.0,19.57,90.0,25.07725,55.30927,Open-Meteo Historical Weather API,2024-12-01/2025-02-28,59.55,32.47,55.0,1.03,2160.0,Open-Meteo Air Quality API,2024-12-01/2025-02-28
776,couple,6269.95,new york,automne,10,hôtel,893.67,ensoleillé,plage,1,météo,1,1,très mauvaise expérience.,626.995,0.1425322370991794,0.0,0.0,0.0,0.0,1.0,0.0,1.0,13.97,3.07,25.0,15.38,91.0,40.71427,-74.00597,Open-Meteo Historical Weather API,2025-09-01/2025-11-30,11.7,11.28,42.27,0.76,2184.0,Open-Meteo Air Quality API,2025-09-01/2025-11-30
777,solo,7470.31,dubaï,été,17,resort,824.85,pluie,randonnée,4,retard_vol,1,1,une expérience inoubliable.,439.43,0.1104171045110577,1.0,1.0,0.0,1.0,1.0,1.0,0.0,35.27,0.0,0.0,22.79,92.0,25.07725,55.30927,Open-Meteo Historical Weather API,2025-06-01/2025-08-31,128.17,54.13,71.91,2.19,2208.0,Open-Meteo Air Quality API,2025-06-01/2025-08-31
778,famille,13854.82,dubaï,hiver,13,appartement,,ensoleillé,business,5,aucun,0,1,"très satisfait, je recommande.",1065.7553846153846,,0.0,0.0,0.0,0.0,0.0,0.0,0.0,20.21,0.09,2.0,19.57,90.0,25.07725,55.30927,Open-Meteo Historical Weather API,2024-12-01/2025-02-28,59.55,32.47,55.0,1.03,2160.0,Open-Meteo Air Quality API,2024-12-01/2025-02-28
780,business,7136.24,new york,automne,7,resort,1009.98,pluie,gastronomie,5,bagages,0,1,excellent séjour.,1019.4628571428572,0.1415283118280775,0.0,1.0,1.0,1.0,1.0,1.0,0.0,13.97,3.07,25.0,15.38,91.0,40.71427,-74.00597,Open-Meteo Historical Weather API,2025-09-01/2025-11-30,11.7,11.28,42.27,0.76,2184.0,Open-Meteo Air Quality API,2025-09-01/2025-11-30
781,business,3433.07,dubaï,printemps,12,resort,1060.23,nuageux,culture,5,aucun,0,1,"très satisfait, je recommande.",286.0891666666667,0.3088285412182099,0.0,0.0,1.0,1.0,0.0,0.0,0.0,28.3,0.01,0.0,22.56,92.0,25.07725,55.30927,Open-Meteo Historical Weather API,2025-03-01/2025-05-31,70.72,36.99,63.06,2.2,2208.0,Open-Meteo Air Quality API,2025-03-01/2025-05-31
782,senior,9814.89,bali,automne,7,hôtel,1405.2,ensoleillé,plage,1,annulation,1,1,très mauvaise expérience.,1402.1271428571429,0.1431702240167745,0.0,0.0,0.0,0.0,1.0,1.0,0.0,26.3,6.82,61.0,14.71,91.0,-8.65,115.21667,Open-Meteo Historical Weather API,2025-09-01/2025-11-30,14.48,11.69,32.66,2.5,2184.0,Open-Meteo Air Quality API,2025-09-01/2025-11-30
783,couple,12437.18,new york,printemps,3,appartement,632.8,nuageux,plage,4,bagages,0,1,"parfait, rien à redire.",4145.7266666666665,0.0508797010254736,0.0,0.0,0.0,0.0,1.0,1.0,0.0,12.04,4.75,36.0,17.46,92.0,40.71427,-74.00597,Open-Meteo Historical Weather API,2025-03-01/2025-05-31,11.88,11.05,41.24,1.07,2208.0,Open-Meteo Air Quality API,2025-03-01/2025-05-31
784,solo,,new york,été,10,villa,1645.12,pluie,plage,1,météo,0,1,très mauvaise expérience.,,,0.0,1.0,0.0,1.0,1.0,0.0,1.0,24.52,2.28,32.0,14.21,92.0,40.71427,-74.00597,Open-Meteo Historical Weather API,2025-06-01/2025-08-31,18.13,17.43,51.89,1.61,2208.0,Open-Meteo Air Quality API,2025-06-01/2025-08-31
785,solo,7744.37,new york,automne,3,hôtel,1773.02,ensoleillé,business,4,retard_vol,1,1,"parfait, rien à redire.",2581.4566666666665,0.2289430902707386,0.0,0.0,0.0,0.0,1.0,1.0,0.0,13.97,3.07,25.0,15.38,91.0,40.71427,-74.00597,Open-Meteo Historical Weather API,2025-09-01/2025-11-30,11.7,11.28,42.27,0.76,2184.0,Open-Meteo Air Quality API,2025-09-01/2025-11-30
786,couple,9240.95,paris,printemps,18,appartement,392.7,ensoleillé,culture,2,bagages,0,1,de nombreux problèmes rencontrés.,513.3861111111112,0.0424956308604634,1.0,0.0,0.0,0.0,1.0,1.0,0.0,12.44,1.18,26.0,14.07,92.0,48.85341,2.3488,Open-Meteo Historical Weather API,2025-03-01/2025-05-31,15.06,12.04,38.85,0.97,2208.0,Open-Meteo Air Quality API,2025-03-01/2025-05-31
787,famille,,new york,automne,11,villa,1091.87,variable,culture,1,bagages,0,1,très mauvaise expérience.,,,0.0,1.0,0.0,1.0,1.0,1.0,0.0,13.97,3.07,25.0,15.38,91.0,40.71427,-74.00597,Open-Meteo Historical Weather API,2025-09-01/2025-11-30,11.7,11.28,42.27,0.76,2184.0,Open-Meteo Air Quality API,2025-09-01/2025-11-30
788,solo,9054.03,lisbonne,printemps,5,villa,925.32,pluie,plage,3,aucun,0,1,séjour mitigé.,1810.806,0.10219979390393,0.0,1.0,0.0,1.0,0.0,0.0,0.0,15.64,3.53,41.0,19.08,92.0,38.72509,-9.1498,Open-Meteo Historical Weather API,2025-03-01/2025-05-31,15.2,9.48,34.11,1.3,2208.0,Open-Meteo Air Quality API,2025-03-01/2025-05-31
789,couple,8190.54,rome,automne,6,villa,1047.04,ensoleillé,plage,4,aucun,0,1,,1365.09,0.1278352831437243,0.0,0.0,0.0,1.0,0.0,0.0,0.0,17.21,4.01,24.0,12.75,91.0,41.89193,12.51133,Open-Meteo Historical Weather API,2025-09-01/2025-11-30,13.51,9.22,34.28,0.79,2184.0,Open-Meteo Air Quality API,2025-09-01/2025-11-30
790,business,,bali,été,3,appartement,1005.87,ensoleillé,culture,4,retard_vol,1,1,très bon rapport qualité-prix.,,,0.0,0.0,1.0,0.0,1.0,1.0,0.0,25.53,3.21,49.0,18.92,92.0,-8.65,115.21667,Open-Meteo Historical Weather API,2025-06-01/2025-08-31,13.38,9.86,30.22,1.86,2208.0,Open-Meteo Air Quality API,2025-06-01/2025-08-31
791,solo,7479.7,paris,printemps,4,villa,1335.55,variable,gastronomie,3,météo,0,1,"quelques imprévus, globalement bien.",1869.925,0.1785566266026712,0.0,1.0,0.0,1.0,1.0,0.0,1.0,12.44,1.18,26.0,14.07,92.0,48.85341,2.3488,Open-Meteo Historical Weather API,2025-03-01/2025-05-31,15.06,12.04,38.85,0.97,2208.0,Open-Meteo Air Quality API,2025-03-01/2025-05-31
792,senior,8747.05,paris,printemps,15,resort,1087.83,pluie,business,1,météo,0,1,très mauvaise expérience.,583.1366666666667,0.1243653574633733,1.0,1.0,0.0,1.0,1.0,0.0,1.0,12.44,1.18,26.0,14.07,92.0,48.85341,2.3488,Open-Meteo Historical Weather API,2025-03-01/2025-05-31,15.06,12.04,38.85,0.97,2208.0,Open-Meteo Air Quality API,2025-03-01/2025-05-31
793,business,5737.39,lisbonne,printemps,21,resort,873.88,pluie,culture,5,aucun,0,1,"très satisfait, je recommande.",273.2090476190476,0.1523131598165716,1.0,1.0,1.0,1.0,0.0,0.0,0.0,15.64,3.53,41.0,19.08,92.0,38.72509,-9.1498,Open-Meteo Historical Weather API,2025-03-01/2025-05-31,15.2,9.48,34.11,1.3,2208.0,Open-Meteo Air Quality API,2025-03-01/2025-05-31
794,couple,5945.77,new york,hiver,14,hôtel,1071.85,ensoleillé,gastronomie,5,aucun,0,1,très bon rapport qualité-prix.,424.6978571428572,0.1802710162014339,1.0,0.0,0.0,0.0,0.0,0.0,0.0,0.0,2.34,32.0,16.49,90.0,40.71427,-74.00597,Open-Meteo Historical Weather API,2024-12-01/2025-02-28,14.23,13.56,43.36,0.34,2160.0,Open-Meteo Air Quality API,2024-12-01/2025-02-28
795,senior,13811.5,bali,hiver,9,appartement,1255.96,ensoleillé,culture,2,retard_vol,1,1,très mauvaise expérience.,1534.611111111111,0.0909358143576005,0.0,0.0,0.0,0.0,1.0,1.0,0.0,26.28,11.89,84.0,14.7,90.0,-8.65,115.21667,Open-Meteo Historical Weather API,2024-12-01/2025-02-28,12.8,11.67,33.02,1.96,2160.0,Open-Meteo Air Quality API,2024-12-01/2025-02-28
796,business,17858.35,bali,printemps,8,appartement,800.76,ensoleillé,business,3,retard_vol,1,1,dans l'ensemble satisfaisant.,2232.29375,0.0448395288478498,0.0,0.0,1.0,0.0,1.0,1.0,0.0,26.99,6.49,65.0,13.72,92.0,-8.65,115.21667,Open-Meteo Historical Weather API,2025-03-01/2025-05-31,12.14,10.4,31.68,2.19,2208.0,Open-Meteo Air Quality API,2025-03-01/2025-05-31
797,solo,2065.58,lisbonne,hiver,5,resort,676.81,pluie,gastronomie,4,retard_vol,1,1,"très satisfait, je recommande.",413.116,0.3276609959430281,0.0,1.0,0.0,1.0,1.0,1.0,0.0,12.63,2.92,26.0,17.53,90.0,38.72509,-9.1498,Open-Meteo Historical Weather API,2024-12-01/2025-02-28,19.66,13.91,36.49,0.38,2160.0,Open-Meteo Air Quality API,2024-12-01/2025-02-28
798,couple,1843.29,rome,hiver,20,villa,1652.06,ensoleillé,culture,1,annulation,1,0,,92.1645,0.8962561506870866,1.0,0.0,0.0,1.0,1.0,1.0,0.0,9.23,2.57,28.0,13.79,90.0,41.89193,12.51133,Open-Meteo Historical Weather API,2024-12-01/2025-02-28,20.56,17.01,40.29,0.27,2160.0,Open-Meteo Air Quality API,2024-12-01/2025-02-28
799,business,3062.85,dubaï,été,9,resort,945.83,ensoleillé,business,1,météo,1,1,déçu par l'organisation.,340.31666666666666,0.3088071567331081,0.0,0.0,1.0,1.0,1.0,0.0,1.0,35.27,0.0,0.0,22.79,92.0,25.07725,55.30927,Open-Meteo Historical Weather API,2025-06-01/2025-08-31,128.17,54.13,71.91,2.19,2208.0,Open-Meteo Air Quality API,2025-06-01/2025-08-31
800,famille,6507.33,bali,été,20,resort,1081.19,pluie,plage,1,météo,1,1,je ne recommande pas.,325.3665,0.1661495574990049,1.0,1.0,0.0,1.0,1.0,0.0,1.0,25.53,3.21,49.0,18.92,92.0,-8.65,115.21667,Open-Meteo Historical Weather API,2025-06-01/2025-08-31,13.38,9.86,30.22,1.86,2208.0,Open-Meteo Air Quality API,2025-06-01/2025-08-31
804,business,9057.73,dubaï,été,7,appartement,1273.42,nuageux,,5,aucun,0,1,"parfait, rien à redire.",1293.9614285714283,0.1405893088003285,0.0,0.0,1.0,0.0,0.0,0.0,0.0,35.27,0.0,0.0,22.79,92.0,25.07725,55.30927,Open-Meteo Historical Weather API,2025-06-01/2025-08-31,128.17,54.13,71.91,2.19,2208.0,Open-Meteo Air Quality API,2025-06-01/2025-08-31
805,business,4132.12,rome,hiver,10,resort,711.08,nuageux,,2,aucun,0,1,,413.212,0.1720859994385448,0.0,0.0,1.0,1.0,0.0,0.0,0.0,9.23,2.57,28.0,13.79,90.0,41.89193,12.51133,Open-Meteo Historical Weather API,2024-12-01/2025-02-28,20.56,17.01,40.29,0.27,2160.0,Open-Meteo Air Quality API,2024-12-01/2025-02-28
806,business,5939.21,dubaï,hiver,10,villa,747.05,ensoleillé,gastronomie,4,aucun,0,1,très bon rapport qualité-prix.,593.921,0.125782721944501,0.0,0.0,1.0,1.0,0.0,0.0,0.0,20.21,0.09,2.0,19.57,90.0,25.07725,55.30927,Open-Meteo Historical Weather API,2024-12-01/2025-02-28,59.55,32.47,55.0,1.03,2160.0,Open-Meteo Air Quality API,2024-12-01/2025-02-28
807,solo,6842.94,dubaï,été,21,villa,1011.08,nuageux,culture,1,retard_vol,0,1,de nombreux problèmes rencontrés.,325.8542857142857,0.1477552046342654,1.0,0.0,0.0,1.0,1.0,1.0,0.0,35.27,0.0,0.0,22.79,92.0,25.07725,55.30927,Open-Meteo Historical Weather API,2025-06-01/2025-08-31,128.17,54.13,71.91,2.19,2208.0,Open-Meteo Air Quality API,2025-06-01/2025-08-31
809,famille,28000.0,paris,été,11,appartement,656.52,pluie,plage,4,bagages,0,1,excellent séjour.,2545.454545454545,0.0234471428571428,0.0,1.0,0.0,0.0,1.0,1.0,0.0,21.05,2.58,30.0,14.41,92.0,48.85341,2.3488,Open-Meteo Historical Weather API,2025-06-01/2025-08-31,10.28,6.83,31.49,1.5,2208.0,Open-Meteo Air Quality API,2025-06-01/2025-08-31
810,famille,2399.6,dubaï,automne,13,villa,,variable,randonnée,4,annulation,1,0,"parfait, rien à redire.",184.58461538461535,,0.0,1.0,0.0,1.0,1.0,1.0,0.0,29.44,0.0,0.0,20.09,91.0,25.07725,55.30927,Open-Meteo Historical Weather API,2025-09-01/2025-11-30,80.53,41.8,60.89,1.56,2184.0,Open-Meteo Air Quality API,2025-09-01/2025-11-30
811,business,10006.41,lisbonne,hiver,10,villa,826.87,variable,culture,4,retard_vol,1,1,"parfait, rien à redire.",1000.641,0.0826340315857535,0.0,1.0,1.0,1.0,1.0,1.0,0.0,12.63,2.92,26.0,17.53,90.0,38.72509,-9.1498,Open-Meteo Historical Weather API,2024-12-01/2025-02-28,19.66,13.91,36.49,0.38,2160.0,Open-Meteo Air Quality API,2024-12-01/2025-02-28
816,solo,9599.41,new york,automne,12,appartement,787.84,ensoleillé,gastronomie,4,météo,0,1,,799.9508333333333,0.0820717106572174,0.0,0.0,0.0,0.0,1.0,0.0,1.0,13.97,3.07,25.0,15.38,91.0,40.71427,-74.00597,Open-Meteo Historical Weather API,2025-09-01/2025-11-30,11.7,11.28,42.27,0.76,2184.0,Open-Meteo Air Quality API,2025-09-01/2025-11-30
818,couple,11864.15,paris,été,17,hôtel,984.48,pluie,plage,5,météo,1,1,"très satisfait, je recommande.",697.8911764705882,0.0829793959112115,1.0,1.0,0.0,0.0,1.0,0.0,1.0,21.05,2.58,30.0,14.41,92.0,48.85341,2.3488,Open-Meteo Historical Weather API,2025-06-01/2025-08-31,10.28,6.83,31.49,1.5,2208.0,Open-Meteo Air Quality API,2025-06-01/2025-08-31
820,solo,10326.05,new york,printemps,10,appartement,,variable,gastronomie,2,annulation,1,1,de nombreux problèmes rencontrés.,1032.605,,0.0,1.0,0.0,0.0,1.0,1.0,0.0,12.04,4.75,36.0,17.46,92.0,40.71427,-74.00597,Open-Meteo Historical Weather API,2025-03-01/2025-05-31,11.88,11.05,41.24,1.07,2208.0,Open-Meteo Air Quality API,2025-03-01/2025-05-31
821,couple,3339.45,bali,hiver,4,appartement,993.18,ensoleillé,plage,2,annulation,1,1,très mauvaise expérience.,834.8625,0.2974082558505143,0.0,0.0,0.0,0.0,1.0,1.0,0.0,26.28,11.89,84.0,14.7,90.0,-8.65,115.21667,Open-Meteo Historical Weather API,2024-12-01/2025-02-28,12.8,11.67,33.02,1.96,2160.0,Open-Meteo Air Quality API,2024-12-01/2025-02-28
822,solo,11155.28,lisbonne,été,7,,1030.86,ensoleillé,business,3,retard_vol,0,1,dans l'ensemble satisfaisant.,1593.6114285714286,0.0924100515630266,0.0,0.0,0.0,,1.0,1.0,0.0,23.39,0.06,1.0,17.22,92.0,38.72509,-9.1498,Open-Meteo Historical Weather API,2025-06-01/2025-08-31,19.54,10.92,32.89,2.16,2208.0,Open-Meteo Air Quality API,2025-06-01/2025-08-31
823,senior,19865.72,rome,printemps,9,appartement,1372.51,nuageux,culture,2,retard_vol,0,1,très mauvaise expérience.,2207.3022222222226,0.0690893660033464,0.0,0.0,0.0,0.0,1.0,1.0,0.0,15.22,3.55,32.0,13.85,92.0,41.89193,12.51133,Open-Meteo Historical Weather API,2025-03-01/2025-05-31,15.93,11.65,37.47,1.19,2208.0,Open-Meteo Air Quality API,2025-03-01/2025-05-31
825,famille,28000.0,lisbonne,automne,8,hôtel,1582.99,ensoleillé,business,3,retard_vol,1,1,séjour mitigé.,3500.0,0.0565353571428571,0.0,0.0,0.0,0.0,1.0,1.0,0.0,18.72,2.83,21.0,17.54,91.0,38.72509,-9.1498,Open-Meteo Historical Weather API,2025-09-01/2025-11-30,15.83,9.72,31.17,0.9,2184.0,Open-Meteo Air Quality API,2025-09-01/2025-11-30
828,business,6089.88,paris,printemps,3,villa,35.0,ensoleillé,culture,5,météo,1,1,très bon rapport qualité-prix.,2029.96,0.0057472396828837,0.0,0.0,1.0,1.0,1.0,0.0,1.0,12.44,1.18,26.0,14.07,92.0,48.85341,2.3488,Open-Meteo Historical Weather API,2025-03-01/2025-05-31,15.06,12.04,38.85,0.97,2208.0,Open-Meteo Air Quality API,2025-03-01/2025-05-31
829,solo,7447.54,new york,automne,9,villa,1117.73,pluie,culture,1,bagages,0,1,très mauvaise expérience.,827.5044444444444,0.1500804292424075,0.0,1.0,0.0,1.0,1.0,1.0,0.0,13.97,3.07,25.0,15.38,91.0,40.71427,-74.00597,Open-Meteo Historical Weather API,2025-09-01/2025-11-30,11.7,11.28,42.27,0.76,2184.0,Open-Meteo Air Quality API,2025-09-01/2025-11-30
830,business,3246.26,paris,printemps,3,,986.63,nuageux,randonnée,5,retard_vol,1,1,"très satisfait, je recommande.",1082.0866666666668,0.3039282127740846,0.0,0.0,1.0,,1.0,1.0,0.0,12.44,1.18,26.0,14.07,92.0,48.85341,2.3488,Open-Meteo Historical Weather API,2025-03-01/2025-05-31,15.06,12.04,38.85,0.97,2208.0,Open-Meteo Air Quality API,2025-03-01/2025-05-31
831,business,10072.7,dubaï,été,5,villa,1025.88,pluie,plage,1,météo,1,1,je ne recommande pas.,2014.54,0.1018475681793362,0.0,1.0,1.0,1.0,1.0,0.0,1.0,35.27,0.0,0.0,22.79,92.0,25.07725,55.30927,Open-Meteo Historical Weather API,2025-06-01/2025-08-31,128.17,54.13,71.91,2.19,2208.0,Open-Meteo Air Quality API,2025-06-01/2025-08-31
833,senior,11932.76,lisbonne,printemps,3,appartement,1519.95,variable,culture,3,météo,1,1,séjour correct mais perfectible.,3977.5866666666666,0.1273762314837472,0.0,1.0,0.0,0.0,1.0,0.0,1.0,15.64,3.53,41.0,19.08,92.0,38.72509,-9.1498,Open-Meteo Historical Weather API,2025-03-01/2025-05-31,15.2,9.48,34.11,1.3,2208.0,Open-Meteo Air Quality API,2025-03-01/2025-05-31
834,couple,5273.08,lisbonne,été,12,resort,1437.06,ensoleillé,culture,3,météo,1,1,"quelques imprévus, globalement bien.",439.42333333333335,0.2725276309102081,0.0,0.0,0.0,1.0,1.0,0.0,1.0,23.39,0.06,1.0,17.22,92.0,38.72509,-9.1498,Open-Meteo Historical Weather API,2025-06-01/2025-08-31,19.54,10.92,32.89,2.16,2208.0,Open-Meteo Air Quality API,2025-06-01/2025-08-31
835,famille,1265.55,new york,été,14,appartement,1009.5,nuageux,culture,3,météo,1,0,"quelques imprévus, globalement bien.",90.39642857142856,0.7976768993718146,1.0,0.0,0.0,0.0,1.0,0.0,1.0,24.52,2.28,32.0,14.21,92.0,40.71427,-74.00597,Open-Meteo Historical Weather API,2025-06-01/2025-08-31,18.13,17.43,51.89,1.61,2208.0,Open-Meteo Air Quality API,2025-06-01/2025-08-31
837,business,6652.34,new york,automne,8,resort,908.4,variable,plage,1,retard_vol,0,1,je ne recommande pas.,831.5425,0.1365534533712949,0.0,1.0,1.0,1.0,1.0,1.0,0.0,13.97,3.07,25.0,15.38,91.0,40.71427,-74.00597,Open-Meteo Historical Weather API,2025-09-01/2025-11-30,11.7,11.28,42.27,0.76,2184.0,Open-Meteo Air Quality API,2025-09-01/2025-11-30
838,solo,14619.4,lisbonne,automne,13,appartement,852.26,nuageux,gastronomie,5,aucun,0,1,,1124.569230769231,0.0582965101166942,0.0,0.0,0.0,0.0,0.0,0.0,0.0,18.72,2.83,21.0,17.54,91.0,38.72509,-9.1498,Open-Meteo Historical Weather API,2025-09-01/2025-11-30,15.83,9.72,31.17,0.9,2184.0,Open-Meteo Air Quality API,2025-09-01/2025-11-30
839,couple,11850.95,new york,printemps,6,resort,810.79,pluie,culture,4,annulation,0,1,"très satisfait, je recommande.",1975.1583333333333,0.0684156122504946,0.0,1.0,0.0,1.0,1.0,1.0,0.0,12.04,4.75,36.0,17.46,92.0,40.71427,-74.00597,Open-Meteo Historical Weather API,2025-03-01/2025-05-31,11.88,11.05,41.24,1.07,2208.0,Open-Meteo Air Quality API,2025-03-01/2025-05-31
840,solo,3704.28,lisbonne,été,6,hôtel,1000.73,ensoleillé,business,4,météo,1,1,,617.38,0.2701550638720615,0.0,0.0,0.0,0.0,1.0,0.0,1.0,23.39,0.06,1.0,17.22,92.0,38.72509,-9.1498,Open-Meteo Historical Weather API,2025-06-01/2025-08-31,19.54,10.92,32.89,2.16,2208.0,Open-Meteo Air Quality API,2025-06-01/2025-08-31
841,famille,6581.15,rome,hiver,16,hôtel,1184.89,ensoleillé,business,1,retard_vol,0,1,à éviter.,411.321875,0.1800430016030633,1.0,0.0,0.0,0.0,1.0,1.0,0.0,9.23,2.57,28.0,13.79,90.0,41.89193,12.51133,Open-Meteo Historical Weather API,2024-12-01/2025-02-28,20.56,17.01,40.29,0.27,2160.0,Open-Meteo Air Quality API,2024-12-01/2025-02-28
842,business,7412.27,new york,automne,14,hôtel,605.63,ensoleillé,business,1,retard_vol,1,1,très mauvaise expérience.,529.4478571428572,0.0817064138246448,1.0,0.0,1.0,0.0,1.0,1.0,0.0,13.97,3.07,25.0,15.38,91.0,40.71427,-74.00597,Open-Meteo Historical Weather API,2025-09-01/2025-11-30,11.7,11.28,42.27,0.76,2184.0,Open-Meteo Air Quality API,2025-09-01/2025-11-30
843,solo,13081.11,dubaï,été,13,villa,1105.58,pluie,business,2,retard_vol,0,1,je ne recommande pas.,1006.2392307692307,0.0845172924927624,0.0,1.0,0.0,1.0,1.0,1.0,0.0,35.27,0.0,0.0,22.79,92.0,25.07725,55.30927,Open-Meteo Historical Weather API,2025-06-01/2025-08-31,128.17,54.13,71.91,2.19,2208.0,Open-Meteo Air Quality API,2025-06-01/2025-08-31
844,solo,8688.95,rome,printemps,15,appartement,,ensoleillé,business,2,retard_vol,1,1,très mauvaise expérience.,579.2633333333334,,1.0,0.0,0.0,0.0,1.0,1.0,0.0,15.22,3.55,32.0,13.85,92.0,41.89193,12.51133,Open-Meteo Historical Weather API,2025-03-01/2025-05-31,15.93,11.65,37.47,1.19,2208.0,Open-Meteo Air Quality API,2025-03-01/2025-05-31
845,couple,7635.16,rome,hiver,3,villa,1418.67,pluie,gastronomie,4,bagages,0,1,"très satisfait, je recommande.",2545.0533333333333,0.1858075010870761,0.0,1.0,0.0,1.0,1.0,1.0,0.0,9.23,2.57,28.0,13.79,90.0,41.89193,12.51133,Open-Meteo Historical Weather API,2024-12-01/2025-02-28,20.56,17.01,40.29,0.27,2160.0,Open-Meteo Air Quality API,2024-12-01/2025-02-28
846,business,6117.69,lisbonne,automne,17,villa,961.17,ensoleillé,plage,5,retard_vol,1,1,"très satisfait, je recommande.",359.8641176470588,0.1571132241091,1.0,0.0,1.0,1.0,1.0,1.0,0.0,18.72,2.83,21.0,17.54,91.0,38.72509,-9.1498,Open-Meteo Historical Weather API,2025-09-01/2025-11-30,15.83,9.72,31.17,0.9,2184.0,Open-Meteo Air Quality API,2025-09-01/2025-11-30
847,solo,6720.05,tokyo,printemps,12,hôtel,743.64,variable,plage,2,retard_vol,0,1,très mauvaise expérience.,560.0041666666667,0.1106598909234306,0.0,1.0,0.0,0.0,1.0,1.0,0.0,14.52,6.04,44.0,15.33,92.0,35.6895,139.69171,Open-Meteo Historical Weather API,2025-03-01/2025-05-31,29.58,26.1,53.35,1.05,2208.0,Open-Meteo Air Quality API,2025-03-01/2025-05-31
848,famille,12186.72,rome,été,15,hôtel,35.0,variable,gastronomie,3,retard_vol,1,1,séjour mitigé.,812.448,0.0028719786784302,1.0,1.0,0.0,0.0,1.0,1.0,0.0,27.22,1.32,16.0,14.95,92.0,41.89193,12.51133,Open-Meteo Historical Weather API,2025-06-01/2025-08-31,15.45,9.67,40.74,2.01,2208.0,Open-Meteo Air Quality API,2025-06-01/2025-08-31
849,famille,6938.95,bali,hiver,12,villa,496.93,ensoleillé,,1,météo,0,1,très mauvaise expérience.,578.2458333333333,0.0716145814568486,0.0,0.0,0.0,1.0,1.0,0.0,1.0,26.28,11.89,84.0,14.7,90.0,-8.65,115.21667,Open-Meteo Historical Weather API,2024-12-01/2025-02-28,12.8,11.67,33.02,1.96,2160.0,Open-Meteo Air Quality API,2024-12-01/2025-02-28
850,senior,5330.58,tokyo,automne,10,resort,1415.52,,plage,4,météo,1,1,"parfait, rien à redire.",533.058,0.2655470886845334,0.0,,0.0,1.0,1.0,0.0,1.0,18.79,4.52,34.0,12.27,91.0,35.6895,139.69171,Open-Meteo Historical Weather API,2025-09-01/2025-11-30,28.46,27.24,54.08,0.85,2184.0,Open-Meteo Air Quality API,2025-09-01/2025-11-30
851,senior,4646.78,new york,hiver,9,villa,1060.76,ensoleillé,business,1,météo,1,1,déçu par l'organisation.,516.3088888888889,0.2282785068369925,0.0,0.0,0.0,1.0,1.0,0.0,1.0,0.0,2.34,32.0,16.49,90.0,40.71427,-74.00597,Open-Meteo Historical Weather API,2024-12-01/2025-02-28,14.23,13.56,43.36,0.34,2160.0,Open-Meteo Air Quality API,2024-12-01/2025-02-28
852,business,4690.11,lisbonne,printemps,12,hôtel,,variable,plage,4,météo,1,1,une expérience inoubliable.,390.8425,,0.0,1.0,1.0,0.0,1.0,0.0,1.0,15.64,3.53,41.0,19.08,92.0,38.72509,-9.1498,Open-Meteo Historical Weather API,2025-03-01/2025-05-31,15.2,9.48,34.11,1.3,2208.0,Open-Meteo Air Quality API,2025-03-01/2025-05-31
853,couple,1267.94,lisbonne,automne,8,villa,655.17,ensoleillé,,2,météo,0,0,très mauvaise expérience.,158.4925,0.5167200340710127,0.0,0.0,0.0,1.0,1.0,0.0,1.0,18.72,2.83,21.0,17.54,91.0,38.72509,-9.1498,Open-Meteo Historical Weather API,2025-09-01/2025-11-30,15.83,9.72,31.17,0.9,2184.0,Open-Meteo Air Quality API,2025-09-01/2025-11-30
854,senior,3896.99,new york,automne,14,villa,1364.06,pluie,culture,3,météo,1,0,peut mieux faire sur la logistique.,278.3564285714286,0.3500291250426611,1.0,1.0,0.0,1.0,1.0,0.0,1.0,13.97,3.07,25.0,15.38,91.0,40.71427,-74.00597,Open-Meteo Historical Weather API,2025-09-01/2025-11-30,11.7,11.28,42.27,0.76,2184.0,Open-Meteo Air Quality API,2025-09-01/2025-11-30
857,solo,9765.6,lisbonne,automne,20,villa,750.88,nuageux,randonnée,5,annulation,1,1,"très satisfait, je recommande.",488.28,0.0768903088391906,1.0,0.0,0.0,1.0,1.0,1.0,0.0,18.72,2.83,21.0,17.54,91.0,38.72509,-9.1498,Open-Meteo Historical Weather API,2025-09-01/2025-11-30,15.83,9.72,31.17,0.9,2184.0,Open-Meteo Air Quality API,2025-09-01/2025-11-30
860,senior,6273.1,lisbonne,été,5,appartement,1596.41,ensoleillé,business,3,aucun,0,1,peut mieux faire sur la logistique.,1254.62,0.2544850233536848,0.0,0.0,0.0,0.0,0.0,0.0,0.0,23.39,0.06,1.0,17.22,92.0,38.72509,-9.1498,Open-Meteo Historical Weather API,2025-06-01/2025-08-31,19.54,10.92,32.89,2.16,2208.0,Open-Meteo Air Quality API,2025-06-01/2025-08-31
861,solo,4981.87,lisbonne,automne,12,resort,1388.16,variable,randonnée,3,météo,1,1,peut mieux faire sur la logistique.,415.1558333333333,0.2786423571871607,0.0,1.0,0.0,1.0,1.0,0.0,1.0,18.72,2.83,21.0,17.54,91.0,38.72509,-9.1498,Open-Meteo Historical Weather API,2025-09-01/2025-11-30,15.83,9.72,31.17,0.9,2184.0,Open-Meteo Air Quality API,2025-09-01/2025-11-30
862,couple,7653.99,bali,été,6,villa,958.84,ensoleillé,plage,5,aucun,0,1,une expérience inoubliable.,1275.665,0.1252732235082617,0.0,0.0,0.0,1.0,0.0,0.0,0.0,25.53,3.21,49.0,18.92,92.0,-8.65,115.21667,Open-Meteo Historical Weather API,2025-06-01/2025-08-31,13.38,9.86,30.22,1.86,2208.0,Open-Meteo Air Quality API,2025-06-01/2025-08-31
863,couple,4923.84,dubaï,automne,9,villa,848.96,nuageux,culture,1,aucun,0,1,de nombreux problèmes rencontrés.,547.0933333333334,0.172418275167349,0.0,0.0,0.0,1.0,0.0,0.0,0.0,29.44,0.0,0.0,20.09,91.0,25.07725,55.30927,Open-Meteo Historical Weather API,2025-09-01/2025-11-30,80.53,41.8,60.89,1.56,2184.0,Open-Meteo Air Quality API,2025-09-01/2025-11-30
865,couple,10644.35,bali,hiver,6,villa,1512.82,pluie,gastronomie,5,bagages,0,1,excellent séjour.,1774.0583333333334,0.142124225528097,0.0,1.0,0.0,1.0,1.0,1.0,0.0,26.28,11.89,84.0,14.7,90.0,-8.65,115.21667,Open-Meteo Historical Weather API,2024-12-01/2025-02-28,12.8,11.67,33.02,1.96,2160.0,Open-Meteo Air Quality API,2024-12-01/2025-02-28
866,senior,7904.33,bali,automne,14,,909.45,pluie,culture,5,météo,0,1,très bon rapport qualité-prix.,564.595,0.1150571901729811,1.0,1.0,0.0,,1.0,0.0,1.0,26.3,6.82,61.0,14.71,91.0,-8.65,115.21667,Open-Meteo Historical Weather API,2025-09-01/2025-11-30,14.48,11.69,32.66,2.5,2184.0,Open-Meteo Air Quality API,2025-09-01/2025-11-30
867,business,5657.56,rome,automne,14,hôtel,1514.7,ensoleillé,,2,retard_vol,1,1,je ne recommande pas.,404.1114285714286,0.2677302582738848,1.0,0.0,1.0,0.0,1.0,1.0,0.0,17.21,4.01,24.0,12.75,91.0,41.89193,12.51133,Open-Meteo Historical Weather API,2025-09-01/2025-11-30,13.51,9.22,34.28,0.79,2184.0,Open-Meteo Air Quality API,2025-09-01/2025-11-30
868,business,,new york,automne,15,appartement,1258.72,nuageux,culture,2,météo,1,0,,,,1.0,0.0,1.0,0.0,1.0,0.0,1.0,13.97,3.07,25.0,15.38,91.0,40.71427,-74.00597,Open-Meteo Historical Weather API,2025-09-01/2025-11-30,11.7,11.28,42.27,0.76,2184.0,Open-Meteo Air Quality API,2025-09-01/2025-11-30
870,business,7827.18,new york,printemps,21,hôtel,1035.76,nuageux,randonnée,4,météo,1,1,une expérience inoubliable.,372.7228571428572,0.1323286292125644,1.0,0.0,1.0,0.0,1.0,0.0,1.0,12.04,4.75,36.0,17.46,92.0,40.71427,-74.00597,Open-Meteo Historical Weather API,2025-03-01/2025-05-31,11.88,11.05,41.24,1.07,2208.0,Open-Meteo Air Quality API,2025-03-01/2025-05-31
871,business,13432.62,rome,automne,15,hôtel,1295.06,nuageux,plage,3,météo,1,1,dans l'ensemble satisfaisant.,895.508,0.0964115712348,1.0,0.0,1.0,0.0,1.0,0.0,1.0,17.21,4.01,24.0,12.75,91.0,41.89193,12.51133,Open-Meteo Historical Weather API,2025-09-01/2025-11-30,13.51,9.22,34.28,0.79,2184.0,Open-Meteo Air Quality API,2025-09-01/2025-11-30
872,business,7743.57,lisbonne,hiver,12,appartement,1113.85,ensoleillé,randonnée,1,aucun,0,1,très mauvaise expérience.,645.2975,0.1438419230406647,0.0,0.0,1.0,0.0,0.0,0.0,0.0,12.63,2.92,26.0,17.53,90.0,38.72509,-9.1498,Open-Meteo Historical Weather API,2024-12-01/2025-02-28,19.66,13.91,36.49,0.38,2160.0,Open-Meteo Air Quality API,2024-12-01/2025-02-28
874,solo,7832.12,lisbonne,printemps,9,hôtel,,ensoleillé,gastronomie,2,aucun,0,1,je ne recommande pas.,870.2355555555555,,0.0,0.0,0.0,0.0,0.0,0.0,0.0,15.64,3.53,41.0,19.08,92.0,38.72509,-9.1498,Open-Meteo Historical Weather API,2025-03-01/2025-05-31,15.2,9.48,34.11,1.3,2208.0,Open-Meteo Air Quality API,2025-03-01/2025-05-31
875,famille,6708.81,paris,été,17,appartement,1079.42,nuageux,plage,5,bagages,0,1,très bon rapport qualité-prix.,394.6358823529412,0.1608958965897081,1.0,0.0,0.0,0.0,1.0,1.0,0.0,21.05,2.58,30.0,14.41,92.0,48.85341,2.3488,Open-Meteo Historical Weather API,2025-06-01/2025-08-31,10.28,6.83,31.49,1.5,2208.0,Open-Meteo Air Quality API,2025-06-01/2025-08-31
876,solo,10409.55,new york,automne,18,villa,,ensoleillé,plage,3,aucun,0,1,dans l'ensemble satisfaisant.,578.3083333333333,,1.0,0.0,0.0,1.0,0.0,0.0,0.0,13.97,3.07,25.0,15.38,91.0,40.71427,-74.00597,Open-Meteo Historical Weather API,2025-09-01/2025-11-30,11.7,11.28,42.27,0.76,2184.0,Open-Meteo Air Quality API,2025-09-01/2025-11-30
877,couple,9371.56,lisbonne,printemps,17,appartement,1278.75,variable,culture,2,aucun,0,1,de nombreux problèmes rencontrés.,551.2682352941176,0.1364500680783135,1.0,1.0,0.0,0.0,0.0,0.0,0.0,15.64,3.53,41.0,19.08,92.0,38.72509,-9.1498,Open-Meteo Historical Weather API,2025-03-01/2025-05-31,15.2,9.48,34.11,1.3,2208.0,Open-Meteo Air Quality API,2025-03-01/2025-05-31
878,famille,500.0,bali,printemps,14,hôtel,50.0,pluie,plage,1,aucun,0,0,à éviter.,35.714285714285715,0.1,1.0,1.0,0.0,0.0,0.0,0.0,0.0,26.99,6.49,65.0,13.72,92.0,-8.65,115.21667,Open-Meteo Historical Weather API,2025-03-01/2025-05-31,12.14,10.4,31.68,2.19,2208.0,Open-Meteo Air Quality API,2025-03-01/2025-05-31
879,famille,9123.51,rome,été,4,hôtel,1249.03,ensoleillé,culture,1,aucun,0,1,à éviter.,2280.8775,0.1369023544666471,0.0,0.0,0.0,0.0,0.0,0.0,0.0,27.22,1.32,16.0,14.95,92.0,41.89193,12.51133,Open-Meteo Historical Weather API,2025-06-01/2025-08-31,15.45,9.67,40.74,2.01,2208.0,Open-Meteo Air Quality API,2025-06-01/2025-08-31
880,business,2875.96,bali,été,12,appartement,,pluie,,5,météo,1,1,très bon rapport qualité-prix.,239.66333333333333,,0.0,1.0,1.0,0.0,1.0,0.0,1.0,25.53,3.21,49.0,18.92,92.0,-8.65,115.21667,Open-Meteo Historical Weather API,2025-06-01/2025-08-31,13.38,9.86,30.22,1.86,2208.0,Open-Meteo Air Quality API,2025-06-01/2025-08-31
881,couple,1188.75,bali,printemps,4,appartement,793.96,variable,gastronomie,2,retard_vol,0,0,déçu par l'organisation.,297.1875,0.6678948475289169,0.0,1.0,0.0,0.0,1.0,1.0,0.0,26.99,6.49,65.0,13.72,92.0,-8.65,115.21667,Open-Meteo Historical Weather API,2025-03-01/2025-05-31,12.14,10.4,31.68,2.19,2208.0,Open-Meteo Air Quality API,2025-03-01/2025-05-31
882,senior,6163.7,tokyo,été,3,villa,1583.0,ensoleillé,business,5,aucun,0,1,excellent séjour.,2054.5666666666666,0.2568262569560491,0.0,0.0,0.0,1.0,0.0,0.0,0.0,27.71,2.91,31.0,13.49,92.0,35.6895,139.69171,Open-Meteo Historical Weather API,2025-06-01/2025-08-31,24.0,22.42,51.6,1.83,2208.0,Open-Meteo Air Quality API,2025-06-01/2025-08-31
883,business,,bali,automne,11,appartement,1532.49,,plage,4,retard_vol,1,1,"très satisfait, je recommande.",,,0.0,,1.0,0.0,1.0,1.0,0.0,26.3,6.82,61.0,14.71,91.0,-8.65,115.21667,Open-Meteo Historical Weather API,2025-09-01/2025-11-30,14.48,11.69,32.66,2.5,2184.0,Open-Meteo Air Quality API,2025-09-01/2025-11-30
884,couple,500.0,bali,été,13,villa,35.0,,plage,1,météo,1,0,très mauvaise expérience.,38.46153846153846,0.07,0.0,,0.0,1.0,1.0,0.0,1.0,25.53,3.21,49.0,18.92,92.0,-8.65,115.21667,Open-Meteo Historical Weather API,2025-06-01/2025-08-31,13.38,9.86,30.22,1.86,2208.0,Open-Meteo Air Quality API,2025-06-01/2025-08-31
885,business,9766.26,new york,printemps,14,,1014.07,ensoleillé,,2,bagages,0,1,déçu par l'organisation.,697.59,0.1038340162969243,1.0,0.0,1.0,,1.0,1.0,0.0,12.04,4.75,36.0,17.46,92.0,40.71427,-74.00597,Open-Meteo Historical Weather API,2025-03-01/2025-05-31,11.88,11.05,41.24,1.07,2208.0,Open-Meteo Air Quality API,2025-03-01/2025-05-31
886,famille,10003.31,paris,printemps,12,appartement,1037.51,pluie,culture,5,aucun,0,1,excellent séjour.,833.6091666666666,0.103716669782302,0.0,1.0,0.0,0.0,0.0,0.0,0.0,12.44,1.18,26.0,14.07,92.0,48.85341,2.3488,Open-Meteo Historical Weather API,2025-03-01/2025-05-31,15.06,12.04,38.85,0.97,2208.0,Open-Meteo Air Quality API,2025-03-01/2025-05-31
887,senior,7113.5,bali,printemps,13,appartement,1488.46,variable,business,3,bagages,0,1,séjour correct mais perfectible.,547.1923076923077,0.2092443944612357,0.0,1.0,0.0,0.0,1.0,1.0,0.0,26.99,6.49,65.0,13.72,92.0,-8.65,115.21667,Open-Meteo Historical Weather API,2025-03-01/2025-05-31,12.14,10.4,31.68,2.19,2208.0,Open-Meteo Air Quality API,2025-03-01/2025-05-31
889,business,2973.19,rome,hiver,9,resort,948.47,pluie,culture,3,bagages,0,1,dans l'ensemble satisfaisant.,330.3544444444444,0.319007530632082,0.0,1.0,1.0,1.0,1.0,1.0,0.0,9.23,2.57,28.0,13.79,90.0,41.89193,12.51133,Open-Meteo Historical Weather API,2024-12-01/2025-02-28,20.56,17.01,40.29,0.27,2160.0,Open-Meteo Air Quality API,2024-12-01/2025-02-28
890,famille,11062.61,rome,été,3,villa,1619.76,ensoleillé,gastronomie,4,aucun,0,1,une expérience inoubliable.,3687.536666666667,0.1464175271477526,0.0,0.0,0.0,1.0,0.0,0.0,0.0,27.22,1.32,16.0,14.95,92.0,41.89193,12.51133,Open-Meteo Historical Weather API,2025-06-01/2025-08-31,15.45,9.67,40.74,2.01,2208.0,Open-Meteo Air Quality API,2025-06-01/2025-08-31
891,solo,41000.0,rome,printemps,3,villa,1105.22,pluie,randonnée,5,aucun,0,0,une expérience inoubliable.,13666.666666666666,0.0269565853658536,0.0,1.0,0.0,1.0,0.0,0.0,0.0,15.22,3.55,32.0,13.85,92.0,41.89193,12.51133,Open-Meteo Historical Weather API,2025-03-01/2025-05-31,15.93,11.65,37.47,1.19,2208.0,Open-Meteo Air Quality API,2025-03-01/2025-05-31
892,solo,11218.07,paris,automne,14,hôtel,1591.94,,plage,4,retard_vol,1,1,"très satisfait, je recommande.",801.2907142857142,0.1419085457658938,1.0,,0.0,0.0,1.0,1.0,0.0,12.33,2.12,33.0,16.01,91.0,48.85341,2.3488,Open-Meteo Historical Weather API,2025-09-01/2025-11-30,12.19,8.6,34.88,0.44,2184.0,Open-Meteo Air Quality API,2025-09-01/2025-11-30
893,senior,6257.59,new york,printemps,6,appartement,743.23,nuageux,business,4,retard_vol,1,1,une expérience inoubliable.,1042.9316666666666,0.1187725625999785,0.0,0.0,0.0,0.0,1.0,1.0,0.0,12.04,4.75,36.0,17.46,92.0,40.71427,-74.00597,Open-Meteo Historical Weather API,2025-03-01/2025-05-31,11.88,11.05,41.24,1.07,2208.0,Open-Meteo Air Quality API,2025-03-01/2025-05-31
894,solo,6537.4,paris,hiver,14,hôtel,1256.87,ensoleillé,plage,2,retard_vol,0,1,très mauvaise expérience.,466.95714285714286,0.1922583901857007,1.0,0.0,0.0,0.0,1.0,1.0,0.0,4.95,2.61,35.0,15.72,90.0,48.85341,2.3488,Open-Meteo Historical Weather API,2024-12-01/2025-02-28,20.98,17.57,45.01,0.13,2160.0,Open-Meteo Air Quality API,2024-12-01/2025-02-28
895,solo,500.0,bali,automne,15,hôtel,,pluie,business,2,bagages,0,0,je ne recommande pas.,33.333333333333336,,1.0,1.0,0.0,0.0,1.0,1.0,0.0,26.3,6.82,61.0,14.71,91.0,-8.65,115.21667,Open-Meteo Historical Weather API,2025-09-01/2025-11-30,14.48,11.69,32.66,2.5,2184.0,Open-Meteo Air Quality API,2025-09-01/2025-11-30
896,couple,6332.15,lisbonne,automne,7,,1125.97,,culture,1,retard_vol,1,1,à éviter.,904.592857142857,0.1778179607242406,0.0,,0.0,,1.0,1.0,0.0,18.72,2.83,21.0,17.54,91.0,38.72509,-9.1498,Open-Meteo Historical Weather API,2025-09-01/2025-11-30,15.83,9.72,31.17,0.9,2184.0,Open-Meteo Air Quality API,2025-09-01/2025-11-30
897,couple,9399.2,lisbonne,printemps,13,,1047.25,ensoleillé,culture,4,aucun,0,1,"parfait, rien à redire.",723.0153846153846,0.1114190569410162,0.0,0.0,0.0,,0.0,0.0,0.0,15.64,3.53,41.0,19.08,92.0,38.72509,-9.1498,Open-Meteo Historical Weather API,2025-03-01/2025-05-31,15.2,9.48,34.11,1.3,2208.0,Open-Meteo Air Quality API,2025-03-01/2025-05-31
898,solo,1532.92,rome,printemps,7,villa,805.04,ensoleillé,culture,1,météo,1,0,de nombreux problèmes rencontrés.,218.98857142857145,0.5251676538893092,0.0,0.0,0.0,1.0,1.0,0.0,1.0,15.22,3.55,32.0,13.85,92.0,41.89193,12.51133,Open-Meteo Historical Weather API,2025-03-01/2025-05-31,15.93,11.65,37.47,1.19,2208.0,Open-Meteo Air Quality API,2025-03-01/2025-05-31
899,solo,,bali,hiver,3,villa,1408.07,ensoleillé,,5,aucun,0,1,une expérience inoubliable.,,,0.0,0.0,0.0,1.0,0.0,0.0,0.0,26.28,11.89,84.0,14.7,90.0,-8.65,115.21667,Open-Meteo Historical Weather API,2024-12-01/2025-02-28,12.8,11.67,33.02,1.96,2160.0,Open-Meteo Air Quality API,2024-12-01/2025-02-28
900,famille,7283.08,tokyo,été,11,villa,911.61,pluie,plage,4,aucun,0,1,très bon rapport qualité-prix.,662.0981818181818,0.1251681980700472,0.0,1.0,0.0,1.0,0.0,0.0,0.0,27.71,2.91,31.0,13.49,92.0,35.6895,139.69171,Open-Meteo Historical Weather API,2025-06-01/2025-08-31,24.0,22.42,51.6,1.83,2208.0,Open-Meteo Air Quality API,2025-06-01/2025-08-31
901,senior,4327.09,lisbonne,été,8,resort,1092.59,,,5,aucun,0,1,très bon rapport qualité-prix.,540.88625,0.2524999480020059,0.0,,0.0,1.0,0.0,0.0,0.0,23.39,0.06,1.0,17.22,92.0,38.72509,-9.1498,Open-Meteo Historical Weather API,2025-06-01/2025-08-31,19.54,10.92,32.89,2.16,2208.0,Open-Meteo Air Quality API,2025-06-01/2025-08-31
902,senior,10371.75,sydney,printemps,8,resort,787.15,variable,culture,4,annulation,1,1,"parfait, rien à redire.",1296.46875,0.0758936534336057,0.0,1.0,0.0,1.0,1.0,1.0,0.0,19.13,4.44,49.0,17.74,92.0,-33.86785,151.20732,Open-Meteo Historical Weather API,2025-03-01/2025-05-31,11.25,9.25,31.84,1.01,2208.0,Open-Meteo Air Quality API,2025-03-01/2025-05-31
904,solo,8322.51,rome,été,3,hôtel,1427.51,variable,plage,3,retard_vol,0,1,dans l'ensemble satisfaisant.,2774.17,0.1715239753391705,0.0,1.0,0.0,0.0,1.0,1.0,0.0,27.22,1.32,16.0,14.95,92.0,41.89193,12.51133,Open-Meteo Historical Weather API,2025-06-01/2025-08-31,15.45,9.67,40.74,2.01,2208.0,Open-Meteo Air Quality API,2025-06-01/2025-08-31
905,famille,13456.8,tokyo,automne,12,villa,,variable,plage,3,météo,1,1,séjour mitigé.,1121.4,,0.0,1.0,0.0,1.0,1.0,0.0,1.0,18.79,4.52,34.0,12.27,91.0,35.6895,139.69171,Open-Meteo Historical Weather API,2025-09-01/2025-11-30,28.46,27.24,54.08,0.85,2184.0,Open-Meteo Air Quality API,2025-09-01/2025-11-30
906,business,12732.73,lisbonne,été,5,appartement,808.69,ensoleillé,,2,retard_vol,0,1,je ne recommande pas.,2546.546,0.063512695235036,0.0,0.0,1.0,0.0,1.0,1.0,0.0,23.39,0.06,1.0,17.22,92.0,38.72509,-9.1498,Open-Meteo Historical Weather API,2025-06-01/2025-08-31,19.54,10.92,32.89,2.16,2208.0,Open-Meteo Air Quality API,2025-06-01/2025-08-31
907,couple,8496.48,lisbonne,été,14,resort,1529.62,pluie,plage,1,annulation,1,1,de nombreux problèmes rencontrés.,606.8914285714285,0.1800298476545581,1.0,1.0,0.0,1.0,1.0,1.0,0.0,23.39,0.06,1.0,17.22,92.0,38.72509,-9.1498,Open-Meteo Historical Weather API,2025-06-01/2025-08-31,19.54,10.92,32.89,2.16,2208.0,Open-Meteo Air Quality API,2025-06-01/2025-08-31
908,business,5707.02,paris,hiver,11,villa,,ensoleillé,plage,1,bagages,0,1,à éviter.,518.82,,0.0,0.0,1.0,1.0,1.0,1.0,0.0,4.95,2.61,35.0,15.72,90.0,48.85341,2.3488,Open-Meteo Historical Weather API,2024-12-01/2025-02-28,20.98,17.57,45.01,0.13,2160.0,Open-Meteo Air Quality API,2024-12-01/2025-02-28
909,business,4359.17,new york,printemps,12,appartement,821.81,nuageux,business,3,retard_vol,1,1,dans l'ensemble satisfaisant.,363.26416666666665,0.1885244209333428,0.0,0.0,1.0,0.0,1.0,1.0,0.0,12.04,4.75,36.0,17.46,92.0,40.71427,-74.00597,Open-Meteo Historical Weather API,2025-03-01/2025-05-31,11.88,11.05,41.24,1.07,2208.0,Open-Meteo Air Quality API,2025-03-01/2025-05-31
910,business,5702.0,rome,printemps,5,hôtel,645.75,variable,randonnée,4,annulation,1,1,excellent séjour.,1140.4,0.1132497369344089,0.0,1.0,1.0,0.0,1.0,1.0,0.0,15.22,3.55,32.0,13.85,92.0,41.89193,12.51133,Open-Meteo Historical Weather API,2025-03-01/2025-05-31,15.93,11.65,37.47,1.19,2208.0,Open-Meteo Air Quality API,2025-03-01/2025-05-31
912,senior,3667.58,lisbonne,automne,15,appartement,728.16,variable,business,2,météo,0,1,déçu par l'organisation.,244.5053333333333,0.1985396364905469,1.0,1.0,0.0,0.0,1.0,0.0,1.0,18.72,2.83,21.0,17.54,91.0,38.72509,-9.1498,Open-Meteo Historical Weather API,2025-09-01/2025-11-30,15.83,9.72,31.17,0.9,2184.0,Open-Meteo Air Quality API,2025-09-01/2025-11-30
913,couple,9979.45,tokyo,automne,35,villa,951.08,nuageux,plage,4,bagages,0,1,"très satisfait, je recommande.",285.12714285714287,0.0953038494105386,1.0,0.0,0.0,1.0,1.0,1.0,0.0,18.79,4.52,34.0,12.27,91.0,35.6895,139.69171,Open-Meteo Historical Weather API,2025-09-01/2025-11-30,28.46,27.24,54.08,0.85,2184.0,Open-Meteo Air Quality API,2025-09-01/2025-11-30
914,famille,15529.17,paris,automne,12,hôtel,1317.5,nuageux,culture,4,météo,0,1,excellent séjour.,1294.0975,0.0848403359612909,0.0,0.0,0.0,0.0,1.0,0.0,1.0,12.33,2.12,33.0,16.01,91.0,48.85341,2.3488,Open-Meteo Historical Weather API,2025-09-01/2025-11-30,12.19,8.6,34.88,0.44,2184.0,Open-Meteo Air Quality API,2025-09-01/2025-11-30
915,solo,6674.36,new york,automne,5,villa,1017.39,nuageux,culture,4,météo,1,1,très bon rapport qualité-prix.,1334.8719999999998,0.1524325927879227,0.0,0.0,0.0,1.0,1.0,0.0,1.0,13.97,3.07,25.0,15.38,91.0,40.71427,-74.00597,Open-Meteo Historical Weather API,2025-09-01/2025-11-30,11.7,11.28,42.27,0.76,2184.0,Open-Meteo Air Quality API,2025-09-01/2025-11-30
917,senior,1499.3,sydney,hiver,21,villa,924.15,ensoleillé,plage,1,retard_vol,0,0,,71.3952380952381,0.6163876475688654,1.0,0.0,0.0,1.0,1.0,1.0,0.0,22.44,3.42,39.0,20.67,90.0,-33.86785,151.20732,Open-Meteo Historical Weather API,2024-12-01/2025-02-28,12.57,9.86,34.15,2.24,2160.0,Open-Meteo Air Quality API,2024-12-01/2025-02-28
918,senior,10056.67,bali,hiver,10,resort,1135.47,nuageux,plage,1,retard_vol,1,1,à éviter.,1005.667,0.112907155151755,0.0,0.0,0.0,1.0,1.0,1.0,0.0,26.28,11.89,84.0,14.7,90.0,-8.65,115.21667,Open-Meteo Historical Weather API,2024-12-01/2025-02-28,12.8,11.67,33.02,1.96,2160.0,Open-Meteo Air Quality API,2024-12-01/2025-02-28
919,couple,6682.98,lisbonne,printemps,17,hôtel,1632.8,ensoleillé,plage,2,retard_vol,1,1,déçu par l'organisation.,393.1164705882353,0.244322143714331,1.0,0.0,0.0,0.0,1.0,1.0,0.0,15.64,3.53,41.0,19.08,92.0,38.72509,-9.1498,Open-Meteo Historical Weather API,2025-03-01/2025-05-31,15.2,9.48,34.11,1.3,2208.0,Open-Meteo Air Quality API,2025-03-01/2025-05-31
920,senior,10461.14,bali,été,6,villa,1024.61,variable,culture,1,météo,1,1,très mauvaise expérience.,1743.5233333333333,0.0979443922937653,0.0,1.0,0.0,1.0,1.0,0.0,1.0,25.53,3.21,49.0,18.92,92.0,-8.65,115.21667,Open-Meteo Historical Weather API,2025-06-01/2025-08-31,13.38,9.86,30.22,1.86,2208.0,Open-Meteo Air Quality API,2025-06-01/2025-08-31
921,couple,4771.32,rome,hiver,10,,1221.03,ensoleillé,business,2,météo,1,1,de nombreux problèmes rencontrés.,477.132,0.2559103141269083,0.0,0.0,0.0,,1.0,0.0,1.0,9.23,2.57,28.0,13.79,90.0,41.89193,12.51133,Open-Meteo Historical Weather API,2024-12-01/2025-02-28,20.56,17.01,40.29,0.27,2160.0,Open-Meteo Air Quality API,2024-12-01/2025-02-28
922,solo,10274.74,bali,automne,13,appartement,698.44,ensoleillé,culture,2,bagages,0,1,déçu par l'organisation.,790.3646153846154,0.0679764159482381,0.0,0.0,0.0,0.0,1.0,1.0,0.0,26.3,6.82,61.0,14.71,91.0,-8.65,115.21667,Open-Meteo Historical Weather API,2025-09-01/2025-11-30,14.48,11.69,32.66,2.5,2184.0,Open-Meteo Air Quality API,2025-09-01/2025-11-30
924,senior,3969.08,bali,été,6,hôtel,990.11,ensoleillé,business,2,aucun,0,1,à éviter.,661.5133333333333,0.2494557932820704,0.0,0.0,0.0,0.0,0.0,0.0,0.0,25.53,3.21,49.0,18.92,92.0,-8.65,115.21667,Open-Meteo Historical Weather API,2025-06-01/2025-08-31,13.38,9.86,30.22,1.86,2208.0,Open-Meteo Air Quality API,2025-06-01/2025-08-31
925,couple,5306.37,new york,hiver,6,villa,1399.54,variable,,5,aucun,0,1,très bon rapport qualité-prix.,884.395,0.2637471567191884,0.0,1.0,0.0,1.0,0.0,0.0,0.0,0.0,2.34,32.0,16.49,90.0,40.71427,-74.00597,Open-Meteo Historical Weather API,2024-12-01/2025-02-28,14.23,13.56,43.36,0.34,2160.0,Open-Meteo Air Quality API,2024-12-01/2025-02-28
926,famille,2095.08,rome,printemps,15,villa,1084.99,,plage,4,retard_vol,0,0,excellent séjour.,139.672,0.5178752124023904,1.0,,0.0,1.0,1.0,1.0,0.0,15.22,3.55,32.0,13.85,92.0,41.89193,12.51133,Open-Meteo Historical Weather API,2025-03-01/2025-05-31,15.93,11.65,37.47,1.19,2208.0,Open-Meteo Air Quality API,2025-03-01/2025-05-31
927,solo,14949.08,rome,hiver,16,villa,,ensoleillé,business,3,retard_vol,1,1,dans l'ensemble satisfaisant.,934.3175,,1.0,0.0,0.0,1.0,1.0,1.0,0.0,9.23,2.57,28.0,13.79,90.0,41.89193,12.51133,Open-Meteo Historical Weather API,2024-12-01/2025-02-28,20.56,17.01,40.29,0.27,2160.0,Open-Meteo Air Quality API,2024-12-01/2025-02-28
929,senior,9523.97,paris,été,19,villa,996.75,,plage,5,aucun,0,1,"parfait, rien à redire.",501.2615789473684,0.1046569865297769,1.0,,0.0,1.0,0.0,0.0,0.0,21.05,2.58,30.0,14.41,92.0,48.85341,2.3488,Open-Meteo Historical Weather API,2025-06-01/2025-08-31,10.28,6.83,31.49,1.5,2208.0,Open-Meteo Air Quality API,2025-06-01/2025-08-31
930,business,4758.27,lisbonne,automne,11,appartement,,pluie,gastronomie,2,bagages,0,1,déçu par l'organisation.,432.5700000000001,,0.0,1.0,1.0,0.0,1.0,1.0,0.0,18.72,2.83,21.0,17.54,91.0,38.72509,-9.1498,Open-Meteo Historical Weather API,2025-09-01/2025-11-30,15.83,9.72,31.17,0.9,2184.0,Open-Meteo Air Quality API,2025-09-01/2025-11-30
931,senior,2680.52,lisbonne,printemps,8,villa,914.59,variable,business,2,retard_vol,1,1,à éviter.,335.065,0.3411987226359065,0.0,1.0,0.0,1.0,1.0,1.0,0.0,15.64,3.53,41.0,19.08,92.0,38.72509,-9.1498,Open-Meteo Historical Weather API,2025-03-01/2025-05-31,15.2,9.48,34.11,1.3,2208.0,Open-Meteo Air Quality API,2025-03-01/2025-05-31
932,senior,5980.53,paris,printemps,17,villa,1326.49,pluie,plage,3,retard_vol,0,1,séjour mitigé.,351.79588235294113,0.221801412249416,1.0,1.0,0.0,1.0,1.0,1.0,0.0,12.44,1.18,26.0,14.07,92.0,48.85341,2.3488,Open-Meteo Historical Weather API,2025-03-01/2025-05-31,15.06,12.04,38.85,0.97,2208.0,Open-Meteo Air Quality API,2025-03-01/2025-05-31
933,solo,11366.21,dubaï,printemps,13,villa,1013.42,pluie,gastronomie,5,retard_vol,1,1,une expérience inoubliable.,874.323846153846,0.0891607668695193,0.0,1.0,0.0,1.0,1.0,1.0,0.0,28.3,0.01,0.0,22.56,92.0,25.07725,55.30927,Open-Meteo Historical Weather API,2025-03-01/2025-05-31,70.72,36.99,63.06,2.2,2208.0,Open-Meteo Air Quality API,2025-03-01/2025-05-31
934,couple,4823.37,dubaï,automne,5,resort,1211.68,ensoleillé,,1,aucun,0,1,très mauvaise expérience.,964.674,0.2512102534120335,0.0,0.0,0.0,1.0,0.0,0.0,0.0,29.44,0.0,0.0,20.09,91.0,25.07725,55.30927,Open-Meteo Historical Weather API,2025-09-01/2025-11-30,80.53,41.8,60.89,1.56,2184.0,Open-Meteo Air Quality API,2025-09-01/2025-11-30
935,business,3412.27,lisbonne,automne,5,hôtel,994.19,pluie,plage,3,météo,1,1,dans l'ensemble satisfaisant.,682.454,0.2913573662107629,0.0,1.0,1.0,0.0,1.0,0.0,1.0,18.72,2.83,21.0,17.54,91.0,38.72509,-9.1498,Open-Meteo Historical Weather API,2025-09-01/2025-11-30,15.83,9.72,31.17,0.9,2184.0,Open-Meteo Air Quality API,2025-09-01/2025-11-30
936,business,7551.14,bali,printemps,12,resort,1131.39,variable,plage,2,météo,1,1,déçu par l'organisation.,629.2616666666667,0.1498303567408365,0.0,1.0,1.0,1.0,1.0,0.0,1.0,26.99,6.49,65.0,13.72,92.0,-8.65,115.21667,Open-Meteo Historical Weather API,2025-03-01/2025-05-31,12.14,10.4,31.68,2.19,2208.0,Open-Meteo Air Quality API,2025-03-01/2025-05-31
937,solo,8937.06,bali,automne,9,appartement,829.98,pluie,culture,2,météo,1,1,de nombreux problèmes rencontrés.,993.0066666666668,0.0928694671402004,0.0,1.0,0.0,0.0,1.0,0.0,1.0,26.3,6.82,61.0,14.71,91.0,-8.65,115.21667,Open-Meteo Historical Weather API,2025-09-01/2025-11-30,14.48,11.69,32.66,2.5,2184.0,Open-Meteo Air Quality API,2025-09-01/2025-11-30
938,famille,13551.25,tokyo,hiver,10,appartement,,pluie,business,3,retard_vol,1,1,séjour correct mais perfectible.,1355.125,,0.0,1.0,0.0,0.0,1.0,1.0,0.0,6.08,0.56,8.0,14.28,90.0,35.6895,139.69171,Open-Meteo Historical Weather API,2024-12-01/2025-02-28,31.02,30.0,55.43,0.51,2160.0,Open-Meteo Air Quality API,2024-12-01/2025-02-28
939,business,8351.03,lisbonne,automne,15,appartement,1129.84,nuageux,plage,2,météo,0,1,je ne recommande pas.,556.7353333333334,0.135293490743058,1.0,0.0,1.0,0.0,1.0,0.0,1.0,18.72,2.83,21.0,17.54,91.0,38.72509,-9.1498,Open-Meteo Historical Weather API,2025-09-01/2025-11-30,15.83,9.72,31.17,0.9,2184.0,Open-Meteo Air Quality API,2025-09-01/2025-11-30
940,couple,9521.87,dubaï,hiver,14,appartement,973.24,pluie,randonnée,4,aucun,0,1,"parfait, rien à redire.",680.1335714285715,0.1022110152732603,1.0,1.0,0.0,0.0,0.0,0.0,0.0,20.21,0.09,2.0,19.57,90.0,25.07725,55.30927,Open-Meteo Historical Weather API,2024-12-01/2025-02-28,59.55,32.47,55.0,1.03,2160.0,Open-Meteo Air Quality API,2024-12-01/2025-02-28
941,senior,9825.56,new york,printemps,17,villa,1103.25,variable,plage,5,aucun,0,1,excellent séjour.,577.9741176470588,0.1122836764520292,1.0,1.0,0.0,1.0,0.0,0.0,0.0,12.04,4.75,36.0,17.46,92.0,40.71427,-74.00597,Open-Meteo Historical Weather API,2025-03-01/2025-05-31,11.88,11.05,41.24,1.07,2208.0,Open-Meteo Air Quality API,2025-03-01/2025-05-31
942,couple,2272.74,rome,automne,3,villa,1153.91,ensoleillé,plage,5,aucun,0,0,une expérience inoubliable.,757.5799999999999,0.5077175567816821,0.0,0.0,0.0,1.0,0.0,0.0,0.0,17.21,4.01,24.0,12.75,91.0,41.89193,12.51133,Open-Meteo Historical Weather API,2025-09-01/2025-11-30,13.51,9.22,34.28,0.79,2184.0,Open-Meteo Air Quality API,2025-09-01/2025-11-30
943,famille,3037.92,dubaï,hiver,11,resort,952.82,ensoleillé,culture,2,aucun,0,1,,276.17454545454547,0.3136422288934534,0.0,0.0,0.0,1.0,0.0,0.0,0.0,20.21,0.09,2.0,19.57,90.0,25.07725,55.30927,Open-Meteo Historical Weather API,2024-12-01/2025-02-28,59.55,32.47,55.0,1.03,2160.0,Open-Meteo Air Quality API,2024-12-01/2025-02-28
944,senior,2551.56,lisbonne,printemps,13,villa,1083.49,nuageux,culture,1,retard_vol,1,0,très mauvaise expérience.,196.2738461538461,0.4246382605151358,0.0,0.0,0.0,1.0,1.0,1.0,0.0,15.64,3.53,41.0,19.08,92.0,38.72509,-9.1498,Open-Meteo Historical Weather API,2025-03-01/2025-05-31,15.2,9.48,34.11,1.3,2208.0,Open-Meteo Air Quality API,2025-03-01/2025-05-31
945,famille,1550.12,tokyo,printemps,3,villa,848.51,nuageux,culture,4,aucun,0,0,une expérience inoubliable.,516.7066666666666,0.5473834283797384,0.0,0.0,0.0,1.0,0.0,0.0,0.0,14.52,6.04,44.0,15.33,92.0,35.6895,139.69171,Open-Meteo Historical Weather API,2025-03-01/2025-05-31,29.58,26.1,53.35,1.05,2208.0,Open-Meteo Air Quality API,2025-03-01/2025-05-31
946,couple,10132.89,new york,printemps,7,appartement,1746.66,pluie,gastronomie,3,bagages,0,1,dans l'ensemble satisfaisant.,1447.5557142857142,0.17237530457747,0.0,1.0,0.0,0.0,1.0,1.0,0.0,12.04,4.75,36.0,17.46,92.0,40.71427,-74.00597,Open-Meteo Historical Weather API,2025-03-01/2025-05-31,11.88,11.05,41.24,1.07,2208.0,Open-Meteo Air Quality API,2025-03-01/2025-05-31
947,business,8094.06,tokyo,été,6,,1401.84,,culture,4,aucun,0,1,excellent séjour.,1349.01,0.173193675361932,0.0,,1.0,,0.0,0.0,0.0,27.71,2.91,31.0,13.49,92.0,35.6895,139.69171,Open-Meteo Historical Weather API,2025-06-01/2025-08-31,24.0,22.42,51.6,1.83,2208.0,Open-Meteo Air Quality API,2025-06-01/2025-08-31
948,senior,7244.69,new york,automne,10,villa,1191.19,nuageux,plage,3,aucun,0,1,dans l'ensemble satisfaisant.,724.4689999999999,0.1644224942682157,0.0,0.0,0.0,1.0,0.0,0.0,0.0,13.97,3.07,25.0,15.38,91.0,40.71427,-74.00597,Open-Meteo Historical Weather API,2025-09-01/2025-11-30,11.7,11.28,42.27,0.76,2184.0,Open-Meteo Air Quality API,2025-09-01/2025-11-30
950,couple,15215.79,dubaï,printemps,20,villa,587.56,pluie,business,5,météo,1,1,très bon rapport qualité-prix.,760.7895000000001,0.0386151491312642,1.0,1.0,0.0,1.0,1.0,0.0,1.0,28.3,0.01,0.0,22.56,92.0,25.07725,55.30927,Open-Meteo Historical Weather API,2025-03-01/2025-05-31,70.72,36.99,63.06,2.2,2208.0,Open-Meteo Air Quality API,2025-03-01/2025-05-31
952,senior,15201.01,tokyo,printemps,13,villa,1010.99,pluie,business,4,bagages,0,1,une expérience inoubliable.,1169.3084615384616,0.0665080807130578,0.0,1.0,0.0,1.0,1.0,1.0,0.0,14.52,6.04,44.0,15.33,92.0,35.6895,139.69171,Open-Meteo Historical Weather API,2025-03-01/2025-05-31,29.58,26.1,53.35,1.05,2208.0,Open-Meteo Air Quality API,2025-03-01/2025-05-31
953,solo,1077.76,bali,printemps,13,resort,748.54,pluie,business,4,bagages,0,0,excellent séjour.,82.90461538461538,0.6945331057007126,0.0,1.0,0.0,1.0,1.0,1.0,0.0,26.99,6.49,65.0,13.72,92.0,-8.65,115.21667,Open-Meteo Historical Weather API,2025-03-01/2025-05-31,12.14,10.4,31.68,2.19,2208.0,Open-Meteo Air Quality API,2025-03-01/2025-05-31
954,famille,3646.77,bali,hiver,12,appartement,1054.59,,culture,4,retard_vol,1,1,une expérience inoubliable.,303.8975,0.2891846757541605,0.0,,0.0,0.0,1.0,1.0,0.0,26.28,11.89,84.0,14.7,90.0,-8.65,115.21667,Open-Meteo Historical Weather API,2024-12-01/2025-02-28,12.8,11.67,33.02,1.96,2160.0,Open-Meteo Air Quality API,2024-12-01/2025-02-28
956,couple,8384.81,bali,automne,11,villa,1364.67,nuageux,gastronomie,1,retard_vol,1,1,à éviter.,762.2554545454545,0.1627550296309636,0.0,0.0,0.0,1.0,1.0,1.0,0.0,26.3,6.82,61.0,14.71,91.0,-8.65,115.21667,Open-Meteo Historical Weather API,2025-09-01/2025-11-30,14.48,11.69,32.66,2.5,2184.0,Open-Meteo Air Quality API,2025-09-01/2025-11-30
957,famille,2481.53,paris,automne,18,hôtel,812.95,pluie,plage,4,bagages,0,1,une expérience inoubliable.,137.86277777777778,0.3276003110983949,1.0,1.0,0.0,0.0,1.0,1.0,0.0,12.33,2.12,33.0,16.01,91.0,48.85341,2.3488,Open-Meteo Historical Weather API,2025-09-01/2025-11-30,12.19,8.6,34.88,0.44,2184.0,Open-Meteo Air Quality API,2025-09-01/2025-11-30
958,business,2595.52,tokyo,été,15,appartement,1225.1,,plage,3,bagages,0,0,séjour correct mais perfectible.,173.03466666666665,0.4720056096658858,1.0,,1.0,0.0,1.0,1.0,0.0,27.71,2.91,31.0,13.49,92.0,35.6895,139.69171,Open-Meteo Historical Weather API,2025-06-01/2025-08-31,24.0,22.42,51.6,1.83,2208.0,Open-Meteo Air Quality API,2025-06-01/2025-08-31
959,famille,1387.28,rome,été,5,villa,1121.86,ensoleillé,plage,4,aucun,0,0,très bon rapport qualité-prix.,277.456,0.8086759702439306,0.0,0.0,0.0,1.0,0.0,0.0,0.0,27.22,1.32,16.0,14.95,92.0,41.89193,12.51133,Open-Meteo Historical Weather API,2025-06-01/2025-08-31,15.45,9.67,40.74,2.01,2208.0,Open-Meteo Air Quality API,2025-06-01/2025-08-31
960,solo,10059.85,bali,été,14,resort,1211.13,nuageux,plage,4,météo,1,1,excellent séjour.,718.5607142857143,0.1203924511796895,1.0,0.0,0.0,1.0,1.0,0.0,1.0,25.53,3.21,49.0,18.92,92.0,-8.65,115.21667,Open-Meteo Historical Weather API,2025-06-01/2025-08-31,13.38,9.86,30.22,1.86,2208.0,Open-Meteo Air Quality API,2025-06-01/2025-08-31
961,business,9794.04,sydney,été,14,villa,978.7,variable,randonnée,3,météo,0,1,"quelques imprévus, globalement bien.",699.5742857142858,0.099928119550257,1.0,1.0,1.0,1.0,1.0,0.0,1.0,12.22,4.06,27.0,18.74,92.0,-33.86785,151.20732,Open-Meteo Historical Weather API,2025-06-01/2025-08-31,10.19,9.26,31.56,0.49,2208.0,Open-Meteo Air Quality API,2025-06-01/2025-08-31
962,business,14233.74,rome,printemps,11,appartement,1488.68,pluie,culture,2,aucun,0,1,de nombreux problèmes rencontrés.,1293.9763636363637,0.1045881124707912,0.0,1.0,1.0,0.0,0.0,0.0,0.0,15.22,3.55,32.0,13.85,92.0,41.89193,12.51133,Open-Meteo Historical Weather API,2025-03-01/2025-05-31,15.93,11.65,37.47,1.19,2208.0,Open-Meteo Air Quality API,2025-03-01/2025-05-31
965,business,1722.82,new york,automne,11,,906.18,ensoleillé,plage,4,météo,1,0,très bon rapport qualité-prix.,156.62,0.5259864640531222,0.0,0.0,1.0,,1.0,0.0,1.0,13.97,3.07,25.0,15.38,91.0,40.71427,-74.00597,Open-Meteo Historical Weather API,2025-09-01/2025-11-30,11.7,11.28,42.27,0.76,2184.0,Open-Meteo Air Quality API,2025-09-01/2025-11-30
966,business,5572.45,rome,été,11,villa,1317.08,pluie,culture,3,aucun,0,1,"quelques imprévus, globalement bien.",506.5863636363636,0.2363556424911843,0.0,1.0,1.0,1.0,0.0,0.0,0.0,27.22,1.32,16.0,14.95,92.0,41.89193,12.51133,Open-Meteo Historical Weather API,2025-06-01/2025-08-31,15.45,9.67,40.74,2.01,2208.0,Open-Meteo Air Quality API,2025-06-01/2025-08-31
967,famille,4830.98,bali,automne,3,resort,1102.01,variable,randonnée,3,météo,1,1,séjour mitigé.,1610.3266666666666,0.2281131364650651,0.0,1.0,0.0,1.0,1.0,0.0,1.0,26.3,6.82,61.0,14.71,91.0,-8.65,115.21667,Open-Meteo Historical Weather API,2025-09-01/2025-11-30,14.48,11.69,32.66,2.5,2184.0,Open-Meteo Air Quality API,2025-09-01/2025-11-30
968,famille,8797.59,new york,hiver,9,appartement,1030.17,pluie,plage,5,aucun,0,1,excellent séjour.,977.51,0.1170968412940362,0.0,1.0,0.0,0.0,0.0,0.0,0.0,0.0,2.34,32.0,16.49,90.0,40.71427,-74.00597,Open-Meteo Historical Weather API,2024-12-01/2025-02-28,14.23,13.56,43.36,0.34,2160.0,Open-Meteo Air Quality API,2024-12-01/2025-02-28
969,senior,11026.67,new york,été,7,appartement,1287.46,pluie,randonnée,2,météo,1,1,de nombreux problèmes rencontrés.,1575.2385714285715,0.1167587313304923,0.0,1.0,0.0,0.0,1.0,0.0,1.0,24.52,2.28,32.0,14.21,92.0,40.71427,-74.00597,Open-Meteo Historical Weather API,2025-06-01/2025-08-31,18.13,17.43,51.89,1.61,2208.0,Open-Meteo Air Quality API,2025-06-01/2025-08-31
970,solo,10921.96,rome,printemps,4,villa,1037.82,nuageux,randonnée,2,aucun,0,1,très mauvaise expérience.,2730.49,0.0950214064142333,0.0,0.0,0.0,1.0,0.0,0.0,0.0,15.22,3.55,32.0,13.85,92.0,41.89193,12.51133,Open-Meteo Historical Weather API,2025-03-01/2025-05-31,15.93,11.65,37.47,1.19,2208.0,Open-Meteo Air Quality API,2025-03-01/2025-05-31
971,couple,3524.1,tokyo,printemps,17,hôtel,404.59,nuageux,randonnée,4,bagages,0,1,une expérience inoubliable.,207.3,0.1148066172923583,1.0,0.0,0.0,0.0,1.0,1.0,0.0,14.52,6.04,44.0,15.33,92.0,35.6895,139.69171,Open-Meteo Historical Weather API,2025-03-01/2025-05-31,29.58,26.1,53.35,1.05,2208.0,Open-Meteo Air Quality API,2025-03-01/2025-05-31
972,solo,10951.82,new york,hiver,12,resort,297.15,variable,culture,5,aucun,0,1,très bon rapport qualité-prix.,912.6516666666666,0.0271324766111933,0.0,1.0,0.0,1.0,0.0,0.0,0.0,0.0,2.34,32.0,16.49,90.0,40.71427,-74.00597,Open-Meteo Historical Weather API,2024-12-01/2025-02-28,14.23,13.56,43.36,0.34,2160.0,Open-Meteo Air Quality API,2024-12-01/2025-02-28
973,business,6746.16,bali,hiver,10,villa,1459.01,pluie,culture,3,retard_vol,1,1,dans l'ensemble satisfaisant.,674.616,0.2162726647455737,0.0,1.0,1.0,1.0,1.0,1.0,0.0,26.28,11.89,84.0,14.7,90.0,-8.65,115.21667,Open-Meteo Historical Weather API,2024-12-01/2025-02-28,12.8,11.67,33.02,1.96,2160.0,Open-Meteo Air Quality API,2024-12-01/2025-02-28
974,senior,5614.58,new york,automne,7,appartement,1447.71,nuageux,culture,3,aucun,0,1,peut mieux faire sur la logistique.,802.0828571428572,0.2578483163477945,0.0,0.0,0.0,0.0,0.0,0.0,0.0,13.97,3.07,25.0,15.38,91.0,40.71427,-74.00597,Open-Meteo Historical Weather API,2025-09-01/2025-11-30,11.7,11.28,42.27,0.76,2184.0,Open-Meteo Air Quality API,2025-09-01/2025-11-30
975,couple,4065.86,paris,printemps,11,appartement,1623.81,nuageux,plage,2,aucun,0,0,de nombreux problèmes rencontrés.,369.6236363636364,0.3993767616199278,0.0,0.0,0.0,0.0,0.0,0.0,0.0,12.44,1.18,26.0,14.07,92.0,48.85341,2.3488,Open-Meteo Historical Weather API,2025-03-01/2025-05-31,15.06,12.04,38.85,0.97,2208.0,Open-Meteo Air Quality API,2025-03-01/2025-05-31
976,senior,4665.22,bali,été,15,hôtel,1113.3,ensoleillé,culture,3,aucun,0,1,"quelques imprévus, globalement bien.",311.0146666666667,0.2386382635759942,1.0,0.0,0.0,0.0,0.0,0.0,0.0,25.53,3.21,49.0,18.92,92.0,-8.65,115.21667,Open-Meteo Historical Weather API,2025-06-01/2025-08-31,13.38,9.86,30.22,1.86,2208.0,Open-Meteo Air Quality API,2025-06-01/2025-08-31
977,famille,13952.49,sydney,été,6,resort,771.57,ensoleillé,culture,1,aucun,0,1,à éviter.,2325.415,0.0552998067011694,0.0,0.0,0.0,1.0,0.0,0.0,0.0,12.22,4.06,27.0,18.74,92.0,-33.86785,151.20732,Open-Meteo Historical Weather API,2025-06-01/2025-08-31,10.19,9.26,31.56,0.49,2208.0,Open-Meteo Air Quality API,2025-06-01/2025-08-31
978,solo,,rome,printemps,10,villa,1005.55,ensoleillé,,4,aucun,0,1,une expérience inoubliable.,,,0.0,0.0,0.0,1.0,0.0,0.0,0.0,15.22,3.55,32.0,13.85,92.0,41.89193,12.51133,Open-Meteo Historical Weather API,2025-03-01/2025-05-31,15.93,11.65,37.47,1.19,2208.0,Open-Meteo Air Quality API,2025-03-01/2025-05-31
979,business,,new york,été,14,hôtel,1121.06,nuageux,culture,2,météo,1,1,à éviter.,,,1.0,0.0,1.0,0.0,1.0,0.0,1.0,24.52,2.28,32.0,14.21,92.0,40.71427,-74.00597,Open-Meteo Historical Weather API,2025-06-01/2025-08-31,18.13,17.43,51.89,1.61,2208.0,Open-Meteo Air Quality API,2025-06-01/2025-08-31
980,famille,5866.1,tokyo,hiver,3,appartement,848.11,variable,gastronomie,2,retard_vol,1,1,je ne recommande pas.,1955.3666666666668,0.1445781694822795,0.0,1.0,0.0,0.0,1.0,1.0,0.0,6.08,0.56,8.0,14.28,90.0,35.6895,139.69171,Open-Meteo Historical Weather API,2024-12-01/2025-02-28,31.02,30.0,55.43,0.51,2160.0,Open-Meteo Air Quality API,2024-12-01/2025-02-28
981,famille,16791.08,bali,automne,10,villa,1559.82,nuageux,gastronomie,4,aucun,0,1,"parfait, rien à redire.",1679.1080000000002,0.0928957517920228,0.0,0.0,0.0,1.0,0.0,0.0,0.0,26.3,6.82,61.0,14.71,91.0,-8.65,115.21667,Open-Meteo Historical Weather API,2025-09-01/2025-11-30,14.48,11.69,32.66,2.5,2184.0,Open-Meteo Air Quality API,2025-09-01/2025-11-30
982,solo,12188.41,lisbonne,automne,8,hôtel,1718.19,ensoleillé,plage,5,météo,1,1,très bon rapport qualité-prix.,1523.55125,0.1409691666099187,0.0,0.0,0.0,0.0,1.0,0.0,1.0,18.72,2.83,21.0,17.54,91.0,38.72509,-9.1498,Open-Meteo Historical Weather API,2025-09-01/2025-11-30,15.83,9.72,31.17,0.9,2184.0,Open-Meteo Air Quality API,2025-09-01/2025-11-30
983,senior,4015.24,bali,automne,9,villa,1246.18,ensoleillé,gastronomie,2,retard_vol,1,1,très mauvaise expérience.,446.1377777777777,0.3103625188033592,0.0,0.0,0.0,1.0,1.0,1.0,0.0,26.3,6.82,61.0,14.71,91.0,-8.65,115.21667,Open-Meteo Historical Weather API,2025-09-01/2025-11-30,14.48,11.69,32.66,2.5,2184.0,Open-Meteo Air Quality API,2025-09-01/2025-11-30
984,business,5820.24,rome,été,7,resort,1115.09,nuageux,plage,5,météo,1,1,"très satisfait, je recommande.",831.4628571428572,0.1915883193820186,0.0,0.0,1.0,1.0,1.0,0.0,1.0,27.22,1.32,16.0,14.95,92.0,41.89193,12.51133,Open-Meteo Historical Weather API,2025-06-01/2025-08-31,15.45,9.67,40.74,2.01,2208.0,Open-Meteo Air Quality API,2025-06-01/2025-08-31
985,senior,6059.74,lisbonne,hiver,11,villa,770.95,variable,plage,3,météo,1,1,peut mieux faire sur la logistique.,550.8854545454545,0.1272249304425602,0.0,1.0,0.0,1.0,1.0,0.0,1.0,12.63,2.92,26.0,17.53,90.0,38.72509,-9.1498,Open-Meteo Historical Weather API,2024-12-01/2025-02-28,19.66,13.91,36.49,0.38,2160.0,Open-Meteo Air Quality API,2024-12-01/2025-02-28
986,business,7512.45,dubaï,automne,20,villa,1532.44,nuageux,,5,aucun,0,1,"très satisfait, je recommande.",375.6225,0.2039867153857929,1.0,0.0,1.0,1.0,0.0,0.0,0.0,29.44,0.0,0.0,20.09,91.0,25.07725,55.30927,Open-Meteo Historical Weather API,2025-09-01/2025-11-30,80.53,41.8,60.89,1.56,2184.0,Open-Meteo Air Quality API,2025-09-01/2025-11-30
987,solo,4095.25,dubaï,printemps,8,villa,1138.45,pluie,business,2,météo,1,1,très mauvaise expérience.,511.90625,0.2779927965325682,0.0,1.0,0.0,1.0,1.0,0.0,1.0,28.3,0.01,0.0,22.56,92.0,25.07725,55.30927,Open-Meteo Historical Weather API,2025-03-01/2025-05-31,70.72,36.99,63.06,2.2,2208.0,Open-Meteo Air Quality API,2025-03-01/2025-05-31
988,business,8694.19,paris,hiver,11,hôtel,1040.5,variable,randonnée,5,météo,1,1,excellent séjour.,790.3809090909091,0.1196776237924407,0.0,1.0,1.0,0.0,1.0,0.0,1.0,4.95,2.61,35.0,15.72,90.0,48.85341,2.3488,Open-Meteo Historical Weather API,2024-12-01/2025-02-28,20.98,17.57,45.01,0.13,2160.0,Open-Meteo Air Quality API,2024-12-01/2025-02-28
989,famille,12781.72,rome,printemps,20,appartement,1246.95,ensoleillé,randonnée,4,bagages,0,1,très bon rapport qualité-prix.,639.086,0.097557292758721,1.0,0.0,0.0,0.0,1.0,1.0,0.0,15.22,3.55,32.0,13.85,92.0,41.89193,12.51133,Open-Meteo Historical Weather API,2025-03-01/2025-05-31,15.93,11.65,37.47,1.19,2208.0,Open-Meteo Air Quality API,2025-03-01/2025-05-31
990,famille,1624.82,new york,automne,7,villa,961.03,pluie,randonnée,4,bagages,0,0,très bon rapport qualité-prix.,232.11714285714285,0.5914685934441969,0.0,1.0,0.0,1.0,1.0,1.0,0.0,13.97,3.07,25.0,15.38,91.0,40.71427,-74.00597,Open-Meteo Historical Weather API,2025-09-01/2025-11-30,11.7,11.28,42.27,0.76,2184.0,Open-Meteo Air Quality API,2025-09-01/2025-11-30
991,senior,2373.06,rome,été,19,resort,,variable,business,3,bagages,0,0,séjour correct mais perfectible.,124.8978947368421,,1.0,1.0,0.0,1.0,1.0,1.0,0.0,27.22,1.32,16.0,14.95,92.0,41.89193,12.51133,Open-Meteo Historical Weather API,2025-06-01/2025-08-31,15.45,9.67,40.74,2.01,2208.0,Open-Meteo Air Quality API,2025-06-01/2025-08-31
992,business,4974.94,rome,automne,10,resort,731.42,nuageux,culture,3,météo,1,1,séjour mitigé.,497.494,0.14702086859339,0.0,0.0,1.0,1.0,1.0,0.0,1.0,17.21,4.01,24.0,12.75,91.0,41.89193,12.51133,Open-Meteo Historical Weather API,2025-09-01/2025-11-30,13.51,9.22,34.28,0.79,2184.0,Open-Meteo Air Quality API,2025-09-01/2025-11-30
993,couple,5161.97,sydney,automne,19,hôtel,1409.34,ensoleillé,business,3,aucun,0,1,séjour correct mais perfectible.,271.6826315789474,0.2730236711952994,1.0,0.0,0.0,0.0,0.0,0.0,0.0,19.17,1.74,22.0,21.07,91.0,-33.86785,151.20732,Open-Meteo Historical Weather API,2025-09-01/2025-11-30,10.98,9.17,34.45,1.63,2184.0,Open-Meteo Air Quality API,2025-09-01/2025-11-30
995,business,10964.89,paris,automne,11,villa,1428.56,variable,plage,4,météo,1,1,"très satisfait, je recommande.",996.8081818181818,0.1302849367389914,0.0,1.0,1.0,1.0,1.0,0.0,1.0,12.33,2.12,33.0,16.01,91.0,48.85341,2.3488,Open-Meteo Historical Weather API,2025-09-01/2025-11-30,12.19,8.6,34.88,0.44,2184.0,Open-Meteo Air Quality API,2025-09-01/2025-11-30
996,senior,10733.4,paris,printemps,10,appartement,1064.1,nuageux,culture,1,aucun,0,1,je ne recommande pas.,1073.34,0.0991391357817653,0.0,0.0,0.0,0.0,0.0,0.0,0.0,12.44,1.18,26.0,14.07,92.0,48.85341,2.3488,Open-Meteo Historical Weather API,2025-03-01/2025-05-31,15.06,12.04,38.85,0.97,2208.0,Open-Meteo Air Quality API,2025-03-01/2025-05-31
997,business,5857.55,tokyo,été,7,,1081.5,pluie,randonnée,4,aucun,0,1,très bon rapport qualité-prix.,836.7928571428572,0.1846335071830372,0.0,1.0,1.0,,0.0,0.0,0.0,27.71,2.91,31.0,13.49,92.0,35.6895,139.69171,Open-Meteo Historical Weather API,2025-06-01/2025-08-31,24.0,22.42,51.6,1.83,2208.0,Open-Meteo Air Quality API,2025-06-01/2025-08-31
998,solo,5769.01,new york,hiver,10,appartement,,ensoleillé,culture,5,météo,0,1,"parfait, rien à redire.",576.9010000000001,,0.0,0.0,0.0,0.0,1.0,0.0,1.0,0.0,2.34,32.0,16.49,90.0,40.71427,-74.00597,Open-Meteo Historical Weather API,2024-12-01/2025-02-28,14.23,13.56,43.36,0.34,2160.0,Open-Meteo Air Quality API,2024-12-01/2025-02-28
1000,solo,10077.54,rome,printemps,10,appartement,883.27,nuageux,gastronomie,4,aucun,0,1,excellent séjour.,1007.754,0.0876473821984333,0.0,0.0,0.0,0.0,0.0,0.0,0.0,15.22,3.55,32.0,13.85,92.0,41.89193,12.51133,Open-Meteo Historical Weather API,2025-03-01/2025-05-31,15.93,11.65,37.47,1.19,2208.0,Open-Meteo Air Quality API,2025-03-01/2025-05-31
1001,business,8904.91,rome,hiver,8,appartement,987.64,ensoleillé,business,2,retard_vol,1,1,à éviter.,1113.11375,0.1109095993109419,0.0,0.0,1.0,0.0,1.0,1.0,0.0,9.23,2.57,28.0,13.79,90.0,41.89193,12.51133,Open-Meteo Historical Weather API,2024-12-01/2025-02-28,20.56,17.01,40.29,0.27,2160.0,Open-Meteo Air Quality API,2024-12-01/2025-02-28
1002,senior,12111.71,new york,printemps,9,hôtel,1118.28,pluie,culture,4,météo,1,1,"très satisfait, je recommande.",1345.7455555555557,0.0923304801716685,0.0,1.0,0.0,0.0,1.0,0.0,1.0,12.04,4.75,36.0,17.46,92.0,40.71427,-74.00597,Open-Meteo Historical Weather API,2025-03-01/2025-05-31,11.88,11.05,41.24,1.07,2208.0,Open-Meteo Air Quality API,2025-03-01/2025-05-31
1003,solo,6073.51,bali,hiver,15,villa,1150.49,variable,randonnée,3,annulation,1,1,peut mieux faire sur la logistique.,404.90066666666667,0.1894275303737048,1.0,1.0,0.0,1.0,1.0,1.0,0.0,26.28,11.89,84.0,14.7,90.0,-8.65,115.21667,Open-Meteo Historical Weather API,2024-12-01/2025-02-28,12.8,11.67,33.02,1.96,2160.0,Open-Meteo Air Quality API,2024-12-01/2025-02-28
1004,couple,6352.06,new york,hiver,16,villa,660.77,variable,gastronomie,2,météo,1,1,déçu par l'organisation.,397.00375,0.1040245211789561,1.0,1.0,0.0,1.0,1.0,0.0,1.0,0.0,2.34,32.0,16.49,90.0,40.71427,-74.00597,Open-Meteo Historical Weather API,2024-12-01/2025-02-28,14.23,13.56,43.36,0.34,2160.0,Open-Meteo Air Quality API,2024-12-01/2025-02-28
1005,couple,7609.96,lisbonne,été,7,resort,1056.14,ensoleillé,plage,2,retard_vol,0,1,de nombreux problèmes rencontrés.,1087.1371428571429,0.1387839095080657,0.0,0.0,0.0,1.0,1.0,1.0,0.0,23.39,0.06,1.0,17.22,92.0,38.72509,-9.1498,Open-Meteo Historical Weather API,2025-06-01/2025-08-31,19.54,10.92,32.89,2.16,2208.0,Open-Meteo Air Quality API,2025-06-01/2025-08-31
1006,business,10521.91,new york,printemps,7,appartement,1331.12,ensoleillé,culture,3,aucun,0,1,peut mieux faire sur la logistique.,1503.13,0.126509350488647,0.0,0.0,1.0,0.0,0.0,0.0,0.0,12.04,4.75,36.0,17.46,92.0,40.71427,-74.00597,Open-Meteo Historical Weather API,2025-03-01/2025-05-31,11.88,11.05,41.24,1.07,2208.0,Open-Meteo Air Quality API,2025-03-01/2025-05-31
1008,famille,9893.25,lisbonne,printemps,18,villa,1057.77,variable,randonnée,2,aucun,0,1,de nombreux problèmes rencontrés.,549.625,0.1069183534227882,1.0,1.0,0.0,1.0,0.0,0.0,0.0,15.64,3.53,41.0,19.08,92.0,38.72509,-9.1498,Open-Meteo Historical Weather API,2025-03-01/2025-05-31,15.2,9.48,34.11,1.3,2208.0,Open-Meteo Air Quality API,2025-03-01/2025-05-31
1009,famille,6841.32,paris,été,16,villa,,nuageux,culture,2,aucun,0,1,je ne recommande pas.,427.5825,,1.0,0.0,0.0,1.0,0.0,0.0,0.0,21.05,2.58,30.0,14.41,92.0,48.85341,2.3488,Open-Meteo Historical Weather API,2025-06-01/2025-08-31,10.28,6.83,31.49,1.5,2208.0,Open-Meteo Air Quality API,2025-06-01/2025-08-31
1010,business,2653.46,lisbonne,printemps,4,villa,1084.24,pluie,plage,2,retard_vol,1,0,à éviter.,663.365,0.4086136591469251,0.0,1.0,1.0,1.0,1.0,1.0,0.0,15.64,3.53,41.0,19.08,92.0,38.72509,-9.1498,Open-Meteo Historical Weather API,2025-03-01/2025-05-31,15.2,9.48,34.11,1.3,2208.0,Open-Meteo Air Quality API,2025-03-01/2025-05-31
1011,famille,,new york,été,9,resort,841.82,nuageux,plage,3,météo,0,0,"quelques imprévus, globalement bien.",,,0.0,0.0,0.0,1.0,1.0,0.0,1.0,24.52,2.28,32.0,14.21,92.0,40.71427,-74.00597,Open-Meteo Historical Weather API,2025-06-01/2025-08-31,18.13,17.43,51.89,1.61,2208.0,Open-Meteo Air Quality API,2025-06-01/2025-08-31
1012,senior,6373.47,new york,été,5,hôtel,,nuageux,culture,4,aucun,0,1,"très satisfait, je recommande.",1274.694,,0.0,0.0,0.0,0.0,0.0,0.0,0.0,24.52,2.28,32.0,14.21,92.0,40.71427,-74.00597,Open-Meteo Historical Weather API,2025-06-01/2025-08-31,18.13,17.43,51.89,1.61,2208.0,Open-Meteo Air Quality API,2025-06-01/2025-08-31
1013,couple,12764.07,lisbonne,été,9,hôtel,1384.41,ensoleillé,plage,5,bagages,0,1,excellent séjour.,1418.23,0.1084614860307096,0.0,0.0,0.0,0.0,1.0,1.0,0.0,23.39,0.06,1.0,17.22,92.0,38.72509,-9.1498,Open-Meteo Historical Weather API,2025-06-01/2025-08-31,19.54,10.92,32.89,2.16,2208.0,Open-Meteo Air Quality API,2025-06-01/2025-08-31
1014,famille,13679.68,new york,automne,18,hôtel,836.28,ensoleillé,gastronomie,3,aucun,0,1,dans l'ensemble satisfaisant.,759.9822222222223,0.0611330089592739,1.0,0.0,0.0,0.0,0.0,0.0,0.0,13.97,3.07,25.0,15.38,91.0,40.71427,-74.00597,Open-Meteo Historical Weather API,2025-09-01/2025-11-30,11.7,11.28,42.27,0.76,2184.0,Open-Meteo Air Quality API,2025-09-01/2025-11-30
1015,senior,8357.59,tokyo,printemps,3,hôtel,1017.64,ensoleillé,randonnée,2,retard_vol,1,1,déçu par l'organisation.,2785.863333333333,0.1217623740815235,0.0,0.0,0.0,0.0,1.0,1.0,0.0,14.52,6.04,44.0,15.33,92.0,35.6895,139.69171,Open-Meteo Historical Weather API,2025-03-01/2025-05-31,29.58,26.1,53.35,1.05,2208.0,Open-Meteo Air Quality API,2025-03-01/2025-05-31
1016,couple,14838.73,bali,hiver,3,hôtel,747.72,variable,plage,1,retard_vol,1,1,de nombreux problèmes rencontrés.,4946.243333333333,0.0503897570748979,0.0,1.0,0.0,0.0,1.0,1.0,0.0,26.28,11.89,84.0,14.7,90.0,-8.65,115.21667,Open-Meteo Historical Weather API,2024-12-01/2025-02-28,12.8,11.67,33.02,1.96,2160.0,Open-Meteo Air Quality API,2024-12-01/2025-02-28
1018,couple,10769.63,new york,automne,11,hôtel,1093.25,ensoleillé,culture,3,météo,1,1,séjour mitigé.,979.0572727272728,0.101512308222288,0.0,0.0,0.0,0.0,1.0,0.0,1.0,13.97,3.07,25.0,15.38,91.0,40.71427,-74.00597,Open-Meteo Historical Weather API,2025-09-01/2025-11-30,11.7,11.28,42.27,0.76,2184.0,Open-Meteo Air Quality API,2025-09-01/2025-11-30
1019,famille,5103.73,rome,hiver,13,hôtel,890.15,pluie,,2,aucun,0,1,de nombreux problèmes rencontrés.,392.59461538461534,0.1744116557890014,0.0,1.0,0.0,0.0,0.0,0.0,0.0,9.23,2.57,28.0,13.79,90.0,41.89193,12.51133,Open-Meteo Historical Weather API,2024-12-01/2025-02-28,20.56,17.01,40.29,0.27,2160.0,Open-Meteo Air Quality API,2024-12-01/2025-02-28
1020,famille,4848.11,dubaï,printemps,12,villa,1142.73,ensoleillé,plage,2,retard_vol,1,1,très mauvaise expérience.,404.00916666666666,0.235706285542201,0.0,0.0,0.0,1.0,1.0,1.0,0.0,28.3,0.01,0.0,22.56,92.0,25.07725,55.30927,Open-Meteo Historical Weather API,2025-03-01/2025-05-31,70.72,36.99,63.06,2.2,2208.0,Open-Meteo Air Quality API,2025-03-01/2025-05-31
1021,famille,,new york,automne,16,appartement,795.44,ensoleillé,business,4,météo,1,1,une expérience inoubliable.,,,1.0,0.0,0.0,0.0,1.0,0.0,1.0,13.97,3.07,25.0,15.38,91.0,40.71427,-74.00597,Open-Meteo Historical Weather API,2025-09-01/2025-11-30,11.7,11.28,42.27,0.76,2184.0,Open-Meteo Air Quality API,2025-09-01/2025-11-30
1024,business,4335.65,tokyo,été,8,villa,832.1,pluie,culture,1,bagages,0,1,déçu par l'organisation.,541.95625,0.1919204732854358,0.0,1.0,1.0,1.0,1.0,1.0,0.0,27.71,2.91,31.0,13.49,92.0,35.6895,139.69171,Open-Meteo Historical Weather API,2025-06-01/2025-08-31,24.0,22.42,51.6,1.83,2208.0,Open-Meteo Air Quality API,2025-06-01/2025-08-31
1025,business,3691.0,paris,été,14,appartement,1481.77,variable,culture,2,annulation,1,0,déçu par l'organisation.,263.6428571428572,0.4014548902736385,1.0,1.0,1.0,0.0,1.0,1.0,0.0,21.05,2.58,30.0,14.41,92.0,48.85341,2.3488,Open-Meteo Historical Weather API,2025-06-01/2025-08-31,10.28,6.83,31.49,1.5,2208.0,Open-Meteo Air Quality API,2025-06-01/2025-08-31
1026,solo,2163.99,paris,printemps,3,appartement,921.52,ensoleillé,business,3,bagages,0,0,peut mieux faire sur la logistique.,721.3299999999999,0.4258430029713631,0.0,0.0,0.0,0.0,1.0,1.0,0.0,12.44,1.18,26.0,14.07,92.0,48.85341,2.3488,Open-Meteo Historical Weather API,2025-03-01/2025-05-31,15.06,12.04,38.85,0.97,2208.0,Open-Meteo Air Quality API,2025-03-01/2025-05-31
1027,couple,6099.61,tokyo,automne,10,,1242.95,variable,gastronomie,5,retard_vol,1,1,"très satisfait, je recommande.",609.961,0.2037753233403447,0.0,1.0,0.0,,1.0,1.0,0.0,18.79,4.52,34.0,12.27,91.0,35.6895,139.69171,Open-Meteo Historical Weather API,2025-09-01/2025-11-30,28.46,27.24,54.08,0.85,2184.0,Open-Meteo Air Quality API,2025-09-01/2025-11-30
1028,solo,14037.93,paris,printemps,11,appartement,893.87,variable,culture,1,retard_vol,1,1,déçu par l'organisation.,1276.1754545454546,0.0636753424472126,0.0,1.0,0.0,0.0,1.0,1.0,0.0,12.44,1.18,26.0,14.07,92.0,48.85341,2.3488,Open-Meteo Historical Weather API,2025-03-01/2025-05-31,15.06,12.04,38.85,0.97,2208.0,Open-Meteo Air Quality API,2025-03-01/2025-05-31
1029,senior,15370.3,bali,automne,16,resort,1321.56,variable,randonnée,1,météo,1,1,je ne recommande pas.,960.64375,0.0859814056980019,1.0,1.0,0.0,1.0,1.0,0.0,1.0,26.3,6.82,61.0,14.71,91.0,-8.65,115.21667,Open-Meteo Historical Weather API,2025-09-01/2025-11-30,14.48,11.69,32.66,2.5,2184.0,Open-Meteo Air Quality API,2025-09-01/2025-11-30
1031,famille,5494.16,bali,été,10,hôtel,1128.51,pluie,culture,5,aucun,0,1,très bon rapport qualité-prix.,549.4159999999999,0.2054017356611383,0.0,1.0,0.0,0.0,0.0,0.0,0.0,25.53,3.21,49.0,18.92,92.0,-8.65,115.21667,Open-Meteo Historical Weather API,2025-06-01/2025-08-31,13.38,9.86,30.22,1.86,2208.0,Open-Meteo Air Quality API,2025-06-01/2025-08-31
1032,couple,2751.4,lisbonne,été,4,villa,1132.16,pluie,plage,3,météo,1,0,séjour mitigé.,687.85,0.4114850621501781,0.0,1.0,0.0,1.0,1.0,0.0,1.0,23.39,0.06,1.0,17.22,92.0,38.72509,-9.1498,Open-Meteo Historical Weather API,2025-06-01/2025-08-31,19.54,10.92,32.89,2.16,2208.0,Open-Meteo Air Quality API,2025-06-01/2025-08-31
1033,couple,10910.95,lisbonne,été,12,resort,1741.85,pluie,randonnée,5,retard_vol,1,1,"très satisfait, je recommande.",909.2458333333334,0.159642377611482,0.0,1.0,0.0,1.0,1.0,1.0,0.0,23.39,0.06,1.0,17.22,92.0,38.72509,-9.1498,Open-Meteo Historical Weather API,2025-06-01/2025-08-31,19.54,10.92,32.89,2.16,2208.0,Open-Meteo Air Quality API,2025-06-01/2025-08-31
1034,couple,8080.12,new york,automne,14,hôtel,1286.95,ensoleillé,plage,3,retard_vol,1,1,peut mieux faire sur la logistique.,577.1514285714286,0.1592736246491388,1.0,0.0,0.0,0.0,1.0,1.0,0.0,13.97,3.07,25.0,15.38,91.0,40.71427,-74.00597,Open-Meteo Historical Weather API,2025-09-01/2025-11-30,11.7,11.28,42.27,0.76,2184.0,Open-Meteo Air Quality API,2025-09-01/2025-11-30
1035,solo,4356.08,lisbonne,printemps,16,resort,959.1,variable,plage,1,aucun,0,1,déçu par l'organisation.,272.255,0.2201750197425208,1.0,1.0,0.0,1.0,0.0,0.0,0.0,15.64,3.53,41.0,19.08,92.0,38.72509,-9.1498,Open-Meteo Historical Weather API,2025-03-01/2025-05-31,15.2,9.48,34.11,1.3,2208.0,Open-Meteo Air Quality API,2025-03-01/2025-05-31
1036,solo,7216.76,lisbonne,été,7,villa,1301.59,pluie,culture,3,météo,1,1,"quelques imprévus, globalement bien.",1030.9657142857145,0.1803565588990072,0.0,1.0,0.0,1.0,1.0,0.0,1.0,23.39,0.06,1.0,17.22,92.0,38.72509,-9.1498,Open-Meteo Historical Weather API,2025-06-01/2025-08-31,19.54,10.92,32.89,2.16,2208.0,Open-Meteo Air Quality API,2025-06-01/2025-08-31
1037,famille,4998.09,bali,printemps,15,resort,1691.03,variable,culture,4,météo,0,1,"parfait, rien à redire.",333.206,0.3383352440632321,1.0,1.0,0.0,1.0,1.0,0.0,1.0,26.99,6.49,65.0,13.72,92.0,-8.65,115.21667,Open-Meteo Historical Weather API,2025-03-01/2025-05-31,12.14,10.4,31.68,2.19,2208.0,Open-Meteo Air Quality API,2025-03-01/2025-05-31
1038,solo,13435.87,dubaï,printemps,17,villa,681.26,nuageux,gastronomie,3,annulation,1,1,séjour correct mais perfectible.,790.3452941176471,0.0507045691868111,1.0,0.0,0.0,1.0,1.0,1.0,0.0,28.3,0.01,0.0,22.56,92.0,25.07725,55.30927,Open-Meteo Historical Weather API,2025-03-01/2025-05-31,70.72,36.99,63.06,2.2,2208.0,Open-Meteo Air Quality API,2025-03-01/2025-05-31
1039,solo,9130.43,rome,printemps,3,villa,892.21,ensoleillé,plage,1,météo,1,1,à éviter.,3043.476666666667,0.0977182892810086,0.0,0.0,0.0,1.0,1.0,0.0,1.0,15.22,3.55,32.0,13.85,92.0,41.89193,12.51133,Open-Meteo Historical Weather API,2025-03-01/2025-05-31,15.93,11.65,37.47,1.19,2208.0,Open-Meteo Air Quality API,2025-03-01/2025-05-31
1040,famille,9626.07,dubaï,hiver,13,hôtel,1054.51,,gastronomie,1,annulation,0,1,je ne recommande pas.,740.4669230769231,0.109547302273929,0.0,,0.0,0.0,1.0,1.0,0.0,20.21,0.09,2.0,19.57,90.0,25.07725,55.30927,Open-Meteo Historical Weather API,2024-12-01/2025-02-28,59.55,32.47,55.0,1.03,2160.0,Open-Meteo Air Quality API,2024-12-01/2025-02-28
1042,famille,6654.57,paris,été,9,resort,1028.82,nuageux,culture,2,annulation,1,1,de nombreux problèmes rencontrés.,739.3966666666666,0.1546035281017406,0.0,0.0,0.0,1.0,1.0,1.0,0.0,21.05,2.58,30.0,14.41,92.0,48.85341,2.3488,Open-Meteo Historical Weather API,2025-06-01/2025-08-31,10.28,6.83,31.49,1.5,2208.0,Open-Meteo Air Quality API,2025-06-01/2025-08-31
1043,senior,41000.0,bali,été,4,hôtel,768.47,nuageux,culture,3,aucun,0,1,dans l'ensemble satisfaisant.,10250.0,0.0187431707317073,0.0,0.0,0.0,0.0,0.0,0.0,0.0,25.53,3.21,49.0,18.92,92.0,-8.65,115.21667,Open-Meteo Historical Weather API,2025-06-01/2025-08-31,13.38,9.86,30.22,1.86,2208.0,Open-Meteo Air Quality API,2025-06-01/2025-08-31
1044,famille,12273.6,lisbonne,été,15,villa,1494.26,ensoleillé,,2,bagages,0,1,de nombreux problèmes rencontrés.,818.24,0.1217458610350671,1.0,0.0,0.0,1.0,1.0,1.0,0.0,23.39,0.06,1.0,17.22,92.0,38.72509,-9.1498,Open-Meteo Historical Weather API,2025-06-01/2025-08-31,19.54,10.92,32.89,2.16,2208.0,Open-Meteo Air Quality API,2025-06-01/2025-08-31
1046,senior,41000.0,rome,printemps,9,resort,1064.34,nuageux,business,4,météo,0,1,"parfait, rien à redire.",4555.555555555556,0.0259595121951219,0.0,0.0,0.0,1.0,1.0,0.0,1.0,15.22,3.55,32.0,13.85,92.0,41.89193,12.51133,Open-Meteo Historical Weather API,2025-03-01/2025-05-31,15.93,11.65,37.47,1.19,2208.0,Open-Meteo Air Quality API,2025-03-01/2025-05-31
1047,senior,2077.07,rome,printemps,10,appartement,1398.28,variable,culture,1,météo,0,0,très mauvaise expérience.,207.707,0.6731983033792794,0.0,1.0,0.0,0.0,1.0,0.0,1.0,15.22,3.55,32.0,13.85,92.0,41.89193,12.51133,Open-Meteo Historical Weather API,2025-03-01/2025-05-31,15.93,11.65,37.47,1.19,2208.0,Open-Meteo Air Quality API,2025-03-01/2025-05-31
1049,business,,lisbonne,automne,7,appartement,855.52,ensoleillé,gastronomie,2,météo,1,1,à éviter.,,,0.0,0.0,1.0,0.0,1.0,0.0,1.0,18.72,2.83,21.0,17.54,91.0,38.72509,-9.1498,Open-Meteo Historical Weather API,2025-09-01/2025-11-30,15.83,9.72,31.17,0.9,2184.0,Open-Meteo Air Quality API,2025-09-01/2025-11-30
1050,business,3826.71,dubaï,printemps,6,appartement,756.55,ensoleillé,plage,4,retard_vol,1,1,excellent séjour.,637.785,0.1977024650417721,0.0,0.0,1.0,0.0,1.0,1.0,0.0,28.3,0.01,0.0,22.56,92.0,25.07725,55.30927,Open-Meteo Historical Weather API,2025-03-01/2025-05-31,70.72,36.99,63.06,2.2,2208.0,Open-Meteo Air Quality API,2025-03-01/2025-05-31
1051,business,7061.79,tokyo,été,10,appartement,1056.36,nuageux,business,4,bagages,0,1,excellent séjour.,706.179,0.1495881355860199,0.0,0.0,1.0,0.0,1.0,1.0,0.0,27.71,2.91,31.0,13.49,92.0,35.6895,139.69171,Open-Meteo Historical Weather API,2025-06-01/2025-08-31,24.0,22.42,51.6,1.83,2208.0,Open-Meteo Air Quality API,2025-06-01/2025-08-31
1053,solo,2547.27,paris,printemps,21,hôtel,1173.0,pluie,,2,retard_vol,1,0,à éviter.,121.29857142857142,0.4604929983865079,1.0,1.0,0.0,0.0,1.0,1.0,0.0,12.44,1.18,26.0,14.07,92.0,48.85341,2.3488,Open-Meteo Historical Weather API,2025-03-01/2025-05-31,15.06,12.04,38.85,0.97,2208.0,Open-Meteo Air Quality API,2025-03-01/2025-05-31
1054,solo,7071.01,tokyo,hiver,3,villa,,variable,business,2,météo,1,1,à éviter.,2357.0033333333336,,0.0,1.0,0.0,1.0,1.0,0.0,1.0,6.08,0.56,8.0,14.28,90.0,35.6895,139.69171,Open-Meteo Historical Weather API,2024-12-01/2025-02-28,31.02,30.0,55.43,0.51,2160.0,Open-Meteo Air Quality API,2024-12-01/2025-02-28
1055,senior,,sydney,printemps,11,villa,1335.89,ensoleillé,culture,1,annulation,1,1,à éviter.,,,0.0,0.0,0.0,1.0,1.0,1.0,0.0,19.13,4.44,49.0,17.74,92.0,-33.86785,151.20732,Open-Meteo Historical Weather API,2025-03-01/2025-05-31,11.25,9.25,31.84,1.01,2208.0,Open-Meteo Air Quality API,2025-03-01/2025-05-31
1056,solo,,dubaï,été,4,villa,1148.97,pluie,plage,1,annulation,1,0,,,,0.0,1.0,0.0,1.0,1.0,1.0,0.0,35.27,0.0,0.0,22.79,92.0,25.07725,55.30927,Open-Meteo Historical Weather API,2025-06-01/2025-08-31,128.17,54.13,71.91,2.19,2208.0,Open-Meteo Air Quality API,2025-06-01/2025-08-31
1057,solo,5386.42,tokyo,automne,15,hôtel,1168.88,ensoleillé,plage,4,météo,1,1,très bon rapport qualité-prix.,359.0946666666667,0.217004986614486,1.0,0.0,0.0,0.0,1.0,0.0,1.0,18.79,4.52,34.0,12.27,91.0,35.6895,139.69171,Open-Meteo Historical Weather API,2025-09-01/2025-11-30,28.46,27.24,54.08,0.85,2184.0,Open-Meteo Air Quality API,2025-09-01/2025-11-30
1058,business,10997.07,new york,printemps,5,appartement,,ensoleillé,plage,1,bagages,0,1,je ne recommande pas.,2199.414,,0.0,0.0,1.0,0.0,1.0,1.0,0.0,12.04,4.75,36.0,17.46,92.0,40.71427,-74.00597,Open-Meteo Historical Weather API,2025-03-01/2025-05-31,11.88,11.05,41.24,1.07,2208.0,Open-Meteo Air Quality API,2025-03-01/2025-05-31
1059,couple,1068.84,tokyo,été,7,appartement,1000.67,nuageux,culture,1,météo,1,0,je ne recommande pas.,152.69142857142856,0.9362205755772612,0.0,0.0,0.0,0.0,1.0,0.0,1.0,27.71,2.91,31.0,13.49,92.0,35.6895,139.69171,Open-Meteo Historical Weather API,2025-06-01/2025-08-31,24.0,22.42,51.6,1.83,2208.0,Open-Meteo Air Quality API,2025-06-01/2025-08-31
1060,famille,7848.52,new york,été,7,hôtel,923.48,ensoleillé,plage,3,annulation,1,1,séjour correct mais perfectible.,1121.217142857143,0.1176629479188433,0.0,0.0,0.0,0.0,1.0,1.0,0.0,24.52,2.28,32.0,14.21,92.0,40.71427,-74.00597,Open-Meteo Historical Weather API,2025-06-01/2025-08-31,18.13,17.43,51.89,1.61,2208.0,Open-Meteo Air Quality API,2025-06-01/2025-08-31
1061,solo,7190.14,new york,automne,10,resort,971.2,pluie,business,2,bagages,0,1,très mauvaise expérience.,719.014,0.1350738650429616,0.0,1.0,0.0,1.0,1.0,1.0,0.0,13.97,3.07,25.0,15.38,91.0,40.71427,-74.00597,Open-Meteo Historical Weather API,2025-09-01/2025-11-30,11.7,11.28,42.27,0.76,2184.0,Open-Meteo Air Quality API,2025-09-01/2025-11-30
1062,solo,,dubaï,été,12,appartement,1066.4,pluie,business,5,retard_vol,1,1,"très satisfait, je recommande.",,,0.0,1.0,0.0,0.0,1.0,1.0,0.0,35.27,0.0,0.0,22.79,92.0,25.07725,55.30927,Open-Meteo Historical Weather API,2025-06-01/2025-08-31,128.17,54.13,71.91,2.19,2208.0,Open-Meteo Air Quality API,2025-06-01/2025-08-31
1063,couple,5995.63,new york,printemps,12,villa,1093.62,pluie,culture,5,aucun,0,1,excellent séjour.,499.6358333333333,0.1824028500758052,0.0,1.0,0.0,1.0,0.0,0.0,0.0,12.04,4.75,36.0,17.46,92.0,40.71427,-74.00597,Open-Meteo Historical Weather API,2025-03-01/2025-05-31,11.88,11.05,41.24,1.07,2208.0,Open-Meteo Air Quality API,2025-03-01/2025-05-31
1065,solo,10372.91,tokyo,printemps,3,villa,575.81,pluie,randonnée,3,aucun,0,1,séjour mitigé.,3457.6366666666668,0.0555109414812236,0.0,1.0,0.0,1.0,0.0,0.0,0.0,14.52,6.04,44.0,15.33,92.0,35.6895,139.69171,Open-Meteo Historical Weather API,2025-03-01/2025-05-31,29.58,26.1,53.35,1.05,2208.0,Open-Meteo Air Quality API,2025-03-01/2025-05-31
1066,couple,1573.51,paris,automne,14,appartement,967.67,nuageux,,2,annulation,0,0,de nombreux problèmes rencontrés.,112.39357142857143,0.6149754370801583,1.0,0.0,0.0,0.0,1.0,1.0,0.0,12.33,2.12,33.0,16.01,91.0,48.85341,2.3488,Open-Meteo Historical Weather API,2025-09-01/2025-11-30,12.19,8.6,34.88,0.44,2184.0,Open-Meteo Air Quality API,2025-09-01/2025-11-30
1067,solo,6032.96,rome,printemps,10,villa,1214.43,ensoleillé,culture,3,météo,0,1,"quelques imprévus, globalement bien.",603.296,0.2012991964143637,0.0,0.0,0.0,1.0,1.0,0.0,1.0,15.22,3.55,32.0,13.85,92.0,41.89193,12.51133,Open-Meteo Historical Weather API,2025-03-01/2025-05-31,15.93,11.65,37.47,1.19,2208.0,Open-Meteo Air Quality API,2025-03-01/2025-05-31
1068,business,5085.61,new york,été,16,appartement,1154.52,ensoleillé,plage,1,retard_vol,1,1,de nombreux problèmes rencontrés.,317.850625,0.2270170146747391,1.0,0.0,1.0,0.0,1.0,1.0,0.0,24.52,2.28,32.0,14.21,92.0,40.71427,-74.00597,Open-Meteo Historical Weather API,2025-06-01/2025-08-31,18.13,17.43,51.89,1.61,2208.0,Open-Meteo Air Quality API,2025-06-01/2025-08-31
1069,couple,6363.63,new york,hiver,6,appartement,1439.48,pluie,plage,3,aucun,0,1,peut mieux faire sur la logistique.,1060.605,0.2262042262042262,0.0,1.0,0.0,0.0,0.0,0.0,0.0,0.0,2.34,32.0,16.49,90.0,40.71427,-74.00597,Open-Meteo Historical Weather API,2024-12-01/2025-02-28,14.23,13.56,43.36,0.34,2160.0,Open-Meteo Air Quality API,2024-12-01/2025-02-28
1071,senior,9159.49,dubaï,automne,10,villa,1321.5,ensoleillé,plage,2,météo,1,1,très mauvaise expérience.,915.949,0.1442765918189768,0.0,0.0,0.0,1.0,1.0,0.0,1.0,29.44,0.0,0.0,20.09,91.0,25.07725,55.30927,Open-Meteo Historical Weather API,2025-09-01/2025-11-30,80.53,41.8,60.89,1.56,2184.0,Open-Meteo Air Quality API,2025-09-01/2025-11-30
1072,solo,3903.82,bali,été,16,appartement,1488.52,pluie,gastronomie,1,retard_vol,0,0,déçu par l'organisation.,243.98875,0.3812983180576973,1.0,1.0,0.0,0.0,1.0,1.0,0.0,25.53,3.21,49.0,18.92,92.0,-8.65,115.21667,Open-Meteo Historical Weather API,2025-06-01/2025-08-31,13.38,9.86,30.22,1.86,2208.0,Open-Meteo Air Quality API,2025-06-01/2025-08-31
1073,couple,7475.44,new york,printemps,11,appartement,1323.5,pluie,culture,3,météo,0,1,"quelques imprévus, globalement bien.",679.5854545454545,0.1770464347249125,0.0,1.0,0.0,0.0,1.0,0.0,1.0,12.04,4.75,36.0,17.46,92.0,40.71427,-74.00597,Open-Meteo Historical Weather API,2025-03-01/2025-05-31,11.88,11.05,41.24,1.07,2208.0,Open-Meteo Air Quality API,2025-03-01/2025-05-31
1074,solo,12936.44,dubaï,automne,9,appartement,1576.25,variable,culture,2,aucun,0,1,très mauvaise expérience.,1437.3822222222225,0.1218457319015123,0.0,1.0,0.0,0.0,0.0,0.0,0.0,29.44,0.0,0.0,20.09,91.0,25.07725,55.30927,Open-Meteo Historical Weather API,2025-09-01/2025-11-30,80.53,41.8,60.89,1.56,2184.0,Open-Meteo Air Quality API,2025-09-01/2025-11-30
1075,senior,3570.27,tokyo,automne,6,villa,1614.03,nuageux,culture,5,aucun,0,0,"très satisfait, je recommande.",595.045,0.4520750531472409,0.0,0.0,0.0,1.0,0.0,0.0,0.0,18.79,4.52,34.0,12.27,91.0,35.6895,139.69171,Open-Meteo Historical Weather API,2025-09-01/2025-11-30,28.46,27.24,54.08,0.85,2184.0,Open-Meteo Air Quality API,2025-09-01/2025-11-30
1076,business,7509.6,tokyo,printemps,19,hôtel,1372.91,pluie,business,5,météo,1,1,excellent séjour.,395.2421052631579,0.1828206562266965,1.0,1.0,1.0,0.0,1.0,0.0,1.0,14.52,6.04,44.0,15.33,92.0,35.6895,139.69171,Open-Meteo Historical Weather API,2025-03-01/2025-05-31,29.58,26.1,53.35,1.05,2208.0,Open-Meteo Air Quality API,2025-03-01/2025-05-31
1077,business,6144.79,rome,été,5,appartement,1307.31,pluie,gastronomie,5,retard_vol,1,1,"très satisfait, je recommande.",1228.958,0.2127509646383358,0.0,1.0,1.0,0.0,1.0,1.0,0.0,27.22,1.32,16.0,14.95,92.0,41.89193,12.51133,Open-Meteo Historical Weather API,2025-06-01/2025-08-31,15.45,9.67,40.74,2.01,2208.0,Open-Meteo Air Quality API,2025-06-01/2025-08-31
1078,solo,6669.84,tokyo,été,6,appartement,1063.0,variable,business,1,retard_vol,1,1,très mauvaise expérience.,1111.64,0.1593741379103546,0.0,1.0,0.0,0.0,1.0,1.0,0.0,27.71,2.91,31.0,13.49,92.0,35.6895,139.69171,Open-Meteo Historical Weather API,2025-06-01/2025-08-31,24.0,22.42,51.6,1.83,2208.0,Open-Meteo Air Quality API,2025-06-01/2025-08-31
1080,couple,12615.02,lisbonne,printemps,3,appartement,1027.46,variable,plage,1,météo,1,1,déçu par l'organisation.,4205.006666666667,0.0814473540271834,0.0,1.0,0.0,0.0,1.0,0.0,1.0,15.64,3.53,41.0,19.08,92.0,38.72509,-9.1498,Open-Meteo Historical Weather API,2025-03-01/2025-05-31,15.2,9.48,34.11,1.3,2208.0,Open-Meteo Air Quality API,2025-03-01/2025-05-31
1081,business,3800.26,new york,printemps,16,appartement,1284.5,ensoleillé,business,2,météo,1,1,très mauvaise expérience.,237.51625,0.3380031892554719,1.0,0.0,1.0,0.0,1.0,0.0,1.0,12.04,4.75,36.0,17.46,92.0,40.71427,-74.00597,Open-Meteo Historical Weather API,2025-03-01/2025-05-31,11.88,11.05,41.24,1.07,2208.0,Open-Meteo Air Quality API,2025-03-01/2025-05-31
1082,couple,11063.17,bali,automne,13,villa,924.95,variable,randonnée,2,météo,0,1,déçu par l'organisation.,851.0130769230769,0.0836062358257172,0.0,1.0,0.0,1.0,1.0,0.0,1.0,26.3,6.82,61.0,14.71,91.0,-8.65,115.21667,Open-Meteo Historical Weather API,2025-09-01/2025-11-30,14.48,11.69,32.66,2.5,2184.0,Open-Meteo Air Quality API,2025-09-01/2025-11-30
1083,business,4417.37,dubaï,automne,14,appartement,1066.78,ensoleillé,plage,5,retard_vol,1,1,une expérience inoubliable.,315.52642857142854,0.2414966371392932,1.0,0.0,1.0,0.0,1.0,1.0,0.0,29.44,0.0,0.0,20.09,91.0,25.07725,55.30927,Open-Meteo Historical Weather API,2025-09-01/2025-11-30,80.53,41.8,60.89,1.56,2184.0,Open-Meteo Air Quality API,2025-09-01/2025-11-30
1084,senior,4400.71,dubaï,automne,13,hôtel,486.81,ensoleillé,plage,4,météo,1,1,"parfait, rien à redire.",338.5161538461538,0.1106207861913191,0.0,0.0,0.0,0.0,1.0,0.0,1.0,29.44,0.0,0.0,20.09,91.0,25.07725,55.30927,Open-Meteo Historical Weather API,2025-09-01/2025-11-30,80.53,41.8,60.89,1.56,2184.0,Open-Meteo Air Quality API,2025-09-01/2025-11-30
1085,famille,11817.74,bali,automne,9,hôtel,1579.79,,randonnée,1,retard_vol,1,1,déçu par l'organisation.,1313.0822222222223,0.1336795360195773,0.0,,0.0,0.0,1.0,1.0,0.0,26.3,6.82,61.0,14.71,91.0,-8.65,115.21667,Open-Meteo Historical Weather API,2025-09-01/2025-11-30,14.48,11.69,32.66,2.5,2184.0,Open-Meteo Air Quality API,2025-09-01/2025-11-30
1086,business,10933.33,sydney,automne,5,hôtel,,nuageux,,1,bagages,0,1,de nombreux problèmes rencontrés.,2186.666,,0.0,0.0,1.0,0.0,1.0,1.0,0.0,19.17,1.74,22.0,21.07,91.0,-33.86785,151.20732,Open-Meteo Historical Weather API,2025-09-01/2025-11-30,10.98,9.17,34.45,1.63,2184.0,Open-Meteo Air Quality API,2025-09-01/2025-11-30
1087,famille,7765.76,paris,automne,9,hôtel,1240.1,nuageux,gastronomie,4,retard_vol,1,1,très bon rapport qualité-prix.,862.8622222222223,0.1596881696060655,0.0,0.0,0.0,0.0,1.0,1.0,0.0,12.33,2.12,33.0,16.01,91.0,48.85341,2.3488,Open-Meteo Historical Weather API,2025-09-01/2025-11-30,12.19,8.6,34.88,0.44,2184.0,Open-Meteo Air Quality API,2025-09-01/2025-11-30
1088,business,9994.48,paris,automne,5,appartement,1508.69,ensoleillé,business,3,retard_vol,0,1,,1998.896,0.1509523256837774,0.0,0.0,1.0,0.0,1.0,1.0,0.0,12.33,2.12,33.0,16.01,91.0,48.85341,2.3488,Open-Meteo Historical Weather API,2025-09-01/2025-11-30,12.19,8.6,34.88,0.44,2184.0,Open-Meteo Air Quality API,2025-09-01/2025-11-30
1089,famille,5759.98,rome,été,12,villa,1198.48,nuageux,randonnée,5,aucun,0,1,une expérience inoubliable.,479.9983333333333,0.2080701669103017,0.0,0.0,0.0,1.0,0.0,0.0,0.0,27.22,1.32,16.0,14.95,92.0,41.89193,12.51133,Open-Meteo Historical Weather API,2025-06-01/2025-08-31,15.45,9.67,40.74,2.01,2208.0,Open-Meteo Air Quality API,2025-06-01/2025-08-31
1090,senior,6890.24,rome,printemps,14,villa,1505.08,nuageux,gastronomie,3,aucun,0,1,séjour mitigé.,492.16,0.2184365130967861,1.0,0.0,0.0,1.0,0.0,0.0,0.0,15.22,3.55,32.0,13.85,92.0,41.89193,12.51133,Open-Meteo Historical Weather API,2025-03-01/2025-05-31,15.93,11.65,37.47,1.19,2208.0,Open-Meteo Air Quality API,2025-03-01/2025-05-31
1091,famille,4255.01,lisbonne,printemps,17,hôtel,,pluie,randonnée,2,aucun,0,1,déçu par l'organisation.,250.29470588235296,,1.0,1.0,0.0,0.0,0.0,0.0,0.0,15.64,3.53,41.0,19.08,92.0,38.72509,-9.1498,Open-Meteo Historical Weather API,2025-03-01/2025-05-31,15.2,9.48,34.11,1.3,2208.0,Open-Meteo Air Quality API,2025-03-01/2025-05-31
1092,senior,10571.0,tokyo,été,12,appartement,1760.5,variable,business,1,annulation,0,1,à éviter.,880.9166666666666,0.1665405354271119,0.0,1.0,0.0,0.0,1.0,1.0,0.0,27.71,2.91,31.0,13.49,92.0,35.6895,139.69171,Open-Meteo Historical Weather API,2025-06-01/2025-08-31,24.0,22.42,51.6,1.83,2208.0,Open-Meteo Air Quality API,2025-06-01/2025-08-31
1093,business,4126.77,bali,printemps,15,hôtel,1409.35,pluie,plage,3,annulation,1,1,"quelques imprévus, globalement bien.",275.11800000000005,0.3415140654797819,1.0,1.0,1.0,0.0,1.0,1.0,0.0,26.99,6.49,65.0,13.72,92.0,-8.65,115.21667,Open-Meteo Historical Weather API,2025-03-01/2025-05-31,12.14,10.4,31.68,2.19,2208.0,Open-Meteo Air Quality API,2025-03-01/2025-05-31
1094,business,12915.12,tokyo,printemps,8,villa,1174.07,ensoleillé,plage,3,aucun,0,1,séjour mitigé.,1614.39,0.0909066272709816,0.0,0.0,1.0,1.0,0.0,0.0,0.0,14.52,6.04,44.0,15.33,92.0,35.6895,139.69171,Open-Meteo Historical Weather API,2025-03-01/2025-05-31,29.58,26.1,53.35,1.05,2208.0,Open-Meteo Air Quality API,2025-03-01/2025-05-31
1096,business,7006.73,bali,printemps,12,appartement,804.81,variable,culture,5,météo,1,1,"parfait, rien à redire.",583.8941666666666,0.1148624251255578,0.0,1.0,1.0,0.0,1.0,0.0,1.0,26.99,6.49,65.0,13.72,92.0,-8.65,115.21667,Open-Meteo Historical Weather API,2025-03-01/2025-05-31,12.14,10.4,31.68,2.19,2208.0,Open-Meteo Air Quality API,2025-03-01/2025-05-31
1097,senior,9984.71,rome,printemps,8,resort,1040.65,ensoleillé,culture,2,retard_vol,0,1,de nombreux problèmes rencontrés.,1248.08875,0.1042243590449797,0.0,0.0,0.0,1.0,1.0,1.0,0.0,15.22,3.55,32.0,13.85,92.0,41.89193,12.51133,Open-Meteo Historical Weather API,2025-03-01/2025-05-31,15.93,11.65,37.47,1.19,2208.0,Open-Meteo Air Quality API,2025-03-01/2025-05-31
1098,couple,7020.27,new york,automne,11,appartement,1505.06,nuageux,culture,1,retard_vol,1,1,à éviter.,638.2063636363637,0.2143877657127147,0.0,0.0,0.0,0.0,1.0,1.0,0.0,13.97,3.07,25.0,15.38,91.0,40.71427,-74.00597,Open-Meteo Historical Weather API,2025-09-01/2025-11-30,11.7,11.28,42.27,0.76,2184.0,Open-Meteo Air Quality API,2025-09-01/2025-11-30
1099,business,5722.24,rome,automne,5,appartement,617.63,variable,culture,3,retard_vol,0,1,séjour correct mais perfectible.,1144.448,0.1079350044737725,0.0,1.0,1.0,0.0,1.0,1.0,0.0,17.21,4.01,24.0,12.75,91.0,41.89193,12.51133,Open-Meteo Historical Weather API,2025-09-01/2025-11-30,13.51,9.22,34.28,0.79,2184.0,Open-Meteo Air Quality API,2025-09-01/2025-11-30
1100,famille,6802.89,dubaï,hiver,5,villa,,variable,gastronomie,4,bagages,0,1,très bon rapport qualité-prix.,1360.578,,0.0,1.0,0.0,1.0,1.0,1.0,0.0,20.21,0.09,2.0,19.57,90.0,25.07725,55.30927,Open-Meteo Historical Weather API,2024-12-01/2025-02-28,59.55,32.47,55.0,1.03,2160.0,Open-Meteo Air Quality API,2024-12-01/2025-02-28
1101,business,10529.66,rome,hiver,13,resort,1260.62,nuageux,plage,1,météo,1,1,de nombreux problèmes rencontrés.,809.9738461538461,0.1197208646812907,0.0,0.0,1.0,1.0,1.0,0.0,1.0,9.23,2.57,28.0,13.79,90.0,41.89193,12.51133,Open-Meteo Historical Weather API,2024-12-01/2025-02-28,20.56,17.01,40.29,0.27,2160.0,Open-Meteo Air Quality API,2024-12-01/2025-02-28
1102,couple,4250.05,dubaï,printemps,14,villa,1645.75,pluie,plage,2,retard_vol,0,0,à éviter.,303.575,0.3872307384619004,1.0,1.0,0.0,1.0,1.0,1.0,0.0,28.3,0.01,0.0,22.56,92.0,25.07725,55.30927,Open-Meteo Historical Weather API,2025-03-01/2025-05-31,70.72,36.99,63.06,2.2,2208.0,Open-Meteo Air Quality API,2025-03-01/2025-05-31
1104,solo,6965.5,rome,automne,13,villa,1549.38,pluie,randonnée,1,météo,1,1,déçu par l'organisation.,535.8076923076923,0.2224362931591414,0.0,1.0,0.0,1.0,1.0,0.0,1.0,17.21,4.01,24.0,12.75,91.0,41.89193,12.51133,Open-Meteo Historical Weather API,2025-09-01/2025-11-30,13.51,9.22,34.28,0.79,2184.0,Open-Meteo Air Quality API,2025-09-01/2025-11-30
1105,solo,10411.74,paris,hiver,7,villa,968.06,ensoleillé,gastronomie,1,bagages,0,1,déçu par l'organisation.,1487.3914285714286,0.092977734749427,0.0,0.0,0.0,1.0,1.0,1.0,0.0,4.95,2.61,35.0,15.72,90.0,48.85341,2.3488,Open-Meteo Historical Weather API,2024-12-01/2025-02-28,20.98,17.57,45.01,0.13,2160.0,Open-Meteo Air Quality API,2024-12-01/2025-02-28
1106,solo,6521.22,lisbonne,automne,10,villa,998.2,ensoleillé,randonnée,4,aucun,0,1,"parfait, rien à redire.",652.1220000000001,0.1530695176669396,0.0,0.0,0.0,1.0,0.0,0.0,0.0,18.72,2.83,21.0,17.54,91.0,38.72509,-9.1498,Open-Meteo Historical Weather API,2025-09-01/2025-11-30,15.83,9.72,31.17,0.9,2184.0,Open-Meteo Air Quality API,2025-09-01/2025-11-30
1107,business,14218.68,tokyo,hiver,17,resort,,pluie,culture,3,retard_vol,1,1,"quelques imprévus, globalement bien.",836.3929411764706,,1.0,1.0,1.0,1.0,1.0,1.0,0.0,6.08,0.56,8.0,14.28,90.0,35.6895,139.69171,Open-Meteo Historical Weather API,2024-12-01/2025-02-28,31.02,30.0,55.43,0.51,2160.0,Open-Meteo Air Quality API,2024-12-01/2025-02-28
1108,business,6292.52,new york,printemps,14,resort,826.46,ensoleillé,gastronomie,3,retard_vol,1,1,peut mieux faire sur la logistique.,449.4657142857144,0.1313400672544545,1.0,0.0,1.0,1.0,1.0,1.0,0.0,12.04,4.75,36.0,17.46,92.0,40.71427,-74.00597,Open-Meteo Historical Weather API,2025-03-01/2025-05-31,11.88,11.05,41.24,1.07,2208.0,Open-Meteo Air Quality API,2025-03-01/2025-05-31
1109,solo,5965.18,paris,automne,14,resort,1226.14,pluie,culture,4,bagages,0,1,très bon rapport qualité-prix.,426.0842857142857,0.2055495391589189,1.0,1.0,0.0,1.0,1.0,1.0,0.0,12.33,2.12,33.0,16.01,91.0,48.85341,2.3488,Open-Meteo Historical Weather API,2025-09-01/2025-11-30,12.19,8.6,34.88,0.44,2184.0,Open-Meteo Air Quality API,2025-09-01/2025-11-30
1110,business,6234.06,bali,hiver,19,resort,819.9,nuageux,culture,2,retard_vol,1,1,déçu par l'organisation.,328.1084210526316,0.1315194271469957,1.0,0.0,1.0,1.0,1.0,1.0,0.0,26.28,11.89,84.0,14.7,90.0,-8.65,115.21667,Open-Meteo Historical Weather API,2024-12-01/2025-02-28,12.8,11.67,33.02,1.96,2160.0,Open-Meteo Air Quality API,2024-12-01/2025-02-28
1111,senior,1612.67,new york,hiver,6,appartement,1316.4,variable,randonnée,3,météo,0,0,peut mieux faire sur la logistique.,268.77833333333336,0.8162860349606553,0.0,1.0,0.0,0.0,1.0,0.0,1.0,0.0,2.34,32.0,16.49,90.0,40.71427,-74.00597,Open-Meteo Historical Weather API,2024-12-01/2025-02-28,14.23,13.56,43.36,0.34,2160.0,Open-Meteo Air Quality API,2024-12-01/2025-02-28
1112,famille,2741.84,lisbonne,printemps,5,villa,940.33,variable,randonnée,4,annulation,1,1,une expérience inoubliable.,548.368,0.3429558252852099,0.0,1.0,0.0,1.0,1.0,1.0,0.0,15.64,3.53,41.0,19.08,92.0,38.72509,-9.1498,Open-Meteo Historical Weather API,2025-03-01/2025-05-31,15.2,9.48,34.11,1.3,2208.0,Open-Meteo Air Quality API,2025-03-01/2025-05-31
1113,famille,4783.29,bali,été,6,villa,792.91,,culture,3,annulation,1,1,peut mieux faire sur la logistique.,797.215,0.1657666585132827,0.0,,0.0,1.0,1.0,1.0,0.0,25.53,3.21,49.0,18.92,92.0,-8.65,115.21667,Open-Meteo Historical Weather API,2025-06-01/2025-08-31,13.38,9.86,30.22,1.86,2208.0,Open-Meteo Air Quality API,2025-06-01/2025-08-31
1114,famille,11505.94,dubaï,automne,9,appartement,976.55,pluie,culture,5,retard_vol,1,1,très bon rapport qualité-prix.,1278.437777777778,0.0848735522695233,0.0,1.0,0.0,0.0,1.0,1.0,0.0,29.44,0.0,0.0,20.09,91.0,25.07725,55.30927,Open-Meteo Historical Weather API,2025-09-01/2025-11-30,80.53,41.8,60.89,1.56,2184.0,Open-Meteo Air Quality API,2025-09-01/2025-11-30
1115,business,6790.37,new york,automne,3,appartement,1208.24,ensoleillé,randonnée,1,annulation,1,1,très mauvaise expérience.,2263.4566666666665,0.1779343393658961,0.0,0.0,1.0,0.0,1.0,1.0,0.0,13.97,3.07,25.0,15.38,91.0,40.71427,-74.00597,Open-Meteo Historical Weather API,2025-09-01/2025-11-30,11.7,11.28,42.27,0.76,2184.0,Open-Meteo Air Quality API,2025-09-01/2025-11-30
1116,solo,4968.95,rome,hiver,9,villa,1043.67,nuageux,randonnée,4,aucun,0,1,excellent séjour.,552.1055555555555,0.2100383380794735,0.0,0.0,0.0,1.0,0.0,0.0,0.0,9.23,2.57,28.0,13.79,90.0,41.89193,12.51133,Open-Meteo Historical Weather API,2024-12-01/2025-02-28,20.56,17.01,40.29,0.27,2160.0,Open-Meteo Air Quality API,2024-12-01/2025-02-28
1117,business,11871.84,bali,hiver,7,villa,1127.17,ensoleillé,culture,3,retard_vol,1,1,peut mieux faire sur la logistique.,1695.9771428571428,0.0949448442701384,0.0,0.0,1.0,1.0,1.0,1.0,0.0,26.28,11.89,84.0,14.7,90.0,-8.65,115.21667,Open-Meteo Historical Weather API,2024-12-01/2025-02-28,12.8,11.67,33.02,1.96,2160.0,Open-Meteo Air Quality API,2024-12-01/2025-02-28
1118,business,13181.45,rome,automne,14,hôtel,1304.58,variable,culture,3,bagages,0,1,"quelques imprévus, globalement bien.",941.532142857143,0.0989709022907191,1.0,1.0,1.0,0.0,1.0,1.0,0.0,17.21,4.01,24.0,12.75,91.0,41.89193,12.51133,Open-Meteo Historical Weather API,2025-09-01/2025-11-30,13.51,9.22,34.28,0.79,2184.0,Open-Meteo Air Quality API,2025-09-01/2025-11-30
1119,couple,11988.21,tokyo,printemps,12,appartement,1408.09,variable,plage,1,météo,1,1,déçu par l'organisation.,999.0175,0.1174562340833201,0.0,1.0,0.0,0.0,1.0,0.0,1.0,14.52,6.04,44.0,15.33,92.0,35.6895,139.69171,Open-Meteo Historical Weather API,2025-03-01/2025-05-31,29.58,26.1,53.35,1.05,2208.0,Open-Meteo Air Quality API,2025-03-01/2025-05-31
1120,senior,3482.63,new york,automne,7,villa,1034.89,variable,gastronomie,3,météo,1,1,dans l'ensemble satisfaisant.,497.5185714285714,0.2971576078997769,0.0,1.0,0.0,1.0,1.0,0.0,1.0,13.97,3.07,25.0,15.38,91.0,40.71427,-74.00597,Open-Meteo Historical Weather API,2025-09-01/2025-11-30,11.7,11.28,42.27,0.76,2184.0,Open-Meteo Air Quality API,2025-09-01/2025-11-30
1121,business,4926.17,tokyo,été,13,resort,838.15,variable,business,5,bagages,0,1,"très satisfait, je recommande.",378.9361538461538,0.1701423215195577,0.0,1.0,1.0,1.0,1.0,1.0,0.0,27.71,2.91,31.0,13.49,92.0,35.6895,139.69171,Open-Meteo Historical Weather API,2025-06-01/2025-08-31,24.0,22.42,51.6,1.83,2208.0,Open-Meteo Air Quality API,2025-06-01/2025-08-31
1122,couple,14240.61,rome,hiver,14,appartement,1138.39,variable,plage,3,annulation,1,1,séjour correct mais perfectible.,1017.1864285714286,0.0799396935945861,1.0,1.0,0.0,0.0,1.0,1.0,0.0,9.23,2.57,28.0,13.79,90.0,41.89193,12.51133,Open-Meteo Historical Weather API,2024-12-01/2025-02-28,20.56,17.01,40.29,0.27,2160.0,Open-Meteo Air Quality API,2024-12-01/2025-02-28
1123,solo,7896.76,dubaï,automne,6,villa,1244.13,ensoleillé,business,1,bagages,0,1,de nombreux problèmes rencontrés.,1316.1266666666668,0.1575494253339344,0.0,0.0,0.0,1.0,1.0,1.0,0.0,29.44,0.0,0.0,20.09,91.0,25.07725,55.30927,Open-Meteo Historical Weather API,2025-09-01/2025-11-30,80.53,41.8,60.89,1.56,2184.0,Open-Meteo Air Quality API,2025-09-01/2025-11-30
1124,couple,5844.39,new york,hiver,7,villa,726.53,variable,plage,2,météo,0,1,à éviter.,834.9128571428572,0.1243123747730729,0.0,1.0,0.0,1.0,1.0,0.0,1.0,0.0,2.34,32.0,16.49,90.0,40.71427,-74.00597,Open-Meteo Historical Weather API,2024-12-01/2025-02-28,14.23,13.56,43.36,0.34,2160.0,Open-Meteo Air Quality API,2024-12-01/2025-02-28
1125,couple,9821.82,new york,printemps,3,villa,879.32,pluie,gastronomie,3,bagages,0,1,peut mieux faire sur la logistique.,3273.94,0.0895271955706783,0.0,1.0,0.0,1.0,1.0,1.0,0.0,12.04,4.75,36.0,17.46,92.0,40.71427,-74.00597,Open-Meteo Historical Weather API,2025-03-01/2025-05-31,11.88,11.05,41.24,1.07,2208.0,Open-Meteo Air Quality API,2025-03-01/2025-05-31
1126,famille,10987.44,new york,été,4,villa,925.26,nuageux,gastronomie,5,aucun,0,1,très bon rapport qualité-prix.,2746.86,0.0842106987614949,0.0,0.0,0.0,1.0,0.0,0.0,0.0,24.52,2.28,32.0,14.21,92.0,40.71427,-74.00597,Open-Meteo Historical Weather API,2025-06-01/2025-08-31,18.13,17.43,51.89,1.61,2208.0,Open-Meteo Air Quality API,2025-06-01/2025-08-31
1128,solo,7809.22,dubaï,été,10,resort,914.04,nuageux,business,5,météo,0,1,excellent séjour.,780.922,0.1170462607020931,0.0,0.0,0.0,1.0,1.0,0.0,1.0,35.27,0.0,0.0,22.79,92.0,25.07725,55.30927,Open-Meteo Historical Weather API,2025-06-01/2025-08-31,128.17,54.13,71.91,2.19,2208.0,Open-Meteo Air Quality API,2025-06-01/2025-08-31
1129,solo,10661.74,tokyo,été,5,appartement,1307.49,ensoleillé,gastronomie,4,annulation,1,1,"très satisfait, je recommande.",2132.348,0.1226338289997692,0.0,0.0,0.0,0.0,1.0,1.0,0.0,27.71,2.91,31.0,13.49,92.0,35.6895,139.69171,Open-Meteo Historical Weather API,2025-06-01/2025-08-31,24.0,22.42,51.6,1.83,2208.0,Open-Meteo Air Quality API,2025-06-01/2025-08-31
1130,business,2243.4,bali,automne,7,appartement,687.82,ensoleillé,business,2,bagages,0,1,déçu par l'organisation.,320.4857142857143,0.3065971293572256,0.0,0.0,1.0,0.0,1.0,1.0,0.0,26.3,6.82,61.0,14.71,91.0,-8.65,115.21667,Open-Meteo Historical Weather API,2025-09-01/2025-11-30,14.48,11.69,32.66,2.5,2184.0,Open-Meteo Air Quality API,2025-09-01/2025-11-30
1131,solo,6973.8,rome,automne,4,appartement,694.64,ensoleillé,randonnée,1,retard_vol,0,1,je ne recommande pas.,1743.45,0.0996071008632309,0.0,0.0,0.0,0.0,1.0,1.0,0.0,17.21,4.01,24.0,12.75,91.0,41.89193,12.51133,Open-Meteo Historical Weather API,2025-09-01/2025-11-30,13.51,9.22,34.28,0.79,2184.0,Open-Meteo Air Quality API,2025-09-01/2025-11-30
1132,senior,2428.55,new york,été,11,appartement,1028.52,nuageux,business,4,retard_vol,0,0,"très satisfait, je recommande.",220.77727272727276,0.4235119721644602,0.0,0.0,0.0,0.0,1.0,1.0,0.0,24.52,2.28,32.0,14.21,92.0,40.71427,-74.00597,Open-Meteo Historical Weather API,2025-06-01/2025-08-31,18.13,17.43,51.89,1.61,2208.0,Open-Meteo Air Quality API,2025-06-01/2025-08-31
1133,business,2956.24,new york,hiver,12,appartement,1070.93,variable,business,3,aucun,0,0,dans l'ensemble satisfaisant.,246.35333333333327,0.3622608448569805,0.0,1.0,1.0,0.0,0.0,0.0,0.0,0.0,2.34,32.0,16.49,90.0,40.71427,-74.00597,Open-Meteo Historical Weather API,2024-12-01/2025-02-28,14.23,13.56,43.36,0.34,2160.0,Open-Meteo Air Quality API,2024-12-01/2025-02-28
1134,solo,4652.45,bali,été,12,villa,,pluie,culture,5,retard_vol,1,1,"très satisfait, je recommande.",387.70416666666665,,0.0,1.0,0.0,1.0,1.0,1.0,0.0,25.53,3.21,49.0,18.92,92.0,-8.65,115.21667,Open-Meteo Historical Weather API,2025-06-01/2025-08-31,13.38,9.86,30.22,1.86,2208.0,Open-Meteo Air Quality API,2025-06-01/2025-08-31
1135,solo,8848.7,lisbonne,automne,10,resort,955.39,nuageux,plage,5,retard_vol,1,1,"très satisfait, je recommande.",884.8700000000001,0.1079695322476747,0.0,0.0,0.0,1.0,1.0,1.0,0.0,18.72,2.83,21.0,17.54,91.0,38.72509,-9.1498,Open-Meteo Historical Weather API,2025-09-01/2025-11-30,15.83,9.72,31.17,0.9,2184.0,Open-Meteo Air Quality API,2025-09-01/2025-11-30
1137,business,4308.28,paris,printemps,7,hôtel,1012.6,,culture,1,retard_vol,1,1,je ne recommande pas.,615.4685714285714,0.235035791545582,0.0,,1.0,0.0,1.0,1.0,0.0,12.44,1.18,26.0,14.07,92.0,48.85341,2.3488,Open-Meteo Historical Weather API,2025-03-01/2025-05-31,15.06,12.04,38.85,0.97,2208.0,Open-Meteo Air Quality API,2025-03-01/2025-05-31
1138,senior,7131.97,dubaï,printemps,8,hôtel,1158.7,ensoleillé,business,5,annulation,1,1,excellent séjour.,891.49625,0.1624656301134188,0.0,0.0,0.0,0.0,1.0,1.0,0.0,28.3,0.01,0.0,22.56,92.0,25.07725,55.30927,Open-Meteo Historical Weather API,2025-03-01/2025-05-31,70.72,36.99,63.06,2.2,2208.0,Open-Meteo Air Quality API,2025-03-01/2025-05-31
1140,senior,8653.79,lisbonne,été,10,appartement,1514.06,ensoleillé,,1,annulation,1,1,de nombreux problèmes rencontrés.,865.3790000000001,0.1749591797351218,0.0,0.0,0.0,0.0,1.0,1.0,0.0,23.39,0.06,1.0,17.22,92.0,38.72509,-9.1498,Open-Meteo Historical Weather API,2025-06-01/2025-08-31,19.54,10.92,32.89,2.16,2208.0,Open-Meteo Air Quality API,2025-06-01/2025-08-31
1141,business,11488.01,rome,printemps,17,resort,1248.84,pluie,plage,3,météo,1,1,séjour mitigé.,675.765294117647,0.1087081226426509,1.0,1.0,1.0,1.0,1.0,0.0,1.0,15.22,3.55,32.0,13.85,92.0,41.89193,12.51133,Open-Meteo Historical Weather API,2025-03-01/2025-05-31,15.93,11.65,37.47,1.19,2208.0,Open-Meteo Air Quality API,2025-03-01/2025-05-31
1142,famille,6604.49,bali,automne,14,villa,901.69,pluie,culture,1,retard_vol,1,1,je ne recommande pas.,471.7492857142857,0.1365268173621279,1.0,1.0,0.0,1.0,1.0,1.0,0.0,26.3,6.82,61.0,14.71,91.0,-8.65,115.21667,Open-Meteo Historical Weather API,2025-09-01/2025-11-30,14.48,11.69,32.66,2.5,2184.0,Open-Meteo Air Quality API,2025-09-01/2025-11-30
1143,business,6106.51,tokyo,automne,5,appartement,1143.33,pluie,business,3,aucun,0,1,séjour mitigé.,1221.302,0.187231331808185,0.0,1.0,1.0,0.0,0.0,0.0,0.0,18.79,4.52,34.0,12.27,91.0,35.6895,139.69171,Open-Meteo Historical Weather API,2025-09-01/2025-11-30,28.46,27.24,54.08,0.85,2184.0,Open-Meteo Air Quality API,2025-09-01/2025-11-30
1144,business,8430.46,bali,automne,13,hôtel,1151.24,variable,plage,2,météo,1,1,à éviter.,648.496923076923,0.1365571985395814,0.0,1.0,1.0,0.0,1.0,0.0,1.0,26.3,6.82,61.0,14.71,91.0,-8.65,115.21667,Open-Meteo Historical Weather API,2025-09-01/2025-11-30,14.48,11.69,32.66,2.5,2184.0,Open-Meteo Air Quality API,2025-09-01/2025-11-30
1146,solo,9089.52,new york,printemps,6,hôtel,3800.0,variable,business,3,météo,1,1,"quelques imprévus, globalement bien.",1514.92,0.4180638801608886,0.0,1.0,0.0,0.0,1.0,0.0,1.0,12.04,4.75,36.0,17.46,92.0,40.71427,-74.00597,Open-Meteo Historical Weather API,2025-03-01/2025-05-31,11.88,11.05,41.24,1.07,2208.0,Open-Meteo Air Quality API,2025-03-01/2025-05-31
1147,senior,19437.01,rome,automne,14,appartement,,pluie,plage,5,aucun,0,1,"très satisfait, je recommande.",1388.357857142857,,1.0,1.0,0.0,0.0,0.0,0.0,0.0,17.21,4.01,24.0,12.75,91.0,41.89193,12.51133,Open-Meteo Historical Weather API,2025-09-01/2025-11-30,13.51,9.22,34.28,0.79,2184.0,Open-Meteo Air Quality API,2025-09-01/2025-11-30
1148,couple,6429.12,new york,automne,9,resort,1129.22,variable,plage,2,retard_vol,1,1,je ne recommande pas.,714.3466666666667,0.1756414563735006,0.0,1.0,0.0,1.0,1.0,1.0,0.0,13.97,3.07,25.0,15.38,91.0,40.71427,-74.00597,Open-Meteo Historical Weather API,2025-09-01/2025-11-30,11.7,11.28,42.27,0.76,2184.0,Open-Meteo Air Quality API,2025-09-01/2025-11-30
1149,solo,6443.45,lisbonne,été,3,hôtel,1517.74,,culture,4,météo,1,1,"parfait, rien à redire.",2147.8166666666666,0.2355477267612847,0.0,,0.0,0.0,1.0,0.0,1.0,23.39,0.06,1.0,17.22,92.0,38.72509,-9.1498,Open-Meteo Historical Weather API,2025-06-01/2025-08-31,19.54,10.92,32.89,2.16,2208.0,Open-Meteo Air Quality API,2025-06-01/2025-08-31
1150,solo,,sydney,automne,12,hôtel,1463.96,variable,culture,5,météo,0,1,"très satisfait, je recommande.",,,0.0,1.0,0.0,0.0,1.0,0.0,1.0,19.17,1.74,22.0,21.07,91.0,-33.86785,151.20732,Open-Meteo Historical Weather API,2025-09-01/2025-11-30,10.98,9.17,34.45,1.63,2184.0,Open-Meteo Air Quality API,2025-09-01/2025-11-30
1151,couple,13561.27,new york,hiver,11,appartement,1170.79,variable,plage,4,météo,1,1,très bon rapport qualité-prix.,1232.8427272727274,0.0863333596337216,0.0,1.0,0.0,0.0,1.0,0.0,1.0,0.0,2.34,32.0,16.49,90.0,40.71427,-74.00597,Open-Meteo Historical Weather API,2024-12-01/2025-02-28,14.23,13.56,43.36,0.34,2160.0,Open-Meteo Air Quality API,2024-12-01/2025-02-28
1152,senior,10857.02,bali,automne,9,hôtel,1047.71,nuageux,business,2,retard_vol,1,1,à éviter.,1206.3355555555556,0.0965006972447319,0.0,0.0,0.0,0.0,1.0,1.0,0.0,26.3,6.82,61.0,14.71,91.0,-8.65,115.21667,Open-Meteo Historical Weather API,2025-09-01/2025-11-30,14.48,11.69,32.66,2.5,2184.0,Open-Meteo Air Quality API,2025-09-01/2025-11-30
1154,famille,9196.75,lisbonne,hiver,6,hôtel,1069.64,pluie,business,2,météo,1,1,très mauvaise expérience.,1532.7916666666667,0.1163063038573409,0.0,1.0,0.0,0.0,1.0,0.0,1.0,12.63,2.92,26.0,17.53,90.0,38.72509,-9.1498,Open-Meteo Historical Weather API,2024-12-01/2025-02-28,19.66,13.91,36.49,0.38,2160.0,Open-Meteo Air Quality API,2024-12-01/2025-02-28
1155,senior,17299.17,dubaï,été,13,appartement,1568.32,nuageux,business,2,retard_vol,0,1,à éviter.,1330.7053846153844,0.0906586847808305,0.0,0.0,0.0,0.0,1.0,1.0,0.0,35.27,0.0,0.0,22.79,92.0,25.07725,55.30927,Open-Meteo Historical Weather API,2025-06-01/2025-08-31,128.17,54.13,71.91,2.19,2208.0,Open-Meteo Air Quality API,2025-06-01/2025-08-31
1156,senior,9434.93,new york,hiver,10,appartement,1139.03,,culture,4,aucun,0,1,excellent séjour.,943.493,0.1207247960504211,0.0,,0.0,0.0,0.0,0.0,0.0,0.0,2.34,32.0,16.49,90.0,40.71427,-74.00597,Open-Meteo Historical Weather API,2024-12-01/2025-02-28,14.23,13.56,43.36,0.34,2160.0,Open-Meteo Air Quality API,2024-12-01/2025-02-28
1157,couple,2266.34,lisbonne,hiver,11,,1009.29,nuageux,gastronomie,2,bagages,0,0,de nombreux problèmes rencontrés.,206.0309090909091,0.4453391812349426,0.0,0.0,0.0,,1.0,1.0,0.0,12.63,2.92,26.0,17.53,90.0,38.72509,-9.1498,Open-Meteo Historical Weather API,2024-12-01/2025-02-28,19.66,13.91,36.49,0.38,2160.0,Open-Meteo Air Quality API,2024-12-01/2025-02-28
1158,senior,8060.9,rome,hiver,12,hôtel,,pluie,plage,2,aucun,0,1,très mauvaise expérience.,671.7416666666667,,0.0,1.0,0.0,0.0,0.0,0.0,0.0,9.23,2.57,28.0,13.79,90.0,41.89193,12.51133,Open-Meteo Historical Weather API,2024-12-01/2025-02-28,20.56,17.01,40.29,0.27,2160.0,Open-Meteo Air Quality API,2024-12-01/2025-02-28
1159,famille,1757.71,dubaï,printemps,28,,792.91,ensoleillé,gastronomie,5,météo,1,0,"parfait, rien à redire.",62.775357142857146,0.4511039932639627,1.0,0.0,0.0,,1.0,0.0,1.0,28.3,0.01,0.0,22.56,92.0,25.07725,55.30927,Open-Meteo Historical Weather API,2025-03-01/2025-05-31,70.72,36.99,63.06,2.2,2208.0,Open-Meteo Air Quality API,2025-03-01/2025-05-31
1160,senior,11897.13,rome,automne,5,villa,1267.16,ensoleillé,plage,4,aucun,0,1,,2379.426,0.1065097212521003,0.0,0.0,0.0,1.0,0.0,0.0,0.0,17.21,4.01,24.0,12.75,91.0,41.89193,12.51133,Open-Meteo Historical Weather API,2025-09-01/2025-11-30,13.51,9.22,34.28,0.79,2184.0,Open-Meteo Air Quality API,2025-09-01/2025-11-30
1161,business,3067.97,rome,hiver,3,hôtel,898.24,variable,culture,1,retard_vol,1,1,je ne recommande pas.,1022.6566666666666,0.2927799163616333,0.0,1.0,1.0,0.0,1.0,1.0,0.0,9.23,2.57,28.0,13.79,90.0,41.89193,12.51133,Open-Meteo Historical Weather API,2024-12-01/2025-02-28,20.56,17.01,40.29,0.27,2160.0,Open-Meteo Air Quality API,2024-12-01/2025-02-28
1162,business,7223.5,tokyo,été,13,hôtel,1412.3,,plage,2,météo,1,1,déçu par l'organisation.,555.6538461538462,0.1955146397175884,0.0,,1.0,0.0,1.0,0.0,1.0,27.71,2.91,31.0,13.49,92.0,35.6895,139.69171,Open-Meteo Historical Weather API,2025-06-01/2025-08-31,24.0,22.42,51.6,1.83,2208.0,Open-Meteo Air Quality API,2025-06-01/2025-08-31
1163,famille,3463.72,tokyo,automne,4,villa,,nuageux,,2,annulation,1,1,je ne recommande pas.,865.93,,0.0,0.0,0.0,1.0,1.0,1.0,0.0,18.79,4.52,34.0,12.27,91.0,35.6895,139.69171,Open-Meteo Historical Weather API,2025-09-01/2025-11-30,28.46,27.24,54.08,0.85,2184.0,Open-Meteo Air Quality API,2025-09-01/2025-11-30
1164,senior,4719.63,lisbonne,hiver,11,appartement,1152.1,,plage,5,météo,1,1,"parfait, rien à redire.",429.05727272727273,0.2441081186448937,0.0,,0.0,0.0,1.0,0.0,1.0,12.63,2.92,26.0,17.53,90.0,38.72509,-9.1498,Open-Meteo Historical Weather API,2024-12-01/2025-02-28,19.66,13.91,36.49,0.38,2160.0,Open-Meteo Air Quality API,2024-12-01/2025-02-28
1165,famille,12919.13,bali,hiver,12,hôtel,1426.26,nuageux,randonnée,5,retard_vol,1,1,très bon rapport qualité-prix.,1076.5941666666663,0.110399074860304,0.0,0.0,0.0,0.0,1.0,1.0,0.0,26.28,11.89,84.0,14.7,90.0,-8.65,115.21667,Open-Meteo Historical Weather API,2024-12-01/2025-02-28,12.8,11.67,33.02,1.96,2160.0,Open-Meteo Air Quality API,2024-12-01/2025-02-28
1166,couple,7341.35,sydney,automne,13,hôtel,541.2,variable,,4,météo,1,1,excellent séjour.,564.7192307692308,0.0737194112799417,0.0,1.0,0.0,0.0,1.0,0.0,1.0,19.17,1.74,22.0,21.07,91.0,-33.86785,151.20732,Open-Meteo Historical Weather API,2025-09-01/2025-11-30,10.98,9.17,34.45,1.63,2184.0,Open-Meteo Air Quality API,2025-09-01/2025-11-30
1167,famille,4668.18,dubaï,automne,4,appartement,1658.9,variable,,3,aucun,0,0,séjour correct mais perfectible.,1167.045,0.3553633321765655,0.0,1.0,0.0,0.0,0.0,0.0,0.0,29.44,0.0,0.0,20.09,91.0,25.07725,55.30927,Open-Meteo Historical Weather API,2025-09-01/2025-11-30,80.53,41.8,60.89,1.56,2184.0,Open-Meteo Air Quality API,2025-09-01/2025-11-30
1168,business,2304.15,new york,été,10,villa,1004.02,ensoleillé,culture,1,météo,0,0,déçu par l'organisation.,230.415,0.4357442006813792,0.0,0.0,1.0,1.0,1.0,0.0,1.0,24.52,2.28,32.0,14.21,92.0,40.71427,-74.00597,Open-Meteo Historical Weather API,2025-06-01/2025-08-31,18.13,17.43,51.89,1.61,2208.0,Open-Meteo Air Quality API,2025-06-01/2025-08-31
1170,senior,1876.33,tokyo,hiver,18,villa,1271.15,nuageux,business,1,météo,1,0,à éviter.,104.24055555555556,0.6774661173674141,1.0,0.0,0.0,1.0,1.0,0.0,1.0,6.08,0.56,8.0,14.28,90.0,35.6895,139.69171,Open-Meteo Historical Weather API,2024-12-01/2025-02-28,31.02,30.0,55.43,0.51,2160.0,Open-Meteo Air Quality API,2024-12-01/2025-02-28
1171,business,7375.64,tokyo,printemps,15,appartement,1312.6,pluie,business,4,bagages,0,1,une expérience inoubliable.,491.70933333333335,0.177964217342495,1.0,1.0,1.0,0.0,1.0,1.0,0.0,14.52,6.04,44.0,15.33,92.0,35.6895,139.69171,Open-Meteo Historical Weather API,2025-03-01/2025-05-31,29.58,26.1,53.35,1.05,2208.0,Open-Meteo Air Quality API,2025-03-01/2025-05-31
1172,famille,10878.26,rome,automne,12,,1191.4,nuageux,randonnée,1,retard_vol,1,1,à éviter.,906.5216666666666,0.1095211918082487,0.0,0.0,0.0,,1.0,1.0,0.0,17.21,4.01,24.0,12.75,91.0,41.89193,12.51133,Open-Meteo Historical Weather API,2025-09-01/2025-11-30,13.51,9.22,34.28,0.79,2184.0,Open-Meteo Air Quality API,2025-09-01/2025-11-30
1173,famille,,bali,printemps,5,appartement,1385.3,,culture,4,bagages,0,1,très bon rapport qualité-prix.,,,0.0,,0.0,0.0,1.0,1.0,0.0,26.99,6.49,65.0,13.72,92.0,-8.65,115.21667,Open-Meteo Historical Weather API,2025-03-01/2025-05-31,12.14,10.4,31.68,2.19,2208.0,Open-Meteo Air Quality API,2025-03-01/2025-05-31
1174,famille,13259.57,lisbonne,automne,13,resort,1257.11,nuageux,gastronomie,5,météo,1,1,une expérience inoubliable.,1019.9669230769232,0.0948077501759106,0.0,0.0,0.0,1.0,1.0,0.0,1.0,18.72,2.83,21.0,17.54,91.0,38.72509,-9.1498,Open-Meteo Historical Weather API,2025-09-01/2025-11-30,15.83,9.72,31.17,0.9,2184.0,Open-Meteo Air Quality API,2025-09-01/2025-11-30
1175,business,4029.6,new york,été,9,resort,1589.92,pluie,plage,2,aucun,0,0,très mauvaise expérience.,447.73333333333335,0.3945602541195156,0.0,1.0,1.0,1.0,0.0,0.0,0.0,24.52,2.28,32.0,14.21,92.0,40.71427,-74.00597,Open-Meteo Historical Weather API,2025-06-01/2025-08-31,18.13,17.43,51.89,1.61,2208.0,Open-Meteo Air Quality API,2025-06-01/2025-08-31
1176,business,5963.86,bali,automne,13,hôtel,1257.98,nuageux,gastronomie,4,retard_vol,1,1,"très satisfait, je recommande.",458.7584615384615,0.2109338582729977,0.0,0.0,1.0,0.0,1.0,1.0,0.0,26.3,6.82,61.0,14.71,91.0,-8.65,115.21667,Open-Meteo Historical Weather API,2025-09-01/2025-11-30,14.48,11.69,32.66,2.5,2184.0,Open-Meteo Air Quality API,2025-09-01/2025-11-30
1177,couple,2568.99,rome,été,7,resort,1644.52,nuageux,plage,4,retard_vol,1,0,très bon rapport qualité-prix.,366.9985714285714,0.6401426241441189,0.0,0.0,0.0,1.0,1.0,1.0,0.0,27.22,1.32,16.0,14.95,92.0,41.89193,12.51133,Open-Meteo Historical Weather API,2025-06-01/2025-08-31,15.45,9.67,40.74,2.01,2208.0,Open-Meteo Air Quality API,2025-06-01/2025-08-31
1178,senior,10920.73,new york,printemps,9,villa,1359.49,variable,business,3,bagages,0,1,séjour mitigé.,1213.4144444444444,0.1244870993056325,0.0,1.0,0.0,1.0,1.0,1.0,0.0,12.04,4.75,36.0,17.46,92.0,40.71427,-74.00597,Open-Meteo Historical Weather API,2025-03-01/2025-05-31,11.88,11.05,41.24,1.07,2208.0,Open-Meteo Air Quality API,2025-03-01/2025-05-31
1179,famille,,dubaï,printemps,11,hôtel,634.06,pluie,business,2,retard_vol,1,1,à éviter.,,,0.0,1.0,0.0,0.0,1.0,1.0,0.0,28.3,0.01,0.0,22.56,92.0,25.07725,55.30927,Open-Meteo Historical Weather API,2025-03-01/2025-05-31,70.72,36.99,63.06,2.2,2208.0,Open-Meteo Air Quality API,2025-03-01/2025-05-31
1180,business,,bali,printemps,11,appartement,1817.78,,business,2,bagages,0,0,à éviter.,,,0.0,,1.0,0.0,1.0,1.0,0.0,26.99,6.49,65.0,13.72,92.0,-8.65,115.21667,Open-Meteo Historical Weather API,2025-03-01/2025-05-31,12.14,10.4,31.68,2.19,2208.0,Open-Meteo Air Quality API,2025-03-01/2025-05-31
1181,senior,,dubaï,automne,12,appartement,964.08,variable,,3,retard_vol,1,1,"quelques imprévus, globalement bien.",,,0.0,1.0,0.0,0.0,1.0,1.0,0.0,29.44,0.0,0.0,20.09,91.0,25.07725,55.30927,Open-Meteo Historical Weather API,2025-09-01/2025-11-30,80.53,41.8,60.89,1.56,2184.0,Open-Meteo Air Quality API,2025-09-01/2025-11-30
1182,business,12026.12,new york,hiver,7,appartement,1518.81,variable,culture,5,aucun,0,1,excellent séjour.,1718.017142857143,0.1262926031005843,0.0,1.0,1.0,0.0,0.0,0.0,0.0,0.0,2.34,32.0,16.49,90.0,40.71427,-74.00597,Open-Meteo Historical Weather API,2024-12-01/2025-02-28,14.23,13.56,43.36,0.34,2160.0,Open-Meteo Air Quality API,2024-12-01/2025-02-28
1185,famille,11851.42,new york,hiver,21,,933.49,ensoleillé,plage,3,bagages,0,1,dans l'ensemble satisfaisant.,564.3533333333334,0.0787660887893602,1.0,0.0,0.0,,1.0,1.0,0.0,0.0,2.34,32.0,16.49,90.0,40.71427,-74.00597,Open-Meteo Historical Weather API,2024-12-01/2025-02-28,14.23,13.56,43.36,0.34,2160.0,Open-Meteo Air Quality API,2024-12-01/2025-02-28
1186,couple,7239.58,rome,automne,12,hôtel,1285.7,pluie,culture,4,annulation,0,1,une expérience inoubliable.,603.2983333333333,0.1775931752946994,0.0,1.0,0.0,0.0,1.0,1.0,0.0,17.21,4.01,24.0,12.75,91.0,41.89193,12.51133,Open-Meteo Historical Weather API,2025-09-01/2025-11-30,13.51,9.22,34.28,0.79,2184.0,Open-Meteo Air Quality API,2025-09-01/2025-11-30
1187,famille,9143.76,bali,printemps,3,appartement,1050.14,ensoleillé,randonnée,1,aucun,0,1,de nombreux problèmes rencontrés.,3047.92,0.1148477212875228,0.0,0.0,0.0,0.0,0.0,0.0,0.0,26.99,6.49,65.0,13.72,92.0,-8.65,115.21667,Open-Meteo Historical Weather API,2025-03-01/2025-05-31,12.14,10.4,31.68,2.19,2208.0,Open-Meteo Air Quality API,2025-03-01/2025-05-31
1188,solo,14027.48,dubaï,automne,6,appartement,1541.17,pluie,randonnée,4,aucun,0,1,"très satisfait, je recommande.",2337.9133333333334,0.1098679164040868,0.0,1.0,0.0,0.0,0.0,0.0,0.0,29.44,0.0,0.0,20.09,91.0,25.07725,55.30927,Open-Meteo Historical Weather API,2025-09-01/2025-11-30,80.53,41.8,60.89,1.56,2184.0,Open-Meteo Air Quality API,2025-09-01/2025-11-30
1189,business,14783.95,new york,hiver,12,resort,1235.56,ensoleillé,plage,3,aucun,0,1,séjour mitigé.,1231.9958333333334,0.0835744168507063,0.0,0.0,1.0,1.0,0.0,0.0,0.0,0.0,2.34,32.0,16.49,90.0,40.71427,-74.00597,Open-Meteo Historical Weather API,2024-12-01/2025-02-28,14.23,13.56,43.36,0.34,2160.0,Open-Meteo Air Quality API,2024-12-01/2025-02-28
1190,business,6674.02,rome,été,35,hôtel,1368.83,nuageux,culture,2,météo,1,1,de nombreux problèmes rencontrés.,190.68628571428573,0.2050982766009091,1.0,0.0,1.0,0.0,1.0,0.0,1.0,27.22,1.32,16.0,14.95,92.0,41.89193,12.51133,Open-Meteo Historical Weather API,2025-06-01/2025-08-31,15.45,9.67,40.74,2.01,2208.0,Open-Meteo Air Quality API,2025-06-01/2025-08-31
1191,senior,4776.39,lisbonne,printemps,4,resort,538.03,variable,plage,3,aucun,0,1,"quelques imprévus, globalement bien.",1194.0975,0.1126436492832452,0.0,1.0,0.0,1.0,0.0,0.0,0.0,15.64,3.53,41.0,19.08,92.0,38.72509,-9.1498,Open-Meteo Historical Weather API,2025-03-01/2025-05-31,15.2,9.48,34.11,1.3,2208.0,Open-Meteo Air Quality API,2025-03-01/2025-05-31
1192,couple,,paris,printemps,9,appartement,1095.07,nuageux,plage,2,retard_vol,1,1,de nombreux problèmes rencontrés.,,,0.0,0.0,0.0,0.0,1.0,1.0,0.0,12.44,1.18,26.0,14.07,92.0,48.85341,2.3488,Open-Meteo Historical Weather API,2025-03-01/2025-05-31,15.06,12.04,38.85,0.97,2208.0,Open-Meteo Air Quality API,2025-03-01/2025-05-31
1193,business,10865.07,new york,automne,11,appartement,1228.03,variable,plage,4,retard_vol,0,1,une expérience inoubliable.,987.7336363636364,0.1130255028269491,0.0,1.0,1.0,0.0,1.0,1.0,0.0,13.97,3.07,25.0,15.38,91.0,40.71427,-74.00597,Open-Meteo Historical Weather API,2025-09-01/2025-11-30,11.7,11.28,42.27,0.76,2184.0,Open-Meteo Air Quality API,2025-09-01/2025-11-30
1194,couple,1390.26,lisbonne,automne,14,hôtel,1177.93,variable,randonnée,2,annulation,0,0,déçu par l'organisation.,99.30428571428573,0.847273171924676,1.0,1.0,0.0,0.0,1.0,1.0,0.0,18.72,2.83,21.0,17.54,91.0,38.72509,-9.1498,Open-Meteo Historical Weather API,2025-09-01/2025-11-30,15.83,9.72,31.17,0.9,2184.0,Open-Meteo Air Quality API,2025-09-01/2025-11-30
1196,business,7338.25,sydney,hiver,3,villa,1019.94,ensoleillé,randonnée,1,retard_vol,1,1,,2446.083333333333,0.138989541103124,0.0,0.0,1.0,1.0,1.0,1.0,0.0,22.44,3.42,39.0,20.67,90.0,-33.86785,151.20732,Open-Meteo Historical Weather API,2024-12-01/2025-02-28,12.57,9.86,34.15,2.24,2160.0,Open-Meteo Air Quality API,2024-12-01/2025-02-28
1197,senior,,new york,printemps,13,hôtel,1131.07,variable,culture,5,aucun,0,1,une expérience inoubliable.,,,0.0,1.0,0.0,0.0,0.0,0.0,0.0,12.04,4.75,36.0,17.46,92.0,40.71427,-74.00597,Open-Meteo Historical Weather API,2025-03-01/2025-05-31,11.88,11.05,41.24,1.07,2208.0,Open-Meteo Air Quality API,2025-03-01/2025-05-31
1198,business,8052.79,sydney,été,16,villa,1434.57,ensoleillé,culture,5,bagages,0,1,excellent séjour.,503.299375,0.1781457109896073,1.0,0.0,1.0,1.0,1.0,1.0,0.0,12.22,4.06,27.0,18.74,92.0,-33.86785,151.20732,Open-Meteo Historical Weather API,2025-06-01/2025-08-31,10.19,9.26,31.56,0.49,2208.0,Open-Meteo Air Quality API,2025-06-01/2025-08-31
1199,famille,17269.25,new york,printemps,9,hôtel,507.31,nuageux,randonnée,3,aucun,0,1,peut mieux faire sur la logistique.,1918.805555555556,0.0293764928992283,0.0,0.0,0.0,0.0,0.0,0.0,0.0,12.04,4.75,36.0,17.46,92.0,40.71427,-74.00597,Open-Meteo Historical Weather API,2025-03-01/2025-05-31,11.88,11.05,41.24,1.07,2208.0,Open-Meteo Air Quality API,2025-03-01/2025-05-31
1200,business,6433.47,dubaï,automne,12,villa,1275.95,variable,business,5,aucun,0,1,excellent séjour.,536.1225000000001,0.1983299836635594,0.0,1.0,1.0,1.0,0.0,0.0,0.0,29.44,0.0,0.0,20.09,91.0,25.07725,55.30927,Open-Meteo Historical Weather API,2025-09-01/2025-11-30,80.53,41.8,60.89,1.56,2184.0,Open-Meteo Air Quality API,2025-09-01/2025-11-30
1201,famille,5167.57,rome,été,8,villa,1028.52,pluie,culture,5,aucun,0,1,"parfait, rien à redire.",645.94625,0.1990335883210097,0.0,1.0,0.0,1.0,0.0,0.0,0.0,27.22,1.32,16.0,14.95,92.0,41.89193,12.51133,Open-Meteo Historical Weather API,2025-06-01/2025-08-31,15.45,9.67,40.74,2.01,2208.0,Open-Meteo Air Quality API,2025-06-01/2025-08-31
1202,senior,11019.85,dubaï,été,6,hôtel,873.5,nuageux,,5,annulation,0,1,excellent séjour.,1836.6416666666669,0.0792660517157674,0.0,0.0,0.0,0.0,1.0,1.0,0.0,35.27,0.0,0.0,22.79,92.0,25.07725,55.30927,Open-Meteo Historical Weather API,2025-06-01/2025-08-31,128.17,54.13,71.91,2.19,2208.0,Open-Meteo Air Quality API,2025-06-01/2025-08-31
1203,business,7890.48,rome,automne,15,,1208.19,nuageux,plage,5,aucun,0,1,excellent séjour.,526.0319999999999,0.1531199622836633,1.0,0.0,1.0,,0.0,0.0,0.0,17.21,4.01,24.0,12.75,91.0,41.89193,12.51133,Open-Meteo Historical Weather API,2025-09-01/2025-11-30,13.51,9.22,34.28,0.79,2184.0,Open-Meteo Air Quality API,2025-09-01/2025-11-30
1204,couple,12730.28,lisbonne,été,12,villa,1446.96,variable,,3,retard_vol,1,1,peut mieux faire sur la logistique.,1060.8566666666668,0.1136628573762713,0.0,1.0,0.0,1.0,1.0,1.0,0.0,23.39,0.06,1.0,17.22,92.0,38.72509,-9.1498,Open-Meteo Historical Weather API,2025-06-01/2025-08-31,19.54,10.92,32.89,2.16,2208.0,Open-Meteo Air Quality API,2025-06-01/2025-08-31
1205,famille,7588.35,rome,hiver,12,villa,1396.49,pluie,business,4,annulation,0,1,,632.3625000000001,0.184030784030784,0.0,1.0,0.0,1.0,1.0,1.0,0.0,9.23,2.57,28.0,13.79,90.0,41.89193,12.51133,Open-Meteo Historical Weather API,2024-12-01/2025-02-28,20.56,17.01,40.29,0.27,2160.0,Open-Meteo Air Quality API,2024-12-01/2025-02-28
1206,couple,5921.86,rome,hiver,17,villa,1081.79,nuageux,culture,2,annulation,0,1,déçu par l'organisation.,348.3447058823529,0.1826774020324695,1.0,0.0,0.0,1.0,1.0,1.0,0.0,9.23,2.57,28.0,13.79,90.0,41.89193,12.51133,Open-Meteo Historical Weather API,2024-12-01/2025-02-28,20.56,17.01,40.29,0.27,2160.0,Open-Meteo Air Quality API,2024-12-01/2025-02-28
1210,business,8454.25,dubaï,printemps,7,appartement,932.25,pluie,culture,4,aucun,0,1,,1207.75,0.1102699825531537,0.0,1.0,1.0,0.0,0.0,0.0,0.0,28.3,0.01,0.0,22.56,92.0,25.07725,55.30927,Open-Meteo Historical Weather API,2025-03-01/2025-05-31,70.72,36.99,63.06,2.2,2208.0,Open-Meteo Air Quality API,2025-03-01/2025-05-31
1211,solo,1428.69,rome,automne,14,appartement,947.76,variable,gastronomie,4,retard_vol,1,0,"très satisfait, je recommande.",102.04928571428572,0.6633769397140037,1.0,1.0,0.0,0.0,1.0,1.0,0.0,17.21,4.01,24.0,12.75,91.0,41.89193,12.51133,Open-Meteo Historical Weather API,2025-09-01/2025-11-30,13.51,9.22,34.28,0.79,2184.0,Open-Meteo Air Quality API,2025-09-01/2025-11-30
1212,famille,11989.0,rome,automne,9,appartement,1342.54,ensoleillé,culture,1,météo,1,1,à éviter.,1332.111111111111,0.1119809825673534,0.0,0.0,0.0,0.0,1.0,0.0,1.0,17.21,4.01,24.0,12.75,91.0,41.89193,12.51133,Open-Meteo Historical Weather API,2025-09-01/2025-11-30,13.51,9.22,34.28,0.79,2184.0,Open-Meteo Air Quality API,2025-09-01/2025-11-30
1213,senior,7046.01,new york,été,5,appartement,1106.7,ensoleillé,plage,5,météo,1,1,excellent séjour.,1409.202,0.1570676169917442,0.0,0.0,0.0,0.0,1.0,0.0,1.0,24.52,2.28,32.0,14.21,92.0,40.71427,-74.00597,Open-Meteo Historical Weather API,2025-06-01/2025-08-31,18.13,17.43,51.89,1.61,2208.0,Open-Meteo Air Quality API,2025-06-01/2025-08-31
1214,couple,5938.95,rome,printemps,10,hôtel,837.62,ensoleillé,randonnée,4,aucun,0,1,une expérience inoubliable.,593.895,0.141038399043602,0.0,0.0,0.0,0.0,0.0,0.0,0.0,15.22,3.55,32.0,13.85,92.0,41.89193,12.51133,Open-Meteo Historical Weather API,2025-03-01/2025-05-31,15.93,11.65,37.47,1.19,2208.0,Open-Meteo Air Quality API,2025-03-01/2025-05-31
1216,business,9434.19,paris,été,15,hôtel,1340.93,ensoleillé,culture,5,aucun,0,1,excellent séjour.,628.946,0.1421351488575065,1.0,0.0,1.0,0.0,0.0,0.0,0.0,21.05,2.58,30.0,14.41,92.0,48.85341,2.3488,Open-Meteo Historical Weather API,2025-06-01/2025-08-31,10.28,6.83,31.49,1.5,2208.0,Open-Meteo Air Quality API,2025-06-01/2025-08-31
1218,senior,2948.99,bali,été,12,villa,,variable,randonnée,5,aucun,0,0,une expérience inoubliable.,245.74916666666664,,0.0,1.0,0.0,1.0,0.0,0.0,0.0,25.53,3.21,49.0,18.92,92.0,-8.65,115.21667,Open-Meteo Historical Weather API,2025-06-01/2025-08-31,13.38,9.86,30.22,1.86,2208.0,Open-Meteo Air Quality API,2025-06-01/2025-08-31
1219,famille,,paris,été,12,appartement,1450.24,ensoleillé,randonnée,1,bagages,0,1,de nombreux problèmes rencontrés.,,,0.0,0.0,0.0,0.0,1.0,1.0,0.0,21.05,2.58,30.0,14.41,92.0,48.85341,2.3488,Open-Meteo Historical Weather API,2025-06-01/2025-08-31,10.28,6.83,31.49,1.5,2208.0,Open-Meteo Air Quality API,2025-06-01/2025-08-31
1220,solo,8354.54,new york,hiver,9,appartement,767.21,pluie,business,2,retard_vol,1,1,déçu par l'organisation.,928.2822222222223,0.0918315071805269,0.0,1.0,0.0,0.0,1.0,1.0,0.0,0.0,2.34,32.0,16.49,90.0,40.71427,-74.00597,Open-Meteo Historical Weather API,2024-12-01/2025-02-28,14.23,13.56,43.36,0.34,2160.0,Open-Meteo Air Quality API,2024-12-01/2025-02-28
1221,solo,5976.29,new york,hiver,6,resort,1105.9,nuageux,gastronomie,5,aucun,0,1,une expérience inoubliable.,996.0483333333332,0.1850479143415062,0.0,0.0,0.0,1.0,0.0,0.0,0.0,0.0,2.34,32.0,16.49,90.0,40.71427,-74.00597,Open-Meteo Historical Weather API,2024-12-01/2025-02-28,14.23,13.56,43.36,0.34,2160.0,Open-Meteo Air Quality API,2024-12-01/2025-02-28
1222,solo,9511.54,paris,printemps,11,villa,1072.25,variable,gastronomie,5,aucun,0,1,"parfait, rien à redire.",864.6854545454546,0.1127314819682196,0.0,1.0,0.0,1.0,0.0,0.0,0.0,12.44,1.18,26.0,14.07,92.0,48.85341,2.3488,Open-Meteo Historical Weather API,2025-03-01/2025-05-31,15.06,12.04,38.85,0.97,2208.0,Open-Meteo Air Quality API,2025-03-01/2025-05-31
1223,famille,,bali,automne,8,villa,1219.77,nuageux,culture,1,météo,1,1,déçu par l'organisation.,,,0.0,0.0,0.0,1.0,1.0,0.0,1.0,26.3,6.82,61.0,14.71,91.0,-8.65,115.21667,Open-Meteo Historical Weather API,2025-09-01/2025-11-30,14.48,11.69,32.66,2.5,2184.0,Open-Meteo Air Quality API,2025-09-01/2025-11-30
1224,famille,8469.08,lisbonne,été,18,appartement,1450.09,nuageux,gastronomie,2,aucun,0,1,à éviter.,470.50444444444446,0.1712216675246898,1.0,0.0,0.0,0.0,0.0,0.0,0.0,23.39,0.06,1.0,17.22,92.0,38.72509,-9.1498,Open-Meteo Historical Weather API,2025-06-01/2025-08-31,19.54,10.92,32.89,2.16,2208.0,Open-Meteo Air Quality API,2025-06-01/2025-08-31
1225,couple,,new york,hiver,17,hôtel,761.71,ensoleillé,culture,1,météo,1,1,très mauvaise expérience.,,,1.0,0.0,0.0,0.0,1.0,0.0,1.0,0.0,2.34,32.0,16.49,90.0,40.71427,-74.00597,Open-Meteo Historical Weather API,2024-12-01/2025-02-28,14.23,13.56,43.36,0.34,2160.0,Open-Meteo Air Quality API,2024-12-01/2025-02-28
1226,couple,15275.99,tokyo,automne,13,resort,1270.71,pluie,gastronomie,2,bagages,0,1,je ne recommande pas.,1175.0761538461538,0.0831834794340661,0.0,1.0,0.0,1.0,1.0,1.0,0.0,18.79,4.52,34.0,12.27,91.0,35.6895,139.69171,Open-Meteo Historical Weather API,2025-09-01/2025-11-30,28.46,27.24,54.08,0.85,2184.0,Open-Meteo Air Quality API,2025-09-01/2025-11-30
1227,solo,4585.81,tokyo,été,12,appartement,1394.45,,business,5,retard_vol,1,1,"très satisfait, je recommande.",382.15083333333337,0.3040793229549414,0.0,,0.0,0.0,1.0,1.0,0.0,27.71,2.91,31.0,13.49,92.0,35.6895,139.69171,Open-Meteo Historical Weather API,2025-06-01/2025-08-31,24.0,22.42,51.6,1.83,2208.0,Open-Meteo Air Quality API,2025-06-01/2025-08-31
1228,business,13200.97,rome,été,9,villa,1068.05,ensoleillé,business,2,aucun,0,1,,1466.7744444444445,0.0809069333541398,0.0,0.0,1.0,1.0,0.0,0.0,0.0,27.22,1.32,16.0,14.95,92.0,41.89193,12.51133,Open-Meteo Historical Weather API,2025-06-01/2025-08-31,15.45,9.67,40.74,2.01,2208.0,Open-Meteo Air Quality API,2025-06-01/2025-08-31
1229,business,6162.1,sydney,automne,4,,1081.16,nuageux,business,3,retard_vol,1,1,peut mieux faire sur la logistique.,1540.525,0.1754531734311355,0.0,0.0,1.0,,1.0,1.0,0.0,19.17,1.74,22.0,21.07,91.0,-33.86785,151.20732,Open-Meteo Historical Weather API,2025-09-01/2025-11-30,10.98,9.17,34.45,1.63,2184.0,Open-Meteo Air Quality API,2025-09-01/2025-11-30
1230,solo,10179.83,lisbonne,hiver,9,hôtel,1230.14,variable,culture,5,météo,1,1,excellent séjour.,1131.0922222222223,0.1208409177756406,0.0,1.0,0.0,0.0,1.0,0.0,1.0,12.63,2.92,26.0,17.53,90.0,38.72509,-9.1498,Open-Meteo Historical Weather API,2024-12-01/2025-02-28,19.66,13.91,36.49,0.38,2160.0,Open-Meteo Air Quality API,2024-12-01/2025-02-28
1231,solo,9885.86,lisbonne,printemps,10,villa,1210.41,ensoleillé,gastronomie,5,bagages,0,1,"très satisfait, je recommande.",988.586,0.1224385131895454,0.0,0.0,0.0,1.0,1.0,1.0,0.0,15.64,3.53,41.0,19.08,92.0,38.72509,-9.1498,Open-Meteo Historical Weather API,2025-03-01/2025-05-31,15.2,9.48,34.11,1.3,2208.0,Open-Meteo Air Quality API,2025-03-01/2025-05-31
1232,couple,11550.4,rome,été,11,appartement,1274.07,ensoleillé,culture,2,aucun,0,1,de nombreux problèmes rencontrés.,1050.0363636363636,0.110305270813132,0.0,0.0,0.0,0.0,0.0,0.0,0.0,27.22,1.32,16.0,14.95,92.0,41.89193,12.51133,Open-Meteo Historical Weather API,2025-06-01/2025-08-31,15.45,9.67,40.74,2.01,2208.0,Open-Meteo Air Quality API,2025-06-01/2025-08-31
1234,couple,11263.11,rome,été,15,resort,854.83,nuageux,culture,2,annulation,0,1,déçu par l'organisation.,750.874,0.0758964442325432,1.0,0.0,0.0,1.0,1.0,1.0,0.0,27.22,1.32,16.0,14.95,92.0,41.89193,12.51133,Open-Meteo Historical Weather API,2025-06-01/2025-08-31,15.45,9.67,40.74,2.01,2208.0,Open-Meteo Air Quality API,2025-06-01/2025-08-31
1235,famille,14372.54,bali,printemps,6,appartement,1383.39,ensoleillé,culture,2,aucun,0,1,de nombreux problèmes rencontrés.,2395.4233333333336,0.0962522977845252,0.0,0.0,0.0,0.0,0.0,0.0,0.0,26.99,6.49,65.0,13.72,92.0,-8.65,115.21667,Open-Meteo Historical Weather API,2025-03-01/2025-05-31,12.14,10.4,31.68,2.19,2208.0,Open-Meteo Air Quality API,2025-03-01/2025-05-31
1236,solo,5880.43,bali,hiver,6,villa,1430.7,nuageux,culture,3,aucun,0,1,"quelques imprévus, globalement bien.",980.0716666666668,0.2432985342908596,0.0,0.0,0.0,1.0,0.0,0.0,0.0,26.28,11.89,84.0,14.7,90.0,-8.65,115.21667,Open-Meteo Historical Weather API,2024-12-01/2025-02-28,12.8,11.67,33.02,1.96,2160.0,Open-Meteo Air Quality API,2024-12-01/2025-02-28
1237,solo,7064.0,new york,printemps,17,resort,1167.87,ensoleillé,culture,4,météo,1,1,"très satisfait, je recommande.",415.52941176470586,0.1653270101925254,1.0,0.0,0.0,1.0,1.0,0.0,1.0,12.04,4.75,36.0,17.46,92.0,40.71427,-74.00597,Open-Meteo Historical Weather API,2025-03-01/2025-05-31,11.88,11.05,41.24,1.07,2208.0,Open-Meteo Air Quality API,2025-03-01/2025-05-31
1238,couple,4812.42,rome,printemps,14,villa,717.57,nuageux,culture,4,bagages,0,1,une expérience inoubliable.,343.7442857142857,0.149107933222786,1.0,0.0,0.0,1.0,1.0,1.0,0.0,15.22,3.55,32.0,13.85,92.0,41.89193,12.51133,Open-Meteo Historical Weather API,2025-03-01/2025-05-31,15.93,11.65,37.47,1.19,2208.0,Open-Meteo Air Quality API,2025-03-01/2025-05-31
1239,solo,5526.48,lisbonne,hiver,8,villa,1087.25,pluie,plage,2,retard_vol,0,1,je ne recommande pas.,690.81,0.1967346303614597,0.0,1.0,0.0,1.0,1.0,1.0,0.0,12.63,2.92,26.0,17.53,90.0,38.72509,-9.1498,Open-Meteo Historical Weather API,2024-12-01/2025-02-28,19.66,13.91,36.49,0.38,2160.0,Open-Meteo Air Quality API,2024-12-01/2025-02-28
1240,solo,13827.88,paris,hiver,9,hôtel,1170.1,pluie,gastronomie,4,retard_vol,1,1,excellent séjour.,1536.431111111111,0.0846189003665059,0.0,1.0,0.0,0.0,1.0,1.0,0.0,4.95,2.61,35.0,15.72,90.0,48.85341,2.3488,Open-Meteo Historical Weather API,2024-12-01/2025-02-28,20.98,17.57,45.01,0.13,2160.0,Open-Meteo Air Quality API,2024-12-01/2025-02-28
1241,business,2872.92,paris,automne,9,hôtel,811.25,ensoleillé,culture,3,annulation,1,1,dans l'ensemble satisfaisant.,319.21333333333337,0.2823782075379752,0.0,0.0,1.0,0.0,1.0,1.0,0.0,12.33,2.12,33.0,16.01,91.0,48.85341,2.3488,Open-Meteo Historical Weather API,2025-09-01/2025-11-30,12.19,8.6,34.88,0.44,2184.0,Open-Meteo Air Quality API,2025-09-01/2025-11-30
1242,business,3123.49,lisbonne,printemps,10,villa,1021.48,variable,,2,annulation,1,1,très mauvaise expérience.,312.349,0.3270316216795956,0.0,1.0,1.0,1.0,1.0,1.0,0.0,15.64,3.53,41.0,19.08,92.0,38.72509,-9.1498,Open-Meteo Historical Weather API,2025-03-01/2025-05-31,15.2,9.48,34.11,1.3,2208.0,Open-Meteo Air Quality API,2025-03-01/2025-05-31
1244,couple,9443.43,bali,hiver,21,hôtel,1280.75,pluie,culture,4,retard_vol,1,1,excellent séjour.,449.6871428571429,0.1356233910771827,1.0,1.0,0.0,0.0,1.0,1.0,0.0,26.28,11.89,84.0,14.7,90.0,-8.65,115.21667,Open-Meteo Historical Weather API,2024-12-01/2025-02-28,12.8,11.67,33.02,1.96,2160.0,Open-Meteo Air Quality API,2024-12-01/2025-02-28
1245,business,15477.57,new york,printemps,11,appartement,1162.48,nuageux,plage,4,retard_vol,0,1,très bon rapport qualité-prix.,1407.051818181818,0.0751073973498423,0.0,0.0,1.0,0.0,1.0,1.0,0.0,12.04,4.75,36.0,17.46,92.0,40.71427,-74.00597,Open-Meteo Historical Weather API,2025-03-01/2025-05-31,11.88,11.05,41.24,1.07,2208.0,Open-Meteo Air Quality API,2025-03-01/2025-05-31
1246,solo,5106.93,rome,printemps,13,villa,676.93,variable,business,1,météo,1,1,très mauvaise expérience.,392.8407692307693,0.1325512587797365,0.0,1.0,0.0,1.0,1.0,0.0,1.0,15.22,3.55,32.0,13.85,92.0,41.89193,12.51133,Open-Meteo Historical Weather API,2025-03-01/2025-05-31,15.93,11.65,37.47,1.19,2208.0,Open-Meteo Air Quality API,2025-03-01/2025-05-31
1247,solo,7433.42,rome,été,3,resort,1212.19,ensoleillé,culture,4,annulation,0,1,"parfait, rien à redire.",2477.806666666667,0.1630729865929814,0.0,0.0,0.0,1.0,1.0,1.0,0.0,27.22,1.32,16.0,14.95,92.0,41.89193,12.51133,Open-Meteo Historical Weather API,2025-06-01/2025-08-31,15.45,9.67,40.74,2.01,2208.0,Open-Meteo Air Quality API,2025-06-01/2025-08-31
1248,business,4258.83,new york,printemps,7,resort,1102.86,ensoleillé,culture,2,aucun,0,1,déçu par l'organisation.,608.4042857142857,0.2589584463338522,0.0,0.0,1.0,1.0,0.0,0.0,0.0,12.04,4.75,36.0,17.46,92.0,40.71427,-74.00597,Open-Meteo Historical Weather API,2025-03-01/2025-05-31,11.88,11.05,41.24,1.07,2208.0,Open-Meteo Air Quality API,2025-03-01/2025-05-31
1249,solo,7502.08,bali,automne,16,villa,1256.4,nuageux,gastronomie,5,aucun,0,1,excellent séjour.,468.88,0.1674735540010237,1.0,0.0,0.0,1.0,0.0,0.0,0.0,26.3,6.82,61.0,14.71,91.0,-8.65,115.21667,Open-Meteo Historical Weather API,2025-09-01/2025-11-30,14.48,11.69,32.66,2.5,2184.0,Open-Meteo Air Quality API,2025-09-01/2025-11-30
1251,business,9687.11,rome,hiver,3,villa,903.2,ensoleillé,,4,météo,1,1,"très satisfait, je recommande.",3229.036666666667,0.0932373019404136,0.0,0.0,1.0,1.0,1.0,0.0,1.0,9.23,2.57,28.0,13.79,90.0,41.89193,12.51133,Open-Meteo Historical Weather API,2024-12-01/2025-02-28,20.56,17.01,40.29,0.27,2160.0,Open-Meteo Air Quality API,2024-12-01/2025-02-28
1252,senior,8228.89,new york,hiver,13,appartement,911.41,pluie,culture,4,aucun,0,1,"très satisfait, je recommande.",632.9915384615384,0.1107573439431077,0.0,1.0,0.0,0.0,0.0,0.0,0.0,0.0,2.34,32.0,16.49,90.0,40.71427,-74.00597,Open-Meteo Historical Weather API,2024-12-01/2025-02-28,14.23,13.56,43.36,0.34,2160.0,Open-Meteo Air Quality API,2024-12-01/2025-02-28
1253,senior,6691.82,dubaï,hiver,19,villa,973.77,variable,plage,4,aucun,0,1,"parfait, rien à redire.",352.20105263157893,0.145516466372377,1.0,1.0,0.0,1.0,0.0,0.0,0.0,20.21,0.09,2.0,19.57,90.0,25.07725,55.30927,Open-Meteo Historical Weather API,2024-12-01/2025-02-28,59.55,32.47,55.0,1.03,2160.0,Open-Meteo Air Quality API,2024-12-01/2025-02-28
1254,solo,5349.27,rome,été,3,appartement,1123.05,ensoleillé,culture,2,retard_vol,1,1,déçu par l'organisation.,1783.09,0.2099445344878833,0.0,0.0,0.0,0.0,1.0,1.0,0.0,27.22,1.32,16.0,14.95,92.0,41.89193,12.51133,Open-Meteo Historical Weather API,2025-06-01/2025-08-31,15.45,9.67,40.74,2.01,2208.0,Open-Meteo Air Quality API,2025-06-01/2025-08-31
1255,solo,3314.56,paris,hiver,17,hôtel,1157.65,variable,culture,4,annulation,1,1,"très satisfait, je recommande.",194.9741176470588,0.3492620438308554,1.0,1.0,0.0,0.0,1.0,1.0,0.0,4.95,2.61,35.0,15.72,90.0,48.85341,2.3488,Open-Meteo Historical Weather API,2024-12-01/2025-02-28,20.98,17.57,45.01,0.13,2160.0,Open-Meteo Air Quality API,2024-12-01/2025-02-28
1256,business,9859.59,tokyo,automne,3,villa,1066.89,variable,culture,4,aucun,0,1,très bon rapport qualité-prix.,3286.53,0.1082083534913723,0.0,1.0,1.0,1.0,0.0,0.0,0.0,18.79,4.52,34.0,12.27,91.0,35.6895,139.69171,Open-Meteo Historical Weather API,2025-09-01/2025-11-30,28.46,27.24,54.08,0.85,2184.0,Open-Meteo Air Quality API,2025-09-01/2025-11-30
1257,couple,2199.82,dubaï,automne,15,appartement,1004.55,variable,gastronomie,4,aucun,0,0,,146.65466666666669,0.4566509987180769,1.0,1.0,0.0,0.0,0.0,0.0,0.0,29.44,0.0,0.0,20.09,91.0,25.07725,55.30927,Open-Meteo Historical Weather API,2025-09-01/2025-11-30,80.53,41.8,60.89,1.56,2184.0,Open-Meteo Air Quality API,2025-09-01/2025-11-30
1258,senior,8988.99,new york,automne,10,hôtel,1023.82,pluie,culture,2,météo,1,1,déçu par l'organisation.,898.899,0.1138971119113493,0.0,1.0,0.0,0.0,1.0,0.0,1.0,13.97,3.07,25.0,15.38,91.0,40.71427,-74.00597,Open-Meteo Historical Weather API,2025-09-01/2025-11-30,11.7,11.28,42.27,0.76,2184.0,Open-Meteo Air Quality API,2025-09-01/2025-11-30
1259,solo,15292.34,dubaï,été,3,hôtel,1790.07,pluie,culture,1,aucun,0,1,très mauvaise expérience.,5097.446666666667,0.1170566440453194,0.0,1.0,0.0,0.0,0.0,0.0,0.0,35.27,0.0,0.0,22.79,92.0,25.07725,55.30927,Open-Meteo Historical Weather API,2025-06-01/2025-08-31,128.17,54.13,71.91,2.19,2208.0,Open-Meteo Air Quality API,2025-06-01/2025-08-31
1260,famille,12916.59,tokyo,automne,12,villa,911.45,nuageux,randonnée,3,météo,1,1,dans l'ensemble satisfaisant.,1076.3825,0.0705642898009459,0.0,0.0,0.0,1.0,1.0,0.0,1.0,18.79,4.52,34.0,12.27,91.0,35.6895,139.69171,Open-Meteo Historical Weather API,2025-09-01/2025-11-30,28.46,27.24,54.08,0.85,2184.0,Open-Meteo Air Quality API,2025-09-01/2025-11-30
1263,famille,8624.13,rome,printemps,13,hôtel,1230.83,ensoleillé,business,2,météo,1,1,je ne recommande pas.,663.3946153846153,0.1427193235723487,0.0,0.0,0.0,0.0,1.0,0.0,1.0,15.22,3.55,32.0,13.85,92.0,41.89193,12.51133,Open-Meteo Historical Weather API,2025-03-01/2025-05-31,15.93,11.65,37.47,1.19,2208.0,Open-Meteo Air Quality API,2025-03-01/2025-05-31
1266,couple,8478.36,bali,automne,13,appartement,874.11,variable,culture,2,retard_vol,0,1,à éviter.,652.1815384615385,0.1030989483815266,0.0,1.0,0.0,0.0,1.0,1.0,0.0,26.3,6.82,61.0,14.71,91.0,-8.65,115.21667,Open-Meteo Historical Weather API,2025-09-01/2025-11-30,14.48,11.69,32.66,2.5,2184.0,Open-Meteo Air Quality API,2025-09-01/2025-11-30
1267,couple,6883.59,new york,hiver,19,resort,1361.63,nuageux,culture,4,météo,1,1,une expérience inoubliable.,362.2942105263158,0.1978081204720211,1.0,0.0,0.0,1.0,1.0,0.0,1.0,0.0,2.34,32.0,16.49,90.0,40.71427,-74.00597,Open-Meteo Historical Weather API,2024-12-01/2025-02-28,14.23,13.56,43.36,0.34,2160.0,Open-Meteo Air Quality API,2024-12-01/2025-02-28
1268,business,14646.39,new york,automne,16,hôtel,1061.46,pluie,,3,annulation,1,1,peut mieux faire sur la logistique.,915.399375,0.0724724659113952,1.0,1.0,1.0,0.0,1.0,1.0,0.0,13.97,3.07,25.0,15.38,91.0,40.71427,-74.00597,Open-Meteo Historical Weather API,2025-09-01/2025-11-30,11.7,11.28,42.27,0.76,2184.0,Open-Meteo Air Quality API,2025-09-01/2025-11-30
1269,famille,5902.48,new york,été,3,appartement,1000.13,variable,culture,4,annulation,1,1,excellent séjour.,1967.493333333333,0.1694423361027907,0.0,1.0,0.0,0.0,1.0,1.0,0.0,24.52,2.28,32.0,14.21,92.0,40.71427,-74.00597,Open-Meteo Historical Weather API,2025-06-01/2025-08-31,18.13,17.43,51.89,1.61,2208.0,Open-Meteo Air Quality API,2025-06-01/2025-08-31
1270,senior,11635.73,tokyo,été,3,appartement,35.0,variable,culture,2,annulation,1,1,à éviter.,3878.5766666666655,0.0030079762937091,0.0,1.0,0.0,0.0,1.0,1.0,0.0,27.71,2.91,31.0,13.49,92.0,35.6895,139.69171,Open-Meteo Historical Weather API,2025-06-01/2025-08-31,24.0,22.42,51.6,1.83,2208.0,Open-Meteo Air Quality API,2025-06-01/2025-08-31
1271,senior,1812.57,lisbonne,automne,6,appartement,1269.8,ensoleillé,gastronomie,5,bagages,0,0,excellent séjour.,302.095,0.700552254533618,0.0,0.0,0.0,0.0,1.0,1.0,0.0,18.72,2.83,21.0,17.54,91.0,38.72509,-9.1498,Open-Meteo Historical Weather API,2025-09-01/2025-11-30,15.83,9.72,31.17,0.9,2184.0,Open-Meteo Air Quality API,2025-09-01/2025-11-30
1272,solo,2777.01,sydney,printemps,3,hôtel,1378.76,variable,business,2,météo,0,0,très mauvaise expérience.,925.67,0.49649083006543,0.0,1.0,0.0,0.0,1.0,0.0,1.0,19.13,4.44,49.0,17.74,92.0,-33.86785,151.20732,Open-Meteo Historical Weather API,2025-03-01/2025-05-31,11.25,9.25,31.84,1.01,2208.0,Open-Meteo Air Quality API,2025-03-01/2025-05-31
1273,couple,9835.18,lisbonne,printemps,10,hôtel,1234.56,,plage,2,annulation,1,1,de nombreux problèmes rencontrés.,983.518,0.1255249014252916,0.0,,0.0,0.0,1.0,1.0,0.0,15.64,3.53,41.0,19.08,92.0,38.72509,-9.1498,Open-Meteo Historical Weather API,2025-03-01/2025-05-31,15.2,9.48,34.11,1.3,2208.0,Open-Meteo Air Quality API,2025-03-01/2025-05-31
1274,business,11295.77,new york,été,12,resort,998.89,ensoleillé,gastronomie,2,annulation,1,1,de nombreux problèmes rencontrés.,941.3141666666668,0.0884304478579149,0.0,0.0,1.0,1.0,1.0,1.0,0.0,24.52,2.28,32.0,14.21,92.0,40.71427,-74.00597,Open-Meteo Historical Weather API,2025-06-01/2025-08-31,18.13,17.43,51.89,1.61,2208.0,Open-Meteo Air Quality API,2025-06-01/2025-08-31
1275,famille,3061.88,new york,hiver,3,appartement,1281.84,pluie,gastronomie,3,aucun,0,0,séjour correct mais perfectible.,1020.6266666666668,0.4186447542032999,0.0,1.0,0.0,0.0,0.0,0.0,0.0,0.0,2.34,32.0,16.49,90.0,40.71427,-74.00597,Open-Meteo Historical Weather API,2024-12-01/2025-02-28,14.23,13.56,43.36,0.34,2160.0,Open-Meteo Air Quality API,2024-12-01/2025-02-28
1276,solo,7021.13,new york,printemps,14,appartement,1442.07,nuageux,,5,aucun,0,1,"très satisfait, je recommande.",501.50928571428574,0.2053900155672947,1.0,0.0,0.0,0.0,0.0,0.0,0.0,12.04,4.75,36.0,17.46,92.0,40.71427,-74.00597,Open-Meteo Historical Weather API,2025-03-01/2025-05-31,11.88,11.05,41.24,1.07,2208.0,Open-Meteo Air Quality API,2025-03-01/2025-05-31
1277,senior,1350.71,tokyo,hiver,13,villa,1154.11,pluie,plage,4,météo,0,0,une expérience inoubliable.,103.90076923076924,0.8544469205084733,0.0,1.0,0.0,1.0,1.0,0.0,1.0,6.08,0.56,8.0,14.28,90.0,35.6895,139.69171,Open-Meteo Historical Weather API,2024-12-01/2025-02-28,31.02,30.0,55.43,0.51,2160.0,Open-Meteo Air Quality API,2024-12-01/2025-02-28
1278,senior,6192.96,bali,hiver,7,appartement,1600.84,nuageux,plage,1,annulation,1,1,,884.7085714285714,0.258493515217279,0.0,0.0,0.0,0.0,1.0,1.0,0.0,26.28,11.89,84.0,14.7,90.0,-8.65,115.21667,Open-Meteo Historical Weather API,2024-12-01/2025-02-28,12.8,11.67,33.02,1.96,2160.0,Open-Meteo Air Quality API,2024-12-01/2025-02-28
1280,couple,5169.38,paris,été,3,appartement,1174.81,ensoleillé,gastronomie,3,retard_vol,0,1,"quelques imprévus, globalement bien.",1723.1266666666668,0.2272632307936348,0.0,0.0,0.0,0.0,1.0,1.0,0.0,21.05,2.58,30.0,14.41,92.0,48.85341,2.3488,Open-Meteo Historical Weather API,2025-06-01/2025-08-31,10.28,6.83,31.49,1.5,2208.0,Open-Meteo Air Quality API,2025-06-01/2025-08-31
1281,business,,paris,printemps,8,hôtel,1185.4,ensoleillé,plage,3,aucun,0,1,séjour correct mais perfectible.,,,0.0,0.0,1.0,0.0,0.0,0.0,0.0,12.44,1.18,26.0,14.07,92.0,48.85341,2.3488,Open-Meteo Historical Weather API,2025-03-01/2025-05-31,15.06,12.04,38.85,0.97,2208.0,Open-Meteo Air Quality API,2025-03-01/2025-05-31
1282,business,2366.41,lisbonne,printemps,10,appartement,1154.78,ensoleillé,plage,1,météo,1,0,je ne recommande pas.,236.641,0.4879881339243834,0.0,0.0,1.0,0.0,1.0,0.0,1.0,15.64,3.53,41.0,19.08,92.0,38.72509,-9.1498,Open-Meteo Historical Weather API,2025-03-01/2025-05-31,15.2,9.48,34.11,1.3,2208.0,Open-Meteo Air Quality API,2025-03-01/2025-05-31
1283,solo,4308.52,paris,printemps,11,resort,782.67,pluie,gastronomie,3,retard_vol,1,1,dans l'ensemble satisfaisant.,391.6836363636364,0.1816563460306555,0.0,1.0,0.0,1.0,1.0,1.0,0.0,12.44,1.18,26.0,14.07,92.0,48.85341,2.3488,Open-Meteo Historical Weather API,2025-03-01/2025-05-31,15.06,12.04,38.85,0.97,2208.0,Open-Meteo Air Quality API,2025-03-01/2025-05-31
1284,business,14016.22,new york,été,12,appartement,1093.86,nuageux,plage,5,aucun,0,1,,1168.0183333333332,0.0780424394023495,0.0,0.0,1.0,0.0,0.0,0.0,0.0,24.52,2.28,32.0,14.21,92.0,40.71427,-74.00597,Open-Meteo Historical Weather API,2025-06-01/2025-08-31,18.13,17.43,51.89,1.61,2208.0,Open-Meteo Air Quality API,2025-06-01/2025-08-31
1285,famille,7218.18,new york,automne,11,hôtel,,ensoleillé,culture,3,aucun,0,1,dans l'ensemble satisfaisant.,656.1981818181819,,0.0,0.0,0.0,0.0,0.0,0.0,0.0,13.97,3.07,25.0,15.38,91.0,40.71427,-74.00597,Open-Meteo Historical Weather API,2025-09-01/2025-11-30,11.7,11.28,42.27,0.76,2184.0,Open-Meteo Air Quality API,2025-09-01/2025-11-30
1286,couple,2880.69,rome,automne,9,villa,1006.49,pluie,culture,1,aucun,0,1,déçu par l'organisation.,320.07666666666665,0.3493919859478111,0.0,1.0,0.0,1.0,0.0,0.0,0.0,17.21,4.01,24.0,12.75,91.0,41.89193,12.51133,Open-Meteo Historical Weather API,2025-09-01/2025-11-30,13.51,9.22,34.28,0.79,2184.0,Open-Meteo Air Quality API,2025-09-01/2025-11-30
1287,solo,5654.21,lisbonne,printemps,11,villa,1208.5,pluie,plage,1,bagages,0,1,je ne recommande pas.,514.0190909090909,0.2137345447020892,0.0,1.0,0.0,1.0,1.0,1.0,0.0,15.64,3.53,41.0,19.08,92.0,38.72509,-9.1498,Open-Meteo Historical Weather API,2025-03-01/2025-05-31,15.2,9.48,34.11,1.3,2208.0,Open-Meteo Air Quality API,2025-03-01/2025-05-31
1289,couple,2832.88,lisbonne,printemps,9,appartement,1325.35,variable,plage,3,bagages,0,0,peut mieux faire sur la logistique.,314.76444444444445,0.467845443506255,0.0,1.0,0.0,0.0,1.0,1.0,0.0,15.64,3.53,41.0,19.08,92.0,38.72509,-9.1498,Open-Meteo Historical Weather API,2025-03-01/2025-05-31,15.2,9.48,34.11,1.3,2208.0,Open-Meteo Air Quality API,2025-03-01/2025-05-31
1290,senior,12411.61,dubaï,été,11,villa,,nuageux,randonnée,4,retard_vol,0,1,"parfait, rien à redire.",1128.328181818182,,0.0,0.0,0.0,1.0,1.0,1.0,0.0,35.27,0.0,0.0,22.79,92.0,25.07725,55.30927,Open-Meteo Historical Weather API,2025-06-01/2025-08-31,128.17,54.13,71.91,2.19,2208.0,Open-Meteo Air Quality API,2025-06-01/2025-08-31
1291,senior,6349.23,rome,été,9,resort,1162.8,variable,business,2,aucun,0,1,très mauvaise expérience.,705.4699999999999,0.1831403178023161,0.0,1.0,0.0,1.0,0.0,0.0,0.0,27.22,1.32,16.0,14.95,92.0,41.89193,12.51133,Open-Meteo Historical Weather API,2025-06-01/2025-08-31,15.45,9.67,40.74,2.01,2208.0,Open-Meteo Air Quality API,2025-06-01/2025-08-31
1292,solo,14551.21,rome,été,7,villa,751.59,ensoleillé,culture,1,aucun,0,1,de nombreux problèmes rencontrés.,2078.744285714285,0.0516513746966747,0.0,0.0,0.0,1.0,0.0,0.0,0.0,27.22,1.32,16.0,14.95,92.0,41.89193,12.51133,Open-Meteo Historical Weather API,2025-06-01/2025-08-31,15.45,9.67,40.74,2.01,2208.0,Open-Meteo Air Quality API,2025-06-01/2025-08-31
1293,senior,6539.37,bali,été,13,appartement,1597.91,pluie,,3,aucun,0,1,séjour correct mais perfectible.,503.0284615384616,0.2443522847002081,0.0,1.0,0.0,0.0,0.0,0.0,0.0,25.53,3.21,49.0,18.92,92.0,-8.65,115.21667,Open-Meteo Historical Weather API,2025-06-01/2025-08-31,13.38,9.86,30.22,1.86,2208.0,Open-Meteo Air Quality API,2025-06-01/2025-08-31
1294,senior,6778.86,tokyo,printemps,7,villa,1079.97,variable,plage,4,retard_vol,0,1,"parfait, rien à redire.",968.4085714285712,0.1593143979961232,0.0,1.0,0.0,1.0,1.0,1.0,0.0,14.52,6.04,44.0,15.33,92.0,35.6895,139.69171,Open-Meteo Historical Weather API,2025-03-01/2025-05-31,29.58,26.1,53.35,1.05,2208.0,Open-Meteo Air Quality API,2025-03-01/2025-05-31
1295,famille,9509.37,rome,printemps,42,villa,1096.32,variable,randonnée,2,annulation,1,1,je ne recommande pas.,226.41357142857143,0.1152883944993201,1.0,1.0,0.0,1.0,1.0,1.0,0.0,15.22,3.55,32.0,13.85,92.0,41.89193,12.51133,Open-Meteo Historical Weather API,2025-03-01/2025-05-31,15.93,11.65,37.47,1.19,2208.0,Open-Meteo Air Quality API,2025-03-01/2025-05-31
1297,solo,7750.73,rome,hiver,8,appartement,,pluie,gastronomie,3,météo,1,1,séjour correct mais perfectible.,968.84125,,0.0,1.0,0.0,0.0,1.0,0.0,1.0,9.23,2.57,28.0,13.79,90.0,41.89193,12.51133,Open-Meteo Historical Weather API,2024-12-01/2025-02-28,20.56,17.01,40.29,0.27,2160.0,Open-Meteo Air Quality API,2024-12-01/2025-02-28
1298,famille,6726.39,sydney,hiver,8,appartement,1531.81,nuageux,business,1,retard_vol,0,1,,840.79875,0.2277313685349793,0.0,0.0,0.0,0.0,1.0,1.0,0.0,22.44,3.42,39.0,20.67,90.0,-33.86785,151.20732,Open-Meteo Historical Weather API,2024-12-01/2025-02-28,12.57,9.86,34.15,2.24,2160.0,Open-Meteo Air Quality API,2024-12-01/2025-02-28
1299,business,12918.68,rome,été,7,hôtel,1489.46,pluie,plage,2,retard_vol,0,1,je ne recommande pas.,1845.5257142857145,0.1152950611053141,0.0,1.0,1.0,0.0,1.0,1.0,0.0,27.22,1.32,16.0,14.95,92.0,41.89193,12.51133,Open-Meteo Historical Weather API,2025-06-01/2025-08-31,15.45,9.67,40.74,2.01,2208.0,Open-Meteo Air Quality API,2025-06-01/2025-08-31
1300,solo,10815.52,lisbonne,printemps,3,resort,1237.1,pluie,business,2,retard_vol,0,1,très mauvaise expérience.,3605.1733333333336,0.1143819252333683,0.0,1.0,0.0,1.0,1.0,1.0,0.0,15.64,3.53,41.0,19.08,92.0,38.72509,-9.1498,Open-Meteo Historical Weather API,2025-03-01/2025-05-31,15.2,9.48,34.11,1.3,2208.0,Open-Meteo Air Quality API,2025-03-01/2025-05-31
1301,solo,2350.69,rome,printemps,12,villa,1089.19,variable,business,2,météo,1,0,à éviter.,195.89083333333332,0.4633490592124015,0.0,1.0,0.0,1.0,1.0,0.0,1.0,15.22,3.55,32.0,13.85,92.0,41.89193,12.51133,Open-Meteo Historical Weather API,2025-03-01/2025-05-31,15.93,11.65,37.47,1.19,2208.0,Open-Meteo Air Quality API,2025-03-01/2025-05-31
1302,famille,11934.79,tokyo,été,11,hôtel,1283.92,nuageux,culture,3,retard_vol,1,1,"quelques imprévus, globalement bien.",1084.980909090909,0.1075779297331582,0.0,0.0,0.0,0.0,1.0,1.0,0.0,27.71,2.91,31.0,13.49,92.0,35.6895,139.69171,Open-Meteo Historical Weather API,2025-06-01/2025-08-31,24.0,22.42,51.6,1.83,2208.0,Open-Meteo Air Quality API,2025-06-01/2025-08-31
1303,couple,5865.82,new york,automne,14,appartement,1137.78,ensoleillé,randonnée,2,bagages,0,1,très mauvaise expérience.,418.9871428571428,0.1939677658025647,1.0,0.0,0.0,0.0,1.0,1.0,0.0,13.97,3.07,25.0,15.38,91.0,40.71427,-74.00597,Open-Meteo Historical Weather API,2025-09-01/2025-11-30,11.7,11.28,42.27,0.76,2184.0,Open-Meteo Air Quality API,2025-09-01/2025-11-30
1304,senior,3275.44,rome,printemps,7,villa,1067.02,pluie,gastronomie,4,météo,1,1,excellent séjour.,467.92,0.3257638668392643,0.0,1.0,0.0,1.0,1.0,0.0,1.0,15.22,3.55,32.0,13.85,92.0,41.89193,12.51133,Open-Meteo Historical Weather API,2025-03-01/2025-05-31,15.93,11.65,37.47,1.19,2208.0,Open-Meteo Air Quality API,2025-03-01/2025-05-31
1305,famille,7719.11,sydney,automne,19,resort,1208.61,ensoleillé,randonnée,2,aucun,0,1,à éviter.,406.268947368421,0.1565737500825872,1.0,0.0,0.0,1.0,0.0,0.0,0.0,19.17,1.74,22.0,21.07,91.0,-33.86785,151.20732,Open-Meteo Historical Weather API,2025-09-01/2025-11-30,10.98,9.17,34.45,1.63,2184.0,Open-Meteo Air Quality API,2025-09-01/2025-11-30
1306,couple,6106.03,bali,automne,8,appartement,999.77,ensoleillé,culture,3,aucun,0,1,peut mieux faire sur la logistique.,763.25375,0.1637348653707892,0.0,0.0,0.0,0.0,0.0,0.0,0.0,26.3,6.82,61.0,14.71,91.0,-8.65,115.21667,Open-Meteo Historical Weather API,2025-09-01/2025-11-30,14.48,11.69,32.66,2.5,2184.0,Open-Meteo Air Quality API,2025-09-01/2025-11-30
1307,couple,13130.17,new york,été,6,villa,,ensoleillé,gastronomie,4,retard_vol,0,1,une expérience inoubliable.,2188.3616666666667,,0.0,0.0,0.0,1.0,1.0,1.0,0.0,24.52,2.28,32.0,14.21,92.0,40.71427,-74.00597,Open-Meteo Historical Weather API,2025-06-01/2025-08-31,18.13,17.43,51.89,1.61,2208.0,Open-Meteo Air Quality API,2025-06-01/2025-08-31
1308,solo,8298.07,new york,été,5,appartement,1172.73,pluie,business,5,météo,0,1,une expérience inoubliable.,1659.614,0.1413256335509341,0.0,1.0,0.0,0.0,1.0,0.0,1.0,24.52,2.28,32.0,14.21,92.0,40.71427,-74.00597,Open-Meteo Historical Weather API,2025-06-01/2025-08-31,18.13,17.43,51.89,1.61,2208.0,Open-Meteo Air Quality API,2025-06-01/2025-08-31
1309,business,7753.63,new york,hiver,3,hôtel,1279.59,,culture,3,bagages,0,1,séjour mitigé.,2584.543333333333,0.1650310886642772,0.0,,1.0,0.0,1.0,1.0,0.0,0.0,2.34,32.0,16.49,90.0,40.71427,-74.00597,Open-Meteo Historical Weather API,2024-12-01/2025-02-28,14.23,13.56,43.36,0.34,2160.0,Open-Meteo Air Quality API,2024-12-01/2025-02-28
1310,solo,10557.21,paris,automne,18,hôtel,952.07,ensoleillé,gastronomie,1,retard_vol,1,1,de nombreux problèmes rencontrés.,586.5116666666667,0.0901819704258985,1.0,0.0,0.0,0.0,1.0,1.0,0.0,12.33,2.12,33.0,16.01,91.0,48.85341,2.3488,Open-Meteo Historical Weather API,2025-09-01/2025-11-30,12.19,8.6,34.88,0.44,2184.0,Open-Meteo Air Quality API,2025-09-01/2025-11-30
1311,famille,11332.64,rome,printemps,17,villa,1308.32,ensoleillé,culture,3,retard_vol,0,1,séjour mitigé.,666.6258823529412,0.1154470626438323,1.0,0.0,0.0,1.0,1.0,1.0,0.0,15.22,3.55,32.0,13.85,92.0,41.89193,12.51133,Open-Meteo Historical Weather API,2025-03-01/2025-05-31,15.93,11.65,37.47,1.19,2208.0,Open-Meteo Air Quality API,2025-03-01/2025-05-31
1312,couple,10085.06,rome,automne,13,resort,875.11,,gastronomie,1,annulation,1,1,je ne recommande pas.,775.7738461538461,0.0867729096306814,0.0,,0.0,1.0,1.0,1.0,0.0,17.21,4.01,24.0,12.75,91.0,41.89193,12.51133,Open-Meteo Historical Weather API,2025-09-01/2025-11-30,13.51,9.22,34.28,0.79,2184.0,Open-Meteo Air Quality API,2025-09-01/2025-11-30
1313,senior,12650.12,bali,été,5,appartement,964.55,,business,3,météo,1,1,séjour mitigé.,2530.0240000000003,0.0762482885537844,0.0,,0.0,0.0,1.0,0.0,1.0,25.53,3.21,49.0,18.92,92.0,-8.65,115.21667,Open-Meteo Historical Weather API,2025-06-01/2025-08-31,13.38,9.86,30.22,1.86,2208.0,Open-Meteo Air Quality API,2025-06-01/2025-08-31
1314,business,9379.42,rome,hiver,19,hôtel,976.25,ensoleillé,plage,3,annulation,1,1,séjour mitigé.,493.6536842105263,0.1040842610737124,1.0,0.0,1.0,0.0,1.0,1.0,0.0,9.23,2.57,28.0,13.79,90.0,41.89193,12.51133,Open-Meteo Historical Weather API,2024-12-01/2025-02-28,20.56,17.01,40.29,0.27,2160.0,Open-Meteo Air Quality API,2024-12-01/2025-02-28
1315,business,7600.31,lisbonne,hiver,8,appartement,830.69,ensoleillé,business,5,aucun,0,1,"parfait, rien à redire.",950.03875,0.1092968576281756,0.0,0.0,1.0,0.0,0.0,0.0,0.0,12.63,2.92,26.0,17.53,90.0,38.72509,-9.1498,Open-Meteo Historical Weather API,2024-12-01/2025-02-28,19.66,13.91,36.49,0.38,2160.0,Open-Meteo Air Quality API,2024-12-01/2025-02-28
1316,business,11922.82,new york,été,9,,1390.2,pluie,culture,1,retard_vol,1,1,déçu par l'organisation.,1324.7577777777778,0.1165999318953066,0.0,1.0,1.0,,1.0,1.0,0.0,24.52,2.28,32.0,14.21,92.0,40.71427,-74.00597,Open-Meteo Historical Weather API,2025-06-01/2025-08-31,18.13,17.43,51.89,1.61,2208.0,Open-Meteo Air Quality API,2025-06-01/2025-08-31
1317,business,6557.32,new york,été,17,appartement,858.29,ensoleillé,business,1,bagages,0,1,de nombreux problèmes rencontrés.,385.7247058823529,0.1308903637461645,1.0,0.0,1.0,0.0,1.0,1.0,0.0,24.52,2.28,32.0,14.21,92.0,40.71427,-74.00597,Open-Meteo Historical Weather API,2025-06-01/2025-08-31,18.13,17.43,51.89,1.61,2208.0,Open-Meteo Air Quality API,2025-06-01/2025-08-31
1318,famille,7058.12,bali,hiver,13,villa,930.69,pluie,gastronomie,1,annulation,1,1,à éviter.,542.9323076923076,0.1318608921355828,0.0,1.0,0.0,1.0,1.0,1.0,0.0,26.28,11.89,84.0,14.7,90.0,-8.65,115.21667,Open-Meteo Historical Weather API,2024-12-01/2025-02-28,12.8,11.67,33.02,1.96,2160.0,Open-Meteo Air Quality API,2024-12-01/2025-02-28
1319,solo,13868.84,bali,automne,21,resort,1454.45,nuageux,business,1,annulation,1,1,je ne recommande pas.,660.4209523809524,0.1048717845183879,1.0,0.0,0.0,1.0,1.0,1.0,0.0,26.3,6.82,61.0,14.71,91.0,-8.65,115.21667,Open-Meteo Historical Weather API,2025-09-01/2025-11-30,14.48,11.69,32.66,2.5,2184.0,Open-Meteo Air Quality API,2025-09-01/2025-11-30
1320,solo,13466.84,new york,automne,11,appartement,965.08,,randonnée,3,météo,0,1,séjour mitigé.,1224.2581818181818,0.0716634340350074,0.0,,0.0,0.0,1.0,0.0,1.0,13.97,3.07,25.0,15.38,91.0,40.71427,-74.00597,Open-Meteo Historical Weather API,2025-09-01/2025-11-30,11.7,11.28,42.27,0.76,2184.0,Open-Meteo Air Quality API,2025-09-01/2025-11-30
1322,senior,5094.37,bali,été,7,appartement,846.78,pluie,plage,2,retard_vol,0,1,très mauvaise expérience.,727.7671428571429,0.1662187866213094,0.0,1.0,0.0,0.0,1.0,1.0,0.0,25.53,3.21,49.0,18.92,92.0,-8.65,115.21667,Open-Meteo Historical Weather API,2025-06-01/2025-08-31,13.38,9.86,30.22,1.86,2208.0,Open-Meteo Air Quality API,2025-06-01/2025-08-31
1323,solo,12826.44,tokyo,hiver,3,resort,1341.23,ensoleillé,randonnée,3,retard_vol,1,1,peut mieux faire sur la logistique.,4275.4800000000005,0.1045675963088744,0.0,0.0,0.0,1.0,1.0,1.0,0.0,6.08,0.56,8.0,14.28,90.0,35.6895,139.69171,Open-Meteo Historical Weather API,2024-12-01/2025-02-28,31.02,30.0,55.43,0.51,2160.0,Open-Meteo Air Quality API,2024-12-01/2025-02-28
1324,business,10152.89,new york,automne,9,villa,1344.93,variable,gastronomie,3,aucun,0,1,"quelques imprévus, globalement bien.",1128.0988888888887,0.1324677013146011,0.0,1.0,1.0,1.0,0.0,0.0,0.0,13.97,3.07,25.0,15.38,91.0,40.71427,-74.00597,Open-Meteo Historical Weather API,2025-09-01/2025-11-30,11.7,11.28,42.27,0.76,2184.0,Open-Meteo Air Quality API,2025-09-01/2025-11-30
1325,senior,8197.05,lisbonne,printemps,16,appartement,1316.04,variable,randonnée,2,aucun,0,1,déçu par l'organisation.,512.315625,0.1605504419272787,1.0,1.0,0.0,0.0,0.0,0.0,0.0,15.64,3.53,41.0,19.08,92.0,38.72509,-9.1498,Open-Meteo Historical Weather API,2025-03-01/2025-05-31,15.2,9.48,34.11,1.3,2208.0,Open-Meteo Air Quality API,2025-03-01/2025-05-31
1326,solo,5625.57,rome,automne,13,appartement,1262.06,pluie,gastronomie,3,retard_vol,1,1,"quelques imprévus, globalement bien.",432.7361538461538,0.2243434887486957,0.0,1.0,0.0,0.0,1.0,1.0,0.0,17.21,4.01,24.0,12.75,91.0,41.89193,12.51133,Open-Meteo Historical Weather API,2025-09-01/2025-11-30,13.51,9.22,34.28,0.79,2184.0,Open-Meteo Air Quality API,2025-09-01/2025-11-30
1327,senior,8262.06,new york,printemps,10,villa,1137.72,nuageux,business,2,aucun,0,1,je ne recommande pas.,826.2059999999999,0.1377041561063463,0.0,0.0,0.0,1.0,0.0,0.0,0.0,12.04,4.75,36.0,17.46,92.0,40.71427,-74.00597,Open-Meteo Historical Weather API,2025-03-01/2025-05-31,11.88,11.05,41.24,1.07,2208.0,Open-Meteo Air Quality API,2025-03-01/2025-05-31
1328,business,6836.43,rome,été,5,hôtel,977.47,ensoleillé,plage,2,annulation,1,1,de nombreux problèmes rencontrés.,1367.286,0.1429795960757295,0.0,0.0,1.0,0.0,1.0,1.0,0.0,27.22,1.32,16.0,14.95,92.0,41.89193,12.51133,Open-Meteo Historical Weather API,2025-06-01/2025-08-31,15.45,9.67,40.74,2.01,2208.0,Open-Meteo Air Quality API,2025-06-01/2025-08-31
1329,senior,4244.06,bali,printemps,11,resort,899.59,variable,culture,4,annulation,1,1,"très satisfait, je recommande.",385.8236363636364,0.2119644868357186,0.0,1.0,0.0,1.0,1.0,1.0,0.0,26.99,6.49,65.0,13.72,92.0,-8.65,115.21667,Open-Meteo Historical Weather API,2025-03-01/2025-05-31,12.14,10.4,31.68,2.19,2208.0,Open-Meteo Air Quality API,2025-03-01/2025-05-31
1330,couple,7444.56,dubaï,hiver,15,hôtel,1463.69,pluie,plage,5,bagages,0,1,"très satisfait, je recommande.",496.304,0.1966120227387515,1.0,1.0,0.0,0.0,1.0,1.0,0.0,20.21,0.09,2.0,19.57,90.0,25.07725,55.30927,Open-Meteo Historical Weather API,2024-12-01/2025-02-28,59.55,32.47,55.0,1.03,2160.0,Open-Meteo Air Quality API,2024-12-01/2025-02-28
1331,solo,7994.72,rome,automne,12,appartement,1322.97,ensoleillé,culture,2,aucun,0,1,de nombreux problèmes rencontrés.,666.2266666666667,0.1654804671082914,0.0,0.0,0.0,0.0,0.0,0.0,0.0,17.21,4.01,24.0,12.75,91.0,41.89193,12.51133,Open-Meteo Historical Weather API,2025-09-01/2025-11-30,13.51,9.22,34.28,0.79,2184.0,Open-Meteo Air Quality API,2025-09-01/2025-11-30
1332,solo,5409.66,new york,été,11,hôtel,932.19,nuageux,culture,3,bagages,0,1,séjour mitigé.,491.7872727272727,0.1723195173079269,0.0,0.0,0.0,0.0,1.0,1.0,0.0,24.52,2.28,32.0,14.21,92.0,40.71427,-74.00597,Open-Meteo Historical Weather API,2025-06-01/2025-08-31,18.13,17.43,51.89,1.61,2208.0,Open-Meteo Air Quality API,2025-06-01/2025-08-31
1333,famille,10570.03,tokyo,été,6,villa,1128.67,nuageux,gastronomie,5,aucun,0,1,"parfait, rien à redire.",1761.6716666666669,0.1067802078139797,0.0,0.0,0.0,1.0,0.0,0.0,0.0,27.71,2.91,31.0,13.49,92.0,35.6895,139.69171,Open-Meteo Historical Weather API,2025-06-01/2025-08-31,24.0,22.42,51.6,1.83,2208.0,Open-Meteo Air Quality API,2025-06-01/2025-08-31
1334,solo,12123.15,paris,automne,14,hôtel,1037.57,variable,culture,3,météo,0,1,peut mieux faire sur la logistique.,865.9392857142857,0.085585841963516,1.0,1.0,0.0,0.0,1.0,0.0,1.0,12.33,2.12,33.0,16.01,91.0,48.85341,2.3488,Open-Meteo Historical Weather API,2025-09-01/2025-11-30,12.19,8.6,34.88,0.44,2184.0,Open-Meteo Air Quality API,2025-09-01/2025-11-30
1335,senior,10836.57,lisbonne,automne,3,,815.64,pluie,business,1,annulation,1,1,déçu par l'organisation.,3612.19,0.0752673585830202,0.0,1.0,0.0,,1.0,1.0,0.0,18.72,2.83,21.0,17.54,91.0,38.72509,-9.1498,Open-Meteo Historical Weather API,2025-09-01/2025-11-30,15.83,9.72,31.17,0.9,2184.0,Open-Meteo Air Quality API,2025-09-01/2025-11-30
1336,business,,tokyo,automne,12,resort,1165.61,pluie,culture,2,aucun,0,1,je ne recommande pas.,,,0.0,1.0,1.0,1.0,0.0,0.0,0.0,18.79,4.52,34.0,12.27,91.0,35.6895,139.69171,Open-Meteo Historical Weather API,2025-09-01/2025-11-30,28.46,27.24,54.08,0.85,2184.0,Open-Meteo Air Quality API,2025-09-01/2025-11-30
1337,couple,9972.98,sydney,hiver,21,resort,1006.65,pluie,gastronomie,4,aucun,0,1,très bon rapport qualité-prix.,474.9038095238095,0.1009377337566103,1.0,1.0,0.0,1.0,0.0,0.0,0.0,22.44,3.42,39.0,20.67,90.0,-33.86785,151.20732,Open-Meteo Historical Weather API,2024-12-01/2025-02-28,12.57,9.86,34.15,2.24,2160.0,Open-Meteo Air Quality API,2024-12-01/2025-02-28
1338,couple,7238.5,tokyo,été,3,resort,862.72,ensoleillé,gastronomie,4,aucun,0,1,une expérience inoubliable.,2412.833333333333,0.1191849140015196,0.0,0.0,0.0,1.0,0.0,0.0,0.0,27.71,2.91,31.0,13.49,92.0,35.6895,139.69171,Open-Meteo Historical Weather API,2025-06-01/2025-08-31,24.0,22.42,51.6,1.83,2208.0,Open-Meteo Air Quality API,2025-06-01/2025-08-31
1339,couple,1939.0,lisbonne,automne,9,villa,721.59,nuageux,culture,1,retard_vol,1,0,je ne recommande pas.,215.44444444444449,0.3721454357916452,0.0,0.0,0.0,1.0,1.0,1.0,0.0,18.72,2.83,21.0,17.54,91.0,38.72509,-9.1498,Open-Meteo Historical Weather API,2025-09-01/2025-11-30,15.83,9.72,31.17,0.9,2184.0,Open-Meteo Air Quality API,2025-09-01/2025-11-30
1340,famille,9637.79,bali,printemps,10,appartement,698.9,ensoleillé,randonnée,1,annulation,1,1,de nombreux problèmes rencontrés.,963.779,0.0725166246618778,0.0,0.0,0.0,0.0,1.0,1.0,0.0,26.99,6.49,65.0,13.72,92.0,-8.65,115.21667,Open-Meteo Historical Weather API,2025-03-01/2025-05-31,12.14,10.4,31.68,2.19,2208.0,Open-Meteo Air Quality API,2025-03-01/2025-05-31
1341,senior,7513.5,tokyo,hiver,8,resort,1018.46,variable,culture,3,aucun,0,1,"quelques imprévus, globalement bien.",939.1875,0.1355506754508551,0.0,1.0,0.0,1.0,0.0,0.0,0.0,6.08,0.56,8.0,14.28,90.0,35.6895,139.69171,Open-Meteo Historical Weather API,2024-12-01/2025-02-28,31.02,30.0,55.43,0.51,2160.0,Open-Meteo Air Quality API,2024-12-01/2025-02-28
1342,solo,17386.37,dubaï,automne,2,villa,1095.19,nuageux,randonnée,3,aucun,0,1,séjour correct mais perfectible.,8693.185,0.0629912972057997,0.0,0.0,0.0,1.0,0.0,0.0,0.0,29.44,0.0,0.0,20.09,91.0,25.07725,55.30927,Open-Meteo Historical Weather API,2025-09-01/2025-11-30,80.53,41.8,60.89,1.56,2184.0,Open-Meteo Air Quality API,2025-09-01/2025-11-30
1343,couple,12802.63,bali,été,12,appartement,883.42,nuageux,culture,3,retard_vol,1,1,séjour correct mais perfectible.,1066.8858333333333,0.069003009537884,0.0,0.0,0.0,0.0,1.0,1.0,0.0,25.53,3.21,49.0,18.92,92.0,-8.65,115.21667,Open-Meteo Historical Weather API,2025-06-01/2025-08-31,13.38,9.86,30.22,1.86,2208.0,Open-Meteo Air Quality API,2025-06-01/2025-08-31
1345,famille,7929.15,lisbonne,automne,14,villa,1100.43,ensoleillé,plage,1,retard_vol,1,1,à éviter.,566.3678571428571,0.1387828455761336,1.0,0.0,0.0,1.0,1.0,1.0,0.0,18.72,2.83,21.0,17.54,91.0,38.72509,-9.1498,Open-Meteo Historical Weather API,2025-09-01/2025-11-30,15.83,9.72,31.17,0.9,2184.0,Open-Meteo Air Quality API,2025-09-01/2025-11-30
1346,couple,7584.46,new york,été,10,resort,1272.61,pluie,,4,bagages,0,1,très bon rapport qualité-prix.,758.446,0.1677917742331029,0.0,1.0,0.0,1.0,1.0,1.0,0.0,24.52,2.28,32.0,14.21,92.0,40.71427,-74.00597,Open-Meteo Historical Weather API,2025-06-01/2025-08-31,18.13,17.43,51.89,1.61,2208.0,Open-Meteo Air Quality API,2025-06-01/2025-08-31
1347,business,2875.12,dubaï,printemps,21,hôtel,1068.98,ensoleillé,business,3,annulation,0,0,séjour mitigé.,136.91047619047615,0.3718036116753387,1.0,0.0,1.0,0.0,1.0,1.0,0.0,28.3,0.01,0.0,22.56,92.0,25.07725,55.30927,Open-Meteo Historical Weather API,2025-03-01/2025-05-31,70.72,36.99,63.06,2.2,2208.0,Open-Meteo Air Quality API,2025-03-01/2025-05-31
1349,senior,3404.1,sydney,printemps,11,hôtel,1148.58,pluie,business,4,retard_vol,0,1,"parfait, rien à redire.",309.46363636363634,0.3374107693663523,0.0,1.0,0.0,0.0,1.0,1.0,0.0,19.13,4.44,49.0,17.74,92.0,-33.86785,151.20732,Open-Meteo Historical Weather API,2025-03-01/2025-05-31,11.25,9.25,31.84,1.01,2208.0,Open-Meteo Air Quality API,2025-03-01/2025-05-31
1350,business,6731.51,lisbonne,hiver,3,resort,779.6,nuageux,gastronomie,1,annulation,1,1,de nombreux problèmes rencontrés.,2243.8366666666666,0.1158135396070123,0.0,0.0,1.0,1.0,1.0,1.0,0.0,12.63,2.92,26.0,17.53,90.0,38.72509,-9.1498,Open-Meteo Historical Weather API,2024-12-01/2025-02-28,19.66,13.91,36.49,0.38,2160.0,Open-Meteo Air Quality API,2024-12-01/2025-02-28
1351,solo,,new york,automne,7,villa,1262.57,nuageux,randonnée,4,aucun,0,0,"très satisfait, je recommande.",,,0.0,0.0,0.0,1.0,0.0,0.0,0.0,13.97,3.07,25.0,15.38,91.0,40.71427,-74.00597,Open-Meteo Historical Weather API,2025-09-01/2025-11-30,11.7,11.28,42.27,0.76,2184.0,Open-Meteo Air Quality API,2025-09-01/2025-11-30
1352,business,4728.21,bali,automne,16,hôtel,,nuageux,plage,2,aucun,0,1,de nombreux problèmes rencontrés.,295.513125,,1.0,0.0,1.0,0.0,0.0,0.0,0.0,26.3,6.82,61.0,14.71,91.0,-8.65,115.21667,Open-Meteo Historical Weather API,2025-09-01/2025-11-30,14.48,11.69,32.66,2.5,2184.0,Open-Meteo Air Quality API,2025-09-01/2025-11-30
1353,senior,5925.13,paris,printemps,3,villa,1364.09,variable,gastronomie,4,retard_vol,0,1,une expérience inoubliable.,1975.0433333333333,0.2302211090727123,0.0,1.0,0.0,1.0,1.0,1.0,0.0,12.44,1.18,26.0,14.07,92.0,48.85341,2.3488,Open-Meteo Historical Weather API,2025-03-01/2025-05-31,15.06,12.04,38.85,0.97,2208.0,Open-Meteo Air Quality API,2025-03-01/2025-05-31
1354,business,6054.97,new york,printemps,3,villa,1027.29,ensoleillé,plage,3,aucun,0,1,séjour correct mais perfectible.,2018.3233333333333,0.1696606258990548,0.0,0.0,1.0,1.0,0.0,0.0,0.0,12.04,4.75,36.0,17.46,92.0,40.71427,-74.00597,Open-Meteo Historical Weather API,2025-03-01/2025-05-31,11.88,11.05,41.24,1.07,2208.0,Open-Meteo Air Quality API,2025-03-01/2025-05-31
1355,senior,4254.61,sydney,automne,10,,1402.76,pluie,business,1,bagages,0,1,à éviter.,425.461,0.3297035450957902,0.0,1.0,0.0,,1.0,1.0,0.0,19.17,1.74,22.0,21.07,91.0,-33.86785,151.20732,Open-Meteo Historical Weather API,2025-09-01/2025-11-30,10.98,9.17,34.45,1.63,2184.0,Open-Meteo Air Quality API,2025-09-01/2025-11-30
1356,business,5546.33,tokyo,hiver,17,villa,817.14,variable,plage,4,retard_vol,1,1,une expérience inoubliable.,326.25470588235294,0.1473298559588051,1.0,1.0,1.0,1.0,1.0,1.0,0.0,6.08,0.56,8.0,14.28,90.0,35.6895,139.69171,Open-Meteo Historical Weather API,2024-12-01/2025-02-28,31.02,30.0,55.43,0.51,2160.0,Open-Meteo Air Quality API,2024-12-01/2025-02-28
1357,senior,13878.19,rome,été,10,villa,936.36,pluie,plage,4,bagages,0,1,"très satisfait, je recommande.",1387.819,0.0674698934082902,0.0,1.0,0.0,1.0,1.0,1.0,0.0,27.22,1.32,16.0,14.95,92.0,41.89193,12.51133,Open-Meteo Historical Weather API,2025-06-01/2025-08-31,15.45,9.67,40.74,2.01,2208.0,Open-Meteo Air Quality API,2025-06-01/2025-08-31
1358,famille,9595.09,bali,été,8,villa,1220.09,,plage,3,météo,1,1,séjour mitigé.,1199.38625,0.1271577442212631,0.0,,0.0,1.0,1.0,0.0,1.0,25.53,3.21,49.0,18.92,92.0,-8.65,115.21667,Open-Meteo Historical Weather API,2025-06-01/2025-08-31,13.38,9.86,30.22,1.86,2208.0,Open-Meteo Air Quality API,2025-06-01/2025-08-31
1359,business,4663.75,new york,été,3,resort,1431.69,pluie,plage,2,météo,1,1,déçu par l'organisation.,1554.5833333333333,0.3069825783972125,0.0,1.0,1.0,1.0,1.0,0.0,1.0,24.52,2.28,32.0,14.21,92.0,40.71427,-74.00597,Open-Meteo Historical Weather API,2025-06-01/2025-08-31,18.13,17.43,51.89,1.61,2208.0,Open-Meteo Air Quality API,2025-06-01/2025-08-31
1360,solo,6648.29,sydney,hiver,12,hôtel,1564.65,nuageux,plage,1,annulation,1,1,je ne recommande pas.,554.0241666666667,0.2353462318881998,0.0,0.0,0.0,0.0,1.0,1.0,0.0,22.44,3.42,39.0,20.67,90.0,-33.86785,151.20732,Open-Meteo Historical Weather API,2024-12-01/2025-02-28,12.57,9.86,34.15,2.24,2160.0,Open-Meteo Air Quality API,2024-12-01/2025-02-28
1361,solo,6809.78,rome,été,13,appartement,1129.09,nuageux,culture,5,météo,0,1,excellent séjour.,523.8292307692308,0.1658041816328868,0.0,0.0,0.0,0.0,1.0,0.0,1.0,27.22,1.32,16.0,14.95,92.0,41.89193,12.51133,Open-Meteo Historical Weather API,2025-06-01/2025-08-31,15.45,9.67,40.74,2.01,2208.0,Open-Meteo Air Quality API,2025-06-01/2025-08-31
1362,business,3826.07,new york,printemps,3,appartement,,nuageux,randonnée,1,retard_vol,0,0,déçu par l'organisation.,1275.3566666666668,,0.0,0.0,1.0,0.0,1.0,1.0,0.0,12.04,4.75,36.0,17.46,92.0,40.71427,-74.00597,Open-Meteo Historical Weather API,2025-03-01/2025-05-31,11.88,11.05,41.24,1.07,2208.0,Open-Meteo Air Quality API,2025-03-01/2025-05-31
1363,senior,3821.33,dubaï,été,16,hôtel,1040.37,ensoleillé,,5,retard_vol,1,1,excellent séjour.,238.833125,0.2722533777506784,1.0,0.0,0.0,0.0,1.0,1.0,0.0,35.27,0.0,0.0,22.79,92.0,25.07725,55.30927,Open-Meteo Historical Weather API,2025-06-01/2025-08-31,128.17,54.13,71.91,2.19,2208.0,Open-Meteo Air Quality API,2025-06-01/2025-08-31
1364,senior,11000.45,lisbonne,hiver,14,appartement,1412.47,ensoleillé,business,3,bagages,0,1,séjour mitigé.,785.7464285714286,0.1284011108636464,1.0,0.0,0.0,0.0,1.0,1.0,0.0,12.63,2.92,26.0,17.53,90.0,38.72509,-9.1498,Open-Meteo Historical Weather API,2024-12-01/2025-02-28,19.66,13.91,36.49,0.38,2160.0,Open-Meteo Air Quality API,2024-12-01/2025-02-28
1365,couple,5230.59,rome,été,16,hôtel,,nuageux,culture,4,annulation,1,1,une expérience inoubliable.,326.911875,,1.0,0.0,0.0,0.0,1.0,1.0,0.0,27.22,1.32,16.0,14.95,92.0,41.89193,12.51133,Open-Meteo Historical Weather API,2025-06-01/2025-08-31,15.45,9.67,40.74,2.01,2208.0,Open-Meteo Air Quality API,2025-06-01/2025-08-31
1366,business,2507.99,lisbonne,été,13,villa,1230.61,ensoleillé,culture,5,aucun,0,0,très bon rapport qualité-prix.,192.92230769230767,0.4906758001427438,0.0,0.0,1.0,1.0,0.0,0.0,0.0,23.39,0.06,1.0,17.22,92.0,38.72509,-9.1498,Open-Meteo Historical Weather API,2025-06-01/2025-08-31,19.54,10.92,32.89,2.16,2208.0,Open-Meteo Air Quality API,2025-06-01/2025-08-31
1367,business,6749.97,new york,printemps,13,resort,490.43,nuageux,randonnée,5,météo,0,1,très bon rapport qualité-prix.,519.2284615384616,0.0726566192146039,0.0,0.0,1.0,1.0,1.0,0.0,1.0,12.04,4.75,36.0,17.46,92.0,40.71427,-74.00597,Open-Meteo Historical Weather API,2025-03-01/2025-05-31,11.88,11.05,41.24,1.07,2208.0,Open-Meteo Air Quality API,2025-03-01/2025-05-31
1368,couple,,dubaï,hiver,13,hôtel,817.41,pluie,plage,1,retard_vol,1,1,à éviter.,,,0.0,1.0,0.0,0.0,1.0,1.0,0.0,20.21,0.09,2.0,19.57,90.0,25.07725,55.30927,Open-Meteo Historical Weather API,2024-12-01/2025-02-28,59.55,32.47,55.0,1.03,2160.0,Open-Meteo Air Quality API,2024-12-01/2025-02-28
1370,famille,6759.63,new york,printemps,3,resort,766.27,ensoleillé,business,1,météo,1,1,déçu par l'organisation.,2253.21,0.1133597548978272,0.0,0.0,0.0,1.0,1.0,0.0,1.0,12.04,4.75,36.0,17.46,92.0,40.71427,-74.00597,Open-Meteo Historical Weather API,2025-03-01/2025-05-31,11.88,11.05,41.24,1.07,2208.0,Open-Meteo Air Quality API,2025-03-01/2025-05-31
1371,business,10425.43,new york,hiver,3,resort,1232.42,pluie,,5,météo,0,1,une expérience inoubliable.,3475.143333333333,0.11821286987683,0.0,1.0,1.0,1.0,1.0,0.0,1.0,0.0,2.34,32.0,16.49,90.0,40.71427,-74.00597,Open-Meteo Historical Weather API,2024-12-01/2025-02-28,14.23,13.56,43.36,0.34,2160.0,Open-Meteo Air Quality API,2024-12-01/2025-02-28
1372,solo,8744.26,bali,automne,6,hôtel,1360.93,nuageux,randonnée,3,aucun,0,1,séjour mitigé.,1457.3766666666668,0.1556369549853275,0.0,0.0,0.0,0.0,0.0,0.0,0.0,26.3,6.82,61.0,14.71,91.0,-8.65,115.21667,Open-Meteo Historical Weather API,2025-09-01/2025-11-30,14.48,11.69,32.66,2.5,2184.0,Open-Meteo Air Quality API,2025-09-01/2025-11-30
1373,senior,,tokyo,printemps,9,resort,983.65,ensoleillé,gastronomie,5,retard_vol,0,1,excellent séjour.,,,0.0,0.0,0.0,1.0,1.0,1.0,0.0,14.52,6.04,44.0,15.33,92.0,35.6895,139.69171,Open-Meteo Historical Weather API,2025-03-01/2025-05-31,29.58,26.1,53.35,1.05,2208.0,Open-Meteo Air Quality API,2025-03-01/2025-05-31
1374,solo,,new york,automne,12,hôtel,,ensoleillé,business,1,aucun,0,1,déçu par l'organisation.,,,0.0,0.0,0.0,0.0,0.0,0.0,0.0,13.97,3.07,25.0,15.38,91.0,40.71427,-74.00597,Open-Meteo Historical Weather API,2025-09-01/2025-11-30,11.7,11.28,42.27,0.76,2184.0,Open-Meteo Air Quality API,2025-09-01/2025-11-30
1375,senior,,new york,automne,12,appartement,990.92,ensoleillé,culture,2,retard_vol,0,1,à éviter.,,,0.0,0.0,0.0,0.0,1.0,1.0,0.0,13.97,3.07,25.0,15.38,91.0,40.71427,-74.00597,Open-Meteo Historical Weather API,2025-09-01/2025-11-30,11.7,11.28,42.27,0.76,2184.0,Open-Meteo Air Quality API,2025-09-01/2025-11-30
1376,solo,18219.55,paris,hiver,15,appartement,859.16,ensoleillé,culture,4,aucun,0,1,très bon rapport qualité-prix.,1214.6366666666663,0.0471559396362698,1.0,0.0,0.0,0.0,0.0,0.0,0.0,4.95,2.61,35.0,15.72,90.0,48.85341,2.3488,Open-Meteo Historical Weather API,2024-12-01/2025-02-28,20.98,17.57,45.01,0.13,2160.0,Open-Meteo Air Quality API,2024-12-01/2025-02-28
1377,business,9982.4,tokyo,été,16,resort,1090.87,ensoleillé,business,5,retard_vol,0,1,"très satisfait, je recommande.",623.9,0.1092793316236576,1.0,0.0,1.0,1.0,1.0,1.0,0.0,27.71,2.91,31.0,13.49,92.0,35.6895,139.69171,Open-Meteo Historical Weather API,2025-06-01/2025-08-31,24.0,22.42,51.6,1.83,2208.0,Open-Meteo Air Quality API,2025-06-01/2025-08-31
1378,famille,7581.83,rome,automne,6,,1145.36,nuageux,culture,1,aucun,0,1,déçu par l'organisation.,1263.638333333333,0.1510664311914142,0.0,0.0,0.0,,0.0,0.0,0.0,17.21,4.01,24.0,12.75,91.0,41.89193,12.51133,Open-Meteo Historical Weather API,2025-09-01/2025-11-30,13.51,9.22,34.28,0.79,2184.0,Open-Meteo Air Quality API,2025-09-01/2025-11-30
1379,solo,10852.07,lisbonne,été,11,hôtel,,nuageux,culture,1,bagages,0,1,de nombreux problèmes rencontrés.,986.551818181818,,0.0,0.0,0.0,0.0,1.0,1.0,0.0,23.39,0.06,1.0,17.22,92.0,38.72509,-9.1498,Open-Meteo Historical Weather API,2025-06-01/2025-08-31,19.54,10.92,32.89,2.16,2208.0,Open-Meteo Air Quality API,2025-06-01/2025-08-31
1380,business,4668.04,lisbonne,printemps,6,hôtel,1566.73,ensoleillé,plage,5,aucun,0,1,excellent séjour.,778.0066666666667,0.335629086297461,0.0,0.0,1.0,0.0,0.0,0.0,0.0,15.64,3.53,41.0,19.08,92.0,38.72509,-9.1498,Open-Meteo Historical Weather API,2025-03-01/2025-05-31,15.2,9.48,34.11,1.3,2208.0,Open-Meteo Air Quality API,2025-03-01/2025-05-31
1381,senior,7358.41,bali,printemps,9,hôtel,925.2,ensoleillé,plage,1,retard_vol,1,1,très mauvaise expérience.,817.6011111111111,0.1257336843149539,0.0,0.0,0.0,0.0,1.0,1.0,0.0,26.99,6.49,65.0,13.72,92.0,-8.65,115.21667,Open-Meteo Historical Weather API,2025-03-01/2025-05-31,12.14,10.4,31.68,2.19,2208.0,Open-Meteo Air Quality API,2025-03-01/2025-05-31
1382,senior,4311.07,rome,hiver,12,villa,1490.9,ensoleillé,business,4,météo,1,1,"très satisfait, je recommande.",359.2558333333333,0.345830617456919,0.0,0.0,0.0,1.0,1.0,0.0,1.0,9.23,2.57,28.0,13.79,90.0,41.89193,12.51133,Open-Meteo Historical Weather API,2024-12-01/2025-02-28,20.56,17.01,40.29,0.27,2160.0,Open-Meteo Air Quality API,2024-12-01/2025-02-28
1383,famille,8529.47,rome,été,3,villa,838.95,pluie,culture,1,météo,1,1,déçu par l'organisation.,2843.1566666666663,0.0983589836179739,0.0,1.0,0.0,1.0,1.0,0.0,1.0,27.22,1.32,16.0,14.95,92.0,41.89193,12.51133,Open-Meteo Historical Weather API,2025-06-01/2025-08-31,15.45,9.67,40.74,2.01,2208.0,Open-Meteo Air Quality API,2025-06-01/2025-08-31
1384,solo,4294.2,new york,automne,21,villa,1137.5,ensoleillé,gastronomie,5,météo,1,1,très bon rapport qualité-prix.,204.48571428571427,0.2648921801499697,1.0,0.0,0.0,1.0,1.0,0.0,1.0,13.97,3.07,25.0,15.38,91.0,40.71427,-74.00597,Open-Meteo Historical Weather API,2025-09-01/2025-11-30,11.7,11.28,42.27,0.76,2184.0,Open-Meteo Air Quality API,2025-09-01/2025-11-30
1386,famille,8591.95,new york,hiver,7,appartement,1421.2,ensoleillé,plage,5,bagages,0,1,très bon rapport qualité-prix.,1227.4214285714286,0.1654106460116737,0.0,0.0,0.0,0.0,1.0,1.0,0.0,0.0,2.34,32.0,16.49,90.0,40.71427,-74.00597,Open-Meteo Historical Weather API,2024-12-01/2025-02-28,14.23,13.56,43.36,0.34,2160.0,Open-Meteo Air Quality API,2024-12-01/2025-02-28
1387,business,6368.47,paris,été,20,resort,,ensoleillé,business,1,météo,1,1,à éviter.,318.4235,,1.0,0.0,1.0,1.0,1.0,0.0,1.0,21.05,2.58,30.0,14.41,92.0,48.85341,2.3488,Open-Meteo Historical Weather API,2025-06-01/2025-08-31,10.28,6.83,31.49,1.5,2208.0,Open-Meteo Air Quality API,2025-06-01/2025-08-31
1390,senior,2295.93,lisbonne,hiver,7,villa,973.3,ensoleillé,culture,1,retard_vol,0,0,très mauvaise expérience.,327.98999999999995,0.4239240743402456,0.0,0.0,0.0,1.0,1.0,1.0,0.0,12.63,2.92,26.0,17.53,90.0,38.72509,-9.1498,Open-Meteo Historical Weather API,2024-12-01/2025-02-28,19.66,13.91,36.49,0.38,2160.0,Open-Meteo Air Quality API,2024-12-01/2025-02-28
1391,business,3362.09,new york,automne,18,villa,1283.07,ensoleillé,randonnée,2,aucun,0,0,très mauvaise expérience.,186.7827777777778,0.381628689297431,1.0,0.0,1.0,1.0,0.0,0.0,0.0,13.97,3.07,25.0,15.38,91.0,40.71427,-74.00597,Open-Meteo Historical Weather API,2025-09-01/2025-11-30,11.7,11.28,42.27,0.76,2184.0,Open-Meteo Air Quality API,2025-09-01/2025-11-30
1392,business,8595.78,new york,automne,9,appartement,1617.15,variable,plage,2,annulation,0,1,de nombreux problèmes rencontrés.,955.0866666666668,0.1881330141069222,0.0,1.0,1.0,0.0,1.0,1.0,0.0,13.97,3.07,25.0,15.38,91.0,40.71427,-74.00597,Open-Meteo Historical Weather API,2025-09-01/2025-11-30,11.7,11.28,42.27,0.76,2184.0,Open-Meteo Air Quality API,2025-09-01/2025-11-30
1393,famille,7807.2,bali,hiver,11,villa,1244.42,pluie,culture,4,retard_vol,0,1,"très satisfait, je recommande.",709.7454545454545,0.1593938928168869,0.0,1.0,0.0,1.0,1.0,1.0,0.0,26.28,11.89,84.0,14.7,90.0,-8.65,115.21667,Open-Meteo Historical Weather API,2024-12-01/2025-02-28,12.8,11.67,33.02,1.96,2160.0,Open-Meteo Air Quality API,2024-12-01/2025-02-28
1394,couple,11221.34,lisbonne,hiver,16,villa,1269.78,pluie,plage,4,retard_vol,0,1,très bon rapport qualité-prix.,701.33375,0.1131576086278465,1.0,1.0,0.0,1.0,1.0,1.0,0.0,12.63,2.92,26.0,17.53,90.0,38.72509,-9.1498,Open-Meteo Historical Weather API,2024-12-01/2025-02-28,19.66,13.91,36.49,0.38,2160.0,Open-Meteo Air Quality API,2024-12-01/2025-02-28
1395,business,9960.8,bali,automne,13,resort,1298.14,variable,plage,1,aucun,0,1,déçu par l'organisation.,766.2153846153846,0.1303248735041362,0.0,1.0,1.0,1.0,0.0,0.0,0.0,26.3,6.82,61.0,14.71,91.0,-8.65,115.21667,Open-Meteo Historical Weather API,2025-09-01/2025-11-30,14.48,11.69,32.66,2.5,2184.0,Open-Meteo Air Quality API,2025-09-01/2025-11-30
1396,senior,11248.06,sydney,hiver,10,villa,726.46,ensoleillé,culture,1,météo,1,1,très mauvaise expérience.,1124.806,0.0645853596086791,0.0,0.0,0.0,1.0,1.0,0.0,1.0,22.44,3.42,39.0,20.67,90.0,-33.86785,151.20732,Open-Meteo Historical Weather API,2024-12-01/2025-02-28,12.57,9.86,34.15,2.24,2160.0,Open-Meteo Air Quality API,2024-12-01/2025-02-28
1397,famille,9378.27,lisbonne,été,15,hôtel,1241.34,variable,randonnée,5,aucun,0,1,une expérience inoubliable.,625.2180000000001,0.1323634316350457,1.0,1.0,0.0,0.0,0.0,0.0,0.0,23.39,0.06,1.0,17.22,92.0,38.72509,-9.1498,Open-Meteo Historical Weather API,2025-06-01/2025-08-31,19.54,10.92,32.89,2.16,2208.0,Open-Meteo Air Quality API,2025-06-01/2025-08-31
1398,solo,7769.85,new york,automne,21,villa,845.51,ensoleillé,gastronomie,2,annulation,0,1,très mauvaise expérience.,369.99285714285713,0.1088193465768322,1.0,0.0,0.0,1.0,1.0,1.0,0.0,13.97,3.07,25.0,15.38,91.0,40.71427,-74.00597,Open-Meteo Historical Weather API,2025-09-01/2025-11-30,11.7,11.28,42.27,0.76,2184.0,Open-Meteo Air Quality API,2025-09-01/2025-11-30
1399,business,11358.78,lisbonne,été,11,villa,959.91,pluie,plage,5,aucun,0,1,"parfait, rien à redire.",1032.6163636363638,0.0845081954223957,0.0,1.0,1.0,1.0,0.0,0.0,0.0,23.39,0.06,1.0,17.22,92.0,38.72509,-9.1498,Open-Meteo Historical Weather API,2025-06-01/2025-08-31,19.54,10.92,32.89,2.16,2208.0,Open-Meteo Air Quality API,2025-06-01/2025-08-31
1400,famille,10632.91,bali,printemps,10,hôtel,1697.4,nuageux,business,2,annulation,1,1,très mauvaise expérience.,1063.291,0.1596364494762017,0.0,0.0,0.0,0.0,1.0,1.0,0.0,26.99,6.49,65.0,13.72,92.0,-8.65,115.21667,Open-Meteo Historical Weather API,2025-03-01/2025-05-31,12.14,10.4,31.68,2.19,2208.0,Open-Meteo Air Quality API,2025-03-01/2025-05-31
1401,solo,8441.17,new york,printemps,11,appartement,,nuageux,randonnée,2,annulation,1,1,à éviter.,767.3790909090909,,0.0,0.0,0.0,0.0,1.0,1.0,0.0,12.04,4.75,36.0,17.46,92.0,40.71427,-74.00597,Open-Meteo Historical Weather API,2025-03-01/2025-05-31,11.88,11.05,41.24,1.07,2208.0,Open-Meteo Air Quality API,2025-03-01/2025-05-31
1402,senior,12051.5,paris,hiver,16,hôtel,919.63,variable,plage,2,annulation,1,1,très mauvaise expérience.,753.21875,0.0763083433597477,1.0,1.0,0.0,0.0,1.0,1.0,0.0,4.95,2.61,35.0,15.72,90.0,48.85341,2.3488,Open-Meteo Historical Weather API,2024-12-01/2025-02-28,20.98,17.57,45.01,0.13,2160.0,Open-Meteo Air Quality API,2024-12-01/2025-02-28
1404,couple,5752.27,rome,printemps,9,villa,864.02,variable,plage,4,météo,1,1,"très satisfait, je recommande.",639.1411111111112,0.150205049484812,0.0,1.0,0.0,1.0,1.0,0.0,1.0,15.22,3.55,32.0,13.85,92.0,41.89193,12.51133,Open-Meteo Historical Weather API,2025-03-01/2025-05-31,15.93,11.65,37.47,1.19,2208.0,Open-Meteo Air Quality API,2025-03-01/2025-05-31
1405,senior,5690.44,paris,hiver,3,appartement,998.09,nuageux,randonnée,3,météo,1,1,"quelques imprévus, globalement bien.",1896.8133333333333,0.1753976845375753,0.0,0.0,0.0,0.0,1.0,0.0,1.0,4.95,2.61,35.0,15.72,90.0,48.85341,2.3488,Open-Meteo Historical Weather API,2024-12-01/2025-02-28,20.98,17.57,45.01,0.13,2160.0,Open-Meteo Air Quality API,2024-12-01/2025-02-28
1407,senior,13263.01,bali,automne,7,hôtel,1129.46,variable,plage,1,bagages,0,1,de nombreux problèmes rencontrés.,1894.7157142857145,0.0851586479992098,0.0,1.0,0.0,0.0,1.0,1.0,0.0,26.3,6.82,61.0,14.71,91.0,-8.65,115.21667,Open-Meteo Historical Weather API,2025-09-01/2025-11-30,14.48,11.69,32.66,2.5,2184.0,Open-Meteo Air Quality API,2025-09-01/2025-11-30
1408,couple,1073.98,new york,hiver,10,resort,699.49,ensoleillé,,3,météo,1,0,"quelques imprévus, globalement bien.",107.398,0.6513063557980595,0.0,0.0,0.0,1.0,1.0,0.0,1.0,0.0,2.34,32.0,16.49,90.0,40.71427,-74.00597,Open-Meteo Historical Weather API,2024-12-01/2025-02-28,14.23,13.56,43.36,0.34,2160.0,Open-Meteo Air Quality API,2024-12-01/2025-02-28
1409,business,12616.65,tokyo,automne,19,appartement,1263.79,variable,business,3,bagages,0,1,séjour mitigé.,664.0342105263157,0.1001684282277783,1.0,1.0,1.0,0.0,1.0,1.0,0.0,18.79,4.52,34.0,12.27,91.0,35.6895,139.69171,Open-Meteo Historical Weather API,2025-09-01/2025-11-30,28.46,27.24,54.08,0.85,2184.0,Open-Meteo Air Quality API,2025-09-01/2025-11-30
1410,solo,2198.39,bali,été,13,hôtel,1011.75,pluie,plage,5,aucun,0,0,excellent séjour.,169.10692307692307,0.4602231633149714,0.0,1.0,0.0,0.0,0.0,0.0,0.0,25.53,3.21,49.0,18.92,92.0,-8.65,115.21667,Open-Meteo Historical Weather API,2025-06-01/2025-08-31,13.38,9.86,30.22,1.86,2208.0,Open-Meteo Air Quality API,2025-06-01/2025-08-31
1411,couple,2320.34,lisbonne,automne,5,appartement,1530.68,pluie,plage,3,météo,1,0,séjour mitigé.,464.068,0.6596791849470336,0.0,1.0,0.0,0.0,1.0,0.0,1.0,18.72,2.83,21.0,17.54,91.0,38.72509,-9.1498,Open-Meteo Historical Weather API,2025-09-01/2025-11-30,15.83,9.72,31.17,0.9,2184.0,Open-Meteo Air Quality API,2025-09-01/2025-11-30
1412,senior,5978.89,lisbonne,automne,6,resort,955.54,ensoleillé,business,1,aucun,0,1,très mauvaise expérience.,996.4816666666668,0.1598189630516701,0.0,0.0,0.0,1.0,0.0,0.0,0.0,18.72,2.83,21.0,17.54,91.0,38.72509,-9.1498,Open-Meteo Historical Weather API,2025-09-01/2025-11-30,15.83,9.72,31.17,0.9,2184.0,Open-Meteo Air Quality API,2025-09-01/2025-11-30
1413,couple,5640.36,rome,automne,17,appartement,1399.73,nuageux,business,4,annulation,1,1,très bon rapport qualité-prix.,331.78588235294114,0.2481632378075158,1.0,0.0,0.0,0.0,1.0,1.0,0.0,17.21,4.01,24.0,12.75,91.0,41.89193,12.51133,Open-Meteo Historical Weather API,2025-09-01/2025-11-30,13.51,9.22,34.28,0.79,2184.0,Open-Meteo Air Quality API,2025-09-01/2025-11-30
1415,couple,9545.61,new york,hiver,10,,889.95,nuageux,plage,5,météo,1,1,"très satisfait, je recommande.",954.561,0.0932313388039109,0.0,0.0,0.0,,1.0,0.0,1.0,0.0,2.34,32.0,16.49,90.0,40.71427,-74.00597,Open-Meteo Historical Weather API,2024-12-01/2025-02-28,14.23,13.56,43.36,0.34,2160.0,Open-Meteo Air Quality API,2024-12-01/2025-02-28
1416,business,9664.71,dubaï,automne,8,resort,1066.22,ensoleillé,gastronomie,1,annulation,1,1,à éviter.,1208.08875,0.1103209511718406,0.0,0.0,1.0,1.0,1.0,1.0,0.0,29.44,0.0,0.0,20.09,91.0,25.07725,55.30927,Open-Meteo Historical Weather API,2025-09-01/2025-11-30,80.53,41.8,60.89,1.56,2184.0,Open-Meteo Air Quality API,2025-09-01/2025-11-30
1417,senior,11176.0,bali,été,16,villa,1222.15,ensoleillé,plage,3,retard_vol,1,1,peut mieux faire sur la logistique.,698.5,0.1093548675733715,1.0,0.0,0.0,1.0,1.0,1.0,0.0,25.53,3.21,49.0,18.92,92.0,-8.65,115.21667,Open-Meteo Historical Weather API,2025-06-01/2025-08-31,13.38,9.86,30.22,1.86,2208.0,Open-Meteo Air Quality API,2025-06-01/2025-08-31
1418,senior,5175.44,dubaï,été,5,appartement,888.23,variable,plage,4,aucun,0,1,"parfait, rien à redire.",1035.088,0.1716240551527986,0.0,1.0,0.0,0.0,0.0,0.0,0.0,35.27,0.0,0.0,22.79,92.0,25.07725,55.30927,Open-Meteo Historical Weather API,2025-06-01/2025-08-31,128.17,54.13,71.91,2.19,2208.0,Open-Meteo Air Quality API,2025-06-01/2025-08-31
1419,couple,6764.32,rome,automne,12,resort,1190.44,ensoleillé,,3,aucun,0,1,séjour correct mais perfectible.,563.6933333333333,0.1759881259313575,0.0,0.0,0.0,1.0,0.0,0.0,0.0,17.21,4.01,24.0,12.75,91.0,41.89193,12.51133,Open-Meteo Historical Weather API,2025-09-01/2025-11-30,13.51,9.22,34.28,0.79,2184.0,Open-Meteo Air Quality API,2025-09-01/2025-11-30
1420,solo,6801.26,bali,automne,21,appartement,1057.72,,culture,2,retard_vol,0,1,très mauvaise expérience.,323.8695238095238,0.1555182422080614,1.0,,0.0,0.0,1.0,1.0,0.0,26.3,6.82,61.0,14.71,91.0,-8.65,115.21667,Open-Meteo Historical Weather API,2025-09-01/2025-11-30,14.48,11.69,32.66,2.5,2184.0,Open-Meteo Air Quality API,2025-09-01/2025-11-30
1421,famille,13733.37,dubaï,été,11,appartement,1052.32,variable,randonnée,1,météo,1,1,de nombreux problèmes rencontrés.,1248.4881818181818,0.076625038137034,0.0,1.0,0.0,0.0,1.0,0.0,1.0,35.27,0.0,0.0,22.79,92.0,25.07725,55.30927,Open-Meteo Historical Weather API,2025-06-01/2025-08-31,128.17,54.13,71.91,2.19,2208.0,Open-Meteo Air Quality API,2025-06-01/2025-08-31
1423,senior,3063.69,sydney,printemps,12,appartement,1137.1,ensoleillé,randonnée,3,retard_vol,1,0,"quelques imprévus, globalement bien.",255.3075,0.3711537394449177,0.0,0.0,0.0,0.0,1.0,1.0,0.0,19.13,4.44,49.0,17.74,92.0,-33.86785,151.20732,Open-Meteo Historical Weather API,2025-03-01/2025-05-31,11.25,9.25,31.84,1.01,2208.0,Open-Meteo Air Quality API,2025-03-01/2025-05-31
1424,business,6946.35,paris,printemps,8,hôtel,1161.92,pluie,randonnée,5,météo,0,1,excellent séjour.,868.29375,0.1672705809525866,0.0,1.0,1.0,0.0,1.0,0.0,1.0,12.44,1.18,26.0,14.07,92.0,48.85341,2.3488,Open-Meteo Historical Weather API,2025-03-01/2025-05-31,15.06,12.04,38.85,0.97,2208.0,Open-Meteo Air Quality API,2025-03-01/2025-05-31
1425,business,2544.81,rome,printemps,3,resort,957.51,ensoleillé,culture,4,retard_vol,1,0,"parfait, rien à redire.",848.27,0.3762599172433305,0.0,0.0,1.0,1.0,1.0,1.0,0.0,15.22,3.55,32.0,13.85,92.0,41.89193,12.51133,Open-Meteo Historical Weather API,2025-03-01/2025-05-31,15.93,11.65,37.47,1.19,2208.0,Open-Meteo Air Quality API,2025-03-01/2025-05-31
1426,solo,5881.94,paris,printemps,13,appartement,,pluie,business,2,météo,1,1,je ne recommande pas.,452.45692307692303,,0.0,1.0,0.0,0.0,1.0,0.0,1.0,12.44,1.18,26.0,14.07,92.0,48.85341,2.3488,Open-Meteo Historical Weather API,2025-03-01/2025-05-31,15.06,12.04,38.85,0.97,2208.0,Open-Meteo Air Quality API,2025-03-01/2025-05-31
1427,senior,6415.41,rome,hiver,15,appartement,1086.22,pluie,randonnée,2,aucun,0,1,je ne recommande pas.,427.694,0.1693141981572495,1.0,1.0,0.0,0.0,0.0,0.0,0.0,9.23,2.57,28.0,13.79,90.0,41.89193,12.51133,Open-Meteo Historical Weather API,2024-12-01/2025-02-28,20.56,17.01,40.29,0.27,2160.0,Open-Meteo Air Quality API,2024-12-01/2025-02-28
1428,solo,4270.89,paris,hiver,8,,1106.0,pluie,culture,3,aucun,0,1,dans l'ensemble satisfaisant.,533.86125,0.258962417669385,0.0,1.0,0.0,,0.0,0.0,0.0,4.95,2.61,35.0,15.72,90.0,48.85341,2.3488,Open-Meteo Historical Weather API,2024-12-01/2025-02-28,20.98,17.57,45.01,0.13,2160.0,Open-Meteo Air Quality API,2024-12-01/2025-02-28
1430,solo,9457.95,new york,printemps,5,,1204.82,pluie,plage,5,aucun,0,1,"très satisfait, je recommande.",1891.59,0.1273870130419382,0.0,1.0,0.0,,0.0,0.0,0.0,12.04,4.75,36.0,17.46,92.0,40.71427,-74.00597,Open-Meteo Historical Weather API,2025-03-01/2025-05-31,11.88,11.05,41.24,1.07,2208.0,Open-Meteo Air Quality API,2025-03-01/2025-05-31
1431,famille,5970.9,new york,automne,9,villa,631.64,pluie,culture,4,météo,1,1,une expérience inoubliable.,663.4333333333333,0.1057863973605319,0.0,1.0,0.0,1.0,1.0,0.0,1.0,13.97,3.07,25.0,15.38,91.0,40.71427,-74.00597,Open-Meteo Historical Weather API,2025-09-01/2025-11-30,11.7,11.28,42.27,0.76,2184.0,Open-Meteo Air Quality API,2025-09-01/2025-11-30
1432,couple,5095.81,tokyo,été,7,villa,922.24,ensoleillé,plage,5,bagages,0,1,excellent séjour.,727.9728571428572,0.1809800600885825,0.0,0.0,0.0,1.0,1.0,1.0,0.0,27.71,2.91,31.0,13.49,92.0,35.6895,139.69171,Open-Meteo Historical Weather API,2025-06-01/2025-08-31,24.0,22.42,51.6,1.83,2208.0,Open-Meteo Air Quality API,2025-06-01/2025-08-31
1433,famille,6255.3,paris,hiver,5,villa,1042.98,pluie,gastronomie,2,annulation,0,1,à éviter.,1251.06,0.1667354083736991,0.0,1.0,0.0,1.0,1.0,1.0,0.0,4.95,2.61,35.0,15.72,90.0,48.85341,2.3488,Open-Meteo Historical Weather API,2024-12-01/2025-02-28,20.98,17.57,45.01,0.13,2160.0,Open-Meteo Air Quality API,2024-12-01/2025-02-28
1434,solo,6894.0,new york,hiver,19,hôtel,888.56,variable,gastronomie,4,météo,0,1,"très satisfait, je recommande.",362.8421052631579,0.1288888888888889,1.0,1.0,0.0,0.0,1.0,0.0,1.0,0.0,2.34,32.0,16.49,90.0,40.71427,-74.00597,Open-Meteo Historical Weather API,2024-12-01/2025-02-28,14.23,13.56,43.36,0.34,2160.0,Open-Meteo Air Quality API,2024-12-01/2025-02-28
1436,couple,8785.91,lisbonne,automne,13,hôtel,,nuageux,plage,5,retard_vol,1,1,excellent séjour.,675.8392307692308,,0.0,0.0,0.0,0.0,1.0,1.0,0.0,18.72,2.83,21.0,17.54,91.0,38.72509,-9.1498,Open-Meteo Historical Weather API,2025-09-01/2025-11-30,15.83,9.72,31.17,0.9,2184.0,Open-Meteo Air Quality API,2025-09-01/2025-11-30
1437,solo,5104.66,paris,printemps,14,villa,1165.37,ensoleillé,randonnée,2,annulation,1,1,de nombreux problèmes rencontrés.,364.6185714285714,0.2282953223133372,1.0,0.0,0.0,1.0,1.0,1.0,0.0,12.44,1.18,26.0,14.07,92.0,48.85341,2.3488,Open-Meteo Historical Weather API,2025-03-01/2025-05-31,15.06,12.04,38.85,0.97,2208.0,Open-Meteo Air Quality API,2025-03-01/2025-05-31
1438,senior,12013.03,new york,été,14,appartement,,ensoleillé,,1,météo,1,1,je ne recommande pas.,858.0735714285714,,1.0,0.0,0.0,0.0,1.0,0.0,1.0,24.52,2.28,32.0,14.21,92.0,40.71427,-74.00597,Open-Meteo Historical Weather API,2025-06-01/2025-08-31,18.13,17.43,51.89,1.61,2208.0,Open-Meteo Air Quality API,2025-06-01/2025-08-31
1440,solo,11644.05,new york,automne,11,villa,792.31,,gastronomie,4,météo,1,1,très bon rapport qualité-prix.,1058.55,0.0680441942451294,0.0,,0.0,1.0,1.0,0.0,1.0,13.97,3.07,25.0,15.38,91.0,40.71427,-74.00597,Open-Meteo Historical Weather API,2025-09-01/2025-11-30,11.7,11.28,42.27,0.76,2184.0,Open-Meteo Air Quality API,2025-09-01/2025-11-30
1441,couple,2845.61,new york,printemps,9,hôtel,1072.49,variable,,5,aucun,0,0,une expérience inoubliable.,316.1788888888889,0.3768928278998176,0.0,1.0,0.0,0.0,0.0,0.0,0.0,12.04,4.75,36.0,17.46,92.0,40.71427,-74.00597,Open-Meteo Historical Weather API,2025-03-01/2025-05-31,11.88,11.05,41.24,1.07,2208.0,Open-Meteo Air Quality API,2025-03-01/2025-05-31
1442,senior,5425.83,dubaï,hiver,12,appartement,866.88,ensoleillé,,5,météo,1,1,"très satisfait, je recommande.",452.1525,0.159769104450379,0.0,0.0,0.0,0.0,1.0,0.0,1.0,20.21,0.09,2.0,19.57,90.0,25.07725,55.30927,Open-Meteo Historical Weather API,2024-12-01/2025-02-28,59.55,32.47,55.0,1.03,2160.0,Open-Meteo Air Quality API,2024-12-01/2025-02-28
1443,couple,1911.92,rome,hiver,12,villa,1043.66,variable,plage,1,bagages,0,0,à éviter.,159.32666666666668,0.5458701200887066,0.0,1.0,0.0,1.0,1.0,1.0,0.0,9.23,2.57,28.0,13.79,90.0,41.89193,12.51133,Open-Meteo Historical Weather API,2024-12-01/2025-02-28,20.56,17.01,40.29,0.27,2160.0,Open-Meteo Air Quality API,2024-12-01/2025-02-28
1444,couple,4079.26,dubaï,hiver,8,hôtel,431.94,ensoleillé,culture,3,bagages,0,1,séjour correct mais perfectible.,509.9075,0.1058868520270833,0.0,0.0,0.0,0.0,1.0,1.0,0.0,20.21,0.09,2.0,19.57,90.0,25.07725,55.30927,Open-Meteo Historical Weather API,2024-12-01/2025-02-28,59.55,32.47,55.0,1.03,2160.0,Open-Meteo Air Quality API,2024-12-01/2025-02-28
1445,senior,11974.99,lisbonne,hiver,3,appartement,815.7,ensoleillé,culture,2,aucun,0,1,de nombreux problèmes rencontrés.,3991.663333333333,0.0681169671122898,0.0,0.0,0.0,0.0,0.0,0.0,0.0,12.63,2.92,26.0,17.53,90.0,38.72509,-9.1498,Open-Meteo Historical Weather API,2024-12-01/2025-02-28,19.66,13.91,36.49,0.38,2160.0,Open-Meteo Air Quality API,2024-12-01/2025-02-28
1446,solo,12924.54,lisbonne,été,11,villa,1510.33,nuageux,gastronomie,2,météo,1,1,de nombreux problèmes rencontrés.,1174.958181818182,0.1168575438661646,0.0,0.0,0.0,1.0,1.0,0.0,1.0,23.39,0.06,1.0,17.22,92.0,38.72509,-9.1498,Open-Meteo Historical Weather API,2025-06-01/2025-08-31,19.54,10.92,32.89,2.16,2208.0,Open-Meteo Air Quality API,2025-06-01/2025-08-31
1447,business,2292.43,tokyo,automne,9,hôtel,1340.55,ensoleillé,randonnée,5,météo,0,0,"parfait, rien à redire.",254.71444444444444,0.5847724903268584,0.0,0.0,1.0,0.0,1.0,0.0,1.0,18.79,4.52,34.0,12.27,91.0,35.6895,139.69171,Open-Meteo Historical Weather API,2025-09-01/2025-11-30,28.46,27.24,54.08,0.85,2184.0,Open-Meteo Air Quality API,2025-09-01/2025-11-30
1448,business,5075.31,bali,été,3,appartement,1471.5,variable,plage,5,météo,1,1,"très satisfait, je recommande.",1691.7700000000002,0.2899330287213982,0.0,1.0,1.0,0.0,1.0,0.0,1.0,25.53,3.21,49.0,18.92,92.0,-8.65,115.21667,Open-Meteo Historical Weather API,2025-06-01/2025-08-31,13.38,9.86,30.22,1.86,2208.0,Open-Meteo Air Quality API,2025-06-01/2025-08-31
1449,business,6616.63,dubaï,été,12,resort,1489.91,variable,plage,1,retard_vol,1,1,à éviter.,551.3858333333334,0.2251765626912794,0.0,1.0,1.0,1.0,1.0,1.0,0.0,35.27,0.0,0.0,22.79,92.0,25.07725,55.30927,Open-Meteo Historical Weather API,2025-06-01/2025-08-31,128.17,54.13,71.91,2.19,2208.0,Open-Meteo Air Quality API,2025-06-01/2025-08-31
1450,couple,41000.0,new york,printemps,15,appartement,1298.36,variable,gastronomie,1,aucun,0,1,de nombreux problèmes rencontrés.,2733.333333333333,0.0316673170731707,1.0,1.0,0.0,0.0,0.0,0.0,0.0,12.04,4.75,36.0,17.46,92.0,40.71427,-74.00597,Open-Meteo Historical Weather API,2025-03-01/2025-05-31,11.88,11.05,41.24,1.07,2208.0,Open-Meteo Air Quality API,2025-03-01/2025-05-31
1453,couple,,rome,automne,7,villa,1425.33,ensoleillé,culture,3,retard_vol,1,1,peut mieux faire sur la logistique.,,,0.0,0.0,0.0,1.0,1.0,1.0,0.0,17.21,4.01,24.0,12.75,91.0,41.89193,12.51133,Open-Meteo Historical Weather API,2025-09-01/2025-11-30,13.51,9.22,34.28,0.79,2184.0,Open-Meteo Air Quality API,2025-09-01/2025-11-30
1454,senior,500.0,tokyo,automne,4,hôtel,,variable,culture,4,retard_vol,1,0,"parfait, rien à redire.",125.0,,0.0,1.0,0.0,0.0,1.0,1.0,0.0,18.79,4.52,34.0,12.27,91.0,35.6895,139.69171,Open-Meteo Historical Weather API,2025-09-01/2025-11-30,28.46,27.24,54.08,0.85,2184.0,Open-Meteo Air Quality API,2025-09-01/2025-11-30
1455,couple,5121.62,rome,printemps,11,resort,1786.4,nuageux,plage,4,retard_vol,1,1,très bon rapport qualité-prix.,465.60181818181815,0.3487958888008091,0.0,0.0,0.0,1.0,1.0,1.0,0.0,15.22,3.55,32.0,13.85,92.0,41.89193,12.51133,Open-Meteo Historical Weather API,2025-03-01/2025-05-31,15.93,11.65,37.47,1.19,2208.0,Open-Meteo Air Quality API,2025-03-01/2025-05-31
1457,business,8600.8,paris,printemps,6,villa,1646.74,ensoleillé,randonnée,4,aucun,0,1,excellent séjour.,1433.4666666666665,0.1914635847828109,0.0,0.0,1.0,1.0,0.0,0.0,0.0,12.44,1.18,26.0,14.07,92.0,48.85341,2.3488,Open-Meteo Historical Weather API,2025-03-01/2025-05-31,15.06,12.04,38.85,0.97,2208.0,Open-Meteo Air Quality API,2025-03-01/2025-05-31
1458,business,6352.31,lisbonne,printemps,9,appartement,1075.98,ensoleillé,culture,5,retard_vol,0,1,une expérience inoubliable.,705.8122222222223,0.1693840508413474,0.0,0.0,1.0,0.0,1.0,1.0,0.0,15.64,3.53,41.0,19.08,92.0,38.72509,-9.1498,Open-Meteo Historical Weather API,2025-03-01/2025-05-31,15.2,9.48,34.11,1.3,2208.0,Open-Meteo Air Quality API,2025-03-01/2025-05-31
1459,solo,5448.54,paris,automne,3,hôtel,1476.06,ensoleillé,gastronomie,5,aucun,0,1,une expérience inoubliable.,1816.18,0.2709092711074893,0.0,0.0,0.0,0.0,0.0,0.0,0.0,12.33,2.12,33.0,16.01,91.0,48.85341,2.3488,Open-Meteo Historical Weather API,2025-09-01/2025-11-30,12.19,8.6,34.88,0.44,2184.0,Open-Meteo Air Quality API,2025-09-01/2025-11-30
1460,solo,10331.0,paris,printemps,15,hôtel,1572.71,variable,culture,4,annulation,1,1,"très satisfait, je recommande.",688.7333333333333,0.1522321169296292,1.0,1.0,0.0,0.0,1.0,1.0,0.0,12.44,1.18,26.0,14.07,92.0,48.85341,2.3488,Open-Meteo Historical Weather API,2025-03-01/2025-05-31,15.06,12.04,38.85,0.97,2208.0,Open-Meteo Air Quality API,2025-03-01/2025-05-31
1461,senior,8074.52,tokyo,automne,6,villa,843.85,variable,business,3,météo,1,1,dans l'ensemble satisfaisant.,1345.753333333333,0.1045077602136102,0.0,1.0,0.0,1.0,1.0,0.0,1.0,18.79,4.52,34.0,12.27,91.0,35.6895,139.69171,Open-Meteo Historical Weather API,2025-09-01/2025-11-30,28.46,27.24,54.08,0.85,2184.0,Open-Meteo Air Quality API,2025-09-01/2025-11-30
1462,business,4313.93,rome,été,10,appartement,988.02,variable,culture,1,météo,1,1,de nombreux problèmes rencontrés.,431.393,0.2290301418891822,0.0,1.0,1.0,0.0,1.0,0.0,1.0,27.22,1.32,16.0,14.95,92.0,41.89193,12.51133,Open-Meteo Historical Weather API,2025-06-01/2025-08-31,15.45,9.67,40.74,2.01,2208.0,Open-Meteo Air Quality API,2025-06-01/2025-08-31
1464,senior,8469.7,lisbonne,printemps,7,appartement,,pluie,culture,5,bagages,0,1,excellent séjour.,1209.957142857143,,0.0,1.0,0.0,0.0,1.0,1.0,0.0,15.64,3.53,41.0,19.08,92.0,38.72509,-9.1498,Open-Meteo Historical Weather API,2025-03-01/2025-05-31,15.2,9.48,34.11,1.3,2208.0,Open-Meteo Air Quality API,2025-03-01/2025-05-31
1465,business,13855.37,tokyo,été,9,villa,1296.77,ensoleillé,business,3,aucun,0,1,séjour mitigé.,1539.4855555555555,0.0935933143611466,0.0,0.0,1.0,1.0,0.0,0.0,0.0,27.71,2.91,31.0,13.49,92.0,35.6895,139.69171,Open-Meteo Historical Weather API,2025-06-01/2025-08-31,24.0,22.42,51.6,1.83,2208.0,Open-Meteo Air Quality API,2025-06-01/2025-08-31
1466,couple,10096.03,tokyo,été,10,hôtel,1065.3,nuageux,business,4,aucun,0,1,"très satisfait, je recommande.",1009.603,0.1055167229098962,0.0,0.0,0.0,0.0,0.0,0.0,0.0,27.71,2.91,31.0,13.49,92.0,35.6895,139.69171,Open-Meteo Historical Weather API,2025-06-01/2025-08-31,24.0,22.42,51.6,1.83,2208.0,Open-Meteo Air Quality API,2025-06-01/2025-08-31
1467,solo,,bali,printemps,12,hôtel,1132.03,ensoleillé,culture,3,aucun,0,1,peut mieux faire sur la logistique.,,,0.0,0.0,0.0,0.0,0.0,0.0,0.0,26.99,6.49,65.0,13.72,92.0,-8.65,115.21667,Open-Meteo Historical Weather API,2025-03-01/2025-05-31,12.14,10.4,31.68,2.19,2208.0,Open-Meteo Air Quality API,2025-03-01/2025-05-31
1468,famille,4460.81,paris,printemps,17,villa,1267.07,ensoleillé,culture,3,retard_vol,1,1,séjour mitigé.,262.4005882352941,0.2840448259396835,1.0,0.0,0.0,1.0,1.0,1.0,0.0,12.44,1.18,26.0,14.07,92.0,48.85341,2.3488,Open-Meteo Historical Weather API,2025-03-01/2025-05-31,15.06,12.04,38.85,0.97,2208.0,Open-Meteo Air Quality API,2025-03-01/2025-05-31
1469,business,4809.45,bali,été,14,villa,620.22,pluie,business,4,bagages,0,1,très bon rapport qualité-prix.,343.53214285714284,0.1289586127311855,1.0,1.0,1.0,1.0,1.0,1.0,0.0,25.53,3.21,49.0,18.92,92.0,-8.65,115.21667,Open-Meteo Historical Weather API,2025-06-01/2025-08-31,13.38,9.86,30.22,1.86,2208.0,Open-Meteo Air Quality API,2025-06-01/2025-08-31
1470,senior,5974.48,rome,hiver,15,resort,1462.85,ensoleillé,gastronomie,2,météo,0,1,je ne recommande pas.,398.2986666666666,0.2448497609833826,1.0,0.0,0.0,1.0,1.0,0.0,1.0,9.23,2.57,28.0,13.79,90.0,41.89193,12.51133,Open-Meteo Historical Weather API,2024-12-01/2025-02-28,20.56,17.01,40.29,0.27,2160.0,Open-Meteo Air Quality API,2024-12-01/2025-02-28
1471,solo,6344.83,paris,automne,17,resort,1024.44,nuageux,,5,bagages,0,1,très bon rapport qualité-prix.,373.2252941176471,0.1614605907486883,1.0,0.0,0.0,1.0,1.0,1.0,0.0,12.33,2.12,33.0,16.01,91.0,48.85341,2.3488,Open-Meteo Historical Weather API,2025-09-01/2025-11-30,12.19,8.6,34.88,0.44,2184.0,Open-Meteo Air Quality API,2025-09-01/2025-11-30
1472,solo,2857.63,new york,hiver,13,appartement,1260.68,pluie,gastronomie,5,météo,1,0,"très satisfait, je recommande.",219.8176923076923,0.4411627817457124,0.0,1.0,0.0,0.0,1.0,0.0,1.0,0.0,2.34,32.0,16.49,90.0,40.71427,-74.00597,Open-Meteo Historical Weather API,2024-12-01/2025-02-28,14.23,13.56,43.36,0.34,2160.0,Open-Meteo Air Quality API,2024-12-01/2025-02-28
1473,famille,12030.78,paris,hiver,10,,,ensoleillé,business,4,retard_vol,1,1,très bon rapport qualité-prix.,1203.078,,0.0,0.0,0.0,,1.0,1.0,0.0,4.95,2.61,35.0,15.72,90.0,48.85341,2.3488,Open-Meteo Historical Weather API,2024-12-01/2025-02-28,20.98,17.57,45.01,0.13,2160.0,Open-Meteo Air Quality API,2024-12-01/2025-02-28
1474,senior,10487.44,paris,été,15,hôtel,1485.37,variable,gastronomie,4,aucun,0,1,"très satisfait, je recommande.",699.1626666666667,0.1416332298444615,1.0,1.0,0.0,0.0,0.0,0.0,0.0,21.05,2.58,30.0,14.41,92.0,48.85341,2.3488,Open-Meteo Historical Weather API,2025-06-01/2025-08-31,10.28,6.83,31.49,1.5,2208.0,Open-Meteo Air Quality API,2025-06-01/2025-08-31
1475,famille,5690.9,new york,été,15,villa,1089.9,nuageux,business,1,météo,0,1,déçu par l'organisation.,379.3933333333333,0.1915162803774447,1.0,0.0,0.0,1.0,1.0,0.0,1.0,24.52,2.28,32.0,14.21,92.0,40.71427,-74.00597,Open-Meteo Historical Weather API,2025-06-01/2025-08-31,18.13,17.43,51.89,1.61,2208.0,Open-Meteo Air Quality API,2025-06-01/2025-08-31
1476,famille,9512.66,tokyo,été,13,resort,548.87,variable,culture,4,retard_vol,1,1,une expérience inoubliable.,731.743076923077,0.0576988981000056,0.0,1.0,0.0,1.0,1.0,1.0,0.0,27.71,2.91,31.0,13.49,92.0,35.6895,139.69171,Open-Meteo Historical Weather API,2025-06-01/2025-08-31,24.0,22.42,51.6,1.83,2208.0,Open-Meteo Air Quality API,2025-06-01/2025-08-31
1477,couple,7823.18,rome,printemps,3,,1133.31,pluie,business,1,aucun,0,1,très mauvaise expérience.,2607.726666666667,0.1448656428715688,0.0,1.0,0.0,,0.0,0.0,0.0,15.22,3.55,32.0,13.85,92.0,41.89193,12.51133,Open-Meteo Historical Weather API,2025-03-01/2025-05-31,15.93,11.65,37.47,1.19,2208.0,Open-Meteo Air Quality API,2025-03-01/2025-05-31
1478,famille,9827.79,paris,automne,6,hôtel,1171.79,pluie,plage,1,météo,0,1,à éviter.,1637.965,0.1192322994284574,0.0,1.0,0.0,0.0,1.0,0.0,1.0,12.33,2.12,33.0,16.01,91.0,48.85341,2.3488,Open-Meteo Historical Weather API,2025-09-01/2025-11-30,12.19,8.6,34.88,0.44,2184.0,Open-Meteo Air Quality API,2025-09-01/2025-11-30
1479,solo,1501.07,rome,été,9,hôtel,,pluie,culture,2,annulation,1,0,à éviter.,166.78555555555556,,0.0,1.0,0.0,0.0,1.0,1.0,0.0,27.22,1.32,16.0,14.95,92.0,41.89193,12.51133,Open-Meteo Historical Weather API,2025-06-01/2025-08-31,15.45,9.67,40.74,2.01,2208.0,Open-Meteo Air Quality API,2025-06-01/2025-08-31
1480,solo,6336.4,rome,été,14,appartement,1157.53,variable,culture,1,bagages,0,1,déçu par l'organisation.,452.6,0.1826794394293289,1.0,1.0,0.0,0.0,1.0,1.0,0.0,27.22,1.32,16.0,14.95,92.0,41.89193,12.51133,Open-Meteo Historical Weather API,2025-06-01/2025-08-31,15.45,9.67,40.74,2.01,2208.0,Open-Meteo Air Quality API,2025-06-01/2025-08-31
1481,couple,6689.87,sydney,printemps,10,resort,1021.25,pluie,business,4,météo,0,1,une expérience inoubliable.,668.987,0.1526561801649359,0.0,1.0,0.0,1.0,1.0,0.0,1.0,19.13,4.44,49.0,17.74,92.0,-33.86785,151.20732,Open-Meteo Historical Weather API,2025-03-01/2025-05-31,11.25,9.25,31.84,1.01,2208.0,Open-Meteo Air Quality API,2025-03-01/2025-05-31
1482,famille,9439.77,lisbonne,hiver,16,appartement,758.14,ensoleillé,business,2,retard_vol,1,1,très mauvaise expérience.,589.985625,0.0803133974662518,1.0,0.0,0.0,0.0,1.0,1.0,0.0,12.63,2.92,26.0,17.53,90.0,38.72509,-9.1498,Open-Meteo Historical Weather API,2024-12-01/2025-02-28,19.66,13.91,36.49,0.38,2160.0,Open-Meteo Air Quality API,2024-12-01/2025-02-28
1483,famille,,tokyo,été,16,hôtel,1297.96,ensoleillé,culture,2,annulation,1,1,très mauvaise expérience.,,,1.0,0.0,0.0,0.0,1.0,1.0,0.0,27.71,2.91,31.0,13.49,92.0,35.6895,139.69171,Open-Meteo Historical Weather API,2025-06-01/2025-08-31,24.0,22.42,51.6,1.83,2208.0,Open-Meteo Air Quality API,2025-06-01/2025-08-31
1485,famille,2560.42,dubaï,été,16,villa,1009.09,ensoleillé,plage,2,bagages,0,0,déçu par l'organisation.,160.02625,0.3941111223939822,1.0,0.0,0.0,1.0,1.0,1.0,0.0,35.27,0.0,0.0,22.79,92.0,25.07725,55.30927,Open-Meteo Historical Weather API,2025-06-01/2025-08-31,128.17,54.13,71.91,2.19,2208.0,Open-Meteo Air Quality API,2025-06-01/2025-08-31
1486,business,6677.73,new york,hiver,5,villa,994.03,ensoleillé,business,4,météo,1,1,une expérience inoubliable.,1335.5459999999998,0.1488574710268309,0.0,0.0,1.0,1.0,1.0,0.0,1.0,0.0,2.34,32.0,16.49,90.0,40.71427,-74.00597,Open-Meteo Historical Weather API,2024-12-01/2025-02-28,14.23,13.56,43.36,0.34,2160.0,Open-Meteo Air Quality API,2024-12-01/2025-02-28
1487,couple,7181.71,rome,automne,12,hôtel,1449.11,ensoleillé,plage,3,annulation,0,1,dans l'ensemble satisfaisant.,598.4758333333333,0.2017778495650757,0.0,0.0,0.0,0.0,1.0,1.0,0.0,17.21,4.01,24.0,12.75,91.0,41.89193,12.51133,Open-Meteo Historical Weather API,2025-09-01/2025-11-30,13.51,9.22,34.28,0.79,2184.0,Open-Meteo Air Quality API,2025-09-01/2025-11-30
1488,couple,13716.24,paris,été,7,resort,1107.03,pluie,culture,2,aucun,0,1,déçu par l'organisation.,1959.462857142857,0.0807094364053122,0.0,1.0,0.0,1.0,0.0,0.0,0.0,21.05,2.58,30.0,14.41,92.0,48.85341,2.3488,Open-Meteo Historical Weather API,2025-06-01/2025-08-31,10.28,6.83,31.49,1.5,2208.0,Open-Meteo Air Quality API,2025-06-01/2025-08-31
1490,solo,7252.89,new york,été,8,appartement,999.91,pluie,gastronomie,3,retard_vol,1,1,peut mieux faire sur la logistique.,906.61125,0.1378636653802828,0.0,1.0,0.0,0.0,1.0,1.0,0.0,24.52,2.28,32.0,14.21,92.0,40.71427,-74.00597,Open-Meteo Historical Weather API,2025-06-01/2025-08-31,18.13,17.43,51.89,1.61,2208.0,Open-Meteo Air Quality API,2025-06-01/2025-08-31
1491,famille,6793.33,rome,hiver,17,resort,1242.05,variable,plage,3,retard_vol,0,1,"quelques imprévus, globalement bien.",399.6076470588236,0.1828337501637635,1.0,1.0,0.0,1.0,1.0,1.0,0.0,9.23,2.57,28.0,13.79,90.0,41.89193,12.51133,Open-Meteo Historical Weather API,2024-12-01/2025-02-28,20.56,17.01,40.29,0.27,2160.0,Open-Meteo Air Quality API,2024-12-01/2025-02-28
1492,famille,11378.28,bali,automne,12,hôtel,1479.62,variable,plage,1,annulation,0,1,à éviter.,948.19,0.1300389865603588,0.0,1.0,0.0,0.0,1.0,1.0,0.0,26.3,6.82,61.0,14.71,91.0,-8.65,115.21667,Open-Meteo Historical Weather API,2025-09-01/2025-11-30,14.48,11.69,32.66,2.5,2184.0,Open-Meteo Air Quality API,2025-09-01/2025-11-30
1493,senior,4543.49,bali,été,20,appartement,1291.63,ensoleillé,business,4,bagages,0,1,très bon rapport qualité-prix.,227.1745,0.2842814664497996,1.0,0.0,0.0,0.0,1.0,1.0,0.0,25.53,3.21,49.0,18.92,92.0,-8.65,115.21667,Open-Meteo Historical Weather API,2025-06-01/2025-08-31,13.38,9.86,30.22,1.86,2208.0,Open-Meteo Air Quality API,2025-06-01/2025-08-31
1494,famille,6358.1,rome,automne,11,resort,1302.08,pluie,gastronomie,1,aucun,0,1,je ne recommande pas.,578.0090909090909,0.2047907393718249,0.0,1.0,0.0,1.0,0.0,0.0,0.0,17.21,4.01,24.0,12.75,91.0,41.89193,12.51133,Open-Meteo Historical Weather API,2025-09-01/2025-11-30,13.51,9.22,34.28,0.79,2184.0,Open-Meteo Air Quality API,2025-09-01/2025-11-30
1495,solo,2529.93,tokyo,printemps,21,,1280.47,pluie,plage,2,météo,1,0,à éviter.,120.47285714285714,0.5061286280648082,1.0,1.0,0.0,,1.0,0.0,1.0,14.52,6.04,44.0,15.33,92.0,35.6895,139.69171,Open-Meteo Historical Weather API,2025-03-01/2025-05-31,29.58,26.1,53.35,1.05,2208.0,Open-Meteo Air Quality API,2025-03-01/2025-05-31
1497,couple,8507.34,new york,automne,10,resort,,pluie,plage,1,aucun,0,1,à éviter.,850.734,,0.0,1.0,0.0,1.0,0.0,0.0,0.0,13.97,3.07,25.0,15.38,91.0,40.71427,-74.00597,Open-Meteo Historical Weather API,2025-09-01/2025-11-30,11.7,11.28,42.27,0.76,2184.0,Open-Meteo Air Quality API,2025-09-01/2025-11-30
1498,solo,4069.85,rome,été,4,appartement,1063.06,ensoleillé,business,2,météo,1,1,je ne recommande pas.,1017.4625,0.2612037298671941,0.0,0.0,0.0,0.0,1.0,0.0,1.0,27.22,1.32,16.0,14.95,92.0,41.89193,12.51133,Open-Meteo Historical Weather API,2025-06-01/2025-08-31,15.45,9.67,40.74,2.01,2208.0,Open-Meteo Air Quality API,2025-06-01/2025-08-31
1499,business,6462.29,paris,printemps,15,appartement,923.47,variable,randonnée,1,annulation,1,1,je ne recommande pas.,430.8193333333333,0.1429013554018776,1.0,1.0,1.0,0.0,1.0,1.0,0.0,12.44,1.18,26.0,14.07,92.0,48.85341,2.3488,Open-Meteo Historical Weather API,2025-03-01/2025-05-31,15.06,12.04,38.85,0.97,2208.0,Open-Meteo Air Quality API,2025-03-01/2025-05-31
1500,senior,8979.93,sydney,été,7,resort,832.7,ensoleillé,plage,1,annulation,1,1,déçu par l'organisation.,1282.847142857143,0.0927290079098612,0.0,0.0,0.0,1.0,1.0,1.0,0.0,12.22,4.06,27.0,18.74,92.0,-33.86785,151.20732,Open-Meteo Historical Weather API,2025-06-01/2025-08-31,10.19,9.26,31.56,0.49,2208.0,Open-Meteo Air Quality API,2025-06-01/2025-08-31
