trip_id,client_type,budget_total,destination,saison,duree_jours,type_hebergement,prix_vol,meteo_prevue,activite_principale,satisfaction_client,imprevus,reorganisation_necessaire,respect_budget,retour_client,reste_budget_apres_vol,budget_apres_vol_par_jour,score_budget_destination,score_prix_vol_coherent,score_adequation_activite_profil,score_meteo_prevue,score_contexte_destination,score_potentiel_satisfaction,niveau_risque_satisfaction
1,solo,5548.9,dubaï,automne,3,hôtel,1320.77,ensoleillé,plage,3,annulation,1,0,séjour mitigé.,4228.129999999999,1409.3766666666663,0.4495696721311473,0.0,0,1.0,0.6703277777777777,0.4463,risque_moyen
2,business,3288.27,rome,printemps,12,hôtel,1524.09,variable,randonnée,4,aucun,0,1,excellent séjour.,1764.18,147.015,0.3664326923076922,0.0,0,0.45,0.4113722222222222,0.326,risque_eleve
3,senior,13347.18,bali,printemps,16,villa,881.94,ensoleillé,plage,5,météo,1,1,excellent séjour.,12465.24,779.0775,1.0,0.9256618357487922,0,1.0,0.5140166666666667,0.6283,risque_faible
4,couple,7049.42,sydney,automne,17,appartement,844.39,nuageux,randonnée,3,météo,1,1,séjour mitigé.,6205.03,365.0017647058824,0.413971875,1.0,0,0.7,0.5032777777777777,0.4403,risque_moyen
5,solo,7612.92,paris,hiver,7,hôtel,1081.24,pluie,gastronomie,2,retard_vol,1,1,séjour mitigé.,6531.68,933.0971428571428,1.0,0.0,0,0.25,0.17495,0.451,risque_moyen
6,famille,9378.46,new york,printemps,12,hôtel,1762.66,nuageux,gastronomie,5,météo,1,1,excellent séjour.,7615.799999999999,634.65,1.0,0.0,1,0.7,0.3306888888888888,0.5837,risque_moyen
7,business,7486.54,lisbonne,été,5,villa,1033.07,nuageux,business,5,météo,1,1,excellent séjour.,6453.47,1290.694,1.0,0.0,1,0.7,0.5779666666666666,0.6134,risque_faible
9,couple,9414.0,paris,hiver,17,appartement,1156.59,pluie,gastronomie,2,annulation,1,0,séjour mitigé.,8257.41,485.73,1.0,0.0,1,0.25,0.17495,0.511,risque_moyen
11,senior,12845.33,bali,automne,21,resort,466.0,variable,business,5,retard_vol,1,1,excellent séjour.,12379.33,589.4919047619047,1.0,1.0,0,0.45,0.5225333333333333,0.5767,risque_moyen
12,senior,10106.42,paris,hiver,4,appartement,1281.23,nuageux,plage,2,retard_vol,1,0,séjour mitigé.,8825.19,2206.2975,1.0,0.0,0,0.7,0.17495,0.505,risque_moyen
13,famille,8515.12,new york,automne,10,villa,1204.4,nuageux,plage,1,météo,1,1,séjour mitigé.,7310.720000000001,731.0720000000001,0.9500230769230767,0.2033986928104574,1,0.7,0.3630666666666667,0.7302,risque_faible
14,solo,7607.9,sydney,printemps,19,hôtel,820.22,ensoleillé,randonnée,2,annulation,1,1,séjour mitigé.,6787.679999999999,357.24631578947367,0.5012343749999999,1.0,1,1.0,0.51555,0.8022,risque_faible
15,business,12985.57,new york,été,9,hôtel,1631.27,pluie,randonnée,4,retard_vol,1,1,excellent séjour.,11354.3,1261.5888888888887,1.0,0.0,0,0.25,0.4609944444444444,0.4853,risque_moyen
16,solo,6125.88,rome,automne,21,appartement,1211.76,nuageux,business,1,aucun,0,0,séjour mitigé.,4914.12,234.00571428571428,1.0,0.0,0,0.7,0.4660166666666667,0.5399,risque_moyen
17,senior,8193.32,new york,hiver,17,appartement,1494.6,pluie,business,2,aucun,0,1,séjour mitigé.,6698.719999999999,394.0423529411764,0.8881384615384613,0.0,0,0.25,0.1832,0.4207,risque_moyen
19,famille,12221.95,rome,printemps,4,villa,1206.0,variable,culture,2,aucun,0,1,séjour mitigé.,11015.95,2753.9875,1.0,0.0,1,0.45,0.4113722222222222,0.6834,risque_faible
20,business,10416.72,tokyo,printemps,5,appartement,529.64,ensoleillé,plage,3,annulation,1,1,séjour mitigé.,9887.08,1977.416,1.0,1.0,0,1.0,0.3183611111111111,0.6182,risque_faible
21,famille,8186.44,bali,automne,20,appartement,1236.69,variable,business,2,aucun,0,1,séjour mitigé.,6949.75,347.4875,0.9629919354838709,0.5829082125603865,0,0.45,0.5225333333333333,0.6113,risque_faible
22,solo,10407.99,rome,automne,5,appartement,1617.2,pluie,plage,5,retard_vol,1,0,excellent séjour.,8790.789999999999,1758.158,1.0,0.0,0,0.25,0.4660166666666667,0.4859,risque_moyen
23,famille,10261.51,lisbonne,hiver,16,resort,1194.54,ensoleillé,plage,1,bagages,1,0,séjour mitigé.,9066.97,566.6856250000001,1.0,0.0,1,1.0,0.3659111111111111,0.7439,risque_faible
24,solo,13391.63,dubaï,automne,3,villa,1648.46,pluie,business,5,météo,1,1,excellent séjour.,11743.169999999998,3914.39,1.0,0.0,0,0.25,0.6703277777777777,0.3904,risque_eleve
25,famille,5884.06,tokyo,hiver,14,villa,427.89,pluie,culture,1,aucun,0,0,séjour mitigé.,5456.17,389.7264285714286,0.3340381944444444,1.0,1,0.25,0.1438499999999999,0.6208,risque_faible
26,couple,954.98,lisbonne,hiver,8,villa,776.88,variable,business,1,retard_vol,1,1,séjour mitigé.,178.10000000000002,22.262500000000003,0.0,0.0,0,0.45,0.3659111111111111,0.2179,risque_eleve
27,senior,14732.22,lisbonne,été,15,resort,631.15,variable,plage,5,bagages,1,1,excellent séjour.,14101.07,940.0713333333332,1.0,0.0,0,0.45,0.5779666666666666,0.4034,risque_moyen
28,business,10572.54,lisbonne,été,21,resort,606.79,ensoleillé,culture,5,bagages,1,0,excellent séjour.,9965.75,474.5595238095238,1.0,0.0035380116959067,0,1.0,0.5779666666666666,0.47,risque_moyen
29,solo,14826.2,bali,automne,21,villa,1357.46,nuageux,gastronomie,2,retard_vol,1,0,séjour mitigé.,13468.740000000002,641.3685714285715,1.0,0.4662222222222221,0,0.7,0.5225333333333333,0.5106,risque_moyen
30,business,2403.24,dubaï,été,8,appartement,1727.18,variable,culture,4,météo,1,0,excellent séjour.,676.0599999999997,84.50749999999996,0.0,0.0,0,0.45,0.5018666666666666,0.1142,risque_eleve
31,couple,1497.43,lisbonne,printemps,9,hôtel,1185.28,variable,culture,2,météo,1,0,séjour mitigé.,312.1500000000001,34.683333333333344,0.0,0.0,1,0.45,0.4363388888888889,0.4064,risque_moyen
32,senior,14400.28,new york,automne,20,villa,343.17,pluie,gastronomie,1,retard_vol,1,1,séjour mitigé.,14057.11,702.8555,1.0,1.0,1,0.25,0.3630666666666667,0.7136,risque_faible
33,famille,11390.91,dubaï,printemps,21,resort,134.0,variable,randonnée,1,bagages,1,0,séjour mitigé.,11256.91,536.0433333333333,1.0,1.0,0,0.45,0.6816444444444444,0.7158,risque_faible
34,couple,4132.88,rome,été,7,villa,1348.67,ensoleillé,randonnée,2,météo,1,0,séjour mitigé.,2784.21,397.7442857142857,0.6371410256410256,0.0,0,1.0,0.4642444444444444,0.4741,risque_moyen
35,business,7427.8,bali,hiver,10,villa,1602.58,variable,gastronomie,1,retard_vol,1,1,séjour mitigé.,5825.22,582.522,0.8100403225806452,0.2293913043478261,0,0.45,0.5211222222222222,0.3846,risque_eleve
36,couple,8629.37,paris,printemps,4,villa,1796.66,nuageux,culture,2,météo,1,0,séjour mitigé.,6832.710000000001,1708.1775000000002,1.0,0.0,1,0.7,0.3504166666666666,0.7061,risque_faible
37,couple,9354.51,sydney,été,12,villa,1795.83,ensoleillé,gastronomie,3,bagages,1,1,séjour mitigé.,7558.68,629.89,0.7741421874999999,0.2428803418803419,1,1.0,0.3825888888888888,0.7264,risque_faible
38,business,13023.12,new york,printemps,13,hôtel,165.31,ensoleillé,plage,5,aucun,0,0,excellent séjour.,12857.81,989.0623076923076,1.0,1.0,0,1.0,0.3306888888888888,0.7397,risque_faible
39,senior,853.14,lisbonne,été,6,appartement,577.9,pluie,randonnée,1,retard_vol,1,1,séjour mitigé.,275.24,45.873333333333335,0.0,0.0880116959064328,0,0.25,0.5779666666666666,0.2352,risque_eleve
40,senior,5736.58,dubaï,automne,17,villa,164.47,nuageux,culture,5,aucun,0,0,excellent séjour.,5572.11,327.7711764705882,0.48802868852459,1.0,1,0.7,0.6703277777777777,0.6611,risque_faible
41,business,5227.96,tokyo,été,16,appartement,851.56,pluie,culture,2,bagages,1,0,séjour mitigé.,4376.4,273.525,0.2201319444444444,0.8766560846560847,0,0.25,0.4004166666666666,0.2975,risque_eleve
42,business,5142.1,tokyo,été,15,appartement,954.2,ensoleillé,randonnée,5,bagages,1,1,excellent séjour.,4187.900000000001,279.1933333333334,0.2052256944444444,0.7680423280423281,0,1.0,0.4004166666666666,0.3638,risque_eleve
43,solo,13696.57,new york,printemps,10,hôtel,348.33,ensoleillé,business,2,annulation,1,1,séjour mitigé.,13348.24,1334.824,1.0,1.0,0,1.0,0.3306888888888888,0.7397,risque_faible
44,solo,13525.7,rome,hiver,3,villa,595.68,nuageux,culture,5,annulation,1,1,excellent séjour.,12930.02,4310.006666666667,1.0,0.3069629629629631,1,0.7,0.2807999999999999,0.6329,risque_faible
45,business,4100.91,tokyo,été,14,appartement,750.07,ensoleillé,culture,3,aucun,0,0,séjour mitigé.,3350.84,239.34571428571425,0.0244635416666666,0.98405291005291,0,1.0,0.4004166666666666,0.352,risque_eleve
46,senior,10110.99,paris,été,14,hôtel,1163.0,nuageux,culture,4,météo,1,0,excellent séjour.,8947.99,639.1421428571429,1.0,0.0,1,0.7,0.5546333333333333,0.7306,risque_faible
47,famille,11526.28,sydney,été,15,villa,1541.26,nuageux,randonnée,1,bagages,1,0,séjour mitigé.,9985.02,665.668,1.0,0.4604615384615383,0,0.7,0.3825888888888888,0.6128,risque_faible
48,couple,9297.44,lisbonne,hiver,11,villa,1085.6,ensoleillé,business,5,aucun,0,0,excellent séjour.,8211.84,746.5309090909091,1.0,0.0,0,1.0,0.3659111111111111,0.5639,risque_moyen
49,business,10193.15,new york,printemps,7,resort,307.18,ensoleillé,randonnée,5,retard_vol,1,1,excellent séjour.,9885.97,1412.2814285714285,1.0,1.0,0,1.0,0.3306888888888888,0.6197,risque_faible
50,couple,13659.38,paris,printemps,21,appartement,1366.22,ensoleillé,gastronomie,4,aucun,0,0,excellent séjour.,12293.16,585.3885714285714,1.0,0.0,1,1.0,0.3504166666666666,0.6221,risque_faible
51,couple,6298.38,new york,été,7,villa,1191.79,ensoleillé,randonnée,2,retard_vol,1,1,séjour mitigé.,5106.59,729.5128571428571,0.5237269230769229,0.2198823529411766,0,1.0,0.4609944444444444,0.4815,risque_moyen
52,couple,11568.18,paris,printemps,15,appartement,1196.77,variable,randonnée,2,bagages,1,0,séjour mitigé.,10371.41,691.4273333333333,1.0,0.0,0,0.45,0.3504166666666666,0.376,risque_eleve
53,business,1535.43,sydney,automne,3,appartement,1308.71,pluie,business,4,météo,1,1,excellent séjour.,226.72000000000003,75.57333333333334,0.0,0.6592222222222224,1,0.25,0.5032777777777777,0.3891,risque_eleve
54,business,2101.65,rome,printemps,5,appartement,1572.69,pluie,business,1,météo,1,1,séjour mitigé.,528.96,105.792,0.0,0.0,1,0.25,0.4113722222222222,0.2594,risque_eleve
55,solo,4271.55,dubaï,automne,9,villa,1274.38,variable,randonnée,2,retard_vol,1,0,séjour mitigé.,2997.17,333.0188888888889,0.1878176229508196,0.0,1,0.45,0.6703277777777777,0.367,risque_eleve
56,couple,6164.98,rome,hiver,15,appartement,1235.25,nuageux,gastronomie,2,bagages,1,1,séjour mitigé.,4929.73,328.64866666666666,1.0,0.0,1,0.7,0.2807999999999999,0.5777,risque_moyen
57,business,2661.97,sydney,hiver,5,villa,1475.38,nuageux,culture,2,retard_vol,1,1,séjour mitigé.,1186.5899999999997,237.31799999999996,0.0,0.5167692307692306,0,0.7,0.5683611111111111,0.2452,risque_eleve
58,senior,6102.08,lisbonne,printemps,12,villa,1009.15,nuageux,plage,2,météo,1,0,séjour mitigé.,5092.93,424.41083333333336,1.0,0.0,0,0.7,0.4363388888888889,0.4164,risque_moyen
59,business,4646.58,lisbonne,hiver,7,villa,841.25,nuageux,gastronomie,2,météo,1,0,séjour mitigé.,3805.33,543.6185714285714,1.0,0.0,0,0.7,0.3659111111111111,0.4079,risque_moyen
60,solo,14936.62,new york,été,15,resort,1199.42,ensoleillé,culture,3,météo,1,0,séjour mitigé.,13737.2,915.8133333333334,1.0,0.2099084967320262,1,1.0,0.4609944444444444,0.6731,risque_faible
61,couple,10432.85,new york,printemps,12,resort,1032.05,nuageux,gastronomie,4,retard_vol,1,1,excellent séjour.,9400.8,783.4000000000001,1.0,0.4286928104575165,1,0.7,0.3306888888888888,0.7808,risque_faible
62,senior,7891.24,rome,été,16,resort,1190.78,ensoleillé,culture,2,météo,1,0,séjour mitigé.,6700.46,418.77875,1.0,0.0,1,1.0,0.4642444444444444,0.6357,risque_faible
63,couple,4858.33,rome,hiver,10,resort,1326.68,variable,gastronomie,2,retard_vol,1,1,séjour mitigé.,3531.65,353.165,0.8696570512820512,0.0,1,0.45,0.2807999999999999,0.6312,risque_faible
64,famille,4903.8,lisbonne,été,8,villa,645.25,ensoleillé,plage,3,météo,0,1,séjour mitigé.,4258.55,532.31875,1.0,0.0,1,1.0,0.5779666666666666,0.7694,risque_faible
65,business,1652.62,rome,printemps,4,appartement,948.98,pluie,culture,1,retard_vol,1,1,séjour mitigé.,703.6399999999999,175.90999999999997,0.0,0.0,0,0.25,0.4113722222222222,0.0794,risque_eleve
66,couple,9703.95,lisbonne,automne,15,villa,828.65,variable,plage,2,bagages,1,1,séjour mitigé.,8875.300000000001,591.6866666666667,1.0,0.0,1,0.45,0.5109277777777776,0.6953,risque_faible
67,business,1590.34,rome,automne,3,appartement,1085.72,ensoleillé,business,4,météo,0,0,excellent séjour.,504.6199999999999,168.20666666666662,0.0,0.0,1,1.0,0.4660166666666667,0.3559,risque_eleve
68,famille,8401.42,new york,automne,10,resort,1161.43,ensoleillé,plage,2,météo,1,0,séjour mitigé.,7239.99,723.999,0.9281576923076924,0.2595686274509804,1,1.0,0.3630666666666667,0.7702,risque_faible
69,senior,12479.47,bali,printemps,17,hôtel,1068.25,variable,culture,2,retard_vol,1,0,séjour mitigé.,11411.22,671.2482352941176,1.0,0.7456521739130435,1,0.45,0.5140166666666667,0.8299,risque_faible
70,couple,3835.27,tokyo,été,12,villa,591.17,ensoleillé,randonnée,2,retard_vol,0,1,séjour mitigé.,3244.1,270.34166666666664,0.0,1.0,0,1.0,0.4004166666666666,0.468,risque_moyen
71,couple,11292.57,paris,automne,13,appartement,1490.79,nuageux,plage,3,retard_vol,1,1,séjour mitigé.,9801.78,753.9830769230769,1.0,0.0,1,0.7,0.3681277777777778,0.5882,risque_moyen
72,solo,2187.78,sydney,hiver,4,appartement,1152.43,variable,business,3,météo,0,1,séjour mitigé.,1035.35,258.83750000000003,0.0,0.7927948717948717,0,0.45,0.5683611111111111,0.3849,risque_eleve
73,famille,12406.78,lisbonne,été,20,appartement,914.14,ensoleillé,gastronomie,1,retard_vol,0,0,séjour mitigé.,11492.64,574.6320000000001,1.0,0.0,1,1.0,0.5779666666666666,0.7694,risque_faible
74,famille,7327.12,rome,hiver,18,appartement,1006.62,pluie,culture,2,retard_vol,1,0,séjour mitigé.,6320.5,351.1388888888889,1.0,0.0,1,0.25,0.2807999999999999,0.6437,risque_faible
75,famille,5316.27,tokyo,été,13,hôtel,688.82,ensoleillé,plage,3,météo,1,1,séjour mitigé.,4627.450000000001,355.95769230769235,0.2354635416666667,1.0,1,1.0,0.4004166666666666,0.594,risque_moyen
76,couple,11518.82,new york,hiver,15,resort,1127.6,nuageux,gastronomie,3,retard_vol,1,1,séjour mitigé.,10391.22,692.7479999999999,1.0,0.3037908496732027,1,0.7,0.1832,0.7407,risque_faible
77,senior,3963.36,tokyo,hiver,10,hôtel,620.57,nuageux,culture,4,retard_vol,1,0,excellent séjour.,3342.79,334.279,0.0005833333333332,1.0,1,0.7,0.1438499999999999,0.5814,risque_moyen
78,business,4004.78,new york,printemps,4,resort,1171.66,variable,culture,3,aucun,0,0,séjour mitigé.,2833.12,708.28,0.0826499999999999,0.2461960784313724,0,0.45,0.3306888888888888,0.1611,risque_eleve
80,solo,2648.94,tokyo,hiver,8,villa,717.25,nuageux,randonnée,2,bagages,0,1,séjour mitigé.,1931.69,241.46125,0.0,1.0,1,0.7,0.1438499999999999,0.4613,risque_moyen
81,couple,7913.09,sydney,été,13,appartement,1085.17,variable,culture,2,retard_vol,1,1,séjour mitigé.,6827.92,525.2246153846154,0.5489203125,0.8502820512820511,1,0.45,0.3825888888888888,0.5867,risque_moyen
82,senior,12784.87,new york,hiver,15,hôtel,1417.32,variable,gastronomie,3,météo,0,0,séjour mitigé.,11367.55,757.8366666666667,1.0,0.0,1,0.45,0.1832,0.656,risque_faible
83,senior,11425.81,new york,hiver,15,villa,1106.9,nuageux,culture,5,aucun,0,1,excellent séjour.,10318.91,687.9273333333333,1.0,0.3308496732026142,1,0.7,0.1832,0.6255,risque_faible
84,famille,14419.35,paris,automne,15,hôtel,1028.22,nuageux,plage,3,bagages,1,1,séjour mitigé.,13391.13,892.7420000000001,1.0,0.0,1,0.7,0.3681277777777778,0.5882,risque_moyen
85,couple,12035.15,bali,hiver,15,villa,1389.27,pluie,culture,2,aucun,0,0,séjour mitigé.,10645.88,709.7253333333333,1.0,0.4354879227053141,1,0.25,0.5211222222222222,0.7509,risque_faible
86,business,5372.11,new york,été,6,appartement,906.04,variable,business,2,annulation,1,0,séjour mitigé.,4466.07,744.3449999999999,0.3455980769230768,0.5934117647058825,1,0.45,0.4609944444444444,0.4929,risque_moyen
87,business,1647.76,dubaï,hiver,3,hôtel,1362.15,pluie,culture,1,retard_vol,0,0,séjour mitigé.,285.6099999999999,95.2033333333333,0.0,0.0,0,0.25,0.42075,0.2005,risque_eleve
88,business,4113.67,lisbonne,automne,7,appartement,638.96,ensoleillé,culture,3,bagages,1,0,séjour mitigé.,3474.71,496.38714285714286,0.8248786764705881,0.0,0,1.0,0.5109277777777776,0.4123,risque_moyen
89,senior,5746.63,lisbonne,été,10,hôtel,724.68,ensoleillé,gastronomie,2,météo,1,0,séjour mitigé.,5021.95,502.195,1.0,0.0,1,1.0,0.5779666666666666,0.7694,risque_faible
90,famille,11511.49,new york,été,13,hôtel,1141.9,variable,plage,4,aucun,0,1,excellent séjour.,10369.59,797.6607692307692,1.0,0.2850980392156861,1,0.45,0.4609944444444444,0.6206,risque_faible
91,famille,17274.55,paris,printemps,20,resort,1357.49,ensoleillé,culture,3,annulation,0,1,séjour mitigé.,15917.06,795.853,1.0,0.0,1,1.0,0.3504166666666666,0.7421,risque_faible
92,couple,5581.32,bali,printemps,7,appartement,1268.48,variable,culture,4,retard_vol,0,0,excellent séjour.,4312.84,616.12,0.4377661290322579,0.5521932367149758,1,0.45,0.5140166666666667,0.5177,risque_moyen
93,famille,14646.06,paris,hiver,16,appartement,1200.91,pluie,culture,2,météo,1,1,séjour mitigé.,13445.15,840.321875,1.0,0.0,1,0.25,0.17495,0.631,risque_faible
94,solo,9807.66,bali,automne,16,resort,1180.83,pluie,gastronomie,1,bagages,1,0,séjour mitigé.,8626.83,539.176875,1.0,0.6368792270531403,0,0.25,0.5225333333333333,0.4873,risque_moyen
95,famille,9233.03,new york,été,10,villa,863.16,ensoleillé,plage,3,météo,1,0,séjour mitigé.,8369.87,836.9870000000001,1.0,0.6494640522875816,1,1.0,0.4609944444444444,0.8722,risque_faible
96,senior,16132.5,new york,printemps,18,hôtel,989.39,pluie,culture,4,météo,1,0,excellent séjour.,15143.11,841.2838888888889,1.0,0.4844575163398694,1,0.25,0.3306888888888888,0.7369,risque_faible
97,solo,8825.17,sydney,été,13,hôtel,1110.41,variable,plage,4,bagages,1,0,excellent séjour.,7714.76,593.4430769230769,0.6914328124999999,0.8287094017094017,0,0.45,0.3825888888888888,0.5627,risque_moyen
98,senior,6880.7,lisbonne,automne,12,villa,1048.48,pluie,culture,2,aucun,0,1,séjour mitigé.,5832.219999999999,486.01833333333326,1.0,0.0,1,0.25,0.5109277777777776,0.5513,risque_moyen
99,business,4849.39,new york,automne,5,appartement,1166.32,ensoleillé,culture,2,retard_vol,1,0,séjour mitigé.,3683.0700000000006,736.6140000000001,0.245075,0.2531764705882354,0,1.0,0.3630666666666667,0.2778,risque_eleve
100,famille,9636.33,rome,automne,19,appartement,941.65,pluie,plage,3,météo,1,1,séjour mitigé.,8694.68,457.6147368421053,1.0,0.0,1,0.25,0.4660166666666667,0.6659,risque_faible
101,solo,2721.2,tokyo,printemps,8,appartement,786.53,ensoleillé,plage,2,météo,1,0,séjour mitigé.,1934.67,241.83375,0.0,0.9454708994708996,0,1.0,0.3183611111111111,0.4484,risque_moyen
102,senior,6521.95,lisbonne,été,11,villa,852.7,variable,culture,4,aucun,0,1,excellent séjour.,5669.25,515.3863636363636,1.0,0.0,1,0.45,0.5779666666666666,0.5834,risque_moyen
103,senior,3858.48,rome,été,8,hôtel,1150.22,ensoleillé,gastronomie,2,annulation,1,1,séjour mitigé.,2708.26,338.5325,0.5491923076923075,0.0,1,1.0,0.4642444444444444,0.6295,risque_faible
104,couple,3156.94,bali,printemps,5,hôtel,1350.16,variable,culture,2,bagages,1,1,séjour mitigé.,1806.78,361.356,0.0,0.4732753623188405,1,0.45,0.5140166666666667,0.5009,risque_moyen
105,famille,3968.49,dubaï,printemps,8,resort,1525.03,ensoleillé,culture,4,aucun,0,1,excellent séjour.,2443.46,305.4325,0.1257151639344261,0.0,1,1.0,0.6816444444444444,0.537,risque_moyen
106,senior,9116.45,lisbonne,été,17,hôtel,1031.39,ensoleillé,plage,2,météo,1,0,séjour mitigé.,8085.06,475.5917647058824,1.0,0.0,0,1.0,0.5779666666666666,0.5894,risque_moyen
107,couple,9210.9,bali,automne,11,villa,1081.01,pluie,culture,3,météo,1,1,séjour mitigé.,8129.889999999999,739.080909090909,1.0,0.7333236714975845,1,0.25,0.5225333333333333,0.8047,risque_faible
108,solo,9727.07,new york,été,12,villa,1057.71,ensoleillé,culture,3,retard_vol,1,1,séjour mitigé.,8669.36,722.4466666666667,1.0,0.3951503267973856,1,1.0,0.4609944444444444,0.7064,risque_faible
109,solo,7725.61,dubaï,hiver,16,hôtel,1386.4,nuageux,gastronomie,2,météo,1,1,séjour mitigé.,6339.209999999999,396.200625,0.8956168032786884,0.0,0,0.7,0.42075,0.5053,risque_moyen
110,business,6503.22,new york,printemps,7,hôtel,1271.45,ensoleillé,business,2,météo,0,0,séjour mitigé.,5231.77,747.3957142857143,0.5631192307692306,0.1157516339869281,1,1.0,0.3306888888888888,0.6382,risque_faible
111,couple,9247.46,new york,été,10,hôtel,1029.43,variable,plage,1,météo,1,0,séjour mitigé.,8218.029999999999,821.8029999999999,1.0,0.4321176470588235,1,0.45,0.4609944444444444,0.7671,risque_faible
112,senior,5950.06,tokyo,printemps,19,hôtel,729.18,ensoleillé,gastronomie,2,annulation,1,0,séjour mitigé.,5220.88,274.78315789473686,0.3454965277777777,1.0,1,1.0,0.3183611111111111,0.7349,risque_faible
113,business,2027.7,lisbonne,automne,3,hôtel,754.79,nuageux,business,2,aucun,0,0,séjour mitigé.,1272.91,424.3033333333333,0.0579779411764705,0.0,1,0.7,0.5109277777777776,0.4615,risque_moyen
114,solo,4470.21,rome,hiver,10,resort,1050.5,ensoleillé,plage,3,annulation,1,1,séjour mitigé.,3419.71,341.971,0.7452596153846153,0.0,0,1.0,0.2807999999999999,0.3624,risque_eleve
115,couple,5452.0,lisbonne,été,8,appartement,1015.27,pluie,culture,1,météo,1,0,séjour mitigé.,4436.73,554.59125,1.0,0.0,1,0.25,0.5779666666666666,0.5594,risque_moyen
116,couple,4980.55,paris,été,5,appartement,1470.74,ensoleillé,gastronomie,3,retard_vol,1,0,séjour mitigé.,3509.8100000000004,701.9620000000001,0.7948065476190477,0.0,1,1.0,0.5546333333333333,0.5891,risque_moyen
117,famille,5022.84,rome,printemps,13,villa,1266.39,ensoleillé,randonnée,2,météo,0,0,séjour mitigé.,3756.45,288.9576923076923,0.9223846153846156,0.0,0,1.0,0.4113722222222222,0.5476,risque_moyen
118,senior,7174.02,rome,été,18,villa,1472.93,ensoleillé,plage,2,retard_vol,1,0,séjour mitigé.,5701.09,316.7272222222222,1.0,0.0,0,1.0,0.4642444444444444,0.4557,risque_moyen
119,couple,3851.98,lisbonne,automne,7,resort,954.07,nuageux,culture,4,aucun,0,1,excellent séjour.,2897.91,413.9871428571428,0.7286691176470589,0.0,1,0.7,0.5109277777777776,0.6493,risque_faible
120,famille,7345.11,bali,printemps,9,appartement,1117.02,variable,culture,2,annulation,1,1,séjour mitigé.,6228.09,692.01,0.793368951612903,0.6985314009661836,1,0.45,0.5140166666666667,0.7636,risque_faible
121,senior,4523.67,lisbonne,printemps,9,villa,954.03,pluie,culture,2,aucun,0,1,séjour mitigé.,3569.6400000000003,396.6266666666667,0.9756139705882352,0.0,1,0.25,0.4363388888888889,0.5355,risque_moyen
122,famille,8902.57,dubaï,hiver,14,resort,1625.48,pluie,plage,2,retard_vol,1,0,séjour mitigé.,7277.09,519.7921428571428,1.0,0.0,1,0.25,0.42075,0.6605,risque_faible
123,business,2830.29,dubaï,hiver,6,villa,1313.67,pluie,business,2,aucun,0,1,séjour mitigé.,1516.62,252.77,0.0,0.0,1,0.25,0.42075,0.2605,risque_eleve
124,solo,3806.16,dubaï,été,6,villa,1630.75,nuageux,randonnée,2,météo,1,1,séjour mitigé.,2175.41,362.5683333333333,0.092450819672131,0.0,1,0.7,0.5018666666666666,0.3501,risque_eleve
125,solo,7191.19,new york,hiver,8,hôtel,673.3,pluie,culture,2,aucun,0,1,séjour mitigé.,6517.889999999999,814.7362499999999,0.6954211538461538,0.8976470588235295,1,0.25,0.1832,0.7083,risque_faible
126,famille,6772.07,rome,automne,14,villa,1438.05,pluie,plage,2,météo,0,1,séjour mitigé.,5334.02,381.00142857142856,1.0,0.0,1,0.25,0.4660166666666667,0.6659,risque_faible
127,business,1153.38,tokyo,printemps,3,resort,759.86,pluie,culture,2,annulation,0,1,séjour mitigé.,393.5200000000001,131.17333333333335,0.0,0.9736931216931216,0,0.25,0.3183611111111111,0.2435,risque_eleve
128,business,1775.0,rome,printemps,4,appartement,1222.8,nuageux,business,3,aucun,0,1,séjour mitigé.,552.2,138.05,0.0,0.0,1,0.7,0.4113722222222222,0.3134,risque_eleve
129,solo,3844.61,bali,été,6,hôtel,1253.71,nuageux,culture,4,aucun,0,0,excellent séjour.,2590.9,431.81666666666666,0.0876229838709677,0.5664637681159419,1,0.7,0.5497055555555554,0.5765,risque_moyen
130,solo,4161.07,tokyo,hiver,11,resort,526.45,pluie,business,3,bagages,0,0,séjour mitigé.,3634.62,330.42,0.0349079861111109,1.0,0,0.25,0.1438499999999999,0.237,risque_eleve
131,solo,9094.75,bali,été,12,villa,1195.94,ensoleillé,plage,4,aucun,0,1,excellent séjour.,7898.809999999999,658.2341666666666,1.0,0.6222801932367149,0,1.0,0.5497055555555554,0.578,risque_moyen
132,couple,7349.93,sydney,automne,13,villa,1256.72,nuageux,gastronomie,4,annulation,1,1,excellent séjour.,6093.21,468.7084615384616,0.4609265625,0.7036581196581195,1,0.7,0.5032777777777777,0.7001,risque_faible
133,solo,6846.09,lisbonne,été,12,villa,1105.59,ensoleillé,randonnée,2,annulation,1,0,séjour mitigé.,5740.5,478.375,1.0,0.0,1,1.0,0.5779666666666666,0.6494,risque_faible
134,business,3289.6,lisbonne,automne,5,villa,834.62,pluie,business,2,annulation,1,1,séjour mitigé.,2454.98,490.996,0.5219117647058822,0.0,1,0.25,0.5109277777777776,0.4174,risque_moyen
135,famille,6146.55,lisbonne,automne,10,resort,795.23,ensoleillé,plage,2,météo,1,0,séjour mitigé.,5351.32,535.132,1.0,0.0,1,1.0,0.5109277777777776,0.7613,risque_faible
138,business,1762.44,lisbonne,été,3,appartement,949.6,variable,business,3,météo,1,0,séjour mitigé.,812.84,270.94666666666666,0.0,0.0,1,0.45,0.5779666666666666,0.3034,risque_eleve
139,famille,6470.99,paris,automne,7,villa,1125.0,pluie,culture,1,retard_vol,1,0,séjour mitigé.,5345.99,763.7128571428572,1.0,0.0,1,0.25,0.3681277777777778,0.6542,risque_faible
140,couple,11363.43,new york,été,14,appartement,1194.54,variable,culture,3,retard_vol,1,0,séjour mitigé.,10168.89,726.3492857142857,1.0,0.2162875816993466,1,0.45,0.4609944444444444,0.6083,risque_faible
141,business,3677.84,dubaï,hiver,7,hôtel,1340.0,pluie,business,1,météo,1,1,séjour mitigé.,2337.84,333.9771428571429,0.0661557377049179,0.0,1,0.25,0.42075,0.399,risque_eleve
142,solo,3258.31,dubaï,automne,6,hôtel,1512.67,pluie,plage,1,météo,1,0,séjour mitigé.,1745.64,290.94,0.0,0.0,0,0.25,0.6703277777777777,0.2304,risque_eleve
143,business,2077.29,sydney,printemps,3,appartement,1067.21,pluie,gastronomie,2,aucun,0,1,séjour mitigé.,1010.08,336.6933333333333,0.0,0.8656324786324786,0,0.25,0.51555,0.2477,risque_eleve
144,business,6064.07,paris,été,6,villa,1162.05,ensoleillé,culture,5,aucun,0,1,excellent séjour.,4902.02,817.0033333333332,1.0,0.0,0,1.0,0.5546333333333333,0.4666,risque_moyen
145,famille,11349.78,bali,printemps,17,appartement,1163.95,ensoleillé,culture,2,météo,0,0,séjour mitigé.,10185.83,599.1664705882353,1.0,0.6531884057971014,1,1.0,0.5140166666666667,0.8793,risque_faible
146,business,2363.7,new york,printemps,3,villa,865.66,ensoleillé,business,2,bagages,1,1,séjour mitigé.,1498.04,499.3466666666666,0.0,0.6461960784313725,1,1.0,0.3306888888888888,0.456,risque_moyen
147,senior,5676.82,bali,printemps,8,resort,1291.62,variable,plage,2,météo,1,1,séjour mitigé.,4385.2,548.15,0.4570201612903224,0.5298357487922706,0,0.45,0.5140166666666667,0.339,risque_eleve
148,business,2350.61,paris,automne,3,villa,1269.97,variable,business,1,retard_vol,1,1,séjour mitigé.,1080.64,360.21333333333337,0.0120863095238095,0.0,1,0.45,0.3681277777777778,0.2816,risque_eleve
149,solo,3164.44,rome,été,8,villa,1281.2,ensoleillé,culture,4,aucun,0,1,excellent séjour.,1883.24,235.405,0.3267435897435897,0.0,1,1.0,0.4642444444444444,0.4472,risque_moyen
150,senior,10825.46,lisbonne,automne,18,villa,873.13,nuageux,plage,1,retard_vol,1,0,séjour mitigé.,9952.33,552.9072222222222,1.0,0.0,0,0.7,0.5109277777777776,0.4253,risque_moyen
151,business,2743.64,rome,hiver,7,appartement,1008.42,nuageux,business,3,aucun,0,1,séjour mitigé.,1735.2199999999998,247.8885714285714,0.1918717948717947,0.0,1,0.7,0.2807999999999999,0.3514,risque_eleve
152,famille,13042.36,bali,été,19,villa,1158.66,ensoleillé,plage,3,annulation,0,0,séjour mitigé.,11883.7,625.4578947368421,1.0,0.6582995169082124,1,1.0,0.5497055555555554,0.8845,risque_faible
153,business,6376.53,new york,été,7,villa,1052.13,variable,business,2,annulation,1,1,séjour mitigé.,5324.4,760.6285714285714,0.5387557692307691,0.4024444444444442,1,0.45,0.4609944444444444,0.5126,risque_moyen
154,senior,5562.37,tokyo,printemps,16,villa,659.81,nuageux,culture,4,aucun,0,1,excellent séjour.,4902.56,306.41,0.278189236111111,1.0,1,0.7,0.3183611111111111,0.5601,risque_moyen
155,solo,3914.75,new york,automne,4,villa,1082.32,variable,plage,2,bagages,1,0,séjour mitigé.,2832.4300000000003,708.1075000000001,0.0653365384615384,0.3629803921568628,0,0.45,0.3630666666666667,0.1812,risque_eleve
156,couple,9204.41,bali,hiver,11,resort,1311.64,nuageux,plage,3,retard_vol,0,1,séjour mitigé.,7892.769999999999,717.5245454545454,1.0,0.5104927536231885,1,0.7,0.5211222222222222,0.8184,risque_faible
157,famille,5397.67,new york,printemps,7,villa,1422.96,ensoleillé,culture,2,retard_vol,1,1,séjour mitigé.,3974.71,567.8157142857143,0.3505134615384615,0.0,1,1.0,0.3306888888888888,0.5578,risque_moyen
158,solo,11885.49,paris,printemps,14,villa,1254.12,variable,randonnée,3,aucun,0,0,séjour mitigé.,10631.37,759.3835714285714,1.0,0.0,1,0.45,0.3504166666666666,0.556,risque_moyen
159,business,4675.19,new york,printemps,5,villa,1152.0,ensoleillé,business,3,météo,1,1,séjour mitigé.,3523.19,704.6379999999999,0.2115749999999998,0.2718954248366014,1,1.0,0.3306888888888888,0.4479,risque_moyen
160,solo,13129.94,new york,printemps,15,resort,1096.76,nuageux,plage,4,retard_vol,1,1,excellent séjour.,12033.18,802.212,1.0,0.3441045751633987,0,0.7,0.3306888888888888,0.4656,risque_moyen
161,solo,4695.78,bali,été,6,villa,880.75,ensoleillé,gastronomie,3,retard_vol,1,0,séjour mitigé.,3815.03,635.8383333333333,0.2592298387096772,0.9268115942028984,0,1.0,0.5497055555555554,0.4254,risque_moyen
162,couple,5446.62,paris,été,6,hôtel,1217.25,variable,gastronomie,2,météo,1,1,séjour mitigé.,4229.37,704.895,0.9335178571428572,0.0,1,0.45,0.5546333333333333,0.6819,risque_faible
163,solo,5669.13,rome,printemps,11,villa,1291.78,variable,business,2,bagages,1,1,séjour mitigé.,4377.35,397.94090909090914,1.0,0.0,0,0.45,0.4113722222222222,0.3834,risque_eleve
164,solo,7942.62,bali,printemps,12,appartement,1693.63,nuageux,gastronomie,2,météo,0,0,séjour mitigé.,6248.99,520.7491666666666,0.9138346774193548,0.1414202898550725,0,0.7,0.5140166666666667,0.547,risque_moyen
165,business,1955.48,tokyo,hiver,5,villa,728.43,pluie,business,3,retard_vol,0,1,séjour mitigé.,1227.0500000000002,245.41000000000005,0.0,1.0,1,0.25,0.1438499999999999,0.4073,risque_moyen
166,famille,6612.44,sydney,automne,13,appartement,1246.78,nuageux,gastronomie,3,aucun,0,0,séjour mitigé.,5365.66,412.7430769230769,0.3456937499999998,0.7121538461538461,1,0.7,0.5032777777777777,0.6694,risque_faible
167,senior,18143.54,new york,automne,20,appartement,1103.37,variable,gastronomie,2,retard_vol,1,0,séjour mitigé.,17040.170000000002,852.0085000000001,1.0,0.335464052287582,1,0.45,0.3630666666666667,0.738,risque_faible
168,business,3538.41,sydney,printemps,6,villa,983.72,variable,business,1,météo,1,0,séjour mitigé.,2554.69,425.7816666666666,0.0,0.9369914529914528,1,0.45,0.51555,0.4645,risque_moyen
169,famille,13213.41,paris,été,15,appartement,1431.61,variable,plage,3,météo,1,0,séjour mitigé.,11781.8,785.4533333333333,1.0,0.0,1,0.45,0.5546333333333333,0.7006,risque_faible
170,couple,7366.67,lisbonne,hiver,12,appartement,1007.05,variable,randonnée,1,aucun,0,0,séjour mitigé.,6359.62,529.9683333333334,1.0,0.0,0,0.45,0.3659111111111111,0.3779,risque_eleve
171,senior,9424.19,lisbonne,printemps,17,villa,1012.35,ensoleillé,plage,5,aucun,0,1,excellent séjour.,8411.84,494.8141176470588,1.0,0.0,0,1.0,0.4363388888888889,0.4524,risque_moyen
172,famille,4738.51,lisbonne,été,9,villa,781.53,variable,plage,2,météo,0,1,séjour mitigé.,3956.980000000001,439.6644444444445,1.0,0.0,1,0.45,0.5779666666666666,0.7034,risque_faible
173,famille,18559.78,paris,été,19,appartement,1479.27,ensoleillé,randonnée,2,météo,1,1,séjour mitigé.,17080.51,898.9742105263157,1.0,0.0,0,1.0,0.5546333333333333,0.5866,risque_moyen
174,solo,5823.37,lisbonne,hiver,9,resort,714.68,nuageux,culture,3,retard_vol,1,0,séjour mitigé.,5108.69,567.6322222222221,1.0,0.0,1,0.7,0.3659111111111111,0.5879,risque_moyen
175,senior,6575.46,paris,automne,8,villa,1329.7,nuageux,culture,3,bagages,1,1,séjour mitigé.,5245.76,655.72,1.0,0.0,1,0.7,0.3681277777777778,0.5882,risque_moyen
176,famille,15031.71,paris,automne,17,resort,1623.66,ensoleillé,plage,4,retard_vol,1,0,excellent séjour.,13408.05,788.7088235294117,1.0,0.0,1,1.0,0.3681277777777778,0.7442,risque_faible
177,business,3209.58,paris,printemps,3,villa,1040.53,variable,business,4,aucun,0,1,excellent séjour.,2169.05,723.0166666666668,0.2677321428571427,0.0,1,0.45,0.3504166666666666,0.351,risque_eleve
178,solo,3803.55,lisbonne,été,6,appartement,828.1,ensoleillé,plage,2,météo,1,1,séjour mitigé.,2975.4500000000003,495.90833333333336,0.7108639705882352,0.0,0,1.0,0.5779666666666666,0.5084,risque_moyen
179,solo,6597.05,rome,automne,13,villa,1299.35,ensoleillé,culture,2,météo,0,1,séjour mitigé.,5297.700000000001,407.5153846153847,1.0,0.0,1,1.0,0.4660166666666667,0.6359,risque_faible
180,business,2590.03,dubaï,hiver,5,hôtel,1221.02,ensoleillé,business,5,aucun,0,1,excellent séjour.,1369.0100000000002,273.802,0.0,0.0,1,1.0,0.42075,0.4705,risque_moyen
181,business,2404.76,lisbonne,été,4,hôtel,694.48,ensoleillé,business,3,aucun,0,1,séjour mitigé.,1710.2800000000002,427.5700000000001,0.1966029411764706,0.0,1,1.0,0.5779666666666666,0.5444,risque_moyen
182,famille,13423.77,new york,automne,18,hôtel,1120.56,pluie,randonnée,2,bagages,1,0,séjour mitigé.,12303.21,683.5116666666668,1.0,0.3129934640522875,0,0.25,0.3630666666666667,0.4099,risque_moyen
183,senior,12549.06,lisbonne,hiver,19,appartement,760.77,nuageux,plage,2,retard_vol,1,0,séjour mitigé.,11788.29,620.4363157894736,1.0,0.0,0,0.7,0.3659111111111111,0.5279,risque_moyen
184,business,4318.02,sydney,été,7,resort,1277.56,nuageux,business,2,retard_vol,1,1,séjour mitigé.,3040.4600000000005,434.35142857142864,0.0,0.685846153846154,1,0.7,0.3825888888888888,0.4334,risque_moyen
185,couple,5994.86,new york,hiver,6,villa,956.18,nuageux,gastronomie,3,aucun,0,1,séjour mitigé.,5038.679999999999,839.7799999999999,0.4653576923076921,0.5278692810457516,1,0.7,0.1832,0.6313,risque_faible
186,famille,6716.87,bali,été,10,hôtel,1524.21,ensoleillé,culture,3,retard_vol,1,0,séjour mitigé.,5192.66,519.266,0.6667076612903224,0.305111111111111,1,1.0,0.5497055555555554,0.6076,risque_faible
187,senior,2784.56,rome,été,7,villa,1129.81,ensoleillé,culture,4,aucun,0,0,excellent séjour.,1654.75,236.39285714285717,0.2049871794871793,0.0,1,1.0,0.4642444444444444,0.4131,risque_moyen
188,solo,6071.22,lisbonne,printemps,12,appartement,861.26,variable,plage,3,météo,1,1,séjour mitigé.,5209.96,434.16333333333336,1.0,0.0,0,0.45,0.4363388888888889,0.5064,risque_moyen
189,solo,3697.96,tokyo,été,9,resort,841.6,variable,plage,2,météo,0,1,séjour mitigé.,2856.36,317.37333333333333,0.0,0.8871957671957672,0,0.45,0.4004166666666666,0.2617,risque_eleve
190,business,2653.23,lisbonne,automne,4,villa,737.89,pluie,business,2,aucun,0,1,séjour mitigé.,1915.34,478.835,0.2879522058823529,0.0,1,0.25,0.5109277777777776,0.3519,risque_eleve
191,famille,10065.01,lisbonne,hiver,18,appartement,935.85,nuageux,plage,2,retard_vol,1,1,séjour mitigé.,9129.16,507.1755555555556,1.0,0.0,1,0.7,0.3659111111111111,0.7079,risque_faible
192,couple,4316.91,tokyo,printemps,13,villa,897.14,nuageux,culture,1,bagages,1,0,séjour mitigé.,3419.77,263.0592307692308,0.0619635416666665,0.8284232804232804,1,0.7,0.3183611111111111,0.5887,risque_moyen
193,couple,6312.11,paris,été,6,hôtel,927.44,nuageux,culture,2,météo,0,1,séjour mitigé.,5384.67,897.445,1.0,0.0,1,0.7,0.5546333333333333,0.7306,risque_faible
194,solo,11233.31,paris,hiver,13,villa,1255.96,ensoleillé,culture,3,bagages,1,0,séjour mitigé.,9977.35,767.4884615384615,1.0,0.0,1,1.0,0.17495,0.601,risque_faible
195,famille,17582.15,paris,printemps,18,resort,1269.76,ensoleillé,culture,2,aucun,0,0,séjour mitigé.,16312.39,906.2438888888888,1.0,0.0,1,1.0,0.3504166666666666,0.7421,risque_faible
196,business,4388.17,lisbonne,automne,7,hôtel,1011.1,pluie,plage,2,retard_vol,1,1,séjour mitigé.,3377.07,482.4385714285714,0.9257977941176472,0.0,0,0.25,0.5109277777777776,0.4705,risque_moyen
197,solo,5160.1,rome,automne,13,resort,1042.68,ensoleillé,randonnée,3,météo,1,1,séjour mitigé.,4117.42,316.7246153846154,0.9663782051282052,0.0,1,1.0,0.4660166666666667,0.6265,risque_faible
198,couple,5700.76,rome,été,12,villa,1026.64,ensoleillé,gastronomie,1,bagages,1,0,séjour mitigé.,4674.12,389.51,1.0,0.0,1,1.0,0.4642444444444444,0.7557,risque_faible
199,solo,7368.9,paris,été,8,hôtel,1317.8,variable,randonnée,3,retard_vol,0,0,séjour mitigé.,6051.099999999999,756.3874999999999,1.0,0.0,1,0.45,0.5546333333333333,0.7006,risque_faible
200,solo,8602.49,paris,printemps,10,hôtel,1276.56,nuageux,gastronomie,2,aucun,0,0,séjour mitigé.,7325.93,732.5930000000001,1.0,0.0,0,0.7,0.3504166666666666,0.526,risque_moyen
201,solo,6413.73,lisbonne,été,12,villa,938.98,ensoleillé,plage,2,bagages,0,1,séjour mitigé.,5474.75,456.2291666666667,1.0,0.0,0,1.0,0.5779666666666666,0.4694,risque_moyen
202,business,6004.1,new york,automne,6,villa,1166.79,variable,business,3,retard_vol,0,1,séjour mitigé.,4837.31,806.2183333333334,0.4671346153846153,0.252562091503268,1,0.45,0.3630666666666667,0.4538,risque_moyen
203,couple,3703.4,rome,hiver,9,villa,1149.63,pluie,gastronomie,1,retard_vol,0,0,séjour mitigé.,2553.77,283.7522222222222,0.4994871794871794,0.0,1,0.25,0.2807999999999999,0.5036,risque_moyen
204,famille,14265.14,lisbonne,hiver,21,resort,936.5,variable,plage,1,annulation,0,0,séjour mitigé.,13328.64,634.6971428571428,1.0,0.0,1,0.45,0.3659111111111111,0.6779,risque_faible
205,couple,6110.25,new york,hiver,8,appartement,1157.91,nuageux,culture,3,annulation,1,0,séjour mitigé.,4952.34,619.0425,0.4875480769230768,0.2641699346405227,1,0.7,0.1832,0.47,risque_moyen
206,solo,9652.1,bali,printemps,15,villa,1104.18,pluie,gastronomie,3,bagages,0,0,séjour mitigé.,8547.92,569.8613333333334,1.0,0.7109371980676329,0,0.25,0.5140166666666667,0.4997,risque_moyen
207,couple,5028.61,new york,printemps,6,resort,1419.56,ensoleillé,gastronomie,2,météo,1,1,séjour mitigé.,3609.05,601.5083333333333,0.2795403846153844,0.0,1,1.0,0.3306888888888888,0.538,risque_moyen
208,couple,8077.98,paris,été,9,hôtel,1308.98,ensoleillé,plage,5,aucun,0,1,excellent séjour.,6769.0,752.1111111111111,1.0,0.0,1,1.0,0.5546333333333333,0.7666,risque_faible
209,solo,6875.06,new york,hiver,8,appartement,910.95,pluie,business,3,aucun,0,0,séjour mitigé.,5964.110000000001,745.5137500000001,0.634626923076923,0.5869934640522875,0,0.25,0.1832,0.4553,risque_moyen
210,famille,14210.02,bali,hiver,20,villa,1358.48,pluie,randonnée,2,météo,1,0,séjour mitigé.,12851.54,642.577,1.0,0.4652367149758454,0,0.25,0.5211222222222222,0.5763,risque_moyen
211,business,6892.27,paris,automne,7,appartement,1043.44,nuageux,culture,3,aucun,0,0,séjour mitigé.,5848.83,835.5471428571428,1.0,0.0,0,0.7,0.3681277777777778,0.4082,risque_moyen
212,solo,9393.44,new york,été,10,appartement,1240.1,ensoleillé,culture,3,bagages,0,1,séjour mitigé.,8153.34,815.3340000000001,1.0,0.156732026143791,1,1.0,0.4609944444444444,0.7835,risque_faible
213,couple,4322.38,new york,automne,5,appartement,1301.91,nuageux,gastronomie,1,annulation,1,1,séjour mitigé.,3020.4700000000003,604.094,0.143726923076923,0.0759346405228756,1,0.7,0.3630666666666667,0.3615,risque_eleve
214,couple,6919.32,bali,hiver,9,resort,1084.45,pluie,gastronomie,3,aucun,0,1,séjour mitigé.,5834.87,648.3188888888889,0.7075241935483869,0.73,1,0.25,0.5211222222222222,0.722,risque_faible
215,solo,12184.85,new york,automne,12,villa,1269.43,ensoleillé,gastronomie,2,bagages,1,1,séjour mitigé.,10915.42,909.6183333333332,1.0,0.1183921568627449,0,1.0,0.3630666666666667,0.4649,risque_moyen
216,solo,3004.57,rome,automne,6,villa,1359.48,ensoleillé,randonnée,3,météo,1,1,séjour mitigé.,1645.09,274.1816666666667,0.2755032051282051,0.0,1,1.0,0.4660166666666667,0.4331,risque_moyen
218,senior,9242.19,new york,hiver,10,hôtel,1424.72,ensoleillé,culture,1,retard_vol,1,1,séjour mitigé.,7817.47,781.7470000000001,1.0,0.0,1,1.0,0.1832,0.722,risque_faible
219,senior,3363.81,rome,automne,7,appartement,1233.09,pluie,gastronomie,2,météo,1,0,séjour mitigé.,2130.7200000000003,304.3885714285715,0.3906442307692306,0.0,1,0.25,0.4660166666666667,0.4953,risque_moyen
220,couple,9850.44,lisbonne,automne,15,appartement,802.66,nuageux,culture,5,aucun,0,1,excellent séjour.,9047.78,603.1853333333333,1.0,0.0,1,0.7,0.5109277777777776,0.6053,risque_faible
221,famille,11912.94,paris,hiver,15,appartement,1059.05,pluie,plage,2,aucun,0,1,séjour mitigé.,10853.89,723.5926666666668,1.0,0.0,1,0.25,0.17495,0.631,risque_faible
222,senior,15034.39,new york,automne,16,appartement,973.42,ensoleillé,culture,3,bagages,1,0,séjour mitigé.,14060.97,878.810625,1.0,0.5053333333333334,1,1.0,0.3630666666666667,0.8345,risque_faible
223,solo,3871.28,sydney,été,7,resort,1179.03,ensoleillé,business,4,retard_vol,1,0,excellent séjour.,2692.25,384.6071428571428,0.0,0.7700598290598291,0,1.0,0.3825888888888888,0.3045,risque_eleve
224,couple,9581.84,bali,automne,12,appartement,1299.97,nuageux,culture,2,aucun,0,0,séjour mitigé.,8281.87,690.1558333333334,1.0,0.521768115942029,1,0.7,0.5225333333333333,0.7006,risque_faible
225,business,1947.7,rome,été,4,hôtel,1333.35,ensoleillé,business,2,retard_vol,1,1,séjour mitigé.,614.3500000000001,153.58750000000003,0.0,0.0,1,1.0,0.4642444444444444,0.4757,risque_moyen
226,couple,6859.35,rome,printemps,14,villa,1439.06,pluie,culture,2,retard_vol,1,1,séjour mitigé.,5420.290000000001,387.1635714285715,1.0,0.0,1,0.25,0.4113722222222222,0.6594,risque_faible
227,business,5548.86,paris,été,7,resort,1224.5,pluie,business,1,bagages,1,0,séjour mitigé.,4324.36,617.7657142857142,0.9639464285714284,0.0,1,0.25,0.5546333333333333,0.5465,risque_moyen
228,business,2350.57,dubaï,été,4,villa,1608.74,ensoleillé,business,2,retard_vol,1,0,séjour mitigé.,741.8300000000002,185.45750000000004,0.0,0.0,1,1.0,0.5018666666666666,0.3602,risque_eleve
229,business,6931.21,paris,été,7,hôtel,1173.6,ensoleillé,business,1,retard_vol,0,1,séjour mitigé.,5757.610000000001,822.5157142857144,1.0,0.0,1,1.0,0.5546333333333333,0.7666,risque_faible
230,famille,14196.85,paris,été,16,appartement,1720.77,nuageux,plage,5,aucun,0,1,excellent séjour.,12476.08,779.755,1.0,0.0,1,0.7,0.5546333333333333,0.7306,risque_faible
232,senior,7907.27,paris,hiver,8,resort,1064.98,variable,culture,4,annulation,1,0,excellent séjour.,6842.290000000001,855.2862500000001,1.0,0.0,1,0.45,0.17495,0.535,risque_moyen
233,senior,7928.13,rome,printemps,17,villa,1074.57,nuageux,culture,2,annulation,1,0,séjour mitigé.,6853.56,403.15058823529415,1.0,0.0,1,0.7,0.4113722222222222,0.5934,risque_moyen
234,business,5756.26,new york,été,6,hôtel,1189.42,ensoleillé,business,3,bagages,1,0,séjour mitigé.,4566.84,761.14,0.4194730769230768,0.2229803921568628,1,1.0,0.4609944444444444,0.6329,risque_faible
235,solo,4771.64,new york,été,5,villa,1071.97,variable,business,5,aucun,0,1,excellent séjour.,3699.67,739.934,0.2301230769230769,0.3765098039215687,0,0.45,0.4609944444444444,0.2415,risque_eleve
236,couple,5359.13,lisbonne,hiver,10,villa,1001.9,nuageux,culture,4,aucun,0,1,excellent séjour.,4357.2300000000005,435.72300000000007,1.0,0.0,1,0.7,0.3659111111111111,0.7079,risque_faible
237,senior,9650.2,new york,automne,12,villa,1187.88,nuageux,culture,4,aucun,0,1,excellent séjour.,8462.32,705.1933333333333,1.0,0.2249934640522873,1,0.7,0.3630666666666667,0.6281,risque_faible
238,couple,5124.98,lisbonne,été,9,appartement,895.09,ensoleillé,gastronomie,2,météo,1,0,séjour mitigé.,4229.889999999999,469.9877777777777,1.0,0.0,1,1.0,0.5779666666666666,0.6494,risque_faible
239,famille,6551.13,rome,automne,17,appartement,1117.6,nuageux,plage,2,retard_vol,1,1,séjour mitigé.,5433.530000000001,319.61941176470594,1.0,0.0,1,0.7,0.4660166666666667,0.7199,risque_faible
240,business,3133.87,rome,été,6,appartement,989.32,ensoleillé,business,5,aucun,0,1,excellent séjour.,2144.55,357.42499999999995,0.3169455128205127,0.0,1,1.0,0.4642444444444444,0.4445,risque_moyen
241,solo,5692.93,rome,hiver,14,resort,1194.47,pluie,culture,4,annulation,0,1,excellent séjour.,4498.46,321.31857142857143,1.0,0.0,1,0.25,0.2807999999999999,0.5237,risque_moyen
242,solo,6894.66,dubaï,automne,13,hôtel,1490.44,nuageux,plage,4,bagages,1,0,excellent séjour.,5404.219999999999,415.7092307692307,0.7253401639344261,0.0,0,0.7,0.6703277777777777,0.4875,risque_moyen
243,business,4857.6,bali,été,6,resort,1276.41,ensoleillé,culture,1,météo,1,0,séjour mitigé.,3581.1900000000005,596.8650000000001,0.2918548387096774,0.5445314009661836,0,1.0,0.5497055555555554,0.3657,risque_eleve
244,solo,4375.6,rome,été,10,hôtel,1040.99,ensoleillé,business,5,aucun,0,1,excellent séjour.,3334.6100000000006,333.46100000000007,0.7149358974358974,0.0,0,1.0,0.4642444444444444,0.4959,risque_moyen
245,couple,11005.31,bali,automne,16,appartement,1268.82,pluie,plage,4,retard_vol,1,0,excellent séjour.,9736.49,608.530625,1.0,0.5518647342995171,1,0.25,0.5225333333333333,0.652,risque_faible
246,senior,11453.97,lisbonne,printemps,19,appartement,957.28,variable,culture,2,retard_vol,1,0,séjour mitigé.,10496.69,552.4573684210526,1.0,0.0,1,0.45,0.4363388888888889,0.6864,risque_faible
247,senior,9556.14,paris,automne,12,resort,1060.09,pluie,culture,2,annulation,1,0,séjour mitigé.,8496.05,708.0041666666666,1.0,0.0,1,0.25,0.3681277777777778,0.5342,risque_moyen
248,solo,7202.77,bali,automne,9,appartement,1265.21,pluie,randonnée,3,météo,0,1,séjour mitigé.,5937.56,659.728888888889,0.7646713709677418,0.555352657004831,1,0.25,0.5225333333333333,0.7068,risque_faible
249,senior,8614.91,new york,hiver,10,appartement,1118.83,nuageux,culture,1,aucun,0,0,séjour mitigé.,7496.08,749.608,0.9692134615384614,0.3152549019607844,1,0.7,0.1832,0.7341,risque_faible
250,couple,4392.71,lisbonne,printemps,7,appartement,749.82,ensoleillé,plage,3,aucun,0,0,séjour mitigé.,3642.89,520.4128571428571,0.9274669117647056,0.0,1,1.0,0.4363388888888889,0.6121,risque_faible
251,couple,3045.04,lisbonne,été,5,villa,953.54,nuageux,culture,3,retard_vol,1,0,séjour mitigé.,2091.5,418.3,0.4319999999999999,0.0,1,0.7,0.5779666666666666,0.5743,risque_moyen
252,couple,5032.05,bali,printemps,8,resort,1340.72,ensoleillé,randonnée,2,météo,1,1,séjour mitigé.,3691.33,461.41625,0.3270262096774193,0.4823961352657006,0,1.0,0.5140166666666667,0.4801,risque_moyen
253,couple,10393.9,paris,automne,11,appartement,1420.66,variable,randonnée,2,annulation,1,1,séjour mitigé.,8973.24,815.7490909090909,1.0,0.0,0,0.45,0.3681277777777778,0.3782,risque_eleve
254,solo,3673.68,new york,automne,4,appartement,1284.47,nuageux,culture,3,retard_vol,1,1,séjour mitigé.,2389.21,597.3025,0.0189769230769229,0.0987320261437909,1,0.7,0.3630666666666667,0.4507,risque_moyen
255,solo,12382.66,new york,printemps,16,hôtel,879.94,variable,plage,3,retard_vol,1,1,séjour mitigé.,11502.72,718.92,1.0,0.6275294117647057,0,0.45,0.3306888888888888,0.6066,risque_faible
256,couple,15204.62,new york,été,16,appartement,953.12,pluie,culture,2,bagages,1,1,séjour mitigé.,14251.5,890.71875,1.0,0.5318692810457517,1,0.25,0.4609944444444444,0.6411,risque_faible
257,senior,10888.35,dubaï,été,20,resort,1422.81,ensoleillé,culture,2,bagages,1,0,séjour mitigé.,9465.54,473.277,1.0,0.0,1,1.0,0.5018666666666666,0.6402,risque_faible
258,senior,18482.53,paris,automne,18,appartement,1316.3,pluie,gastronomie,2,bagages,1,0,séjour mitigé.,17166.23,953.6794444444444,1.0,0.0,1,0.25,0.3681277777777778,0.6542,risque_faible
259,couple,7409.89,new york,hiver,8,villa,1194.84,pluie,gastronomie,3,annulation,0,1,séjour mitigé.,6215.05,776.88125,0.7374788461538462,0.2158954248366014,1,0.25,0.1832,0.5973,risque_moyen
260,famille,4986.61,sydney,hiver,9,hôtel,1789.24,pluie,plage,1,aucun,0,0,séjour mitigé.,3197.37,355.2633333333333,0.0916578124999999,0.2485128205128206,1,0.25,0.5683611111111111,0.3486,risque_eleve
261,couple,2569.41,dubaï,automne,5,appartement,1433.87,ensoleillé,plage,4,retard_vol,1,0,excellent séjour.,1135.54,227.108,0.0,0.0,1,1.0,0.6703277777777777,0.3804,risque_eleve
262,solo,14657.13,new york,printemps,15,villa,1298.08,nuageux,randonnée,4,retard_vol,1,0,excellent séjour.,13359.05,890.6033333333332,1.0,0.0809411764705883,1,0.7,0.3306888888888888,0.5983,risque_moyen
264,solo,10942.97,new york,hiver,11,appartement,1217.52,variable,culture,3,annulation,1,0,séjour mitigé.,9725.45,884.1318181818181,1.0,0.1862483660130719,1,0.45,0.1832,0.6895,risque_faible
265,famille,6518.69,new york,automne,8,appartement,1056.7,ensoleillé,plage,5,aucun,0,1,excellent séjour.,5461.99,682.74875,0.5660942307692307,0.3964705882352941,1,1.0,0.3630666666666667,0.6934,risque_faible
266,senior,7435.62,new york,automne,9,appartement,1235.42,pluie,culture,3,météo,0,1,séjour mitigé.,6200.2,688.911111111111,0.7424269230769228,0.1628496732026143,1,0.25,0.3630666666666667,0.6108,risque_faible
267,couple,7923.06,rome,été,16,villa,1131.81,ensoleillé,gastronomie,4,météo,1,0,excellent séjour.,6791.25,424.453125,1.0,0.0,1,1.0,0.4642444444444444,0.7557,risque_faible
268,business,3598.19,paris,été,4,appartement,1178.7,variable,business,1,météo,0,0,séjour mitigé.,2419.49,604.8725,0.3833898809523808,0.0,1,0.45,0.5546333333333333,0.4079,risque_moyen
269,business,3968.59,bali,printemps,6,villa,1146.65,ensoleillé,plage,2,retard_vol,1,0,séjour mitigé.,2821.94,470.3233333333333,0.1126189516129032,0.669903381642512,0,1.0,0.5140166666666667,0.3338,risque_eleve
270,famille,17049.17,new york,hiver,21,villa,1122.77,nuageux,culture,4,bagages,0,1,excellent séjour.,15926.399999999998,758.3999999999999,1.0,0.3101045751633987,1,0.7,0.1832,0.7418,risque_faible
271,couple,10635.34,new york,automne,13,villa,1494.25,ensoleillé,plage,4,aucun,0,1,excellent séjour.,9141.09,703.1607692307692,1.0,0.0,1,1.0,0.3630666666666667,0.7436,risque_faible
272,couple,15979.85,new york,automne,16,villa,798.49,pluie,plage,2,météo,1,0,séjour mitigé.,15181.36,948.835,1.0,0.734,1,0.25,0.3630666666666667,0.7857,risque_faible
273,senior,9443.89,bali,automne,13,villa,1363.99,pluie,plage,2,météo,0,1,séjour mitigé.,8079.9,621.5307692307692,1.0,0.4599130434782609,0,0.25,0.5225333333333333,0.4555,risque_moyen
274,solo,7089.12,dubaï,hiver,14,appartement,1001.27,pluie,culture,1,annulation,0,1,séjour mitigé.,6087.85,434.8464285714286,0.7651885245901637,0.1884603174603176,1,0.25,0.42075,0.6287,risque_faible
275,couple,10816.57,new york,printemps,14,hôtel,1030.63,variable,randonnée,3,retard_vol,1,0,séjour mitigé.,9785.94,698.9957142857141,1.0,0.430549019607843,0,0.45,0.3306888888888888,0.5712,risque_moyen
276,senior,15648.94,new york,été,19,resort,1290.32,variable,culture,2,annulation,1,1,séjour mitigé.,14358.62,755.7168421052633,1.0,0.0910849673202617,1,0.45,0.4609944444444444,0.5857,risque_moyen
277,famille,7642.41,dubaï,automne,15,appartement,1333.5,pluie,culture,3,aucun,0,1,séjour mitigé.,6308.91,420.594,0.8785676229508196,0.0,1,0.25,0.6703277777777777,0.6564,risque_faible
278,business,3192.19,paris,été,3,villa,1024.55,ensoleillé,business,4,météo,1,0,excellent séjour.,2167.6400000000003,722.5466666666667,0.2625565476190476,0.0,1,1.0,0.5546333333333333,0.4401,risque_moyen
279,senior,8078.63,lisbonne,automne,13,resort,807.88,nuageux,plage,2,météo,1,1,séjour mitigé.,7270.75,559.2884615384615,1.0,0.0,0,0.7,0.5109277777777776,0.4253,risque_moyen
280,business,2802.24,lisbonne,hiver,5,hôtel,997.23,pluie,business,3,aucun,0,1,séjour mitigé.,1805.01,361.002,0.3427352941176468,0.0,1,0.25,0.3659111111111111,0.4699,risque_moyen
281,solo,10773.37,lisbonne,hiver,16,hôtel,805.83,ensoleillé,culture,3,météo,1,1,séjour mitigé.,9967.54,622.97125,1.0,0.0,1,1.0,0.3659111111111111,0.7439,risque_faible
282,senior,16752.02,new york,automne,19,appartement,1145.16,variable,gastronomie,1,météo,1,1,séjour mitigé.,15606.86,821.4136842105263,1.0,0.2808366013071895,1,0.45,0.3630666666666667,0.7281,risque_faible
283,famille,11510.06,dubaï,été,21,villa,1329.8,nuageux,culture,2,annulation,1,0,séjour mitigé.,10180.26,484.7742857142857,1.0,0.0,1,0.7,0.5018666666666666,0.7242,risque_faible
284,couple,2587.9,lisbonne,printemps,4,appartement,816.52,nuageux,plage,2,aucun,0,0,séjour mitigé.,1771.38,442.845,0.2639338235294117,0.0,1,0.7,0.4363388888888889,0.3903,risque_eleve
285,solo,13078.02,new york,été,16,hôtel,1465.84,ensoleillé,plage,5,aucun,0,1,excellent séjour.,11612.18,725.76125,1.0,0.0,0,1.0,0.4609944444444444,0.5753,risque_moyen
286,solo,3270.04,lisbonne,hiver,5,villa,991.03,nuageux,gastronomie,2,météo,1,1,séjour mitigé.,2279.01,455.802,0.514720588235294,0.0,0,0.7,0.3659111111111111,0.272,risque_eleve
287,solo,7561.84,paris,printemps,8,hôtel,850.87,variable,business,1,bagages,1,0,séjour mitigé.,6710.97,838.87125,1.0,0.0,0,0.45,0.3504166666666666,0.496,risque_moyen
288,senior,17321.01,new york,été,19,resort,1140.17,ensoleillé,plage,4,aucun,0,1,excellent séjour.,16180.839999999998,851.6231578947368,1.0,0.2873594771241829,0,1.0,0.4609944444444444,0.507,risque_moyen
289,senior,20262.0,new york,été,21,appartement,999.05,nuageux,culture,1,bagages,0,1,séjour mitigé.,19262.95,917.2833333333334,1.0,0.4718300653594772,1,0.7,0.4609944444444444,0.8042,risque_faible
290,famille,7596.48,lisbonne,printemps,14,villa,1020.69,ensoleillé,plage,3,météo,1,0,séjour mitigé.,6575.789999999999,469.6992857142856,1.0,0.0,1,1.0,0.4363388888888889,0.7524,risque_faible
291,solo,5699.54,rome,automne,12,appartement,1128.03,nuageux,culture,4,aucun,0,0,excellent séjour.,4571.51,380.9591666666667,1.0,0.0,1,0.7,0.4660166666666667,0.7199,risque_faible
292,couple,13102.7,new york,automne,15,villa,1090.06,pluie,culture,2,annulation,1,1,séjour mitigé.,12012.64,800.8426666666668,1.0,0.3528627450980393,1,0.25,0.3630666666666667,0.7171,risque_faible
293,business,957.94,tokyo,printemps,3,hôtel,806.89,ensoleillé,business,2,retard_vol,1,1,séjour mitigé.,151.05000000000007,50.35000000000002,0.0,0.923925925925926,1,1.0,0.3183611111111111,0.6245,risque_faible
294,couple,12919.72,bali,printemps,16,resort,1397.29,variable,gastronomie,2,aucun,0,0,séjour mitigé.,11522.43,720.151875,1.0,0.4277391304347827,1,0.45,0.5140166666666667,0.7727,risque_faible
295,senior,4487.75,dubaï,hiver,7,hôtel,1082.97,pluie,gastronomie,4,météo,0,0,excellent séjour.,3404.78,486.3971428571428,0.2321209016393442,0.0587777777777777,1,0.25,0.42075,0.4561,risque_moyen
296,couple,3989.38,new york,été,4,villa,1053.5,ensoleillé,culture,3,météo,1,1,séjour mitigé.,2935.88,733.97,0.0796884615384614,0.4006535947712417,1,1.0,0.4609944444444444,0.5697,risque_moyen
297,famille,2481.72,tokyo,automne,7,villa,696.63,variable,plage,3,météo,1,1,séjour mitigé.,1785.0899999999997,255.0128571428571,0.0,1.0,1,0.45,0.3977388888888888,0.5817,risque_moyen
298,senior,12880.87,paris,automne,12,villa,1102.35,nuageux,plage,4,bagages,1,0,excellent séjour.,11778.52,981.5433333333334,1.0,0.0,0,0.7,0.3681277777777778,0.4082,risque_moyen
299,senior,5637.91,sydney,printemps,10,hôtel,1508.71,pluie,culture,3,retard_vol,1,1,séjour mitigé.,4129.2,412.92,0.1934234374999999,0.4882820512820512,1,0.25,0.51555,0.5339,risque_moyen
300,couple,4132.56,tokyo,printemps,13,villa,795.63,ensoleillé,gastronomie,1,annulation,0,0,séjour mitigé.,3336.9300000000003,256.6869230769231,0.0299583333333333,0.9358412698412698,1,1.0,0.3183611111111111,0.635,risque_faible
301,senior,4395.24,rome,hiver,9,appartement,1038.08,variable,plage,2,retard_vol,1,1,séjour mitigé.,3357.16,373.0177777777778,0.721230769230769,0.0,0,0.45,0.2807999999999999,0.4096,risque_moyen
302,senior,10535.82,lisbonne,printemps,18,villa,1029.57,variable,gastronomie,1,annulation,1,1,séjour mitigé.,9506.25,528.125,1.0,0.0,1,0.45,0.4363388888888889,0.5664,risque_moyen
303,couple,4113.13,tokyo,printemps,14,villa,988.83,ensoleillé,gastronomie,2,météo,1,1,séjour mitigé.,3124.3,223.1642857142857,0.0265850694444444,0.7313968253968253,1,1.0,0.3183611111111111,0.5973,risque_moyen
304,famille,19608.71,new york,été,21,resort,1280.92,ensoleillé,gastronomie,3,annulation,1,1,séjour mitigé.,18327.79,872.7519047619048,1.0,0.1033725490196079,1,1.0,0.4609944444444444,0.7739,risque_faible
305,solo,6444.64,new york,automne,7,appartement,856.37,pluie,gastronomie,2,retard_vol,1,1,séjour mitigé.,5588.27,798.3242857142858,0.5518538461538461,0.6583398692810457,0,0.25,0.3630666666666667,0.4666,risque_moyen
306,couple,1966.78,lisbonne,été,4,appartement,839.24,ensoleillé,randonnée,1,météo,1,1,séjour mitigé.,1127.54,281.885,0.035580882352941,0.0,0,1.0,0.5779666666666666,0.1993,risque_eleve
307,famille,6061.36,rome,automne,14,resort,1523.5,nuageux,culture,3,aucun,0,1,séjour mitigé.,4537.86,324.1328571428571,1.0,0.0,1,0.7,0.4660166666666667,0.7199,risque_faible
308,solo,5573.66,rome,hiver,13,villa,1144.32,ensoleillé,randonnée,2,météo,0,0,séjour mitigé.,4429.34,340.71846153846155,1.0,0.0,1,1.0,0.2807999999999999,0.6137,risque_faible
309,couple,3196.59,tokyo,hiver,10,resort,800.0,nuageux,gastronomie,3,retard_vol,1,1,séjour mitigé.,2396.59,239.659,0.0,0.9312169312169312,1,0.7,0.1438499999999999,0.5689,risque_moyen
310,business,5767.34,paris,automne,7,hôtel,1364.12,pluie,business,3,bagages,0,0,séjour mitigé.,4403.22,629.0314285714286,1.0,0.0,1,0.25,0.3681277777777778,0.6542,risque_faible
311,business,3303.59,lisbonne,hiver,6,villa,779.15,ensoleillé,business,1,retard_vol,0,0,séjour mitigé.,2524.44,420.74,0.5270551470588234,0.0,1,1.0,0.3659111111111111,0.4915,risque_moyen
312,couple,11215.85,paris,hiver,12,appartement,1211.2,ensoleillé,gastronomie,1,retard_vol,1,1,séjour mitigé.,10004.65,833.7208333333333,1.0,0.0,1,1.0,0.17495,0.601,risque_faible
313,couple,3508.2,bali,hiver,5,appartement,742.01,pluie,plage,3,aucun,0,1,séjour mitigé.,2766.19,553.2379999999999,0.0197983870967741,1.0,1,0.25,0.5211222222222222,0.4581,risque_moyen
314,business,3376.55,rome,été,7,hôtel,1083.5,ensoleillé,business,2,annulation,1,1,séjour mitigé.,2293.05,327.5785714285715,0.3947275641025641,0.0,1,1.0,0.4642444444444444,0.5862,risque_moyen
315,solo,4079.61,rome,printemps,8,villa,1231.71,ensoleillé,randonnée,2,météo,0,1,séjour mitigé.,2847.9,355.9875,0.6200673076923077,0.0,1,1.0,0.4113722222222222,0.523,risque_moyen
316,senior,7658.46,rome,automne,17,villa,1040.6,pluie,plage,1,aucun,0,1,séjour mitigé.,6617.860000000001,389.2858823529412,1.0,0.0,0,0.25,0.4660166666666667,0.3659,risque_eleve
317,senior,10156.05,new york,printemps,13,villa,1380.74,pluie,plage,2,météo,0,0,séjour mitigé.,8775.31,675.0238461538461,1.0,0.0,0,0.25,0.3306888888888888,0.3497,risque_eleve
318,solo,2984.92,tokyo,printemps,8,appartement,589.16,ensoleillé,culture,2,annulation,1,1,séjour mitigé.,2395.76,299.47,0.0,1.0,1,1.0,0.3183611111111111,0.6382,risque_faible
319,famille,6767.81,lisbonne,printemps,12,villa,845.24,pluie,randonnée,4,météo,1,1,excellent séjour.,5922.570000000001,493.54750000000007,1.0,0.0,0,0.25,0.4363388888888889,0.4824,risque_moyen
320,famille,6496.33,dubaï,printemps,11,appartement,1346.67,ensoleillé,randonnée,1,annulation,1,1,séjour mitigé.,5149.66,468.15090909090907,0.6437151639344263,0.0,0,1.0,0.6816444444444444,0.502,risque_moyen
321,senior,5580.01,rome,printemps,11,hôtel,1556.99,pluie,culture,2,annulation,1,1,séjour mitigé.,4023.02,365.7290909090909,1.0,0.0,1,0.25,0.4113722222222222,0.6594,risque_faible
322,couple,2335.83,dubaï,printemps,4,appartement,1036.3,ensoleillé,gastronomie,3,aucun,0,1,séjour mitigé.,1299.53,324.8825,0.0,0.1328571428571429,1,1.0,0.6816444444444444,0.4057,risque_moyen
323,business,2669.27,sydney,printemps,5,villa,1400.94,pluie,culture,3,météo,0,0,séjour mitigé.,1268.33,253.666,0.0,0.5803931623931623,0,0.25,0.51555,0.1963,risque_eleve
324,senior,17958.5,paris,printemps,17,villa,1223.99,variable,culture,4,aucun,0,1,excellent séjour.,16734.51,984.3829411764704,1.0,0.0,1,0.45,0.3504166666666666,0.556,risque_moyen
325,famille,13058.41,bali,automne,18,villa,1054.62,pluie,randonnée,3,retard_vol,0,0,séjour mitigé.,12003.79,666.8772222222223,1.0,0.7588212560386475,0,0.25,0.5225333333333333,0.6293,risque_faible
326,business,4959.45,new york,été,5,hôtel,1186.03,ensoleillé,gastronomie,2,annulation,1,0,séjour mitigé.,3773.42,754.684,0.2662403846153844,0.2274117647058823,0,1.0,0.4609944444444444,0.4108,risque_moyen
327,famille,7241.43,lisbonne,hiver,12,villa,932.0,pluie,randonnée,3,bagages,1,0,séjour mitigé.,6309.43,525.7858333333334,1.0,0.0,0,0.25,0.3659111111111111,0.4739,risque_moyen
328,couple,2660.0,tokyo,automne,8,appartement,682.54,ensoleillé,plage,4,annulation,0,0,excellent séjour.,1977.46,247.1825,0.0,1.0,1,1.0,0.3977388888888888,0.5277,risque_moyen
329,business,875.85,tokyo,été,3,appartement,757.92,variable,business,1,retard_vol,1,1,séjour mitigé.,117.93000000000006,39.31000000000002,0.0,0.9757460317460318,1,0.45,0.4004166666666666,0.4577,risque_moyen
330,senior,3899.8,lisbonne,printemps,8,villa,852.67,ensoleillé,culture,5,aucun,0,1,excellent séjour.,3047.13,380.89125,0.74625,0.0,1,1.0,0.4363388888888889,0.5613,risque_moyen
331,famille,4423.77,bali,automne,7,hôtel,1257.75,pluie,plage,1,aucun,0,1,séjour mitigé.,3166.0200000000004,452.2885714285715,0.2043891129032259,0.5625603864734301,1,0.25,0.5225333333333333,0.4312,risque_moyen
332,senior,7132.8,rome,automne,18,appartement,1407.37,pluie,culture,3,retard_vol,1,0,séjour mitigé.,5725.43,318.07944444444445,1.0,0.0,1,0.25,0.4660166666666667,0.6659,risque_faible
333,business,1086.42,tokyo,hiver,3,villa,928.51,ensoleillé,business,3,bagages,1,1,séjour mitigé.,157.91000000000008,52.63666666666669,0.0,0.7952275132275132,1,1.0,0.1438499999999999,0.4604,risque_moyen
334,business,2741.94,tokyo,été,7,appartement,610.8,ensoleillé,business,2,météo,1,1,séjour mitigé.,2131.1400000000003,304.4485714285715,0.0,1.0,1,1.0,0.4004166666666666,0.528,risque_moyen
335,business,1912.11,rome,printemps,4,hôtel,1689.83,ensoleillé,business,1,retard_vol,1,1,séjour mitigé.,222.28,55.56999999999999,0.0,0.0,1,1.0,0.4113722222222222,0.4694,risque_moyen
336,senior,7645.12,new york,printemps,8,villa,784.38,pluie,culture,2,retard_vol,0,0,séjour mitigé.,6860.74,857.5925,0.7827153846153845,0.7524444444444445,1,0.25,0.3306888888888888,0.6043,risque_faible
337,solo,5252.17,new york,printemps,7,hôtel,1083.9,ensoleillé,plage,2,météo,1,1,séjour mitigé.,4168.27,595.4671428571429,0.3225326923076922,0.3609150326797385,0,1.0,0.3306888888888888,0.435,risque_moyen
338,famille,12866.99,bali,été,18,villa,1345.82,ensoleillé,plage,3,aucun,0,1,séjour mitigé.,11521.17,640.065,1.0,0.4774685990338164,1,1.0,0.5497055555555554,0.8519,risque_faible
339,solo,11400.5,bali,automne,15,villa,1288.81,ensoleillé,plage,4,météo,0,1,excellent séjour.,10111.69,674.1126666666667,1.0,0.5325507246376812,0,1.0,0.5225333333333333,0.5586,risque_moyen
340,solo,6258.78,bali,automne,9,villa,1121.18,pluie,business,3,météo,1,0,séjour mitigé.,5137.599999999999,570.8444444444444,0.5743508064516128,0.694512077294686,0,0.25,0.5225333333333333,0.3785,risque_eleve
341,senior,6073.45,new york,printemps,7,resort,1074.52,pluie,culture,3,annulation,1,0,séjour mitigé.,4998.93,714.1328571428572,0.4804711538461537,0.3731764705882352,1,0.25,0.3306888888888888,0.4514,risque_moyen
342,senior,16903.37,paris,hiver,21,hôtel,1131.74,variable,culture,2,annulation,1,1,séjour mitigé.,15771.63,751.03,1.0,0.0,1,0.45,0.17495,0.655,risque_faible
343,solo,10029.21,dubaï,printemps,16,hôtel,1204.01,pluie,plage,3,annulation,1,0,séjour mitigé.,8825.199999999999,551.5749999999999,1.0,0.0,0,0.25,0.6816444444444444,0.5118,risque_moyen
344,solo,8590.28,bali,automne,14,hôtel,1394.29,pluie,gastronomie,3,annulation,1,0,séjour mitigé.,7195.990000000001,513.9992857142857,1.0,0.4306376811594202,0,0.25,0.5225333333333333,0.5702,risque_moyen
345,famille,5004.1,tokyo,été,14,villa,790.24,ensoleillé,plage,1,retard_vol,0,1,séjour mitigé.,4213.860000000001,300.99000000000007,0.1812673611111111,0.9415449735449736,1,1.0,0.4004166666666666,0.6883,risque_faible
346,solo,8818.28,paris,été,11,appartement,1095.09,ensoleillé,culture,1,retard_vol,1,1,séjour mitigé.,7723.19,702.1081818181818,1.0,0.0,1,1.0,0.5546333333333333,0.7666,risque_faible
347,business,4385.53,paris,printemps,5,resort,1387.03,ensoleillé,business,3,aucun,0,0,séjour mitigé.,2998.5,599.7,0.6177172619047618,0.0,1,1.0,0.3504166666666666,0.515,risque_moyen
348,solo,10266.88,bali,printemps,15,appartement,1293.7,pluie,plage,2,météo,0,0,séjour mitigé.,8973.179999999998,598.2119999999999,1.0,0.5278260869565218,0,0.25,0.5140166666666667,0.5867,risque_moyen
349,couple,3056.02,dubaï,été,6,appartement,1481.81,nuageux,randonnée,5,aucun,0,1,excellent séjour.,1574.21,262.36833333333334,0.0,0.0,0,0.7,0.5018666666666666,0.1442,risque_eleve
350,business,1810.16,tokyo,été,5,villa,820.91,ensoleillé,gastronomie,3,bagages,1,0,séjour mitigé.,989.25,197.85,0.0,0.9090899470899472,0,1.0,0.4004166666666666,0.3317,risque_eleve
351,famille,14989.12,new york,automne,15,hôtel,971.23,pluie,culture,3,retard_vol,0,0,séjour mitigé.,14017.89,934.526,1.0,0.5081960784313724,1,0.25,0.3630666666666667,0.625,risque_faible
352,business,5398.62,bali,été,7,appartement,1132.77,ensoleillé,culture,2,retard_vol,1,1,séjour mitigé.,4265.85,609.407142857143,0.4009314516129031,0.6833140096618358,0,1.0,0.5497055555555554,0.4212,risque_moyen
353,solo,10088.19,bali,été,13,hôtel,1375.32,variable,plage,2,annulation,1,0,séjour mitigé.,8712.87,670.2207692307693,1.0,0.4489661835748791,0,0.45,0.5497055555555554,0.6008,risque_faible
354,couple,6432.61,rome,automne,14,villa,1397.43,variable,business,3,météo,1,0,séjour mitigé.,5035.179999999999,359.6557142857142,1.0,0.0,0,0.45,0.4660166666666667,0.5099,risque_moyen
355,couple,15562.54,paris,hiver,15,appartement,1218.28,ensoleillé,gastronomie,1,aucun,0,0,séjour mitigé.,14344.26,956.284,1.0,0.0,1,1.0,0.17495,0.601,risque_faible
356,business,2439.88,dubaï,été,4,resort,1344.01,variable,business,2,météo,1,1,séjour mitigé.,1095.87,273.96750000000003,0.0,0.0,1,0.45,0.5018666666666666,0.2942,risque_eleve
357,solo,12210.62,paris,printemps,12,resort,1456.33,pluie,randonnée,3,météo,1,0,séjour mitigé.,10754.29,896.1908333333334,1.0,0.0,1,0.25,0.3504166666666666,0.532,risque_moyen
358,famille,10930.83,lisbonne,hiver,17,villa,824.67,nuageux,plage,4,retard_vol,0,0,excellent séjour.,10106.16,594.48,1.0,0.0,1,0.7,0.3659111111111111,0.7079,risque_faible
359,senior,8194.01,dubaï,printemps,15,hôtel,1429.16,variable,gastronomie,4,météo,1,0,excellent séjour.,6764.85,450.99,0.9916004098360656,0.0,1,0.45,0.6816444444444444,0.7134,risque_faible
360,senior,9045.33,new york,été,11,appartement,1075.51,ensoleillé,gastronomie,1,aucun,0,0,séjour mitigé.,7969.82,724.5290909090909,1.0,0.3718823529411766,1,1.0,0.4609944444444444,0.8223,risque_faible
361,solo,9691.58,new york,hiver,13,hôtel,1072.93,pluie,gastronomie,4,retard_vol,1,0,excellent séjour.,8618.65,662.9730769230769,1.0,0.3752549019607841,0,0.25,0.1832,0.5195,risque_moyen
362,couple,8271.15,bali,été,12,appartement,1440.52,ensoleillé,plage,4,aucun,0,1,excellent séjour.,6830.629999999999,569.2191666666666,0.980070564516129,0.3859710144927536,1,1.0,0.5497055555555554,0.7099,risque_faible
363,famille,2811.22,tokyo,hiver,7,villa,842.94,pluie,plage,3,retard_vol,1,1,séjour mitigé.,1968.28,281.1828571428572,0.0,0.8857777777777777,1,0.25,0.1438499999999999,0.5067,risque_moyen
365,business,3343.64,paris,hiver,4,resort,1461.43,ensoleillé,business,3,retard_vol,1,0,séjour mitigé.,1882.21,470.5525,0.3076309523809523,0.0,1,1.0,0.17495,0.4071,risque_moyen
366,senior,10312.73,rome,hiver,21,resort,1284.25,ensoleillé,gastronomie,2,annulation,1,1,séjour mitigé.,9028.48,429.92761904761903,1.0,0.0,1,1.0,0.2807999999999999,0.6137,risque_faible
367,business,6007.64,new york,printemps,7,villa,1222.61,pluie,gastronomie,2,aucun,0,1,séjour mitigé.,4785.030000000001,683.5757142857144,0.4678153846153846,0.1795947712418303,0,0.25,0.3306888888888888,0.233,risque_eleve
368,business,3001.11,new york,printemps,3,hôtel,1057.53,ensoleillé,culture,2,météo,1,1,séjour mitigé.,1943.58,647.86,0.0,0.3953856209150328,0,1.0,0.3306888888888888,0.3509,risque_eleve
369,business,4707.8,bali,automne,6,hôtel,1296.82,nuageux,business,2,météo,0,0,séjour mitigé.,3410.9800000000005,568.4966666666668,0.2616532258064516,0.5248115942028988,1,0.7,0.5225333333333333,0.6144,risque_faible
370,couple,8173.73,rome,hiver,16,resort,1255.22,nuageux,business,2,météo,1,1,séjour mitigé.,6918.509999999999,432.406875,1.0,0.0,0,0.7,0.2807999999999999,0.5177,risque_moyen
371,solo,6816.09,paris,été,7,hôtel,1239.9,pluie,culture,2,aucun,0,1,séjour mitigé.,5576.1900000000005,796.5985714285715,1.0,0.0,1,0.25,0.5546333333333333,0.6766,risque_faible
372,senior,8748.66,rome,été,19,appartement,1394.5,ensoleillé,gastronomie,3,annulation,1,0,séjour mitigé.,7354.16,387.06105263157895,1.0,0.0,1,1.0,0.4642444444444444,0.7557,risque_faible
373,solo,3477.35,rome,printemps,9,villa,1123.09,ensoleillé,plage,4,aucun,0,1,excellent séjour.,2354.26,261.58444444444444,0.4270352564102562,0.0,0,1.0,0.4113722222222222,0.2889,risque_eleve
374,couple,6601.36,dubaï,été,13,appartement,1735.3,ensoleillé,culture,2,météo,1,1,séjour mitigé.,4866.06,374.3123076923076,0.6652377049180327,0.0,1,1.0,0.5018666666666666,0.5465,risque_moyen
375,famille,15880.63,new york,printemps,21,appartement,941.78,ensoleillé,randonnée,2,retard_vol,1,0,séjour mitigé.,14938.85,711.3738095238094,1.0,0.5466928104575164,0,1.0,0.3306888888888888,0.6581,risque_faible
376,senior,6340.29,tokyo,été,18,resort,613.46,ensoleillé,culture,2,météo,1,1,séjour mitigé.,5726.83,318.15722222222223,0.4132447916666666,1.0,1,1.0,0.4004166666666666,0.6438,risque_faible
377,couple,4061.74,tokyo,printemps,12,resort,880.37,ensoleillé,randonnée,3,météo,1,0,séjour mitigé.,3181.37,265.1141666666667,0.0176631944444444,0.8461693121693122,0,1.0,0.3183611111111111,0.4355,risque_moyen
378,business,4818.13,paris,été,5,appartement,1367.24,variable,culture,2,bagages,1,1,séjour mitigé.,3450.8900000000003,690.1780000000001,0.7464672619047619,0.0,0,0.45,0.5546333333333333,0.3296,risque_eleve
379,business,2415.1,sydney,printemps,4,hôtel,1304.49,ensoleillé,business,1,météo,1,1,séjour mitigé.,1110.61,277.6525,0.0,0.6628290598290597,1,1.0,0.51555,0.6012,risque_faible
380,business,1822.63,tokyo,automne,6,resort,820.77,ensoleillé,business,2,retard_vol,1,0,séjour mitigé.,1001.86,166.9766666666667,0.0,0.9092380952380952,1,1.0,0.3977388888888888,0.5114,risque_moyen
381,senior,12126.22,paris,printemps,13,appartement,1219.87,variable,gastronomie,2,bagages,0,1,séjour mitigé.,10906.35,838.9499999999999,1.0,0.0,1,0.45,0.3504166666666666,0.6761,risque_faible
382,solo,3508.79,tokyo,automne,11,resort,649.12,nuageux,gastronomie,3,aucun,0,1,séjour mitigé.,2859.67,259.97,0.0,1.0,0,0.7,0.3977388888888888,0.3117,risque_eleve
383,business,3683.46,paris,hiver,4,appartement,1236.01,pluie,business,2,retard_vol,1,0,séjour mitigé.,2447.45,611.8625,0.4087678571428571,0.0,1,0.25,0.17495,0.3454,risque_eleve
384,solo,4804.52,new york,printemps,6,appartement,996.49,variable,randonnée,2,météo,0,1,séjour mitigé.,3808.0300000000007,634.6716666666667,0.2364461538461539,0.4751764705882353,1,0.45,0.3306888888888888,0.5454,risque_moyen
385,couple,12099.92,new york,printemps,14,hôtel,1271.38,nuageux,plage,2,retard_vol,1,1,séjour mitigé.,10828.54,773.4671428571429,1.0,0.1158431372549019,1,0.7,0.3306888888888888,0.7245,risque_faible
386,business,6389.41,paris,printemps,7,appartement,1195.16,variable,culture,4,aucun,0,1,excellent séjour.,5194.25,742.0357142857143,1.0,0.0,0,0.45,0.3504166666666666,0.376,risque_eleve
387,business,3605.06,rome,hiver,7,hôtel,1121.69,ensoleillé,business,2,météo,0,0,séjour mitigé.,2483.37,354.76714285714286,0.4679679487179486,0.0,1,1.0,0.2807999999999999,0.5847,risque_moyen
388,senior,19262.78,new york,printemps,21,appartement,1055.68,pluie,plage,1,bagages,1,0,séjour mitigé.,18207.1,867.0047619047618,1.0,0.3978039215686273,0,0.25,0.3306888888888888,0.5413,risque_moyen
389,couple,8080.75,rome,hiver,16,hôtel,1359.51,pluie,gastronomie,2,annulation,1,0,séjour mitigé.,6721.24,420.0775,1.0,0.0,1,0.25,0.2807999999999999,0.6437,risque_faible
390,senior,6177.64,tokyo,été,16,resort,686.65,ensoleillé,culture,1,retard_vol,1,0,séjour mitigé.,5490.990000000001,343.18687500000004,0.3850069444444444,1.0,1,1.0,0.4004166666666666,0.6359,risque_faible
391,couple,5065.55,dubaï,automne,9,villa,1157.88,pluie,randonnée,4,météo,1,0,excellent séjour.,3907.67,434.18555555555554,0.3505225409836066,0.0,0,0.25,0.6703277777777777,0.3286,risque_eleve
392,solo,5076.0,rome,printemps,12,appartement,1327.01,variable,randonnée,3,météo,1,1,séjour mitigé.,3748.99,312.4158333333333,0.9394230769230768,0.0,1,0.45,0.4113722222222222,0.6664,risque_faible
393,famille,8544.16,dubaï,printemps,14,hôtel,1369.3,nuageux,plage,3,retard_vol,1,0,séjour mitigé.,7174.86,512.49,1.0,0.0,1,0.7,0.6816444444444444,0.6258,risque_faible
394,business,1617.74,lisbonne,printemps,3,hôtel,836.16,ensoleillé,business,3,météo,1,1,séjour mitigé.,781.58,260.5266666666667,0.0,0.0,1,1.0,0.4363388888888889,0.4724,risque_moyen
395,famille,6319.31,lisbonne,printemps,11,hôtel,841.03,ensoleillé,gastronomie,3,retard_vol,1,1,séjour mitigé.,5478.280000000001,498.0254545454546,1.0,0.0,1,1.0,0.4363388888888889,0.6324,risque_faible
397,solo,3605.5,dubaï,automne,7,appartement,1033.88,variable,plage,2,météo,0,0,séjour mitigé.,2571.62,367.3742857142857,0.0513319672131147,0.1366984126984125,0,0.45,0.6703277777777777,0.2934,risque_eleve
398,famille,4538.66,rome,printemps,10,appartement,1009.94,ensoleillé,plage,2,météo,1,0,séjour mitigé.,3528.72,352.872,0.7671987179487177,0.0,1,1.0,0.4113722222222222,0.6842,risque_faible
399,business,6632.61,paris,été,7,hôtel,1090.41,ensoleillé,business,4,annulation,1,0,excellent séjour.,5542.2,791.7428571428571,1.0,0.0,1,1.0,0.5546333333333333,0.7666,risque_faible
400,solo,2508.05,lisbonne,printemps,4,appartement,876.0,variable,culture,2,météo,1,0,séjour mitigé.,1632.0500000000002,408.0125000000001,0.2345772058823529,0.0,1,0.45,0.4363388888888889,0.472,risque_moyen
401,couple,5103.08,dubaï,été,8,villa,1382.37,variable,gastronomie,3,météo,1,1,séjour mitigé.,3720.71,465.08875,0.3582131147540983,0.0,1,0.45,0.5018666666666666,0.5145,risque_moyen
402,solo,3819.38,sydney,printemps,7,appartement,1456.8,variable,randonnée,3,annulation,1,1,séjour mitigé.,2362.58,337.5114285714285,0.0,0.5326495726495728,1,0.45,0.51555,0.5117,risque_moyen
403,business,5205.13,new york,hiver,6,appartement,1251.84,ensoleillé,business,4,météo,1,0,excellent séjour.,3953.29,658.8816666666667,0.3134865384615384,0.1413856209150327,1,1.0,0.1832,0.4352,risque_moyen
404,famille,5659.77,tokyo,automne,19,resort,732.08,nuageux,plage,2,retard_vol,1,0,séjour mitigé.,4927.6900000000005,259.3521052631579,0.2950989583333334,1.0,1,0.7,0.3977388888888888,0.6944,risque_faible
405,couple,3729.53,lisbonne,printemps,6,appartement,902.39,variable,culture,2,météo,1,1,séjour mitigé.,2827.1400000000003,471.19000000000005,0.6836507352941176,0.0,1,0.45,0.4363388888888889,0.4778,risque_moyen
406,famille,4489.48,rome,été,11,appartement,1087.7,variable,plage,3,retard_vol,1,0,séjour mitigé.,3401.78,309.25272727272727,0.7514358974358972,0.0,1,0.45,0.4642444444444444,0.6201,risque_faible
407,solo,11560.81,new york,été,13,hôtel,1106.07,nuageux,randonnée,3,bagages,1,0,séjour mitigé.,10454.74,804.2107692307692,1.0,0.331934640522876,1,0.7,0.4609944444444444,0.7791,risque_faible
408,senior,8370.35,lisbonne,été,13,appartement,865.79,pluie,plage,2,retard_vol,1,1,séjour mitigé.,7504.56,577.2738461538462,1.0,0.0,0,0.25,0.5779666666666666,0.4994,risque_moyen
409,solo,4236.71,dubaï,été,8,appartement,1384.71,variable,culture,4,aucun,0,1,excellent séjour.,2852.0,356.5,0.1806782786885245,0.0,1,0.45,0.5018666666666666,0.4648,risque_moyen
410,business,6694.38,new york,hiver,7,villa,971.52,nuageux,business,2,météo,1,1,séjour mitigé.,5722.860000000001,817.5514285714287,0.5998807692307692,0.5078169934640524,1,0.7,0.1832,0.5454,risque_moyen
411,senior,4430.77,tokyo,automne,11,appartement,808.5,ensoleillé,plage,2,retard_vol,1,1,séjour mitigé.,3622.27,329.29727272727274,0.0817309027777778,0.9222222222222222,0,1.0,0.3977388888888888,0.4766,risque_moyen
412,famille,9655.5,new york,automne,12,villa,1364.16,nuageux,plage,2,retard_vol,0,1,séjour mitigé.,8291.34,690.945,1.0,0.0,1,0.7,0.3630666666666667,0.7076,risque_faible
413,couple,3940.96,sydney,automne,6,hôtel,1173.37,nuageux,plage,2,aucun,0,0,séjour mitigé.,2767.59,461.265,0.0,0.774897435897436,1,0.7,0.5032777777777777,0.5839,risque_moyen
414,business,1671.46,sydney,automne,3,villa,1264.7,pluie,culture,3,météo,1,1,séjour mitigé.,406.76,135.58666666666667,0.0,0.6968376068376068,0,0.25,0.5032777777777777,0.2158,risque_eleve
415,solo,6030.66,rome,automne,14,villa,1412.74,pluie,plage,2,météo,0,0,séjour mitigé.,4617.92,329.8514285714286,1.0,0.0,0,0.25,0.4660166666666667,0.3659,risque_eleve
416,famille,5701.19,sydney,printemps,9,resort,1121.04,ensoleillé,plage,2,retard_vol,1,0,séjour mitigé.,4580.15,508.9055555555555,0.2033109374999998,0.8196239316239317,1,1.0,0.51555,0.6863,risque_faible
417,couple,4795.89,rome,automne,12,villa,1323.25,nuageux,culture,5,aucun,0,1,excellent séjour.,3472.6400000000003,289.3866666666667,0.8496442307692309,0.0,1,0.7,0.4660166666666667,0.6778,risque_faible
419,solo,4765.44,paris,automne,6,hôtel,1240.02,pluie,gastronomie,3,météo,1,0,séjour mitigé.,3525.42,587.5699999999999,0.730785714285714,0.0,0,0.25,0.3681277777777778,0.3988,risque_eleve
420,couple,6939.67,dubaï,été,14,hôtel,1167.62,nuageux,culture,3,bagages,1,1,séjour mitigé.,5772.05,412.2892857142857,0.7345635245901638,0.0,1,0.7,0.5018666666666666,0.6499,risque_faible
421,solo,2058.48,dubaï,été,4,villa,1325.63,pluie,plage,1,annulation,1,1,séjour mitigé.,732.8499999999999,183.2125,0.0,0.0,0,0.25,0.5018666666666666,0.0902,risque_eleve
422,business,5757.92,new york,été,6,villa,1192.0,variable,gastronomie,4,retard_vol,0,1,excellent séjour.,4565.92,760.9866666666667,0.4197923076923077,0.219607843137255,0,0.45,0.4609944444444444,0.2664,risque_eleve
423,business,3619.35,bali,été,6,villa,1505.88,nuageux,business,2,aucun,0,0,séjour mitigé.,2113.47,352.24499999999995,0.0422076612903224,0.3228212560386473,1,0.7,0.5497055555555554,0.3999,risque_eleve
424,famille,4486.98,rome,hiver,10,appartement,1464.43,ensoleillé,culture,2,annulation,1,0,séjour mitigé.,3022.5499999999997,302.25499999999994,0.7506346153846152,0.0,1,1.0,0.2807999999999999,0.6639,risque_faible
425,couple,8871.71,new york,hiver,12,villa,1467.38,nuageux,plage,4,aucun,0,1,excellent séjour.,7404.329999999999,617.0274999999999,1.0,0.0,1,0.7,0.1832,0.686,risque_faible
426,solo,12444.69,new york,printemps,13,villa,981.48,pluie,plage,2,météo,1,1,séjour mitigé.,11463.21,881.7853846153847,1.0,0.494797385620915,0,0.25,0.3306888888888888,0.4387,risque_moyen
427,business,5808.18,new york,été,7,villa,1254.28,pluie,culture,1,météo,1,1,séjour mitigé.,4553.900000000001,650.5571428571429,0.4294576923076923,0.1381960784313725,0,0.25,0.4609944444444444,0.2304,risque_eleve
428,couple,6750.35,rome,printemps,14,hôtel,1315.42,pluie,culture,3,météo,1,1,séjour mitigé.,5434.93,388.2092857142857,1.0,0.0,1,0.25,0.4113722222222222,0.6594,risque_faible
429,couple,9905.5,lisbonne,automne,15,appartement,1202.23,pluie,culture,1,aucun,0,1,séjour mitigé.,8703.27,580.2180000000001,1.0,0.0,1,0.25,0.5109277777777776,0.5513,risque_moyen
430,couple,5883.48,lisbonne,hiver,12,appartement,795.25,pluie,randonnée,2,météo,1,0,séjour mitigé.,5088.23,424.01916666666665,1.0,0.0,0,0.25,0.3659111111111111,0.3539,risque_eleve
431,senior,6692.56,dubaï,automne,13,villa,1154.41,variable,gastronomie,1,météo,1,1,séjour mitigé.,5538.150000000001,426.0115384615385,0.6839262295081968,0.0,1,0.45,0.6703277777777777,0.5059,risque_moyen
432,couple,5363.78,new york,hiver,6,resort,1009.43,pluie,culture,2,météo,1,0,séjour mitigé.,4354.349999999999,725.7249999999999,0.3439961538461537,0.4582614379084968,1,0.25,0.1832,0.5308,risque_moyen
433,senior,8306.45,rome,automne,16,hôtel,872.36,nuageux,plage,3,retard_vol,1,0,séjour mitigé.,7434.090000000001,464.63062500000007,1.0,0.0,0,0.7,0.4660166666666667,0.5399,risque_moyen
434,solo,7256.75,bali,hiver,9,hôtel,1139.16,pluie,randonnée,2,bagages,1,1,séjour mitigé.,6117.59,679.7322222222223,0.7755544354838708,0.6771400966183574,1,0.25,0.5211222222222222,0.7316,risque_faible
435,business,1965.75,rome,automne,4,appartement,1134.44,nuageux,business,3,météo,1,1,séjour mitigé.,831.31,207.8275,0.0,0.0,1,0.7,0.4660166666666667,0.3199,risque_eleve
436,solo,3432.83,lisbonne,printemps,5,villa,925.39,variable,culture,2,météo,1,1,séjour mitigé.,2507.44,501.488,0.5745698529411764,0.0,1,0.45,0.4363388888888889,0.4472,risque_moyen
437,famille,8739.18,rome,automne,19,appartement,1345.84,variable,plage,3,météo,1,1,séjour mitigé.,7393.34,389.1231578947368,1.0,0.0,1,0.45,0.4660166666666667,0.6899,risque_faible
438,solo,2188.04,lisbonne,hiver,4,hôtel,1159.66,variable,randonnée,3,annulation,1,1,séjour mitigé.,1028.38,257.095,0.1169264705882351,0.0,1,0.45,0.3659111111111111,0.4306,risque_moyen
439,business,1513.49,tokyo,printemps,5,resort,857.0,ensoleillé,business,2,retard_vol,1,1,séjour mitigé.,656.49,131.298,0.0,0.8708994708994708,1,1.0,0.3183611111111111,0.495,risque_moyen
440,famille,5362.25,rome,été,11,villa,1169.43,ensoleillé,gastronomie,3,bagages,1,0,séjour mitigé.,4192.82,381.1654545454545,1.0,0.0,1,1.0,0.4642444444444444,0.7557,risque_faible
441,senior,16259.62,paris,hiver,16,appartement,1057.42,pluie,plage,3,aucun,0,0,séjour mitigé.,15202.2,950.1375,1.0,0.0,0,0.25,0.17495,0.451,risque_moyen
442,solo,10620.33,sydney,été,16,villa,1280.84,variable,randonnée,1,météo,1,1,séjour mitigé.,9339.49,583.718125,0.9719265624999998,0.683042735042735,1,0.45,0.3825888888888888,0.675,risque_faible
443,couple,6637.07,new york,automne,7,villa,889.5,variable,business,2,annulation,1,0,séjour mitigé.,5747.57,821.0814285714285,0.5888596153846154,0.6150326797385621,0,0.45,0.3630666666666667,0.4932,risque_moyen
444,senior,12226.8,new york,automne,14,appartement,1413.85,nuageux,culture,1,météo,1,0,séjour mitigé.,10812.95,772.3535714285714,1.0,0.0,1,0.7,0.3630666666666667,0.7076,risque_faible
445,couple,4008.89,lisbonne,printemps,7,appartement,1065.08,nuageux,plage,3,aucun,0,1,séjour mitigé.,2943.81,420.5442857142857,0.7863566176470588,0.0,1,0.7,0.4363388888888889,0.5365,risque_moyen
446,solo,6164.17,lisbonne,été,9,appartement,841.29,ensoleillé,culture,1,retard_vol,1,1,séjour mitigé.,5322.88,591.4311111111111,1.0,0.0,1,1.0,0.5779666666666666,0.7694,risque_faible
447,senior,8960.66,rome,automne,19,hôtel,951.24,nuageux,gastronomie,2,météo,0,1,séjour mitigé.,8009.42,421.5484210526316,1.0,0.0,1,0.7,0.4660166666666667,0.7199,risque_faible
448,solo,7304.26,bali,automne,11,villa,1487.84,nuageux,plage,1,retard_vol,1,1,séjour mitigé.,5816.42,528.7654545454545,0.7851330645161289,0.3402512077294687,0,0.7,0.5225333333333333,0.4278,risque_moyen
449,senior,15833.3,new york,printemps,17,appartement,1090.09,variable,culture,4,météo,1,1,excellent séjour.,14743.21,867.2476470588235,1.0,0.3528235294117648,1,0.45,0.3306888888888888,0.7372,risque_faible
450,business,2524.74,dubaï,printemps,5,resort,1566.0,variable,culture,1,retard_vol,0,1,séjour mitigé.,958.7399999999998,191.748,0.0,0.0,0,0.45,0.6816444444444444,0.1358,risque_eleve
451,solo,1776.93,tokyo,automne,6,villa,570.68,ensoleillé,randonnée,2,retard_vol,1,0,séjour mitigé.,1206.25,201.04166666666663,0.0,1.0,1,1.0,0.3977388888888888,0.5277,risque_moyen
452,senior,11589.04,new york,printemps,12,appartement,1009.43,variable,plage,3,retard_vol,0,0,séjour mitigé.,10579.61,881.6341666666667,1.0,0.4582614379084968,0,0.45,0.3306888888888888,0.5762,risque_moyen
453,senior,10354.45,new york,printemps,11,villa,1110.02,variable,culture,3,météo,1,0,séjour mitigé.,9244.43,840.4027272727272,1.0,0.3267712418300653,1,0.45,0.3306888888888888,0.6125,risque_faible
454,senior,6685.92,lisbonne,printemps,13,resort,911.35,nuageux,culture,3,météo,0,0,séjour mitigé.,5774.57,444.1976923076923,1.0,0.0,1,0.7,0.4363388888888889,0.5964,risque_moyen
455,solo,3409.77,dubaï,automne,6,appartement,1231.61,ensoleillé,gastronomie,2,retard_vol,1,1,séjour mitigé.,2178.16,363.0266666666666,0.0112233606557377,0.0,0,1.0,0.6703277777777777,0.3236,risque_eleve
456,senior,3952.58,rome,hiver,9,hôtel,1399.82,ensoleillé,plage,5,aucun,0,1,excellent séjour.,2552.76,283.64000000000004,0.579352564102564,0.0,0,1.0,0.2807999999999999,0.4359,risque_moyen
457,famille,3753.86,rome,printemps,8,villa,1075.2,variable,gastronomie,2,retard_vol,1,0,séjour mitigé.,2678.66,334.8325,0.5156602564102564,0.0,1,0.45,0.4113722222222222,0.5477,risque_moyen
458,business,3910.98,new york,printemps,4,appartement,1085.46,ensoleillé,culture,3,aucun,0,1,séjour mitigé.,2825.52,706.38,0.0646115384615383,0.3588758169934641,0,1.0,0.3306888888888888,0.2424,risque_eleve
459,business,3253.28,bali,été,5,resort,1259.01,ensoleillé,business,2,météo,0,1,séjour mitigé.,1994.27,398.854,0.0,0.561342995169082,1,1.0,0.5497055555555554,0.467,risque_moyen
460,couple,4184.53,dubaï,hiver,7,appartement,1422.69,ensoleillé,randonnée,2,bagages,0,1,séjour mitigé.,2761.84,394.5485714285714,0.1699856557377048,0.0,0,1.0,0.42075,0.2181,risque_eleve
461,couple,2600.47,dubaï,printemps,4,appartement,1461.75,ensoleillé,gastronomie,3,météo,1,0,séjour mitigé.,1138.7199999999998,284.67999999999995,0.0,0.0,1,1.0,0.6816444444444444,0.3818,risque_eleve
462,couple,3438.82,paris,printemps,4,villa,1015.95,ensoleillé,gastronomie,4,bagages,1,1,excellent séjour.,2422.87,605.7175,0.3359583333333333,0.0,1,1.0,0.3504166666666666,0.5561,risque_moyen
463,senior,6866.47,tokyo,automne,17,appartement,577.47,variable,culture,2,bagages,1,0,séjour mitigé.,6289.0,369.9411764705882,0.504595486111111,1.0,1,0.45,0.3977388888888888,0.723,risque_faible
464,solo,13756.2,new york,printemps,15,resort,1321.72,pluie,plage,3,aucun,0,0,séjour mitigé.,12434.48,828.9653333333334,1.0,0.0500392156862744,0,0.25,0.3306888888888888,0.3587,risque_eleve
465,business,1924.11,dubaï,printemps,3,appartement,1386.61,variable,culture,3,retard_vol,1,1,séjour mitigé.,537.5,179.16666666666666,0.0,0.0,0,0.45,0.6816444444444444,0.1358,risque_eleve
466,famille,7800.48,paris,printemps,9,villa,1084.9,variable,randonnée,2,météo,0,0,séjour mitigé.,6715.58,746.1755555555555,1.0,0.0,0,0.45,0.3504166666666666,0.496,risque_moyen
467,business,1069.79,tokyo,hiver,3,appartement,924.59,pluie,business,2,bagages,0,1,séjour mitigé.,145.19999999999993,48.39999999999998,0.0,0.7993756613756613,1,0.25,0.1438499999999999,0.3711,risque_eleve
468,couple,3254.21,lisbonne,automne,5,appartement,920.68,nuageux,plage,1,retard_vol,1,1,séjour mitigé.,2333.53,466.706,0.5089007352941175,0.0,1,0.7,0.5109277777777776,0.4678,risque_moyen
469,solo,11024.66,new york,été,13,hôtel,1305.35,ensoleillé,gastronomie,3,météo,1,1,séjour mitigé.,9719.31,747.6392307692307,1.0,0.0714379084967322,0,1.0,0.4609944444444444,0.5882,risque_moyen
470,senior,9112.95,paris,printemps,9,resort,1234.49,pluie,culture,3,météo,0,1,séjour mitigé.,7878.460000000001,875.3844444444445,1.0,0.0,1,0.25,0.3504166666666666,0.532,risque_moyen
471,senior,4960.68,tokyo,été,14,villa,981.93,variable,culture,1,retard_vol,1,0,séjour mitigé.,3978.750000000001,284.1964285714286,0.1737291666666666,0.7386984126984127,1,0.45,0.4004166666666666,0.4637,risque_moyen
472,senior,7589.91,dubaï,hiver,14,hôtel,1668.53,nuageux,gastronomie,2,retard_vol,1,0,séjour mitigé.,5921.38,422.9557142857143,0.867809426229508,0.0,1,0.7,0.42075,0.6775,risque_faible
473,couple,6918.84,sydney,printemps,11,appartement,1148.28,ensoleillé,culture,1,météo,0,0,séjour mitigé.,5770.56,524.5963636363637,0.3935687499999999,0.7963418803418802,1,1.0,0.51555,0.6154,risque_faible
475,solo,8888.29,bali,automne,12,appartement,1356.41,variable,plage,1,aucun,0,0,séjour mitigé.,7531.880000000001,627.6566666666668,1.0,0.4672367149758454,0,0.45,0.5225333333333333,0.6008,risque_faible
476,senior,9625.08,sydney,automne,14,hôtel,1437.71,pluie,culture,3,retard_vol,1,0,séjour mitigé.,8187.37,584.8121428571428,0.81641875,0.5489658119658121,1,0.25,0.5032777777777777,0.7178,risque_faible
477,solo,5456.62,bali,hiver,8,appartement,1057.69,nuageux,plage,1,retard_vol,1,0,séjour mitigé.,4398.93,549.86625,0.4126249999999999,0.755855072463768,0,0.7,0.5211222222222222,0.5181,risque_moyen
478,business,2176.79,tokyo,automne,6,appartement,827.26,variable,business,3,aucun,0,0,séjour mitigé.,1349.53,224.92166666666665,0.0,0.9023703703703704,1,0.45,0.3977388888888888,0.4442,risque_moyen
479,solo,9683.09,new york,automne,11,resort,1285.24,pluie,gastronomie,1,météo,1,1,séjour mitigé.,8397.85,763.4409090909091,1.0,0.0977254901960783,0,0.25,0.3630666666666667,0.3712,risque_eleve
480,business,5905.36,new york,automne,6,resort,816.54,nuageux,business,3,retard_vol,1,1,séjour mitigé.,5088.82,848.1366666666667,0.4481461538461537,0.7104052287581699,1,0.7,0.3630666666666667,0.5609,risque_moyen
481,business,2107.18,sydney,automne,4,villa,981.11,nuageux,business,3,bagages,1,1,séjour mitigé.,1126.0699999999997,281.5174999999999,0.0,0.9392222222222222,1,0.7,0.5032777777777777,0.4935,risque_moyen
482,famille,3390.79,rome,hiver,8,appartement,888.62,nuageux,plage,1,retard_vol,1,0,séjour mitigé.,2502.17,312.77125,0.3992916666666665,0.0,1,0.7,0.2807999999999999,0.5295,risque_moyen
483,solo,2310.61,rome,automne,5,villa,1228.48,nuageux,plage,2,annulation,1,1,séjour mitigé.,1082.13,216.426,0.0530801282051282,0.0,0,0.7,0.4660166666666667,0.1548,risque_eleve
484,solo,7730.67,sydney,hiver,13,villa,1321.21,pluie,randonnée,3,aucun,0,1,séjour mitigé.,6409.46,493.0353846153846,0.5204171874999999,0.6485384615384614,1,0.25,0.5683611111111111,0.5407,risque_moyen
485,business,3426.63,new york,automne,4,hôtel,1359.1,ensoleillé,business,1,retard_vol,1,1,séjour mitigé.,2067.53,516.8825,0.0,0.0011764705882355,1,1.0,0.3630666666666667,0.4638,risque_moyen
486,senior,15032.23,bali,été,21,hôtel,1250.43,ensoleillé,culture,3,annulation,1,1,séjour mitigé.,13781.8,656.2761904761904,1.0,0.5696328502415459,1,1.0,0.5497055555555554,0.8685,risque_faible
487,couple,5546.6,rome,été,13,villa,1592.96,ensoleillé,plage,2,annulation,1,0,séjour mitigé.,3953.64,304.1261538461539,1.0,0.0,1,1.0,0.4642444444444444,0.7557,risque_faible
488,business,3378.77,new york,automne,4,villa,879.54,nuageux,business,2,retard_vol,1,0,séjour mitigé.,2499.23,624.8075,0.0,0.6280522875816993,1,0.7,0.3630666666666667,0.4206,risque_moyen
489,business,3044.53,rome,automne,7,appartement,953.11,pluie,business,2,annulation,0,1,séjour mitigé.,2091.42,298.7742857142857,0.2883108974358975,0.0,1,0.25,0.4660166666666667,0.3466,risque_eleve
490,senior,9812.6,lisbonne,printemps,15,hôtel,897.43,variable,gastronomie,2,bagages,1,1,séjour mitigé.,8915.17,594.3446666666666,1.0,0.0,1,0.45,0.4363388888888889,0.6864,risque_faible
492,famille,2556.7,tokyo,printemps,7,hôtel,746.39,ensoleillé,culture,5,aucun,0,1,excellent séjour.,1810.31,258.61571428571426,0.0,0.98794708994709,1,1.0,0.3183611111111111,0.516,risque_moyen
493,solo,7512.09,bali,printemps,10,hôtel,853.17,nuageux,business,3,retard_vol,0,0,séjour mitigé.,6658.92,665.892,0.8270342741935482,0.9534589371980676,0,0.7,0.5140166666666667,0.6689,risque_faible
494,business,1185.76,tokyo,hiver,3,hôtel,740.04,ensoleillé,business,2,bagages,1,1,séjour mitigé.,445.72,148.57333333333335,0.0,0.9946666666666666,1,1.0,0.1438499999999999,0.6163,risque_faible
495,solo,6704.63,lisbonne,automne,12,villa,727.9,nuageux,plage,3,bagages,1,1,séjour mitigé.,5976.7300000000005,498.0608333333334,1.0,0.0,0,0.7,0.5109277777777776,0.4253,risque_moyen
496,business,2996.07,new york,printemps,4,hôtel,1220.57,ensoleillé,business,2,annulation,1,0,séjour mitigé.,1775.5000000000002,443.87500000000006,0.0,0.1822614379084969,1,1.0,0.3306888888888888,0.4925,risque_moyen
498,senior,12492.51,dubaï,été,21,appartement,1134.57,ensoleillé,plage,3,retard_vol,1,1,séjour mitigé.,11357.94,540.8542857142858,1.0,0.0,0,1.0,0.5018666666666666,0.5802,risque_moyen
500,senior,5572.07,rome,été,12,appartement,1076.81,ensoleillé,culture,4,annulation,1,1,excellent séjour.,4495.26,374.605,1.0,0.0,1,1.0,0.4642444444444444,0.7557,risque_faible
501,solo,11242.41,new york,printemps,13,hôtel,1098.72,pluie,randonnée,4,météo,1,1,excellent séjour.,10143.69,780.2838461538462,1.0,0.3415424836601307,1,0.25,0.3306888888888888,0.7112,risque_faible
502,senior,4623.75,dubaï,automne,8,villa,1510.0,nuageux,gastronomie,5,aucun,0,1,excellent séjour.,3113.75,389.21875,0.2599897540983606,0.0,1,0.7,0.6703277777777777,0.4172,risque_moyen
503,couple,4893.94,tokyo,printemps,14,appartement,639.17,pluie,plage,2,retard_vol,0,0,séjour mitigé.,4254.77,303.91214285714284,0.162142361111111,1.0,1,0.25,0.3183611111111111,0.4736,risque_moyen
504,business,3682.73,new york,hiver,4,hôtel,1193.01,ensoleillé,business,2,aucun,0,0,séjour mitigé.,2489.7200000000003,622.4300000000001,0.0207173076923077,0.2182875816993463,1,1.0,0.1832,0.4871,risque_moyen
505,famille,18923.2,new york,été,20,villa,1020.93,ensoleillé,plage,2,aucun,0,0,séjour mitigé.,17902.27,895.1135,1.0,0.4432287581699347,1,1.0,0.4609944444444444,0.8351,risque_faible
507,solo,5178.53,tokyo,printemps,14,hôtel,738.03,variable,plage,3,météo,1,1,séjour mitigé.,4440.5,317.17857142857144,0.2115503472222221,0.9967936507936508,0,0.45,0.3183611111111111,0.4509,risque_moyen
508,senior,9262.06,paris,été,12,hôtel,1032.34,pluie,culture,2,météo,1,1,séjour mitigé.,8229.72,685.81,1.0,0.0,1,0.25,0.5546333333333333,0.6766,risque_faible
509,senior,7193.07,lisbonne,printemps,11,villa,829.82,variable,culture,3,retard_vol,1,0,séjour mitigé.,6363.25,578.4772727272727,1.0,0.0,1,0.45,0.4363388888888889,0.5664,risque_moyen
510,business,2287.1,tokyo,été,7,hôtel,615.3,ensoleillé,business,2,météo,1,0,séjour mitigé.,1671.8,238.82857142857145,0.0,1.0,1,1.0,0.4004166666666666,0.648,risque_faible
511,famille,11809.88,bali,printemps,17,hôtel,1601.15,variable,plage,4,bagages,1,1,excellent séjour.,10208.73,600.5135294117647,1.0,0.2307729468599033,1,0.45,0.5140166666666667,0.6172,risque_faible
512,solo,3712.04,lisbonne,automne,7,appartement,909.76,nuageux,plage,3,bagages,0,0,séjour mitigé.,2802.28,400.32571428571424,0.6772205882352941,0.0,0,0.7,0.5109277777777776,0.4549,risque_moyen
513,business,3620.22,new york,printemps,5,hôtel,992.73,variable,business,1,retard_vol,1,1,séjour mitigé.,2627.49,525.4979999999999,0.0086961538461537,0.4800915032679739,1,0.45,0.3306888888888888,0.4825,risque_moyen
514,solo,9658.24,lisbonne,été,15,resort,934.02,ensoleillé,culture,4,bagages,1,0,excellent séjour.,8724.22,581.6146666666666,1.0,0.0,1,1.0,0.5779666666666666,0.6494,risque_faible
515,senior,12939.66,lisbonne,printemps,21,resort,889.73,variable,plage,2,annulation,0,1,séjour mitigé.,12049.93,573.8061904761905,1.0,0.0,0,0.45,0.4363388888888889,0.3864,risque_eleve
516,famille,8216.27,bali,automne,10,villa,1195.7,nuageux,plage,1,retard_vol,1,0,séjour mitigé.,7020.570000000001,702.057,0.9690060483870968,0.6225120772946859,1,0.7,0.5225333333333333,0.8301,risque_faible
517,couple,5313.67,bali,été,7,villa,1350.62,pluie,plage,3,bagages,0,1,séjour mitigé.,3963.05,566.15,0.3838044354838708,0.4728309178743963,1,0.25,0.5497055555555554,0.5885,risque_moyen
518,famille,11071.98,new york,automne,12,hôtel,1235.18,nuageux,plage,3,bagages,1,1,séjour mitigé.,9836.8,819.7333333333332,1.0,0.1631633986928103,1,0.7,0.3630666666666667,0.6169,risque_faible
519,business,2895.0,paris,hiver,3,hôtel,1124.86,nuageux,business,1,annulation,1,1,séjour mitigé.,1770.14,590.0466666666667,0.1741071428571428,0.0,1,0.7,0.17495,0.4537,risque_moyen
520,couple,1520.72,tokyo,hiver,5,appartement,685.28,pluie,randonnée,2,bagages,1,1,séjour mitigé.,835.44,167.08800000000002,0.0,1.0,0,0.25,0.1438499999999999,0.2273,risque_eleve
521,senior,11773.96,lisbonne,hiver,18,hôtel,867.64,pluie,plage,2,météo,1,0,séjour mitigé.,10906.32,605.9066666666666,1.0,0.0,0,0.25,0.3659111111111111,0.4739,risque_moyen
522,solo,8972.34,new york,été,10,villa,726.17,ensoleillé,plage,3,météo,1,1,séjour mitigé.,8246.17,824.617,1.0,0.8285359477124183,0,1.0,0.4609944444444444,0.6045,risque_faible
523,solo,4940.56,new york,hiver,5,villa,857.06,pluie,plage,3,retard_vol,0,1,séjour mitigé.,4083.500000000001,816.7,0.2626076923076922,0.6574379084967321,0,0.25,0.1832,0.2439,risque_eleve
524,senior,7016.84,rome,printemps,15,appartement,1542.7,variable,culture,1,retard_vol,1,0,séjour mitigé.,5474.14,364.9426666666667,1.0,0.0,1,0.45,0.4113722222222222,0.6834,risque_faible
525,senior,6473.16,rome,automne,15,villa,1596.1,nuageux,gastronomie,2,météo,1,0,séjour mitigé.,4877.06,325.1373333333333,1.0,0.0,1,0.7,0.4660166666666667,0.5999,risque_moyen
526,senior,5555.13,dubaï,été,10,villa,1271.43,ensoleillé,plage,1,annulation,0,1,séjour mitigé.,4283.7,428.37,0.4508463114754097,0.0,0,1.0,0.5018666666666666,0.3065,risque_eleve
527,solo,6741.87,rome,été,13,hôtel,1390.93,variable,plage,2,bagages,1,1,séjour mitigé.,5350.94,411.6107692307692,1.0,0.0,0,0.45,0.4642444444444444,0.5097,risque_moyen
528,business,2232.92,tokyo,printemps,7,appartement,785.09,ensoleillé,culture,2,annulation,1,1,séjour mitigé.,1447.83,206.83285714285716,0.0,0.9469947089947088,0,1.0,0.3183611111111111,0.3287,risque_eleve
529,solo,2595.37,rome,hiver,5,appartement,1871.46,nuageux,gastronomie,1,météo,1,1,séjour mitigé.,723.9099999999999,144.78199999999998,0.1443493589743588,0.0,0,0.7,0.2807999999999999,0.2781,risque_eleve
530,senior,4821.55,dubaï,hiver,10,villa,1542.58,pluie,gastronomie,3,météo,1,1,séjour mitigé.,3278.9700000000003,327.89700000000005,0.3005225409836065,0.0,1,0.25,0.42075,0.3446,risque_eleve
531,business,3074.71,rome,été,7,resort,1255.65,ensoleillé,business,2,météo,0,0,séjour mitigé.,1819.06,259.86571428571426,0.2979839743589743,0.0,1,1.0,0.4642444444444444,0.4391,risque_moyen
532,couple,6050.95,lisbonne,été,10,hôtel,775.26,ensoleillé,culture,1,annulation,1,1,séjour mitigé.,5275.69,527.569,1.0,0.0,1,1.0,0.5779666666666666,0.7694,risque_faible
533,famille,17696.76,new york,automne,19,appartement,841.88,pluie,plage,1,bagages,1,1,séjour mitigé.,16854.879999999997,887.0989473684209,1.0,0.677281045751634,1,0.25,0.3630666666666667,0.7755,risque_faible
534,senior,5521.47,dubaï,automne,10,villa,1361.08,nuageux,gastronomie,3,météo,1,1,séjour mitigé.,4160.39,416.039,0.4439487704918032,0.0,1,0.7,0.6703277777777777,0.4687,risque_moyen
535,senior,17301.27,new york,automne,19,villa,983.31,variable,culture,3,annulation,1,0,séjour mitigé.,16317.96,858.84,1.0,0.49240522875817,1,0.45,0.3630666666666667,0.6462,risque_faible
536,solo,4895.13,dubaï,automne,8,appartement,1039.0,nuageux,gastronomie,3,retard_vol,1,0,séjour mitigé.,3856.13,482.01625,0.3156004098360655,0.1285714285714287,0,0.7,0.6703277777777777,0.396,risque_eleve
537,senior,12511.44,new york,hiver,17,appartement,1001.58,pluie,culture,3,aucun,0,1,séjour mitigé.,11509.86,677.0505882352942,1.0,0.4685228758169935,1,0.25,0.1832,0.7163,risque_faible
538,couple,7533.95,bali,été,9,villa,1036.06,ensoleillé,culture,2,retard_vol,1,1,séjour mitigé.,6497.889999999999,721.9877777777778,0.8314415322580645,0.7767536231884058,1,1.0,0.5497055555555554,0.8586,risque_faible
539,solo,4030.94,rome,printemps,8,villa,1604.2,variable,culture,3,retard_vol,1,1,séjour mitigé.,2426.74,303.3425,0.6044679487179485,0.0,1,0.45,0.4113722222222222,0.4526,risque_moyen
540,famille,9830.59,lisbonne,automne,17,resort,1024.65,variable,plage,2,annulation,0,1,séjour mitigé.,8805.94,517.9964705882353,1.0,0.0,1,0.45,0.5109277777777776,0.6953,risque_faible
541,famille,13149.86,new york,été,18,villa,1107.82,ensoleillé,plage,4,annulation,1,1,excellent séjour.,12042.04,669.0022222222223,1.0,0.3296470588235295,1,1.0,0.4609944444444444,0.8147,risque_faible
542,couple,2462.77,lisbonne,printemps,4,villa,1105.87,variable,plage,3,annulation,1,1,séjour mitigé.,1356.9,339.225,0.2179301470588235,0.0,1,0.45,0.4363388888888889,0.4674,risque_moyen
543,solo,9882.54,paris,printemps,12,appartement,1236.3,variable,plage,4,bagages,1,1,excellent séjour.,8646.240000000002,720.5200000000001,1.0,0.0,0,0.45,0.3504166666666666,0.496,risque_moyen
544,senior,10893.54,new york,automne,14,resort,965.86,pluie,culture,4,retard_vol,1,1,excellent séjour.,9927.68,709.12,1.0,0.5152156862745096,1,0.25,0.3630666666666667,0.6263,risque_faible
545,senior,11214.38,new york,été,12,appartement,1362.56,ensoleillé,culture,1,météo,0,0,séjour mitigé.,9851.82,820.985,1.0,0.0,1,1.0,0.4609944444444444,0.7553,risque_faible
546,solo,2988.23,sydney,automne,5,resort,1289.25,pluie,culture,3,météo,1,1,séjour mitigé.,1698.98,339.796,0.0,0.6758547008547009,1,0.25,0.5032777777777777,0.392,risque_eleve
547,famille,6701.94,rome,printemps,14,resort,1081.03,nuageux,randonnée,4,annulation,1,0,excellent séjour.,5620.91,401.4935714285714,1.0,0.0,0,0.7,0.4113722222222222,0.5334,risque_moyen
549,couple,15709.49,paris,été,16,villa,1061.6,ensoleillé,culture,3,aucun,0,1,séjour mitigé.,14647.89,915.493125,1.0,0.0,1,1.0,0.5546333333333333,0.7666,risque_faible
550,solo,12421.27,paris,hiver,14,appartement,968.62,pluie,gastronomie,4,aucun,0,1,excellent séjour.,11452.65,818.0464285714286,1.0,0.0,0,0.25,0.17495,0.451,risque_moyen
551,famille,13170.51,new york,printemps,14,hôtel,1263.24,ensoleillé,culture,2,météo,1,0,séjour mitigé.,11907.27,850.5192857142857,1.0,0.1264836601307188,1,1.0,0.3306888888888888,0.6424,risque_faible
552,senior,11805.49,paris,été,11,appartement,1572.14,nuageux,plage,2,météo,1,0,séjour mitigé.,10233.35,930.3045454545456,1.0,0.0,0,0.7,0.5546333333333333,0.5506,risque_moyen
553,famille,10526.82,lisbonne,printemps,18,appartement,715.12,nuageux,plage,2,aucun,0,0,séjour mitigé.,9811.7,545.0944444444444,1.0,0.0,1,0.7,0.4363388888888889,0.7164,risque_faible
554,couple,11469.99,bali,été,16,villa,1341.12,ensoleillé,business,2,bagages,0,0,séjour mitigé.,10128.87,633.0543749999999,1.0,0.4820096618357489,0,1.0,0.5497055555555554,0.6727,risque_faible
555,couple,2648.7,dubaï,été,5,hôtel,1191.87,ensoleillé,business,2,retard_vol,1,1,séjour mitigé.,1456.83,291.366,0.0,0.0,0,1.0,0.5018666666666666,0.3002,risque_eleve
556,senior,6179.13,sydney,hiver,12,appartement,1105.67,nuageux,plage,1,météo,0,1,séjour mitigé.,5073.46,422.78833333333336,0.2779890624999999,0.8327606837606837,0,0.7,0.5683611111111111,0.4999,risque_moyen
557,business,2027.75,rome,automne,5,villa,1166.46,nuageux,business,2,météo,1,0,séjour mitigé.,861.29,172.25799999999998,0.0,0.0,1,0.7,0.4660166666666667,0.3199,risque_eleve
558,business,2149.78,rome,automne,5,villa,1114.3,variable,business,2,retard_vol,1,1,séjour mitigé.,1035.4800000000002,207.0960000000001,0.0015320512820513,0.0,1,0.45,0.4660166666666667,0.2904,risque_eleve
559,senior,5484.9,lisbonne,hiver,9,villa,911.56,pluie,plage,2,annulation,1,0,séjour mitigé.,4573.34,508.1488888888889,1.0,0.0,0,0.25,0.3659111111111111,0.3539,risque_eleve
560,couple,8479.56,bali,été,11,resort,1082.55,ensoleillé,plage,5,aucun,0,1,excellent séjour.,7397.009999999999,672.4554545454545,1.0,0.7318357487922706,1,1.0,0.5497055555555554,0.8977,risque_faible
561,couple,4258.3,sydney,été,8,villa,1241.22,nuageux,plage,1,bagages,1,1,séjour mitigé.,3017.08,377.135,0.0,0.7169059829059828,1,0.7,0.3825888888888888,0.559,risque_moyen
562,business,1401.86,dubaï,printemps,3,villa,1310.82,ensoleillé,business,2,météo,1,0,séjour mitigé.,91.03999999999996,30.346666666666653,0.0,0.0,1,1.0,0.6816444444444444,0.3818,risque_eleve
563,famille,6946.53,new york,automne,7,hôtel,1069.4,variable,gastronomie,1,météo,1,1,séjour mitigé.,5877.129999999999,839.5899999999999,0.6483711538461536,0.3798692810457517,1,0.45,0.3630666666666667,0.5275,risque_moyen
564,famille,7288.2,sydney,hiver,12,villa,1030.44,ensoleillé,randonnée,3,retard_vol,0,1,séjour mitigé.,6257.76,521.48,0.4512812499999999,0.897059829059829,0,1.0,0.5683611111111111,0.596,risque_moyen
565,couple,3010.15,dubaï,hiver,6,resort,1206.5,nuageux,business,2,météo,1,0,séjour mitigé.,1803.65,300.6083333333333,0.0,0.0,0,0.7,0.42075,0.2545,risque_eleve
566,couple,3834.48,lisbonne,hiver,6,hôtel,1007.52,variable,culture,4,aucun,0,1,excellent séjour.,2826.96,471.16,0.7222352941176471,0.0,1,0.45,0.3659111111111111,0.6001,risque_faible
567,couple,8235.7,lisbonne,automne,15,villa,972.97,nuageux,plage,2,retard_vol,1,0,séjour mitigé.,7262.73,484.182,1.0,0.0,1,0.7,0.5109277777777776,0.7253,risque_faible
568,solo,1464.6,tokyo,été,5,resort,640.08,nuageux,gastronomie,4,aucun,0,1,excellent séjour.,824.5199999999999,164.90399999999997,0.0,1.0,0,0.7,0.4004166666666666,0.312,risque_eleve
569,couple,6467.05,dubaï,été,10,appartement,1340.45,ensoleillé,plage,2,annulation,0,1,séjour mitigé.,5126.6,512.6600000000001,0.6377151639344261,0.0,1,1.0,0.5018666666666666,0.5388,risque_moyen
570,couple,5593.3,sydney,été,10,hôtel,1327.27,ensoleillé,randonnée,2,retard_vol,1,0,séjour mitigé.,4266.030000000001,426.60300000000007,0.1864531249999999,0.6433589743589745,0,1.0,0.3825888888888888,0.4539,risque_moyen
571,couple,10165.47,paris,automne,11,appartement,916.08,nuageux,culture,1,météo,0,1,séjour mitigé.,9249.39,840.8536363636363,1.0,0.0,1,0.7,0.3681277777777778,0.5882,risque_moyen
572,senior,2562.07,tokyo,automne,7,resort,811.2,pluie,gastronomie,3,météo,1,1,séjour mitigé.,1750.87,250.1242857142857,0.0,0.9193650793650794,1,0.25,0.3977388888888888,0.4232,risque_moyen
573,senior,10276.07,bali,été,17,appartement,1113.77,ensoleillé,gastronomie,3,retard_vol,0,0,séjour mitigé.,9162.3,538.9588235294117,1.0,0.7016714975845411,1,1.0,0.5497055555555554,0.8923,risque_faible
574,business,3283.51,lisbonne,hiver,6,appartement,982.43,pluie,business,1,bagages,1,0,séjour mitigé.,2301.0800000000004,383.5133333333334,0.5196727941176471,0.0,1,0.25,0.3659111111111111,0.3994,risque_eleve
575,senior,8803.53,lisbonne,été,17,appartement,801.37,ensoleillé,gastronomie,2,retard_vol,1,1,séjour mitigé.,8002.160000000001,470.7152941176471,1.0,0.0,1,1.0,0.5779666666666666,0.7694,risque_faible
576,solo,4218.36,dubaï,printemps,8,villa,963.19,variable,plage,3,bagages,1,0,séjour mitigé.,3255.17,406.89625,0.1769180327868851,0.2489047619047618,0,0.45,0.6816444444444444,0.2301,risque_eleve
577,solo,7351.2,new york,automne,9,appartement,838.37,nuageux,plage,3,météo,1,1,séjour mitigé.,6512.83,723.6477777777777,0.7261923076923077,0.6818692810457516,0,0.7,0.3630666666666667,0.5736,risque_moyen
578,business,2409.74,new york,automne,3,appartement,1117.15,ensoleillé,business,4,annulation,1,0,excellent séjour.,1292.5899999999997,430.8633333333332,0.0,0.3174509803921569,1,1.0,0.3630666666666667,0.4007,risque_moyen
579,solo,9923.9,lisbonne,printemps,16,appartement,940.23,ensoleillé,plage,4,bagages,1,1,excellent séjour.,8983.67,561.479375,1.0,0.0,0,1.0,0.4363388888888889,0.5724,risque_moyen
580,business,1950.58,dubaï,hiver,3,hôtel,1141.61,nuageux,business,3,météo,1,1,séjour mitigé.,808.97,269.6566666666667,0.0,0.0,1,0.7,0.42075,0.4345,risque_moyen
581,business,1665.29,tokyo,été,5,villa,821.92,ensoleillé,business,4,aucun,0,1,excellent séjour.,843.37,168.674,0.0,0.908021164021164,1,1.0,0.4004166666666666,0.5115,risque_moyen
582,solo,4953.47,dubaï,automne,10,appartement,991.6,pluie,culture,3,bagages,1,1,séjour mitigé.,3961.87,396.187,0.3275553278688524,0.2038095238095238,1,0.25,0.6703277777777777,0.5388,risque_moyen
583,couple,7611.86,rome,hiver,15,resort,1267.53,pluie,randonnée,3,bagages,0,0,séjour mitigé.,6344.33,422.9553333333333,1.0,0.0,0,0.25,0.2807999999999999,0.4637,risque_moyen
585,solo,2357.68,tokyo,printemps,8,hôtel,676.73,variable,plage,2,météo,1,0,séjour mitigé.,1680.9499999999998,210.11875,0.0,1.0,0,0.45,0.3183611111111111,0.3922,risque_eleve
586,famille,5217.96,lisbonne,hiver,10,villa,911.41,pluie,plage,2,retard_vol,0,0,séjour mitigé.,4306.55,430.655,1.0,0.0,1,0.25,0.3659111111111111,0.6539,risque_faible
587,business,2603.82,tokyo,été,7,villa,653.26,ensoleillé,gastronomie,3,annulation,1,0,séjour mitigé.,1950.56,278.6514285714286,0.0,1.0,0,1.0,0.4004166666666666,0.348,risque_eleve
588,famille,7794.61,rome,printemps,15,resort,1206.37,ensoleillé,randonnée,2,annulation,0,1,séjour mitigé.,6588.24,439.216,1.0,0.0,0,1.0,0.4113722222222222,0.5694,risque_moyen
589,business,4385.52,bali,automne,7,hôtel,1423.36,variable,culture,2,météo,1,1,séjour mitigé.,2962.1600000000008,423.1657142857144,0.1966774193548387,0.4025507246376811,0,0.45,0.5225333333333333,0.3642,risque_eleve
590,famille,18195.86,new york,automne,18,resort,1013.17,nuageux,culture,2,retard_vol,0,0,séjour mitigé.,17182.690000000002,954.5938888888892,1.0,0.453372549019608,1,0.7,0.3630666666666667,0.7892,risque_faible
591,senior,7859.36,tokyo,été,21,appartement,844.09,nuageux,gastronomie,2,annulation,1,0,séjour mitigé.,7015.27,334.0604761904761,0.6769722222222221,0.8845608465608465,1,0.7,0.4004166666666666,0.7808,risque_faible
592,solo,8071.07,sydney,automne,16,hôtel,990.69,pluie,plage,4,aucun,0,0,excellent séjour.,7080.379999999999,442.52375,0.5736046874999997,0.931034188034188,0,0.25,0.5032777777777777,0.5386,risque_moyen
593,solo,5479.19,sydney,printemps,8,villa,1287.62,pluie,gastronomie,1,retard_vol,1,0,séjour mitigé.,4191.57,523.94625,0.1686234374999999,0.6772478632478633,0,0.25,0.51555,0.261,risque_eleve
594,famille,5622.33,tokyo,hiver,14,hôtel,912.26,variable,plage,4,aucun,0,1,excellent séjour.,4710.07,336.4335714285714,0.2885989583333332,0.8124232804232804,1,0.45,0.1438499999999999,0.4783,risque_moyen
595,business,4305.53,lisbonne,printemps,7,hôtel,569.46,ensoleillé,business,1,météo,1,0,séjour mitigé.,3736.07,533.7242857142857,0.8954154411764703,0.112690058479532,1,1.0,0.4363388888888889,0.7434,risque_faible
596,solo,2921.53,dubaï,automne,5,villa,1162.89,nuageux,randonnée,2,bagages,1,1,séjour mitigé.,1758.64,351.728,0.0,0.0,1,0.7,0.6703277777777777,0.3444,risque_eleve
597,famille,5126.22,lisbonne,hiver,9,villa,983.31,nuageux,randonnée,4,météo,0,1,excellent séjour.,4142.91,460.3233333333333,1.0,0.0,0,0.7,0.3659111111111111,0.5279,risque_moyen
598,famille,9388.89,rome,hiver,21,appartement,1241.22,nuageux,plage,1,météo,0,1,séjour mitigé.,8147.669999999999,387.9842857142857,1.0,0.0,1,0.7,0.2807999999999999,0.6977,risque_faible
599,couple,9126.76,paris,été,9,villa,1290.15,ensoleillé,plage,2,retard_vol,0,0,séjour mitigé.,7836.610000000001,870.7344444444445,1.0,0.0,1,1.0,0.5546333333333333,0.7666,risque_faible
600,business,2341.89,rome,hiver,5,villa,1164.23,nuageux,business,3,bagages,1,0,séjour mitigé.,1177.66,235.532,0.0631057692307691,0.0,1,0.7,0.2807999999999999,0.3154,risque_eleve
601,solo,4929.65,lisbonne,été,8,resort,916.73,ensoleillé,plage,3,retard_vol,1,1,séjour mitigé.,4012.92,501.615,1.0,0.0,0,1.0,0.5779666666666666,0.4694,risque_moyen
602,famille,7191.93,lisbonne,été,13,hôtel,883.84,variable,plage,4,météo,0,1,excellent séjour.,6308.09,485.2376923076923,1.0,0.0,1,0.45,0.5779666666666666,0.5834,risque_moyen
603,famille,12693.61,sydney,printemps,18,hôtel,1401.77,variable,culture,5,aucun,0,1,excellent séjour.,11291.84,627.3244444444445,1.0,0.5796837606837608,1,0.45,0.51555,0.6802,risque_faible
604,business,5291.2,new york,été,6,resort,1151.48,nuageux,business,3,aucun,0,1,séjour mitigé.,4139.719999999999,689.9533333333333,0.3300384615384614,0.2725751633986929,1,0.7,0.4609944444444444,0.4608,risque_moyen
605,business,1913.8,tokyo,hiver,5,resort,788.05,pluie,culture,3,retard_vol,1,1,séjour mitigé.,1125.75,225.15,0.0,0.9438624338624338,0,0.25,0.1438499999999999,0.2172,risque_eleve
606,solo,3251.57,sydney,printemps,6,appartement,1119.13,nuageux,randonnée,4,aucun,0,1,excellent séjour.,2132.44,355.4066666666667,0.0,0.8212564102564102,1,0.7,0.51555,0.5937,risque_moyen
607,business,3935.97,lisbonne,été,6,villa,838.78,ensoleillé,culture,1,retard_vol,1,0,séjour mitigé.,3097.19,516.1983333333333,0.7595477941176471,0.0,0,1.0,0.5779666666666666,0.402,risque_moyen
608,famille,7948.75,rome,été,15,hôtel,1197.15,ensoleillé,culture,1,météo,1,1,séjour mitigé.,6751.6,450.1066666666667,1.0,0.0,1,1.0,0.4642444444444444,0.6357,risque_faible
609,famille,3492.27,rome,automne,8,resort,1355.96,nuageux,culture,3,retard_vol,0,0,séjour mitigé.,2136.31,267.03875,0.4318173076923076,0.0,1,0.7,0.4660166666666667,0.5608,risque_moyen
610,business,6076.83,new york,hiver,6,appartement,1039.11,variable,business,2,météo,0,0,séjour mitigé.,5037.72,839.62,0.4811211538461538,0.4194640522875819,1,0.45,0.1832,0.4662,risque_moyen
611,senior,12542.46,bali,hiver,16,villa,1290.44,ensoleillé,plage,1,bagages,1,0,séjour mitigé.,11252.02,703.2512499999999,1.0,0.530975845410628,0,1.0,0.5211222222222222,0.5581,risque_moyen
612,solo,4196.41,rome,printemps,10,villa,1678.76,pluie,plage,1,bagages,1,0,séjour mitigé.,2517.65,251.765,0.657503205128205,0.0,0,0.25,0.4113722222222222,0.2635,risque_eleve
613,couple,4212.65,lisbonne,hiver,8,resort,1023.23,nuageux,plage,4,aucun,0,1,excellent séjour.,3189.42,398.6775,0.861268382352941,0.0,1,0.7,0.3659111111111111,0.6691,risque_faible
614,couple,7430.72,new york,automne,9,appartement,1054.91,pluie,culture,3,météo,1,1,séjour mitigé.,6375.81,708.4233333333334,0.7414846153846152,0.3988104575163399,1,0.25,0.3630666666666667,0.533,risque_moyen
615,business,3827.04,lisbonne,printemps,7,villa,1068.04,ensoleillé,business,2,bagages,1,0,séjour mitigé.,2759.0,394.1428571428572,0.7194999999999998,0.0,1,1.0,0.4363388888888889,0.5538,risque_moyen
616,solo,7427.22,lisbonne,printemps,12,villa,849.58,variable,plage,2,météo,1,0,séjour mitigé.,6577.64,548.1366666666667,1.0,0.0,0,0.45,0.4363388888888889,0.3864,risque_eleve
617,business,6280.99,paris,été,6,villa,848.49,ensoleillé,business,2,météo,1,1,séjour mitigé.,5432.5,905.4166666666666,1.0,0.0,1,1.0,0.5546333333333333,0.6466,risque_faible
618,senior,12090.52,dubaï,été,21,resort,1121.05,ensoleillé,culture,2,bagages,1,0,séjour mitigé.,10969.47,522.3557142857144,1.0,0.0,1,1.0,0.5018666666666666,0.6402,risque_faible
619,business,5640.77,new york,été,6,appartement,797.9,ensoleillé,business,3,bagages,0,1,séjour mitigé.,4842.870000000001,807.1450000000001,0.3972634615384615,0.7347712418300654,1,1.0,0.4609944444444444,0.5988,risque_moyen
620,senior,9615.94,sydney,printemps,19,villa,1129.93,variable,culture,2,météo,0,0,séjour mitigé.,8486.01,446.6321052631579,0.814990625,0.8120256410256409,1,0.45,0.51555,0.6702,risque_faible
621,couple,6848.66,dubaï,automne,14,hôtel,1324.42,pluie,plage,4,bagages,1,1,excellent séjour.,5524.24,394.5885714285714,0.7159139344262294,0.0,1,0.25,0.6703277777777777,0.6109,risque_faible
622,senior,3477.19,lisbonne,automne,7,hôtel,1132.55,pluie,culture,3,bagages,1,1,séjour mitigé.,2344.6400000000003,334.9485714285715,0.5908786764705881,0.0,1,0.25,0.5109277777777776,0.5568,risque_moyen
623,famille,5647.67,tokyo,printemps,16,hôtel,786.85,nuageux,plage,4,aucun,0,0,excellent séjour.,4860.82,303.80125,0.2929982638888888,0.945132275132275,1,0.7,0.3183611111111111,0.5544,risque_moyen
624,famille,3080.6,rome,été,7,appartement,1238.14,ensoleillé,plage,4,annulation,1,1,excellent séjour.,1842.46,263.2085714285714,0.2998717948717948,0.0,1,1.0,0.4642444444444444,0.5597,risque_moyen
625,solo,4581.01,dubaï,été,8,hôtel,1485.09,ensoleillé,culture,3,retard_vol,0,0,séjour mitigé.,3095.92,386.99,0.2512315573770491,0.0,1,1.0,0.5018666666666666,0.5506,risque_moyen
626,senior,11628.08,lisbonne,hiver,18,hôtel,604.82,variable,plage,3,bagages,0,0,séjour mitigé.,11023.26,612.4033333333333,1.0,0.0092982456140351,0,0.45,0.3659111111111111,0.4996,risque_moyen
627,solo,4332.66,bali,printemps,6,villa,1280.4,variable,culture,4,annulation,1,1,excellent séjour.,3052.26,508.71,0.1860201612903225,0.5406763285024154,1,0.45,0.5140166666666667,0.4451,risque_moyen
628,solo,2653.03,rome,printemps,6,hôtel,1428.25,pluie,plage,2,météo,1,0,séjour mitigé.,1224.7800000000002,204.13,0.1628301282051282,0.0,0,0.25,0.4113722222222222,0.245,risque_eleve
629,solo,2430.41,lisbonne,automne,4,hôtel,704.26,pluie,gastronomie,4,annulation,1,1,excellent séjour.,1726.15,431.5375,0.2060330882352939,0.0,0,0.25,0.5109277777777776,0.269,risque_eleve
630,senior,4954.15,sydney,printemps,8,hôtel,1397.47,ensoleillé,plage,1,météo,1,0,séjour mitigé.,3556.6799999999994,444.5849999999999,0.0865859374999998,0.5833589743589744,0,1.0,0.51555,0.4311,risque_moyen
631,business,3903.9,lisbonne,printemps,6,hôtel,950.92,ensoleillé,plage,5,aucun,0,1,excellent séjour.,2952.98,492.16333333333336,0.7477573529411765,0.0,0,1.0,0.4363388888888889,0.5017,risque_moyen
632,senior,13282.52,new york,hiver,14,villa,1040.06,nuageux,culture,3,aucun,0,1,séjour mitigé.,12242.46,874.4614285714287,1.0,0.4182222222222223,1,0.7,0.1832,0.6413,risque_faible
633,senior,11841.01,lisbonne,été,19,appartement,990.87,pluie,plage,3,aucun,0,0,séjour mitigé.,10850.14,571.06,1.0,0.0,0,0.25,0.5779666666666666,0.4994,risque_moyen
634,senior,12115.17,paris,été,12,villa,1638.37,pluie,culture,4,météo,1,0,excellent séjour.,10476.8,873.0666666666666,1.0,0.0,1,0.25,0.5546333333333333,0.5566,risque_moyen
635,business,4388.31,dubaï,printemps,7,resort,1356.8,ensoleillé,culture,2,retard_vol,1,0,séjour mitigé.,3031.51,433.0728571428572,0.2117438524590163,0.0,0,1.0,0.6816444444444444,0.2611,risque_eleve
636,senior,3473.75,tokyo,printemps,9,hôtel,778.0,ensoleillé,culture,3,retard_vol,1,0,séjour mitigé.,2695.75,299.52777777777777,0.0,0.9544973544973544,1,1.0,0.3183611111111111,0.63,risque_faible
637,senior,6498.91,lisbonne,été,11,villa,842.62,ensoleillé,culture,2,annulation,1,0,séjour mitigé.,5656.29,514.2081818181819,1.0,0.0,1,1.0,0.5779666666666666,0.6494,risque_faible
638,solo,2528.35,lisbonne,printemps,4,villa,789.61,pluie,plage,1,bagages,1,0,séjour mitigé.,1738.7399999999998,434.685,0.2420404411764705,0.0,0,0.25,0.4363388888888889,0.1501,risque_eleve
639,solo,1848.2,dubaï,automne,4,hôtel,1485.27,ensoleillé,culture,3,retard_vol,1,1,séjour mitigé.,362.93000000000006,90.73250000000002,0.0,0.0,1,1.0,0.6703277777777777,0.5004,risque_moyen
640,couple,8540.72,dubaï,hiver,14,appartement,1151.17,nuageux,culture,3,aucun,0,0,séjour mitigé.,7389.549999999999,527.8249999999999,1.0,0.0,1,0.7,0.42075,0.5945,risque_moyen
641,couple,5738.32,rome,automne,13,villa,1293.96,variable,culture,2,météo,1,1,séjour mitigé.,4444.36,341.8738461538461,1.0,0.0,1,0.45,0.4660166666666667,0.6899,risque_faible
642,business,3261.57,rome,été,7,appartement,1188.49,ensoleillé,culture,3,annulation,0,0,séjour mitigé.,2073.08,296.1542857142857,0.357875,0.0,0,1.0,0.4642444444444444,0.2759,risque_eleve
643,famille,7320.83,bali,automne,9,villa,1325.54,nuageux,plage,2,bagages,1,1,séjour mitigé.,5995.29,666.1433333333333,0.7884737903225805,0.4970628019323673,1,0.7,0.5225333333333333,0.7569,risque_faible
644,senior,4089.23,sydney,automne,8,appartement,1252.53,pluie,culture,4,retard_vol,1,1,excellent séjour.,2836.7,354.5875,0.0,0.7072393162393162,1,0.25,0.5032777777777777,0.5177,risque_moyen
646,business,4691.88,new york,automne,5,appartement,1024.3,ensoleillé,culture,2,retard_vol,1,0,séjour mitigé.,3667.58,733.516,0.2147846153846153,0.4388235294117647,0,1.0,0.3630666666666667,0.3027,risque_eleve
647,couple,8486.3,lisbonne,automne,15,villa,868.34,variable,randonnée,3,météo,0,0,séjour mitigé.,7617.959999999999,507.8639999999999,1.0,0.0,0,0.45,0.5109277777777776,0.5153,risque_moyen
649,couple,7734.28,bali,hiver,12,villa,1154.27,nuageux,plage,2,annulation,1,1,séjour mitigé.,6580.01,548.3341666666666,0.8718306451612903,0.6625410628019324,1,0.7,0.5211222222222222,0.8099,risque_faible
650,senior,7665.19,tokyo,automne,19,appartement,792.52,nuageux,gastronomie,1,retard_vol,1,1,séjour mitigé.,6872.67,361.7194736842105,0.6432621527777777,0.9391322751322752,1,0.7,0.3977388888888888,0.7809,risque_faible
651,couple,3386.48,lisbonne,été,5,appartement,1007.73,ensoleillé,plage,4,météo,1,0,excellent séjour.,2378.75,475.75,0.5575294117647058,0.0,1,1.0,0.5779666666666666,0.5255,risque_moyen
652,business,1854.62,dubaï,automne,3,villa,1138.07,pluie,business,3,aucun,0,1,séjour mitigé.,716.55,238.85,0.0,0.0,1,0.25,0.6703277777777777,0.2904,risque_eleve
653,couple,4923.31,lisbonne,printemps,10,resort,1023.02,variable,culture,1,météo,0,0,séjour mitigé.,3900.29,390.02900000000005,1.0,0.0,1,0.45,0.4363388888888889,0.6864,risque_faible
654,couple,12731.65,paris,été,16,appartement,1470.63,variable,culture,5,aucun,0,1,excellent séjour.,11261.02,703.81375,1.0,0.0,1,0.45,0.5546333333333333,0.5806,risque_moyen
655,solo,8052.77,sydney,printemps,12,resort,1266.8,nuageux,randonnée,3,météo,1,0,séjour mitigé.,6785.97,565.4975000000001,0.5707453125,0.6950427350427351,1,0.7,0.51555,0.6108,risque_faible
656,business,4561.01,new york,hiver,5,appartement,1421.4,ensoleillé,business,3,aucun,0,1,séjour mitigé.,3139.61,627.922,0.1896173076923077,0.0,1,1.0,0.1832,0.3751,risque_eleve
657,senior,13615.08,paris,automne,13,hôtel,1080.27,variable,gastronomie,3,annulation,1,1,séjour mitigé.,12534.81,964.2161538461538,1.0,0.0,1,0.45,0.3681277777777778,0.6782,risque_faible
658,famille,10382.0,sydney,printemps,19,hôtel,970.13,variable,culture,4,aucun,0,0,excellent séjour.,9411.87,495.36157894736846,0.9346875,0.9486068376068376,1,0.45,0.51555,0.7283,risque_faible
659,business,1945.28,sydney,printemps,3,resort,874.57,ensoleillé,business,3,annulation,1,0,séjour mitigé.,1070.71,356.90333333333336,0.0,1.0,1,1.0,0.51555,0.5419,risque_moyen
660,couple,12641.91,new york,été,14,appartement,1358.05,ensoleillé,business,5,aucun,0,1,excellent séjour.,11283.86,805.99,1.0,0.0025490196078433,0,1.0,0.4609944444444444,0.4558,risque_moyen
662,solo,6337.25,dubaï,été,11,resort,1309.76,ensoleillé,culture,3,retard_vol,0,1,séjour mitigé.,5027.49,457.0445454545454,0.6111168032786884,0.0,1,1.0,0.5018666666666666,0.5313,risque_moyen
663,business,1851.9,rome,automne,4,appartement,1333.98,variable,business,1,retard_vol,1,1,séjour mitigé.,517.9200000000001,129.48000000000002,0.0,0.0,1,0.45,0.4660166666666667,0.2899,risque_eleve
664,solo,12915.63,paris,été,12,hôtel,1015.79,ensoleillé,gastronomie,3,météo,1,0,séjour mitigé.,11899.84,991.6533333333332,1.0,0.0,0,1.0,0.5546333333333333,0.5866,risque_moyen
665,famille,17346.05,new york,automne,17,resort,1516.06,nuageux,gastronomie,4,aucun,0,1,excellent séjour.,15829.99,931.1758823529412,1.0,0.0,1,0.7,0.3630666666666667,0.7076,risque_faible
666,solo,4779.71,bali,hiver,7,villa,1260.66,variable,culture,4,aucun,0,0,excellent séjour.,3519.05,502.7214285714286,0.2761512096774193,0.5597487922705313,1,0.45,0.5211222222222222,0.4746,risque_moyen
667,business,1865.41,dubaï,hiver,4,villa,1342.44,pluie,business,3,retard_vol,1,1,séjour mitigé.,522.97,130.7425,0.0,0.0,1,0.25,0.42075,0.2605,risque_eleve
668,famille,5413.31,tokyo,été,14,villa,831.73,ensoleillé,plage,3,aucun,0,0,séjour mitigé.,4581.58,327.2557142857143,0.2523107638888888,0.8976402116402116,1,1.0,0.4004166666666666,0.7003,risque_faible
669,senior,4741.56,dubaï,printemps,8,resort,1416.07,nuageux,culture,3,annulation,1,0,séjour mitigé.,3325.4900000000007,415.6862500000001,0.2841311475409835,0.0,1,0.7,0.6816444444444444,0.4254,risque_moyen
670,business,2398.51,paris,automne,3,hôtel,1263.16,pluie,business,2,aucun,0,0,séjour mitigé.,1135.35,378.4500000000001,0.0263422619047619,0.0,1,0.25,0.3681277777777778,0.3816,risque_eleve
671,couple,14802.98,new york,automne,16,appartement,977.64,pluie,plage,2,retard_vol,1,1,séjour mitigé.,13825.34,864.08375,1.0,0.4998169934640523,1,0.25,0.3630666666666667,0.6235,risque_faible
672,business,5601.16,new york,printemps,7,hôtel,1187.59,variable,business,2,retard_vol,1,1,séjour mitigé.,4413.57,630.51,0.3896461538461537,0.225372549019608,1,0.45,0.3306888888888888,0.5434,risque_moyen
673,solo,5870.61,bali,été,8,appartement,1585.81,ensoleillé,randonnée,3,retard_vol,1,1,séjour mitigé.,4284.799999999999,535.5999999999999,0.4960907258064514,0.2455942028985508,1,1.0,0.5497055555555554,0.6691,risque_faible
674,solo,9528.4,sydney,automne,14,hôtel,1433.55,nuageux,culture,2,bagages,1,1,séjour mitigé.,8094.849999999999,578.2035714285714,0.8013124999999999,0.5525213675213675,1,0.7,0.5032777777777777,0.7682,risque_faible
675,famille,12579.87,bali,automne,17,appartement,1532.23,variable,culture,2,bagages,1,1,séjour mitigé.,11047.64,649.8611764705884,1.0,0.2973623188405798,1,0.45,0.5225333333333333,0.7502,risque_faible
676,business,2197.47,tokyo,hiver,6,villa,692.55,pluie,business,4,météo,1,1,excellent séjour.,1504.9199999999998,250.82,0.0,1.0,1,0.25,0.1438499999999999,0.4073,risque_moyen
677,solo,3811.78,bali,été,6,hôtel,1053.11,ensoleillé,plage,4,retard_vol,1,1,excellent séjour.,2758.67,459.77833333333336,0.0810040322580644,0.760280193236715,0,1.0,0.5497055555555554,0.4655,risque_moyen
679,famille,11176.71,new york,printemps,13,appartement,1118.42,pluie,plage,1,météo,1,1,séjour mitigé.,10058.29,773.7146153846153,1.0,0.3157908496732026,1,0.25,0.3306888888888888,0.7065,risque_faible
680,couple,6474.73,bali,printemps,10,resort,1439.67,variable,plage,2,bagages,1,1,séjour mitigé.,5035.06,503.506,0.6178891129032257,0.386792270531401,1,0.45,0.5140166666666667,0.6583,risque_faible
681,famille,6620.82,rome,été,16,appartement,955.21,nuageux,plage,1,météo,1,0,séjour mitigé.,5665.61,354.100625,1.0,0.0,1,0.7,0.4642444444444444,0.7197,risque_faible
682,couple,13953.56,paris,automne,15,villa,1502.51,pluie,randonnée,2,météo,1,0,séjour mitigé.,12451.05,830.0699999999999,1.0,0.0,0,0.25,0.3681277777777778,0.4742,risque_moyen
683,couple,5426.77,lisbonne,automne,9,appartement,883.53,pluie,business,3,aucun,0,1,séjour mitigé.,4543.240000000001,504.8044444444445,1.0,0.0,0,0.25,0.5109277777777776,0.3713,risque_eleve
684,business,1614.52,tokyo,automne,4,appartement,702.04,nuageux,culture,1,retard_vol,1,1,séjour mitigé.,912.48,228.12,0.0,1.0,0,0.7,0.3977388888888888,0.3117,risque_eleve
685,business,4012.31,lisbonne,automne,7,villa,767.59,pluie,business,2,aucun,0,1,séjour mitigé.,3244.72,463.5314285714285,0.7876139705882351,0.0,1,0.25,0.5109277777777776,0.4918,risque_moyen
686,business,1931.94,lisbonne,été,3,villa,680.33,ensoleillé,culture,1,retard_vol,1,0,séjour mitigé.,1251.61,417.2033333333334,0.0227720588235293,0.0,0,1.0,0.5779666666666666,0.1957,risque_eleve
687,business,2025.29,rome,été,5,villa,1438.29,variable,culture,3,bagages,1,0,séjour mitigé.,587.0,117.4,0.0,0.0,0,0.45,0.4642444444444444,0.1097,risque_eleve
688,senior,17055.57,paris,été,19,villa,1235.56,nuageux,gastronomie,4,aucun,0,1,excellent séjour.,15820.01,832.6321052631579,1.0,0.0,1,0.7,0.5546333333333333,0.6106,risque_faible
689,couple,7366.61,bali,été,10,villa,997.4,variable,plage,2,retard_vol,0,1,séjour mitigé.,6369.21,636.921,0.7977036290322578,0.8141062801932367,1,0.45,0.5497055555555554,0.7899,risque_faible
690,business,2164.06,tokyo,automne,6,villa,604.36,pluie,business,1,aucun,0,1,séjour mitigé.,1559.6999999999998,259.95,0.0,1.0,1,0.25,0.3977388888888888,0.4377,risque_moyen
691,senior,4255.38,tokyo,automne,13,appartement,712.29,variable,gastronomie,1,retard_vol,1,0,séjour mitigé.,3543.09,272.54538461538465,0.0512812499999999,1.0,1,0.45,0.3977388888888888,0.5961,risque_moyen
692,business,4940.24,sydney,hiver,7,appartement,1491.45,nuageux,business,2,annulation,1,1,séjour mitigé.,3448.79,492.6842857142857,0.0844124999999999,0.5030341880341882,1,0.7,0.5683611111111111,0.4464,risque_moyen
693,business,4660.36,new york,printemps,6,appartement,1065.96,variable,business,1,retard_vol,1,0,séjour mitigé.,3594.4,599.0666666666666,0.2087230769230767,0.3843660130718953,1,0.45,0.3306888888888888,0.4013,risque_moyen
694,business,1414.4,tokyo,automne,4,villa,580.95,variable,business,2,météo,0,1,séjour mitigé.,833.45,208.3625,0.0,1.0,1,0.45,0.3977388888888888,0.4617,risque_moyen
695,business,5899.23,new york,automne,6,hôtel,1068.27,pluie,gastronomie,3,météo,0,1,séjour mitigé.,4830.959999999999,805.1599999999999,0.4469673076923075,0.3813464052287583,0,0.25,0.3630666666666667,0.3874,risque_eleve
696,business,3257.38,paris,automne,4,appartement,1172.12,variable,business,3,météo,1,1,séjour mitigé.,2085.26,521.315,0.2819583333333333,0.0,1,0.45,0.3681277777777778,0.3571,risque_eleve
697,couple,4418.01,tokyo,hiver,11,appartement,450.04,pluie,plage,3,retard_vol,0,1,séjour mitigé.,3967.97,360.7245454545455,0.0795156249999999,1.0,1,0.25,0.1438499999999999,0.4295,risque_moyen
698,solo,4006.7,tokyo,hiver,10,villa,743.96,ensoleillé,randonnée,2,retard_vol,1,1,séjour mitigé.,3262.74,326.274,0.0081076388888888,0.9905185185185184,1,1.0,0.1438499999999999,0.4978,risque_moyen
699,famille,5367.28,rome,hiver,11,resort,1235.87,nuageux,culture,2,météo,0,0,séjour mitigé.,4131.41,375.58272727272725,1.0,0.0,1,0.7,0.2807999999999999,0.6977,risque_faible
700,senior,15183.22,new york,automne,19,villa,1224.98,variable,culture,3,aucun,0,1,séjour mitigé.,13958.24,734.6442105263158,1.0,0.1764967320261439,1,0.45,0.3630666666666667,0.5893,risque_moyen
701,senior,11408.99,bali,automne,18,appartement,1579.68,nuageux,plage,2,bagages,1,0,séjour mitigé.,9829.31,546.0727777777778,1.0,0.2515169082125604,0,0.7,0.5225333333333333,0.592,risque_moyen
702,business,2786.94,dubaï,printemps,6,villa,1543.96,pluie,culture,2,météo,1,1,séjour mitigé.,1242.98,207.16333333333333,0.0,0.0,0,0.25,0.6816444444444444,0.1118,risque_eleve
703,solo,13857.65,new york,printemps,14,villa,1064.41,ensoleillé,plage,1,bagages,1,0,séjour mitigé.,12793.24,913.8028571428572,1.0,0.3863921568627451,0,1.0,0.3306888888888888,0.5092,risque_moyen
704,couple,10788.84,paris,printemps,14,resort,1019.27,variable,culture,4,météo,1,0,excellent séjour.,9769.57,697.8264285714286,1.0,0.0,1,0.45,0.3504166666666666,0.6761,risque_faible
705,solo,3853.46,rome,été,10,villa,1774.38,ensoleillé,gastronomie,3,retard_vol,1,0,séjour mitigé.,2079.08,207.908,0.5475833333333332,0.0,0,1.0,0.4642444444444444,0.329,risque_eleve
706,senior,11009.47,bali,été,15,villa,1247.68,ensoleillé,plage,2,météo,1,0,séjour mitigé.,9761.79,650.786,1.0,0.5722898550724638,0,1.0,0.5497055555555554,0.569,risque_moyen
707,solo,7260.96,new york,automne,9,villa,1111.47,nuageux,plage,3,retard_vol,1,0,séjour mitigé.,6149.49,683.2766666666666,0.7088384615384615,0.324875816993464,0,0.7,0.3630666666666667,0.3845,risque_eleve
708,solo,3117.6,bali,automne,5,hôtel,1232.21,variable,gastronomie,2,météo,1,1,séjour mitigé.,1885.39,377.078,0.0,0.5872367149758455,0,0.45,0.5225333333333333,0.3424,risque_eleve
709,famille,6146.22,bali,été,9,appartement,1273.44,nuageux,plage,2,retard_vol,1,0,séjour mitigé.,4872.780000000001,541.4200000000001,0.551657258064516,0.5474009661835749,1,0.7,0.5497055555555554,0.703,risque_faible
710,couple,1958.78,rome,printemps,4,villa,1252.49,ensoleillé,gastronomie,1,aucun,0,0,séjour mitigé.,706.29,176.5725,0.0,0.0,1,1.0,0.4113722222222222,0.4694,risque_moyen
711,solo,3109.39,rome,été,7,appartement,1170.05,ensoleillé,randonnée,2,annulation,1,0,séjour mitigé.,1939.34,277.0485714285714,0.3090993589743588,0.0,1,1.0,0.4642444444444444,0.5623,risque_moyen
712,senior,10692.67,new york,printemps,13,appartement,1018.17,variable,culture,4,bagages,1,1,excellent séjour.,9674.5,744.1923076923077,1.0,0.4468366013071897,1,0.45,0.3306888888888888,0.7541,risque_faible
713,senior,8513.49,rome,printemps,18,villa,1273.93,pluie,gastronomie,4,météo,1,1,excellent séjour.,7239.559999999999,402.1977777777777,1.0,0.0,1,0.25,0.4113722222222222,0.5394,risque_moyen
714,business,2206.96,sydney,hiver,4,villa,1095.59,nuageux,culture,2,annulation,1,1,séjour mitigé.,1111.37,277.84250000000003,0.0,0.8413760683760684,0,0.7,0.5683611111111111,0.3037,risque_eleve
715,senior,5089.5,rome,été,10,villa,1143.33,ensoleillé,plage,2,météo,0,1,séjour mitigé.,3946.17,394.617,0.94375,0.0,0,1.0,0.4642444444444444,0.44,risque_moyen
716,solo,7318.39,lisbonne,automne,13,hôtel,919.42,variable,gastronomie,4,météo,1,0,excellent séjour.,6398.97,492.2284615384616,1.0,0.0,0,0.45,0.5109277777777776,0.5153,risque_moyen
717,couple,6936.73,new york,printemps,8,appartement,1066.73,variable,plage,1,retard_vol,1,1,séjour mitigé.,5870.0,733.75,0.6464865384615384,0.3833594771241829,1,0.45,0.3306888888888888,0.5237,risque_moyen
718,famille,18234.37,new york,hiver,18,hôtel,1359.37,nuageux,gastronomie,3,annulation,1,1,séjour mitigé.,16875.0,937.5,1.0,0.000823529411765,1,0.7,0.1832,0.5661,risque_moyen
719,couple,3347.33,lisbonne,été,5,appartement,545.12,ensoleillé,plage,2,météo,1,0,séjour mitigé.,2802.21,560.442,0.5431360294117645,0.1838596491228071,1,1.0,0.5779666666666666,0.5545,risque_moyen
720,senior,11123.17,dubaï,printemps,21,appartement,1537.01,variable,culture,3,annulation,1,0,séjour mitigé.,9586.16,456.4838095238095,1.0,0.0,1,0.45,0.6816444444444444,0.7158,risque_faible
721,business,3092.24,paris,hiver,4,villa,1450.54,nuageux,gastronomie,4,bagages,1,0,excellent séjour.,1641.6999999999998,410.425,0.2328095238095237,0.0,0,0.7,0.17495,0.1702,risque_eleve
722,solo,11859.19,paris,hiver,12,resort,842.03,ensoleillé,plage,5,aucun,0,1,excellent séjour.,11017.16,918.0966666666668,1.0,0.0,0,1.0,0.17495,0.421,risque_moyen
723,couple,9998.76,bali,printemps,15,resort,1173.12,variable,randonnée,3,bagages,1,1,séjour mitigé.,8825.64,588.376,1.0,0.644328502415459,0,0.45,0.5140166666666667,0.6317,risque_faible
724,business,2826.76,new york,automne,3,villa,1047.35,variable,business,3,retard_vol,1,1,séjour mitigé.,1779.4100000000003,593.1366666666668,0.0,0.4086928104575165,1,0.45,0.3630666666666667,0.3511,risque_eleve
725,business,3004.29,rome,hiver,6,appartement,1009.93,pluie,business,3,bagages,0,1,séjour mitigé.,1994.36,332.3933333333334,0.2754134615384615,0.0,1,0.25,0.2807999999999999,0.3208,risque_eleve
726,solo,4654.13,tokyo,été,14,villa,662.56,ensoleillé,culture,5,aucun,0,1,excellent séjour.,3991.57,285.1121428571429,0.1205086805555555,1.0,1,1.0,0.4004166666666666,0.5618,risque_moyen
727,business,2879.28,new york,printemps,3,hôtel,924.38,pluie,business,4,météo,1,1,excellent séjour.,1954.9,651.6333333333333,0.0,0.5694379084967321,1,0.25,0.3306888888888888,0.4722,risque_moyen
728,solo,8775.75,lisbonne,printemps,13,appartement,1142.84,variable,gastronomie,1,bagages,1,0,séjour mitigé.,7632.91,587.146923076923,1.0,0.0,0,0.45,0.4363388888888889,0.5064,risque_moyen
729,solo,4175.03,rome,été,11,resort,1459.9,ensoleillé,gastronomie,4,annulation,1,1,excellent séjour.,2715.13,246.83,0.650650641025641,0.0,0,1.0,0.4642444444444444,0.3579,risque_eleve
730,senior,8977.5,rome,automne,17,appartement,1524.39,pluie,culture,1,météo,0,0,séjour mitigé.,7453.11,438.4182352941176,1.0,0.0,1,0.25,0.4660166666666667,0.6659,risque_faible
731,solo,8643.68,new york,hiver,9,hôtel,1229.22,pluie,culture,4,bagages,0,1,excellent séjour.,7414.46,823.8288888888889,0.9747461538461538,0.1709542483660131,1,0.25,0.1832,0.6557,risque_faible
732,couple,2798.96,dubaï,printemps,5,hôtel,1097.09,variable,plage,2,météo,0,0,séjour mitigé.,1701.87,340.374,0.0,0.0363650793650796,1,0.45,0.6816444444444444,0.4423,risque_moyen
733,business,5135.96,bali,automne,7,resort,1139.39,pluie,culture,4,aucun,0,1,excellent séjour.,3996.57,570.9385714285714,0.3479758064516128,0.676917874396135,0,0.25,0.5225333333333333,0.312,risque_eleve
734,senior,5526.25,new york,hiver,7,villa,1190.57,variable,plage,3,bagages,1,1,séjour mitigé.,4335.68,619.3828571428572,0.3752403846153845,0.2214771241830065,0,0.45,0.1832,0.2209,risque_eleve
735,business,5713.06,new york,automne,6,villa,905.82,variable,culture,2,annulation,1,0,séjour mitigé.,4807.240000000001,801.2066666666668,0.4111653846153846,0.5936993464052287,0,0.45,0.3630666666666667,0.3196,risque_eleve
736,senior,11424.16,bali,automne,17,hôtel,1368.95,ensoleillé,plage,2,météo,1,1,séjour mitigé.,10055.21,591.4829411764705,1.0,0.45512077294686,0,1.0,0.5225333333333333,0.6646,risque_faible
737,business,2062.5,sydney,printemps,4,hôtel,1149.83,nuageux,business,4,météo,0,0,excellent séjour.,912.67,228.1675,0.0,0.7950170940170941,1,0.7,0.51555,0.589,risque_moyen
738,solo,10516.82,lisbonne,printemps,16,villa,854.09,ensoleillé,plage,2,météo,0,1,séjour mitigé.,9662.73,603.920625,1.0,0.0,0,1.0,0.4363388888888889,0.4524,risque_moyen
739,business,2873.79,dubaï,été,5,villa,1461.62,variable,culture,1,retard_vol,0,1,séjour mitigé.,1412.17,282.434,0.0,0.0,0,0.45,0.5018666666666666,0.1142,risque_eleve
740,famille,12297.56,dubaï,automne,20,villa,1408.79,nuageux,gastronomie,3,météo,1,1,séjour mitigé.,10888.77,544.4385,1.0,0.0,1,0.7,0.6703277777777777,0.7444,risque_faible
741,famille,11084.04,rome,printemps,21,resort,1210.9,variable,culture,5,aucun,0,1,excellent séjour.,9873.14,470.1495238095239,1.0,0.0,1,0.45,0.4113722222222222,0.6834,risque_faible
742,couple,4349.43,rome,printemps,9,hôtel,1502.84,variable,culture,4,aucun,0,1,excellent séjour.,2846.59,316.2877777777778,0.706548076923077,0.0,1,0.45,0.4113722222222222,0.6012,risque_faible
743,business,1902.3,bali,printemps,3,hôtel,1036.15,pluie,business,1,météo,1,0,séjour mitigé.,866.1499999999999,288.71666666666664,0.0,0.7766666666666665,1,0.25,0.5140166666666667,0.5315,risque_moyen
744,business,2436.69,bali,printemps,3,appartement,1350.95,pluie,business,3,bagages,0,1,séjour mitigé.,1085.74,361.91333333333336,0.0,0.4725120772946859,1,0.25,0.5140166666666667,0.3567,risque_eleve
745,business,5403.8,new york,automne,6,villa,1207.83,nuageux,gastronomie,2,retard_vol,1,0,séjour mitigé.,4195.97,699.3283333333334,0.3516923076923077,0.1989150326797386,0,0.7,0.3630666666666667,0.2618,risque_eleve
746,business,3490.01,rome,automne,7,resort,1220.77,variable,business,3,retard_vol,1,0,séjour mitigé.,2269.24,324.1771428571429,0.4310929487179488,0.0,1,0.45,0.4660166666666667,0.4106,risque_moyen
747,couple,4644.64,rome,printemps,9,villa,1342.84,variable,plage,4,retard_vol,1,1,excellent séjour.,3301.8,366.8666666666667,0.8011666666666667,0.0,1,0.45,0.4113722222222222,0.6277,risque_faible
749,senior,2698.24,rome,hiver,7,appartement,1457.66,ensoleillé,gastronomie,3,retard_vol,1,0,séjour mitigé.,1240.5799999999997,177.22571428571425,0.1773205128205127,0.0,1,1.0,0.2807999999999999,0.5033,risque_moyen
750,couple,11170.85,bali,été,14,resort,1202.39,ensoleillé,plage,2,retard_vol,1,1,séjour mitigé.,9968.46,712.0328571428572,1.0,0.6160483091787439,1,1.0,0.5497055555555554,0.8769,risque_faible
751,business,,paris,printemps,17,villa,1050.81,nuageux,business,2,aucun,0,1,de nombreux problèmes rencontrés.,,,0.5,0.0,1,0.7,0.3504166666666666,0.446,risque_moyen
752,solo,12092.48,tokyo,printemps,11,villa,974.76,pluie,culture,1,retard_vol,1,1,très mauvaise expérience.,11117.72,1010.701818181818,1.0,0.7462857142857142,1,0.25,0.3183611111111111,0.6625,risque_faible
753,senior,11596.27,new york,printemps,10,appartement,942.65,nuageux,plage,1,météo,1,1,de nombreux problèmes rencontrés.,10653.62,1065.362,1.0,0.5455555555555556,0,0.7,0.3306888888888888,0.6219,risque_faible
754,business,,tokyo,été,5,appartement,1208.84,pluie,culture,3,annulation,0,1,dans l'ensemble satisfaisant.,,,0.5,0.4985820105820108,0,0.25,0.4004166666666666,0.3078,risque_eleve
755,famille,5462.92,rome,été,10,villa,1022.04,variable,plage,1,météo,0,1,de nombreux problèmes rencontrés.,4440.88,444.088,1.0,0.0,1,0.45,0.4642444444444444,0.6897,risque_faible
756,senior,6718.36,tokyo,printemps,10,appartement,996.39,nuageux,culture,2,météo,1,1,de nombreux problèmes rencontrés.,5721.969999999999,572.1969999999999,0.4788819444444443,0.7233968253968255,1,0.7,0.3183611111111111,0.6865,risque_faible
757,business,6682.55,tokyo,printemps,3,villa,759.94,variable,culture,5,météo,1,1,"parfait, rien à redire.",5922.610000000001,1974.2033333333336,0.4726649305555555,0.9736084656084656,0,0.45,0.3183611111111111,0.3998,risque_eleve
759,famille,13191.08,dubaï,hiver,8,hôtel,1069.43,ensoleillé,plage,5,bagages,0,1,une expérience inoubliable.,12121.65,1515.20625,1.0,0.0802698412698411,1,1.0,0.42075,0.6449,risque_faible
760,solo,8409.1,bali,printemps,12,villa,,nuageux,culture,1,aucun,0,1,très mauvaise expérience.,,,1.0,0.5,1,0.7,0.5140166666666667,0.6957,risque_faible
761,solo,14890.71,new york,été,12,hôtel,1171.27,pluie,randonnée,4,bagages,0,1,"parfait, rien à redire.",13719.44,1143.2866666666666,1.0,0.2467058823529412,1,0.25,0.4609944444444444,0.7097,risque_faible
762,senior,,new york,hiver,7,hôtel,1318.46,variable,business,4,météo,1,1,une expérience inoubliable.,,,0.5,0.0543006535947713,0,0.45,0.1832,0.3458,risque_eleve
763,business,5976.82,lisbonne,hiver,12,appartement,1306.02,nuageux,culture,1,aucun,0,1,je ne recommande pas.,4670.799999999999,389.2333333333333,1.0,0.0,0,0.7,0.3659111111111111,0.4079,risque_moyen
764,senior,10267.02,rome,hiver,9,villa,1266.13,ensoleillé,,5,météo,1,1,très bon rapport qualité-prix.,9000.89,1000.0988888888888,1.0,0.0,0,1.0,0.2807999999999999,0.4337,risque_moyen
765,solo,13805.76,rome,automne,3,,1053.5,pluie,randonnée,3,aucun,0,1,"quelques imprévus, globalement bien.",12752.26,4250.753333333333,1.0,0.0,1,0.25,0.4660166666666667,0.5459,risque_moyen
767,solo,11711.92,tokyo,hiver,15,hôtel,838.23,pluie,business,1,retard_vol,1,1,,10873.69,724.9126666666667,1.0,0.8907619047619046,0,0.25,0.1438499999999999,0.6076,risque_faible
768,famille,,bali,hiver,3,villa,959.03,nuageux,plage,4,météo,1,1,très bon rapport qualité-prix.,,,0.5,0.8511787439613526,1,0.7,0.5211222222222222,0.7397,risque_faible
769,senior,6049.86,dubaï,hiver,10,,1123.27,pluie,randonnée,1,retard_vol,1,1,de nombreux problèmes rencontrés.,4926.59,492.659,0.5522254098360654,0.0,0,0.25,0.42075,0.2351,risque_eleve
770,business,9247.86,rome,été,18,hôtel,907.28,variable,plage,4,retard_vol,1,1,excellent séjour.,8340.58,463.3655555555556,1.0,0.0,0,0.45,0.4642444444444444,0.5097,risque_moyen
771,business,13676.81,paris,printemps,6,resort,1143.74,pluie,gastronomie,4,bagages,0,1,très bon rapport qualité-prix.,12533.07,2088.845,1.0,0.0,0,0.25,0.3504166666666666,0.3521,risque_eleve
773,senior,8757.58,dubaï,été,3,villa,672.85,pluie,gastronomie,2,retard_vol,1,1,très mauvaise expérience.,8084.73,2694.91,1.0,0.7097619047619046,1,0.25,0.5018666666666666,0.678,risque_faible
774,senior,7131.34,lisbonne,automne,18,villa,1337.6,variable,culture,1,annulation,1,1,je ne recommande pas.,5793.74,321.8744444444444,1.0,0.0,1,0.45,0.5109277777777776,0.5753,risque_moyen
775,business,5601.29,dubaï,hiver,9,villa,990.86,,randonnée,1,aucun,0,1,je ne recommande pas.,4610.43,512.27,0.4603053278688523,0.204984126984127,0,0.5,0.42075,0.2763,risque_eleve
776,couple,6269.95,new york,automne,10,hôtel,893.67,ensoleillé,plage,1,météo,1,1,très mauvaise expérience.,5376.28,537.6279999999999,0.5182596153846153,0.6095816993464052,1,1.0,0.3630666666666667,0.7184,risque_faible
777,solo,7470.31,dubaï,été,17,resort,824.85,pluie,randonnée,4,retard_vol,1,1,une expérience inoubliable.,6645.46,390.9094117647059,0.8433012295081967,0.4684920634920635,1,0.25,0.5018666666666666,0.5907,risque_moyen
778,famille,13854.82,dubaï,hiver,13,appartement,,ensoleillé,business,5,aucun,0,1,"très satisfait, je recommande.",,,1.0,0.5,0,1.0,0.42075,0.6605,risque_faible
780,business,7136.24,new york,automne,7,resort,1009.98,pluie,gastronomie,5,bagages,0,1,excellent séjour.,6126.26,875.1800000000001,0.6848538461538461,0.4575424836601308,0,0.25,0.3630666666666667,0.3477,risque_eleve
781,business,3433.07,dubaï,printemps,12,resort,1060.23,nuageux,culture,5,aucun,0,1,"très satisfait, je recommande.",2372.84,197.73666666666668,0.0159979508196721,0.094873015873016,0,0.7,0.6816444444444444,0.1874,risque_eleve
782,senior,9814.89,bali,automne,7,hôtel,1405.2,ensoleillé,plage,1,annulation,1,1,très mauvaise expérience.,8409.689999999999,1201.3842857142856,1.0,0.4200966183574878,0,1.0,0.5225333333333333,0.6583,risque_faible
783,couple,12437.18,new york,printemps,3,appartement,632.8,nuageux,plage,4,bagages,0,1,"parfait, rien à redire.",11804.38,3934.7933333333335,1.0,0.9505882352941176,1,0.7,0.3306888888888888,0.7548,risque_faible
784,solo,,new york,été,10,villa,1645.12,pluie,plage,1,météo,0,1,très mauvaise expérience.,,,0.5,0.0,0,0.25,0.4609944444444444,0.2253,risque_eleve
785,solo,7744.37,new york,automne,3,hôtel,1773.02,ensoleillé,business,4,retard_vol,1,1,"parfait, rien à redire.",5971.35,1990.45,0.801801923076923,0.0,0,1.0,0.3630666666666667,0.5081,risque_moyen
786,couple,9240.95,paris,printemps,18,appartement,392.7,ensoleillé,culture,2,bagages,0,1,de nombreux problèmes rencontrés.,8848.25,491.56944444444446,1.0,0.5311111111111113,1,1.0,0.3504166666666666,0.7177,risque_faible
787,famille,,new york,automne,11,villa,1091.87,variable,culture,1,bagages,0,1,très mauvaise expérience.,,,0.5,0.3504967320261439,1,0.45,0.3630666666666667,0.6007,risque_faible
788,solo,9054.03,lisbonne,printemps,5,villa,925.32,pluie,plage,3,aucun,0,1,séjour mitigé.,8128.710000000001,1625.7420000000002,1.0,0.0,0,0.25,0.4363388888888889,0.3624,risque_eleve
789,couple,8190.54,rome,automne,6,villa,1047.04,ensoleillé,plage,4,aucun,0,1,,7143.5,1190.5833333333333,1.0,0.0,1,1.0,0.4660166666666667,0.7559,risque_faible
790,business,,bali,été,3,appartement,1005.87,ensoleillé,culture,4,retard_vol,1,1,très bon rapport qualité-prix.,,,0.5,0.8059227053140097,0,1.0,0.5497055555555554,0.471,risque_moyen
791,solo,7479.7,paris,printemps,4,villa,1335.55,variable,gastronomie,3,météo,0,1,"quelques imprévus, globalement bien.",6144.15,1536.0375,1.0,0.0,0,0.45,0.3504166666666666,0.376,risque_eleve
792,senior,8747.05,paris,printemps,15,resort,1087.83,pluie,business,1,météo,0,1,très mauvaise expérience.,7659.219999999999,510.6146666666666,1.0,0.0,0,0.25,0.3504166666666666,0.3521,risque_eleve
793,business,5737.39,lisbonne,printemps,21,resort,873.88,pluie,culture,5,aucun,0,1,"très satisfait, je recommande.",4863.51,231.5957142857143,1.0,0.0,0,0.25,0.4363388888888889,0.3624,risque_eleve
794,couple,5945.77,new york,hiver,14,hôtel,1071.85,ensoleillé,gastronomie,5,aucun,0,1,très bon rapport qualité-prix.,4873.92,348.13714285714286,0.4559173076923077,0.3766666666666668,1,1.0,0.1832,0.6374,risque_faible
795,senior,13811.5,bali,hiver,9,appartement,1255.96,ensoleillé,culture,2,retard_vol,1,1,très mauvaise expérience.,12555.54,1395.0600000000002,1.0,0.5642898550724637,1,1.0,0.5211222222222222,0.8641,risque_faible
796,business,17858.35,bali,printemps,8,appartement,800.76,ensoleillé,business,3,retard_vol,1,1,dans l'ensemble satisfaisant.,17057.59,2132.19875,1.0,1.0,1,1.0,0.5140166666666667,0.8217,risque_faible
797,solo,2065.58,lisbonne,hiver,5,resort,676.81,pluie,gastronomie,4,retard_vol,1,1,"très satisfait, je recommande.",1388.77,277.754,0.0719044117647058,0.0,0,0.25,0.3659111111111111,0.094,risque_eleve
798,couple,1843.29,rome,hiver,20,villa,1652.06,ensoleillé,culture,1,annulation,1,0,,191.23,9.5615,0.0,0.0,1,1.0,0.2807999999999999,0.4537,risque_moyen
799,business,3062.85,dubaï,été,9,resort,945.83,ensoleillé,business,1,météo,1,1,déçu par l'organisation.,2117.02,235.22444444444443,0.0,0.2764603174603174,1,1.0,0.5018666666666666,0.41,risque_moyen
800,famille,6507.33,bali,été,20,resort,1081.19,pluie,plage,1,météo,1,1,je ne recommande pas.,5426.139999999999,271.307,0.6244616935483871,0.7331497584541062,1,0.25,0.5497055555555554,0.7028,risque_faible
804,business,9057.73,dubaï,été,7,appartement,1273.42,nuageux,,5,aucun,0,1,"parfait, rien à redire.",7784.309999999999,1112.0442857142857,1.0,0.0,0,0.7,0.5018666666666666,0.4242,risque_moyen
805,business,4132.12,rome,hiver,10,resort,711.08,nuageux,,2,aucun,0,1,,3421.04,342.104,0.6368974358974357,0.0220246913580246,0,0.7,0.2807999999999999,0.3,risque_eleve
806,business,5939.21,dubaï,hiver,10,villa,747.05,ensoleillé,gastronomie,4,aucun,0,1,très bon rapport qualité-prix.,5192.16,519.216,0.5295512295081967,0.5919841269841271,0,1.0,0.42075,0.4253,risque_moyen
807,solo,6842.94,dubaï,été,21,villa,1011.08,nuageux,culture,1,retard_vol,0,1,de nombreux problèmes rencontrés.,5831.86,277.707619047619,0.7147418032786884,0.1728888888888888,1,0.7,0.5018666666666666,0.5555,risque_moyen
809,famille,28000.0,paris,été,11,appartement,656.52,pluie,plage,4,bagages,0,1,excellent séjour.,27343.48,2485.770909090909,1.0,0.0,1,0.25,0.5546333333333333,0.6766,risque_faible
810,famille,2399.6,dubaï,automne,13,villa,,variable,randonnée,4,annulation,1,0,"parfait, rien à redire.",,,0.0,0.5,0,0.45,0.6703277777777777,0.3444,risque_eleve
811,business,10006.41,lisbonne,hiver,10,villa,826.87,variable,culture,4,retard_vol,1,1,"parfait, rien à redire.",9179.54,917.954,1.0,0.0,0,0.45,0.3659111111111111,0.3779,risque_eleve
816,solo,9599.41,new york,automne,12,appartement,787.84,ensoleillé,gastronomie,4,météo,0,1,,8811.57,734.2975,1.0,0.747921568627451,0,1.0,0.3630666666666667,0.6982,risque_faible
818,couple,11864.15,paris,été,17,hôtel,984.48,pluie,plage,5,météo,1,1,"très satisfait, je recommande.",10879.67,639.9805882352941,1.0,0.0,1,0.25,0.5546333333333333,0.6766,risque_faible
820,solo,10326.05,new york,printemps,10,appartement,,variable,gastronomie,2,annulation,1,1,de nombreux problèmes rencontrés.,,,1.0,0.5,0,0.45,0.3306888888888888,0.5837,risque_moyen
821,couple,3339.45,bali,hiver,4,appartement,993.18,ensoleillé,plage,2,annulation,1,1,très mauvaise expérience.,2346.27,586.5675,0.0,0.818183574879227,1,1.0,0.5211222222222222,0.5098,risque_moyen
822,solo,11155.28,lisbonne,été,7,,1030.86,ensoleillé,business,3,retard_vol,0,1,dans l'ensemble satisfaisant.,10124.42,1446.3457142857144,1.0,0.0,0,1.0,0.5779666666666666,0.4694,risque_moyen
823,senior,19865.72,rome,printemps,9,appartement,1372.51,nuageux,culture,2,retard_vol,0,1,très mauvaise expérience.,18493.210000000003,2054.801111111112,1.0,0.0,1,0.7,0.4113722222222222,0.7134,risque_faible
825,famille,28000.0,lisbonne,automne,8,hôtel,1582.99,ensoleillé,business,3,retard_vol,1,1,séjour mitigé.,26417.01,3302.12625,1.0,0.0,0,1.0,0.5109277777777776,0.4613,risque_moyen
828,business,6089.88,paris,printemps,3,villa,35.0,ensoleillé,culture,5,météo,1,1,très bon rapport qualité-prix.,6054.88,2018.2933333333333,1.0,1.0,0,1.0,0.3504166666666666,0.6221,risque_faible
829,solo,7447.54,new york,automne,9,villa,1117.73,pluie,culture,1,bagages,0,1,très mauvaise expérience.,6329.81,703.3122222222222,0.7447192307692307,0.3166928104575163,1,0.25,0.3630666666666667,0.5191,risque_moyen
830,business,3246.26,paris,printemps,3,,986.63,nuageux,randonnée,5,retard_vol,1,1,"très satisfait, je recommande.",2259.63,753.21,0.2786488095238094,0.0,0,0.7,0.3504166666666666,0.2041,risque_eleve
831,business,10072.7,dubaï,été,5,villa,1025.88,pluie,plage,1,météo,1,1,je ne recommande pas.,9046.82,1809.364,1.0,0.1493968253968253,0,0.25,0.5018666666666666,0.3971,risque_eleve
833,senior,11932.76,lisbonne,printemps,3,appartement,1519.95,variable,culture,3,météo,1,1,séjour correct mais perfectible.,10412.81,3470.9366666666665,1.0,0.0,1,0.45,0.4363388888888889,0.6864,risque_faible
834,couple,5273.08,lisbonne,été,12,resort,1437.06,ensoleillé,culture,3,météo,1,1,"quelques imprévus, globalement bien.",3836.02,319.6683333333333,1.0,0.0,1,1.0,0.5779666666666666,0.7694,risque_faible
835,famille,1265.55,new york,été,14,appartement,1009.5,nuageux,culture,3,météo,1,0,"quelques imprévus, globalement bien.",256.04999999999995,18.28928571428571,0.0,0.4581699346405228,1,0.7,0.4609944444444444,0.5218,risque_moyen
837,business,6652.34,new york,automne,8,resort,908.4,variable,plage,1,retard_vol,0,1,je ne recommande pas.,5743.9400000000005,717.9925000000001,0.5917961538461538,0.590326797385621,0,0.45,0.3630666666666667,0.3695,risque_eleve
838,solo,14619.4,lisbonne,automne,13,appartement,852.26,nuageux,gastronomie,5,aucun,0,1,,13767.14,1059.0107692307693,1.0,0.0,0,0.7,0.5109277777777776,0.5453,risque_moyen
839,couple,11850.95,new york,printemps,6,resort,810.79,pluie,culture,4,annulation,0,1,"très satisfait, je recommande.",11040.16,1840.0266666666664,1.0,0.7179215686274512,1,0.25,0.3306888888888888,0.7789,risque_faible
840,solo,3704.28,lisbonne,été,6,hôtel,1000.73,ensoleillé,business,4,météo,1,1,,2703.55,450.5916666666667,0.6743676470588236,0.0,0,1.0,0.5779666666666666,0.4982,risque_moyen
841,famille,6581.15,rome,hiver,16,hôtel,1184.89,ensoleillé,business,1,retard_vol,0,1,à éviter.,5396.259999999999,337.26625,1.0,0.0,0,1.0,0.2807999999999999,0.4337,risque_moyen
842,business,7412.27,new york,automne,14,hôtel,605.63,ensoleillé,business,1,retard_vol,1,1,très mauvaise expérience.,6806.64,486.1885714285714,0.7379365384615385,0.9861045751633986,1,1.0,0.3630666666666667,0.8477,risque_faible
843,solo,13081.11,dubaï,été,13,villa,1105.58,pluie,business,2,retard_vol,0,1,je ne recommande pas.,11975.53,921.1946153846154,1.0,0.022888888888889,0,0.25,0.5018666666666666,0.3743,risque_eleve
844,solo,8688.95,rome,printemps,15,appartement,,ensoleillé,business,2,retard_vol,1,1,très mauvaise expérience.,,,1.0,0.5,0,1.0,0.4113722222222222,0.6594,risque_faible
845,couple,7635.16,rome,hiver,3,villa,1418.67,pluie,gastronomie,4,bagages,0,1,"très satisfait, je recommande.",6216.49,2072.1633333333334,1.0,0.0,1,0.25,0.2807999999999999,0.6437,risque_faible
846,business,6117.69,lisbonne,automne,17,villa,961.17,ensoleillé,plage,5,retard_vol,1,1,"très satisfait, je recommande.",5156.52,303.32470588235293,1.0,0.0,0,1.0,0.5109277777777776,0.4613,risque_moyen
847,solo,6720.05,tokyo,printemps,12,hôtel,743.64,variable,plage,2,retard_vol,0,1,très mauvaise expérience.,5976.41,498.0341666666666,0.4791753472222222,0.9908571428571428,0,0.45,0.3183611111111111,0.5247,risque_moyen
848,famille,12186.72,rome,été,15,hôtel,35.0,variable,gastronomie,3,retard_vol,1,1,séjour mitigé.,12151.72,810.1146666666666,1.0,1.0,1,0.45,0.4642444444444444,0.7497,risque_faible
849,famille,6938.95,bali,hiver,12,villa,496.93,ensoleillé,,1,météo,0,1,très mauvaise expérience.,6442.02,536.8349999999999,0.7114818548387094,1.0,0,1.0,0.5211222222222222,0.6817,risque_faible
850,senior,5330.58,tokyo,automne,10,resort,1415.52,,plage,4,météo,1,1,"parfait, rien à redire.",3915.06,391.506,0.2379479166666666,0.279873015873016,0,0.5,0.3977388888888888,0.2247,risque_eleve
851,senior,4646.78,new york,hiver,9,villa,1060.76,ensoleillé,business,1,météo,1,1,déçu par l'organisation.,3586.0199999999995,398.4466666666666,0.2061115384615383,0.3911633986928106,0,1.0,0.1832,0.2701,risque_eleve
852,business,4690.11,lisbonne,printemps,12,hôtel,,variable,plage,4,météo,1,1,une expérience inoubliable.,,,1.0,0.5,0,0.45,0.4363388888888889,0.5964,risque_moyen
853,couple,1267.94,lisbonne,automne,8,villa,655.17,ensoleillé,,2,météo,0,0,très mauvaise expérience.,612.7700000000001,76.59625000000001,0.0,0.0,0,1.0,0.5109277777777776,0.3013,risque_eleve
854,senior,3896.99,new york,automne,14,villa,1364.06,pluie,culture,3,météo,1,0,peut mieux faire sur la logistique.,2532.93,180.92357142857145,0.0619211538461537,0.0,1,0.25,0.3630666666666667,0.2709,risque_eleve
857,solo,9765.6,lisbonne,automne,20,villa,750.88,nuageux,randonnée,5,annulation,1,1,"très satisfait, je recommande.",9014.72,450.7360000000001,1.0,0.0,1,0.7,0.5109277777777776,0.6053,risque_faible
860,senior,6273.1,lisbonne,été,5,appartement,1596.41,ensoleillé,business,3,aucun,0,1,peut mieux faire sur la logistique.,4676.6900000000005,935.338,1.0,0.0,0,1.0,0.5779666666666666,0.5894,risque_moyen
861,solo,4981.87,lisbonne,automne,12,resort,1388.16,variable,randonnée,3,météo,1,1,peut mieux faire sur la logistique.,3593.71,299.47583333333336,1.0,0.0,1,0.45,0.5109277777777776,0.5753,risque_moyen
862,couple,7653.99,bali,été,6,villa,958.84,ensoleillé,plage,5,aucun,0,1,une expérience inoubliable.,6695.15,1115.8583333333331,0.8556431451612903,0.8513623188405797,1,1.0,0.5497055555555554,0.8788,risque_faible
863,couple,4923.84,dubaï,automne,9,villa,848.96,nuageux,culture,1,aucun,0,1,de nombreux problèmes rencontrés.,4074.88,452.7644444444445,0.321483606557377,0.4302222222222222,1,0.7,0.6703277777777777,0.6319,risque_faible
865,couple,10644.35,bali,hiver,6,villa,1512.82,pluie,gastronomie,5,bagages,0,1,excellent séjour.,9131.53,1521.9216666666669,1.0,0.3161159420289856,1,0.25,0.5211222222222222,0.7294,risque_faible
866,senior,7904.33,bali,automne,14,,909.45,pluie,culture,5,météo,0,1,très bon rapport qualité-prix.,6994.88,499.63428571428574,0.9061149193548388,0.8990821256038647,1,0.25,0.5225333333333333,0.6883,risque_faible
867,business,5657.56,rome,automne,14,hôtel,1514.7,ensoleillé,,2,retard_vol,1,1,je ne recommande pas.,4142.860000000001,295.91857142857145,1.0,0.0,0,1.0,0.4660166666666667,0.5759,risque_moyen
868,business,,new york,automne,15,appartement,1258.72,nuageux,culture,2,météo,1,0,,,,0.5,0.1323921568627452,0,0.7,0.3630666666666667,0.2914,risque_eleve
870,business,7827.18,new york,printemps,21,hôtel,1035.76,nuageux,randonnée,4,météo,1,1,une expérience inoubliable.,6791.42,323.4009523809524,0.817726923076923,0.4238431372549019,0,0.7,0.3306888888888888,0.5489,risque_moyen
871,business,13432.62,rome,automne,15,hôtel,1295.06,nuageux,plage,3,météo,1,1,dans l'ensemble satisfaisant.,12137.56,809.1706666666668,1.0,0.0,0,0.7,0.4660166666666667,0.5399,risque_moyen
872,business,7743.57,lisbonne,hiver,12,appartement,1113.85,ensoleillé,randonnée,1,aucun,0,1,très mauvaise expérience.,6629.719999999999,552.4766666666666,1.0,0.0,0,1.0,0.3659111111111111,0.4439,risque_moyen
874,solo,7832.12,lisbonne,printemps,9,hôtel,,ensoleillé,gastronomie,2,aucun,0,1,je ne recommande pas.,,,1.0,0.5,0,1.0,0.4363388888888889,0.6624,risque_faible
875,famille,6708.81,paris,été,17,appartement,1079.42,nuageux,plage,5,bagages,0,1,très bon rapport qualité-prix.,5629.39,331.14058823529416,1.0,0.0,1,0.7,0.5546333333333333,0.7306,risque_faible
876,solo,10409.55,new york,automne,18,villa,,ensoleillé,plage,3,aucun,0,1,dans l'ensemble satisfaisant.,,,1.0,0.5,0,1.0,0.3630666666666667,0.5336,risque_moyen
877,couple,9371.56,lisbonne,printemps,17,appartement,1278.75,variable,culture,2,aucun,0,1,de nombreux problèmes rencontrés.,8092.809999999999,476.0476470588235,1.0,0.0,1,0.45,0.4363388888888889,0.5664,risque_moyen
878,famille,500.0,bali,printemps,14,hôtel,50.0,pluie,plage,1,aucun,0,0,à éviter.,450.0,32.142857142857146,0.0,1.0,1,0.25,0.5140166666666667,0.4517,risque_moyen
879,famille,9123.51,rome,été,4,hôtel,1249.03,ensoleillé,culture,1,aucun,0,1,à éviter.,7874.48,1968.62,1.0,0.0,1,1.0,0.4642444444444444,0.6357,risque_faible
880,business,2875.96,bali,été,12,appartement,,pluie,,5,météo,1,1,très bon rapport qualité-prix.,,,0.0,0.5,0,0.25,0.5497055555555554,0.186,risque_eleve
881,couple,1188.75,bali,printemps,4,appartement,793.96,variable,gastronomie,2,retard_vol,0,0,déçu par l'organisation.,394.79,98.6975,0.0,1.0,1,0.45,0.5140166666666667,0.4757,risque_moyen
882,senior,6163.7,tokyo,été,3,villa,1583.0,ensoleillé,business,5,aucun,0,1,excellent séjour.,4580.7,1526.9,0.3825868055555554,0.1026455026455027,0,1.0,0.4004166666666666,0.2937,risque_eleve
883,business,,bali,automne,11,appartement,1532.49,,plage,4,retard_vol,1,1,"très satisfait, je recommande.",,,0.5,0.2971111111111111,0,0.5,0.5225333333333333,0.3162,risque_eleve
884,couple,500.0,bali,été,13,villa,35.0,,plage,1,météo,1,0,très mauvaise expérience.,465.0,35.76923076923077,0.0,1.0,1,0.5,0.5497055555555554,0.606,risque_faible
885,business,9766.26,new york,printemps,14,,1014.07,ensoleillé,,2,bagages,0,1,déçu par l'organisation.,8752.19,625.1564285714286,1.0,0.4521960784313724,0,1.0,0.3306888888888888,0.5211,risque_moyen
886,famille,10003.31,paris,printemps,12,appartement,1037.51,pluie,culture,5,aucun,0,1,excellent séjour.,8965.8,747.15,1.0,0.0,1,0.25,0.3504166666666666,0.6521,risque_faible
887,senior,7113.5,bali,printemps,13,appartement,1488.46,variable,business,3,bagages,0,1,séjour correct mais perfectible.,5625.04,432.6953846153846,0.746673387096774,0.3396521739130436,0,0.45,0.5140166666666667,0.5059,risque_moyen
889,business,2973.19,rome,hiver,9,resort,948.47,pluie,culture,3,bagages,0,1,dans l'ensemble satisfaisant.,2024.72,224.9688888888889,0.2654455128205128,0.0,0,0.25,0.2807999999999999,0.138,risque_eleve
890,famille,11062.61,rome,été,3,villa,1619.76,ensoleillé,gastronomie,4,aucun,0,1,une expérience inoubliable.,9442.85,3147.616666666667,1.0,0.0,1,1.0,0.4642444444444444,0.7557,risque_faible
891,solo,41000.0,rome,printemps,3,villa,1105.22,pluie,randonnée,5,aucun,0,0,une expérience inoubliable.,39894.78,13298.26,1.0,0.0,1,0.25,0.4113722222222222,0.5394,risque_moyen
892,solo,11218.07,paris,automne,14,hôtel,1591.94,,plage,4,retard_vol,1,1,"très satisfait, je recommande.",9626.13,687.5807142857142,1.0,0.0,0,0.5,0.3681277777777778,0.5042,risque_moyen
893,senior,6257.59,new york,printemps,6,appartement,743.23,nuageux,business,4,retard_vol,1,1,une expérience inoubliable.,5514.360000000001,919.06,0.5158826923076922,0.8062352941176469,0,0.7,0.3306888888888888,0.5333,risque_moyen
894,solo,6537.4,paris,hiver,14,hôtel,1256.87,ensoleillé,plage,2,retard_vol,0,1,très mauvaise expérience.,5280.53,377.1807142857143,1.0,0.0,0,1.0,0.17495,0.541,risque_moyen
895,solo,500.0,bali,automne,15,hôtel,,pluie,business,2,bagages,0,0,je ne recommande pas.,,,0.0,0.5,0,0.25,0.5225333333333333,0.3027,risque_eleve
896,couple,6332.15,lisbonne,automne,7,,1125.97,,culture,1,retard_vol,1,1,à éviter.,5206.179999999999,743.7399999999999,1.0,0.0,1,0.5,0.5109277777777776,0.5813,risque_moyen
897,couple,9399.2,lisbonne,printemps,13,,1047.25,ensoleillé,culture,4,aucun,0,1,"parfait, rien à redire.",8351.95,642.4576923076924,1.0,0.0,1,1.0,0.4363388888888889,0.6324,risque_faible
898,solo,1532.92,rome,printemps,7,villa,805.04,ensoleillé,culture,1,météo,1,0,de nombreux problèmes rencontrés.,727.8800000000001,103.98285714285716,0.0,0.0,1,1.0,0.4113722222222222,0.3494,risque_eleve
899,solo,,bali,hiver,3,villa,1408.07,ensoleillé,,5,aucun,0,1,une expérience inoubliable.,,,0.5,0.4173236714975846,0,1.0,0.5211222222222222,0.3977,risque_eleve
900,famille,7283.08,tokyo,été,11,villa,911.61,pluie,plage,4,aucun,0,1,très bon rapport qualité-prix.,6371.47,579.2245454545455,0.5769236111111111,0.8131111111111111,1,0.25,0.4004166666666666,0.6859,risque_faible
901,senior,4327.09,lisbonne,été,8,resort,1092.59,,,5,aucun,0,1,très bon rapport qualité-prix.,3234.5,404.3125,0.903341911764706,0.0,0,0.5,0.5779666666666666,0.3823,risque_eleve
902,senior,10371.75,sydney,printemps,8,resort,787.15,variable,culture,4,annulation,1,1,"parfait, rien à redire.",9584.6,1198.075,0.9330859375,1.0,1,0.45,0.51555,0.7371,risque_faible
904,solo,8322.51,rome,été,3,hôtel,1427.51,variable,plage,3,retard_vol,0,1,dans l'ensemble satisfaisant.,6895.0,2298.333333333333,1.0,0.0,0,0.45,0.4642444444444444,0.5097,risque_moyen
905,famille,13456.8,tokyo,automne,12,villa,,variable,plage,3,météo,1,1,séjour mitigé.,,,1.0,0.5,1,0.45,0.3977388888888888,0.7717,risque_faible
906,business,12732.73,lisbonne,été,5,appartement,808.69,ensoleillé,,2,retard_vol,0,1,je ne recommande pas.,11924.04,2384.808,1.0,0.0,0,1.0,0.5779666666666666,0.4694,risque_moyen
907,couple,8496.48,lisbonne,été,14,resort,1529.62,pluie,plage,1,annulation,1,1,de nombreux problèmes rencontrés.,6966.86,497.6328571428571,1.0,0.0,1,0.25,0.5779666666666666,0.6794,risque_faible
908,business,5707.02,paris,hiver,11,villa,,ensoleillé,plage,1,bagages,0,1,à éviter.,,,1.0,0.5,0,1.0,0.17495,0.511,risque_moyen
909,business,4359.17,new york,printemps,12,appartement,821.81,nuageux,business,3,retard_vol,1,1,dans l'ensemble satisfaisant.,3537.36,294.78000000000003,0.150801923076923,0.7035163398692811,1,0.7,0.3306888888888888,0.4725,risque_moyen
910,business,5702.0,rome,printemps,5,hôtel,645.75,variable,randonnée,4,annulation,1,1,excellent séjour.,5056.25,1011.25,1.0,0.1833333333333333,0,0.45,0.4113722222222222,0.5364,risque_moyen
912,senior,3667.58,lisbonne,automne,15,appartement,728.16,variable,business,2,météo,0,1,déçu par l'organisation.,2939.42,195.96133333333333,0.6608749999999999,0.0,0,0.45,0.5109277777777776,0.4204,risque_moyen
913,couple,9979.45,tokyo,automne,35,villa,951.08,nuageux,plage,4,bagages,0,1,"très satisfait, je recommande.",9028.37,257.9534285714286,1.0,0.7713439153439152,1,0.7,0.3977388888888888,0.8506,risque_faible
914,famille,15529.17,paris,automne,12,hôtel,1317.5,nuageux,culture,4,météo,0,1,excellent séjour.,14211.67,1184.305833333333,1.0,0.0,1,0.7,0.3681277777777778,0.5882,risque_moyen
915,solo,6674.36,new york,automne,5,villa,1017.39,nuageux,culture,4,météo,1,1,très bon rapport qualité-prix.,5656.969999999999,1131.3939999999998,0.5960307692307689,0.447856209150327,1,0.7,0.3630666666666667,0.5551,risque_moyen
917,senior,1499.3,sydney,hiver,21,villa,924.15,ensoleillé,plage,1,retard_vol,0,0,,575.15,27.38809523809524,0.0,0.9879059829059827,0,1.0,0.5683611111111111,0.366,risque_eleve
918,senior,10056.67,bali,hiver,10,resort,1135.47,nuageux,plage,1,retard_vol,1,1,à éviter.,8921.2,892.1200000000001,1.0,0.6807053140096618,0,0.7,0.5211222222222222,0.5491,risque_moyen
919,couple,6682.98,lisbonne,printemps,17,hôtel,1632.8,ensoleillé,plage,2,retard_vol,1,1,déçu par l'organisation.,5050.179999999999,297.0694117647058,1.0,0.0,1,1.0,0.4363388888888889,0.7524,risque_faible
920,senior,10461.14,bali,été,6,villa,1024.61,variable,culture,1,météo,1,1,très mauvaise expérience.,9436.53,1572.755,1.0,0.787816425120773,1,0.45,0.5497055555555554,0.7218,risque_faible
921,couple,4771.32,rome,hiver,10,,1221.03,ensoleillé,business,2,météo,1,1,de nombreux problèmes rencontrés.,3550.29,355.029,0.8417692307692306,0.0,0,1.0,0.2807999999999999,0.3894,risque_eleve
922,solo,10274.74,bali,automne,13,appartement,698.44,ensoleillé,culture,2,bagages,0,1,déçu par l'organisation.,9576.3,736.6384615384615,1.0,1.0,1,1.0,0.5225333333333333,0.9427,risque_faible
924,senior,3969.08,bali,été,6,hôtel,990.11,ensoleillé,business,2,aucun,0,1,à éviter.,2978.97,496.495,0.1127177419354838,0.8211497584541062,0,1.0,0.5497055555555554,0.4853,risque_moyen
925,couple,5306.37,new york,hiver,6,villa,1399.54,variable,,5,aucun,0,1,très bon rapport qualité-prix.,3906.83,651.1383333333333,0.3329557692307691,0.0,0,0.45,0.1832,0.2892,risque_eleve
926,famille,2095.08,rome,printemps,15,villa,1084.99,,plage,4,retard_vol,0,0,excellent séjour.,1010.09,67.33933333333333,0.0,0.0,1,0.5,0.4113722222222222,0.4094,risque_moyen
927,solo,14949.08,rome,hiver,16,villa,,ensoleillé,business,3,retard_vol,1,1,dans l'ensemble satisfaisant.,,,1.0,0.5,0,1.0,0.2807999999999999,0.5237,risque_moyen
929,senior,9523.97,paris,été,19,villa,996.75,,plage,5,aucun,0,1,"parfait, rien à redire.",8527.22,448.8010526315789,1.0,0.0,0,0.5,0.5546333333333333,0.4066,risque_moyen
930,business,4758.27,lisbonne,automne,11,appartement,,pluie,gastronomie,2,bagages,0,1,déçu par l'organisation.,,,1.0,0.5,0,0.25,0.5109277777777776,0.4613,risque_moyen
931,senior,2680.52,lisbonne,printemps,8,villa,914.59,variable,business,2,retard_vol,1,1,à éviter.,1765.9299999999998,220.74125,0.2979852941176469,0.0,0,0.45,0.4363388888888889,0.1898,risque_eleve
932,senior,5980.53,paris,printemps,17,villa,1326.49,pluie,plage,3,retard_vol,0,1,séjour mitigé.,4654.04,273.7670588235294,1.0,0.0,0,0.25,0.3504166666666666,0.3521,risque_eleve
933,solo,11366.21,dubaï,printemps,13,villa,1013.42,pluie,gastronomie,5,retard_vol,1,1,une expérience inoubliable.,10352.79,796.3684615384615,1.0,0.1691746031746034,0,0.25,0.6816444444444444,0.4222,risque_moyen
934,couple,4823.37,dubaï,automne,5,resort,1211.68,ensoleillé,,1,aucun,0,1,très mauvaise expérience.,3611.69,722.338,0.3008954918032785,0.0,0,1.0,0.6703277777777777,0.4047,risque_moyen
935,business,3412.27,lisbonne,automne,5,hôtel,994.19,pluie,plage,3,météo,1,1,dans l'ensemble satisfaisant.,2418.08,483.616,0.5670110294117647,0.0,0,0.25,0.5109277777777776,0.3701,risque_eleve
936,business,7551.14,bali,printemps,12,resort,1131.39,variable,plage,2,météo,1,1,déçu par l'organisation.,6419.75,534.9791666666666,0.8349072580645162,0.684647342995169,0,0.45,0.5140166666666667,0.4727,risque_moyen
937,solo,8937.06,bali,automne,9,appartement,829.98,pluie,culture,2,météo,1,1,de nombreux problèmes rencontrés.,8107.08,900.7866666666666,1.0,0.9758647342995168,1,0.25,0.5225333333333333,0.8484,risque_faible
938,famille,13551.25,tokyo,hiver,10,appartement,,pluie,business,3,retard_vol,1,1,séjour correct mais perfectible.,,,1.0,0.5,0,0.25,0.1438499999999999,0.5373,risque_moyen
939,business,8351.03,lisbonne,automne,15,appartement,1129.84,nuageux,plage,2,météo,0,1,je ne recommande pas.,7221.19,481.4126666666667,1.0,0.0,0,0.7,0.5109277777777776,0.4253,risque_moyen
940,couple,9521.87,dubaï,hiver,14,appartement,973.24,pluie,randonnée,4,aucun,0,1,"parfait, rien à redire.",8548.630000000001,610.6164285714286,1.0,0.232952380952381,0,0.25,0.42075,0.4024,risque_moyen
941,senior,9825.56,new york,printemps,17,villa,1103.25,variable,plage,5,aucun,0,1,excellent séjour.,8722.31,513.0770588235293,1.0,0.3356209150326799,0,0.45,0.3306888888888888,0.4341,risque_moyen
942,couple,2272.74,rome,automne,3,villa,1153.91,ensoleillé,plage,5,aucun,0,0,une expérience inoubliable.,1118.8299999999997,372.9433333333332,0.0409423076923075,0.0,1,1.0,0.4660166666666667,0.4874,risque_moyen
943,famille,3037.92,dubaï,hiver,11,resort,952.82,ensoleillé,culture,2,aucun,0,1,,2085.1,189.55454545454543,0.0,0.2653650793650792,1,1.0,0.42075,0.5183,risque_moyen
944,senior,2551.56,lisbonne,printemps,13,villa,1083.49,nuageux,culture,1,retard_vol,1,0,très mauvaise expérience.,1468.07,112.92846153846152,0.2505735294117646,0.0,1,0.7,0.4363388888888889,0.3865,risque_eleve
945,famille,1550.12,tokyo,printemps,3,villa,848.51,nuageux,culture,4,aucun,0,0,une expérience inoubliable.,701.6099999999999,233.87,0.0,0.8798835978835979,1,0.7,0.3183611111111111,0.5806,risque_moyen
946,couple,10132.89,new york,printemps,7,appartement,1746.66,pluie,gastronomie,3,bagages,0,1,dans l'ensemble satisfaisant.,8386.23,1198.032857142857,1.0,0.0,1,0.25,0.3306888888888888,0.5297,risque_moyen
947,business,8094.06,tokyo,été,6,,1401.84,,culture,4,aucun,0,1,excellent séjour.,6692.22,1115.37,0.7177187500000001,0.2943492063492064,0,0.5,0.4004166666666666,0.362,risque_eleve
948,senior,7244.69,new york,automne,10,villa,1191.19,nuageux,plage,3,aucun,0,1,dans l'ensemble satisfaisant.,6053.5,605.35,0.7057096153846151,0.2206666666666668,0,0.7,0.3630666666666667,0.3649,risque_eleve
950,couple,15215.79,dubaï,printemps,20,villa,587.56,pluie,business,5,météo,1,1,très bon rapport qualité-prix.,14628.23,731.4115,1.0,0.8451428571428572,0,0.25,0.6816444444444444,0.6639,risque_faible
952,senior,15201.01,tokyo,printemps,13,villa,1010.99,pluie,business,4,bagages,0,1,une expérience inoubliable.,14190.02,1091.54,1.0,0.7079470899470899,0,0.25,0.3183611111111111,0.4756,risque_moyen
953,solo,1077.76,bali,printemps,13,resort,748.54,pluie,business,4,bagages,0,0,excellent séjour.,329.22,25.324615384615388,0.0,1.0,0,0.25,0.5140166666666667,0.2717,risque_eleve
954,famille,3646.77,bali,hiver,12,appartement,1054.59,,culture,4,retard_vol,1,1,une expérience inoubliable.,2592.1800000000003,216.015,0.047735887096774,0.7588502415458939,1,0.5,0.5211222222222222,0.5725,risque_moyen
956,couple,8384.81,bali,automne,11,villa,1364.67,nuageux,gastronomie,1,retard_vol,1,1,à éviter.,7020.139999999999,638.1945454545454,1.0,0.459256038647343,1,0.7,0.5225333333333333,0.8094,risque_faible
957,famille,2481.53,paris,automne,18,hôtel,812.95,pluie,plage,4,bagages,0,1,une expérience inoubliable.,1668.5800000000002,92.6988888888889,0.0510505952380951,0.0,1,0.25,0.3681277777777778,0.2685,risque_eleve
958,business,2595.52,tokyo,été,15,appartement,1225.1,,plage,3,bagages,0,0,séjour correct mais perfectible.,1370.42,91.36133333333332,0.0,0.4813756613756614,0,0.5,0.4004166666666666,0.1947,risque_eleve
959,famille,1387.28,rome,été,5,villa,1121.86,ensoleillé,plage,4,aucun,0,0,très bon rapport qualité-prix.,265.4200000000001,53.08400000000002,0.0,0.0,1,1.0,0.4642444444444444,0.4757,risque_moyen
960,solo,10059.85,bali,été,14,resort,1211.13,nuageux,plage,4,météo,1,1,excellent séjour.,8848.720000000001,632.0514285714287,1.0,0.6076038647342994,0,0.7,0.5497055555555554,0.5393,risque_moyen
961,business,9794.04,sydney,été,14,villa,978.7,variable,randonnée,3,météo,0,1,"quelques imprévus, globalement bien.",8815.34,629.6671428571428,0.8428187500000001,0.9412820512820512,0,0.45,0.3825888888888888,0.5053,risque_moyen
962,business,14233.74,rome,printemps,11,appartement,1488.68,pluie,culture,2,aucun,0,1,de nombreux problèmes rencontrés.,12745.06,1158.641818181818,1.0,0.0,0,0.25,0.4113722222222222,0.3594,risque_eleve
965,business,1722.82,new york,automne,11,,906.18,ensoleillé,plage,4,météo,1,0,très bon rapport qualité-prix.,816.64,74.24,0.0,0.5932287581699346,0,1.0,0.3630666666666667,0.2703,risque_eleve
966,business,5572.45,rome,été,11,villa,1317.08,pluie,culture,3,aucun,0,1,"quelques imprévus, globalement bien.",4255.37,386.85181818181815,1.0,0.0,0,0.25,0.4642444444444444,0.3657,risque_eleve
967,famille,4830.98,bali,automne,3,resort,1102.01,variable,randonnée,3,météo,1,1,séjour mitigé.,3728.9699999999993,1242.9899999999998,0.2864879032258063,0.7130338164251209,0,0.45,0.5225333333333333,0.4453,risque_moyen
968,famille,8797.59,new york,hiver,9,appartement,1030.17,pluie,plage,5,aucun,0,1,excellent séjour.,7767.42,863.0466666666666,1.0,0.4311503267973855,1,0.25,0.1832,0.7096,risque_faible
969,senior,11026.67,new york,été,7,appartement,1287.46,pluie,randonnée,2,météo,1,1,de nombreux problèmes rencontrés.,9739.21,1391.3157142857142,1.0,0.0948235294117647,0,0.25,0.4609944444444444,0.5024,risque_moyen
970,solo,10921.96,rome,printemps,4,villa,1037.82,nuageux,randonnée,2,aucun,0,1,très mauvaise expérience.,9884.14,2471.035,1.0,0.0,1,0.7,0.4113722222222222,0.5934,risque_moyen
971,couple,3524.1,tokyo,printemps,17,hôtel,404.59,nuageux,randonnée,4,bagages,0,1,une expérience inoubliable.,3119.51,183.5005882352941,0.0,1.0,0,0.7,0.3183611111111111,0.4222,risque_moyen
972,solo,10951.82,new york,hiver,12,resort,297.15,variable,culture,5,aucun,0,1,très bon rapport qualité-prix.,10654.67,887.8891666666667,1.0,1.0,1,0.45,0.1832,0.716,risque_faible
973,business,6746.16,bali,hiver,10,villa,1459.01,pluie,culture,3,retard_vol,1,1,dans l'ensemble satisfaisant.,5287.15,528.7149999999999,0.6726129032258062,0.3681062801932369,0,0.25,0.5211222222222222,0.3471,risque_eleve
974,senior,5614.58,new york,automne,7,appartement,1447.71,nuageux,culture,3,aucun,0,1,peut mieux faire sur la logistique.,4166.87,595.2671428571429,0.392226923076923,0.0,1,0.7,0.3630666666666667,0.5374,risque_moyen
975,couple,4065.86,paris,printemps,11,appartement,1623.81,nuageux,plage,2,aucun,0,0,de nombreux problèmes rencontrés.,2442.05,222.00454545454548,0.5225773809523809,0.0,1,0.7,0.3504166666666666,0.4524,risque_moyen
976,senior,4665.22,bali,été,15,hôtel,1113.3,ensoleillé,culture,3,aucun,0,1,"quelques imprévus, globalement bien.",3551.92,236.79466666666667,0.2530685483870967,0.7021256038647343,1,1.0,0.5497055555555554,0.6832,risque_faible
977,famille,13952.49,sydney,été,6,resort,771.57,ensoleillé,culture,1,aucun,0,1,à éviter.,13180.92,2196.82,1.0,1.0,1,1.0,0.3825888888888888,0.9259,risque_faible
978,solo,,rome,printemps,10,villa,1005.55,ensoleillé,,4,aucun,0,1,une expérience inoubliable.,,,0.5,0.0,0,1.0,0.4113722222222222,0.3094,risque_eleve
979,business,,new york,été,14,hôtel,1121.06,nuageux,culture,2,météo,1,1,à éviter.,,,0.5,0.3123398692810458,0,0.7,0.4609944444444444,0.4555,risque_moyen
980,famille,5866.1,tokyo,hiver,3,appartement,848.11,variable,gastronomie,2,retard_vol,1,1,je ne recommande pas.,5017.990000000001,1672.6633333333336,0.3309201388888889,0.8803068783068783,1,0.45,0.1438499999999999,0.6224,risque_faible
981,famille,16791.08,bali,automne,10,villa,1559.82,nuageux,gastronomie,4,aucun,0,1,"parfait, rien à redire.",15231.260000000002,1523.1260000000002,1.0,0.2707053140096619,1,0.7,0.5225333333333333,0.7754,risque_faible
982,solo,12188.41,lisbonne,automne,8,hôtel,1718.19,ensoleillé,plage,5,météo,1,1,très bon rapport qualité-prix.,10470.22,1308.7775,1.0,0.0,0,1.0,0.5109277777777776,0.5813,risque_moyen
983,senior,4015.24,bali,automne,9,villa,1246.18,ensoleillé,gastronomie,2,retard_vol,1,1,très mauvaise expérience.,2769.0599999999995,307.6733333333333,0.122024193548387,0.5737391304347826,1,1.0,0.5225333333333333,0.5001,risque_moyen
984,business,5820.24,rome,été,7,resort,1115.09,nuageux,plage,5,météo,1,1,"très satisfait, je recommande.",4705.15,672.1642857142857,1.0,0.0,0,0.7,0.4642444444444444,0.4197,risque_moyen
985,senior,6059.74,lisbonne,hiver,11,villa,770.95,variable,plage,3,météo,1,1,peut mieux faire sur la logistique.,5288.79,480.7990909090909,1.0,0.0,0,0.45,0.3659111111111111,0.3779,risque_eleve
986,business,7512.45,dubaï,automne,20,villa,1532.44,nuageux,,5,aucun,0,1,"très satisfait, je recommande.",5980.01,299.0005,0.851936475409836,0.0,0,0.7,0.6703277777777777,0.403,risque_moyen
987,solo,4095.25,dubaï,printemps,8,villa,1138.45,pluie,business,2,météo,1,1,très mauvaise expérience.,2956.8,369.6,0.1516905737704917,0.0,0,0.25,0.6816444444444444,0.1543,risque_eleve
988,business,8694.19,paris,hiver,11,hôtel,1040.5,variable,randonnée,5,météo,1,1,excellent séjour.,7653.69,695.7900000000001,1.0,0.0,0,0.45,0.17495,0.475,risque_moyen
989,famille,12781.72,rome,printemps,20,appartement,1246.95,ensoleillé,randonnée,4,bagages,0,1,très bon rapport qualité-prix.,11534.77,576.7384999999999,1.0,0.0,0,1.0,0.4113722222222222,0.5694,risque_moyen
990,famille,1624.82,new york,automne,7,villa,961.03,pluie,randonnée,4,bagages,0,0,très bon rapport qualité-prix.,663.79,94.82714285714285,0.0,0.521529411764706,0,0.25,0.3630666666666667,0.2874,risque_eleve
991,senior,2373.06,rome,été,19,resort,,variable,business,3,bagages,0,0,séjour correct mais perfectible.,,,0.0730961538461537,0.5,0,0.45,0.4642444444444444,0.2202,risque_eleve
992,business,4974.94,rome,automne,10,resort,731.42,nuageux,culture,3,météo,1,1,séjour mitigé.,4243.52,424.352,0.9070320512820512,0.0,0,0.7,0.4660166666666667,0.3939,risque_eleve
993,couple,5161.97,sydney,automne,19,hôtel,1409.34,ensoleillé,business,3,aucun,0,1,séjour correct mais perfectible.,3752.63,197.5068421052632,0.1190578124999999,0.5732136752136754,0,1.0,0.5032777777777777,0.4369,risque_moyen
995,business,10964.89,paris,automne,11,villa,1428.56,variable,plage,4,météo,1,1,"très satisfait, je recommande.",9536.33,866.9390909090909,1.0,0.0,0,0.45,0.3681277777777778,0.3782,risque_eleve
996,senior,10733.4,paris,printemps,10,appartement,1064.1,nuageux,culture,1,aucun,0,1,je ne recommande pas.,9669.3,966.93,1.0,0.0,1,0.7,0.3504166666666666,0.7061,risque_faible
997,business,5857.55,tokyo,été,7,,1081.5,pluie,randonnée,4,aucun,0,1,très bon rapport qualité-prix.,4776.05,682.2928571428572,0.3294357638888888,0.6333333333333333,0,0.25,0.4004166666666666,0.2843,risque_eleve
998,solo,5769.01,new york,hiver,10,appartement,,ensoleillé,culture,5,météo,0,1,"parfait, rien à redire.",,,0.4219249999999999,0.5,1,1.0,0.1832,0.6501,risque_faible
1000,solo,10077.54,rome,printemps,10,appartement,883.27,nuageux,gastronomie,4,aucun,0,1,excellent séjour.,9194.27,919.427,1.0,0.0,0,0.7,0.4113722222222222,0.5334,risque_moyen
1001,business,8904.91,rome,hiver,8,appartement,987.64,ensoleillé,business,2,retard_vol,1,1,à éviter.,7917.269999999999,989.65875,1.0,0.0,1,1.0,0.2807999999999999,0.6137,risque_faible
1002,senior,12111.71,new york,printemps,9,hôtel,1118.28,pluie,culture,4,météo,1,1,"très satisfait, je recommande.",10993.429999999998,1221.4922222222222,1.0,0.3159738562091504,1,0.25,0.3306888888888888,0.7066,risque_faible
1003,solo,6073.51,bali,hiver,15,villa,1150.49,variable,randonnée,3,annulation,1,1,peut mieux faire sur la logistique.,4923.02,328.20133333333337,0.5369979838709678,0.6661932367149758,1,0.45,0.5211222222222222,0.5668,risque_moyen
1004,couple,6352.06,new york,hiver,16,villa,660.77,variable,gastronomie,2,météo,1,1,déçu par l'organisation.,5691.290000000001,355.70562500000005,0.53405,0.9140261437908496,1,0.45,0.1832,0.69,risque_faible
1005,couple,7609.96,lisbonne,été,7,resort,1056.14,ensoleillé,plage,2,retard_vol,0,1,de nombreux problèmes rencontrés.,6553.82,936.26,1.0,0.0,1,1.0,0.5779666666666666,0.7694,risque_faible
1006,business,10521.91,new york,printemps,7,appartement,1331.12,ensoleillé,culture,3,aucun,0,1,peut mieux faire sur la logistique.,9190.79,1312.97,1.0,0.0377516339869283,0,1.0,0.3306888888888888,0.4465,risque_moyen
1008,famille,9893.25,lisbonne,printemps,18,villa,1057.77,variable,randonnée,2,aucun,0,1,de nombreux problèmes rencontrés.,8835.48,490.86,1.0,0.0,0,0.45,0.4363388888888889,0.5064,risque_moyen
1009,famille,6841.32,paris,été,16,villa,,nuageux,culture,2,aucun,0,1,je ne recommande pas.,,,1.0,0.5,1,0.7,0.5546333333333333,0.8206,risque_faible
1010,business,2653.46,lisbonne,printemps,4,villa,1084.24,pluie,plage,2,retard_vol,1,0,à éviter.,1569.22,392.305,0.2880367647058823,0.0,0,0.25,0.4363388888888889,0.163,risque_eleve
1011,famille,,new york,été,9,resort,841.82,nuageux,plage,3,météo,0,0,"quelques imprévus, globalement bien.",,,0.5,0.677359477124183,1,0.7,0.4609944444444444,0.7012,risque_faible
1012,senior,6373.47,new york,été,5,hôtel,,nuageux,culture,4,aucun,0,1,"très satisfait, je recommande.",,,0.5381673076923077,0.5,1,0.7,0.4609944444444444,0.68,risque_faible
1013,couple,12764.07,lisbonne,été,9,hôtel,1384.41,ensoleillé,plage,5,bagages,0,1,excellent séjour.,11379.66,1264.4066666666668,1.0,0.0,1,1.0,0.5779666666666666,0.7694,risque_faible
1014,famille,13679.68,new york,automne,18,hôtel,836.28,ensoleillé,gastronomie,3,aucun,0,1,dans l'ensemble satisfaisant.,12843.4,713.5222222222222,1.0,0.6846013071895425,1,1.0,0.3630666666666667,0.7468,risque_faible
1015,senior,8357.59,tokyo,printemps,3,hôtel,1017.64,ensoleillé,randonnée,2,retard_vol,1,1,déçu par l'organisation.,7339.95,2446.65,0.763470486111111,0.7009100529100529,0,1.0,0.3183611111111111,0.6181,risque_faible
1016,couple,14838.73,bali,hiver,3,hôtel,747.72,variable,plage,1,retard_vol,1,1,de nombreux problèmes rencontrés.,14091.01,4697.003333333333,1.0,1.0,1,0.45,0.5211222222222222,0.8765,risque_faible
1018,couple,10769.63,new york,automne,11,hôtel,1093.25,ensoleillé,culture,3,météo,1,1,séjour mitigé.,9676.38,879.670909090909,1.0,0.3486928104575164,1,1.0,0.3630666666666667,0.8063,risque_faible
1019,famille,5103.73,rome,hiver,13,hôtel,890.15,pluie,,2,aucun,0,1,de nombreux problèmes rencontrés.,4213.58,324.1215384615385,0.9483108974358972,0.0,0,0.25,0.2807999999999999,0.3292,risque_eleve
1020,famille,4848.11,dubaï,printemps,12,villa,1142.73,ensoleillé,plage,2,retard_vol,1,1,très mauvaise expérience.,3705.38,308.78166666666664,0.3059651639344261,0.0,1,1.0,0.6816444444444444,0.5875,risque_moyen
1021,famille,,new york,automne,16,appartement,795.44,ensoleillé,business,4,météo,1,1,une expérience inoubliable.,,,0.5,0.737986928104575,0,1.0,0.3630666666666667,0.5564,risque_moyen
1024,business,4335.65,tokyo,été,8,villa,832.1,pluie,culture,1,bagages,0,1,déçu par l'organisation.,3503.55,437.94375,0.0652170138888887,0.8972486772486773,0,0.25,0.4004166666666666,0.2578,risque_eleve
1025,business,3691.0,paris,été,14,appartement,1481.77,variable,culture,2,annulation,1,0,déçu par l'organisation.,2209.23,157.80214285714283,0.4110119047619047,0.0,0,0.45,0.5546333333333333,0.2356,risque_eleve
1026,solo,2163.99,paris,printemps,3,appartement,921.52,ensoleillé,business,3,bagages,0,0,peut mieux faire sur la logistique.,1242.4699999999998,414.1566666666666,0.0,0.0,0,1.0,0.3504166666666666,0.282,risque_eleve
1027,couple,6099.61,tokyo,automne,10,,1242.95,variable,gastronomie,5,retard_vol,1,1,"très satisfait, je recommande.",4856.66,485.666,0.3714600694444443,0.4624867724867725,1,0.45,0.3977388888888888,0.469,risque_moyen
1028,solo,14037.93,paris,printemps,11,appartement,893.87,variable,culture,1,retard_vol,1,1,déçu par l'organisation.,13144.06,1194.9145454545453,1.0,0.0,1,0.45,0.3504166666666666,0.6761,risque_faible
1029,senior,15370.3,bali,automne,16,resort,1321.56,variable,randonnée,1,météo,1,1,je ne recommande pas.,14048.74,878.04625,1.0,0.5009082125603866,0,0.45,0.5225333333333333,0.4869,risque_moyen
1031,famille,5494.16,bali,été,10,hôtel,1128.51,pluie,culture,5,aucun,0,1,très bon rapport qualité-prix.,4365.65,436.565,0.4201935483870966,0.6874299516908213,1,0.25,0.5497055555555554,0.5174,risque_moyen
1032,couple,2751.4,lisbonne,été,4,villa,1132.16,pluie,plage,3,météo,1,0,séjour mitigé.,1619.24,404.81,0.3240441176470587,0.0,1,0.25,0.5779666666666666,0.4901,risque_moyen
1033,couple,10910.95,lisbonne,été,12,resort,1741.85,pluie,randonnée,5,retard_vol,1,1,"très satisfait, je recommande.",9169.1,764.0916666666667,1.0,0.0,0,0.25,0.5779666666666666,0.4994,risque_moyen
1034,couple,8080.12,new york,automne,14,hôtel,1286.95,ensoleillé,plage,3,retard_vol,1,1,peut mieux faire sur la logistique.,6793.17,485.2264285714286,0.8663692307692306,0.0954901960784313,1,1.0,0.3630666666666667,0.7233,risque_faible
1035,solo,4356.08,lisbonne,printemps,16,resort,959.1,variable,plage,1,aucun,0,1,déçu par l'organisation.,3396.98,212.31125,0.9139999999999998,0.0,0,0.45,0.4363388888888889,0.3623,risque_eleve
1036,solo,7216.76,lisbonne,été,7,villa,1301.59,pluie,culture,3,météo,1,1,"quelques imprévus, globalement bien.",5915.17,845.0242857142857,1.0,0.0,1,0.25,0.5779666666666666,0.5594,risque_moyen
1037,famille,4998.09,bali,printemps,15,resort,1691.03,variable,culture,4,météo,0,1,"parfait, rien à redire.",3307.0600000000004,220.4706666666667,0.3201794354838709,0.1439323671497586,1,0.45,0.5140166666666667,0.5312,risque_moyen
1038,solo,13435.87,dubaï,printemps,17,villa,681.26,nuageux,gastronomie,3,annulation,1,1,séjour correct mais perfectible.,12754.61,750.2711764705882,1.0,0.6964126984126984,0,0.7,0.6816444444444444,0.5712,risque_moyen
1039,solo,9130.43,rome,printemps,3,villa,892.21,ensoleillé,plage,1,météo,1,1,à éviter.,8238.220000000001,2746.0733333333337,1.0,0.0,0,1.0,0.4113722222222222,0.4494,risque_moyen
1040,famille,9626.07,dubaï,hiver,13,hôtel,1054.51,,gastronomie,1,annulation,0,1,je ne recommande pas.,8571.56,659.3507692307692,1.0,0.103952380952381,1,0.5,0.42075,0.5892,risque_moyen
1042,famille,6654.57,paris,été,9,resort,1028.82,nuageux,culture,2,annulation,1,1,de nombreux problèmes rencontrés.,5625.75,625.0833333333334,1.0,0.0,1,0.7,0.5546333333333333,0.7306,risque_faible
1043,senior,41000.0,bali,été,4,hôtel,768.47,nuageux,culture,3,aucun,0,1,dans l'ensemble satisfaisant.,40231.53,10057.8825,1.0,1.0,1,0.7,0.5497055555555554,0.91,risque_faible
1044,famille,12273.6,lisbonne,été,15,villa,1494.26,ensoleillé,,2,bagages,0,1,de nombreux problèmes rencontrés.,10779.34,718.6226666666666,1.0,0.0,0,1.0,0.5779666666666666,0.5894,risque_moyen
1046,senior,41000.0,rome,printemps,9,resort,1064.34,nuageux,business,4,météo,0,1,"parfait, rien à redire.",39935.66,4437.295555555556,1.0,0.0,0,0.7,0.4113722222222222,0.4134,risque_moyen
1047,senior,2077.07,rome,printemps,10,appartement,1398.28,variable,culture,1,météo,0,0,très mauvaise expérience.,678.7900000000002,67.87900000000002,0.0,0.0,1,0.45,0.4113722222222222,0.4034,risque_moyen
1049,business,,lisbonne,automne,7,appartement,855.52,ensoleillé,gastronomie,2,météo,1,1,à éviter.,,,0.5,0.0,0,1.0,0.5109277777777776,0.3213,risque_eleve
1050,business,3826.71,dubaï,printemps,6,appartement,756.55,ensoleillé,plage,4,retard_vol,1,1,excellent séjour.,3070.16,511.6933333333333,0.0966618852459015,0.576904761904762,0,1.0,0.6816444444444444,0.3327,risque_eleve
1051,business,7061.79,tokyo,été,10,appartement,1056.36,nuageux,business,4,bagages,0,1,excellent séjour.,6005.43,600.543,0.5385052083333333,0.659936507936508,1,0.7,0.4004166666666666,0.5816,risque_moyen
1053,solo,2547.27,paris,printemps,21,hôtel,1173.0,pluie,,2,retard_vol,1,0,à éviter.,1374.27,65.44142857142857,0.0706160714285714,0.0,0,0.25,0.3504166666666666,0.2118,risque_eleve
1054,solo,7071.01,tokyo,hiver,3,villa,,variable,business,2,météo,1,1,à éviter.,,,0.5401059027777777,0.5,0,0.45,0.1438499999999999,0.3125,risque_eleve
1055,senior,,sydney,printemps,11,villa,1335.89,ensoleillé,culture,1,annulation,1,1,à éviter.,,,0.5,0.6359914529914528,1,1.0,0.51555,0.6163,risque_faible
1056,solo,,dubaï,été,4,villa,1148.97,pluie,plage,1,annulation,1,0,,,,0.5,0.0,0,0.25,0.5018666666666666,0.2302,risque_eleve
1057,solo,5386.42,tokyo,automne,15,hôtel,1168.88,ensoleillé,plage,4,météo,1,1,très bon rapport qualité-prix.,4217.54,281.1693333333333,0.247642361111111,0.5408677248677247,0,1.0,0.3977388888888888,0.4544,risque_moyen
1058,business,10997.07,new york,printemps,5,appartement,,ensoleillé,plage,1,bagages,0,1,je ne recommande pas.,,,1.0,0.5,0,1.0,0.3306888888888888,0.5297,risque_moyen
1059,couple,1068.84,tokyo,été,7,appartement,1000.67,nuageux,culture,1,météo,1,0,je ne recommande pas.,68.16999999999996,9.738571428571422,0.0,0.7188677248677249,1,0.7,0.4004166666666666,0.4414,risque_moyen
1060,famille,7848.52,new york,été,7,hôtel,923.48,ensoleillé,plage,3,annulation,1,1,séjour correct mais perfectible.,6925.040000000001,989.2914285714288,0.8218307692307691,0.5706143790849671,1,1.0,0.4609944444444444,0.6881,risque_faible
1061,solo,7190.14,new york,automne,10,resort,971.2,pluie,business,2,bagages,0,1,très mauvaise expérience.,6218.9400000000005,621.894,0.6952192307692306,0.5082352941176471,0,0.25,0.3630666666666667,0.3597,risque_eleve
1062,solo,,dubaï,été,12,appartement,1066.4,pluie,business,5,retard_vol,1,1,"très satisfait, je recommande.",,,0.5,0.0850793650793649,0,0.25,0.5018666666666666,0.3655,risque_eleve
1063,couple,5995.63,new york,printemps,12,villa,1093.62,pluie,culture,5,aucun,0,1,excellent séjour.,4902.01,408.5008333333333,0.4655057692307691,0.3482091503267976,1,0.25,0.3306888888888888,0.5627,risque_moyen
1065,solo,10372.91,tokyo,printemps,3,villa,575.81,pluie,randonnée,3,aucun,0,1,séjour mitigé.,9797.1,3265.7000000000003,1.0,1.0,1,0.25,0.3183611111111111,0.7082,risque_faible
1066,couple,1573.51,paris,automne,14,appartement,967.67,nuageux,,2,annulation,0,0,de nombreux problèmes rencontrés.,605.84,43.27428571428572,0.0,0.0,0,0.7,0.3681277777777778,0.1282,risque_eleve
1067,solo,6032.96,rome,printemps,10,villa,1214.43,ensoleillé,culture,3,météo,0,1,"quelques imprévus, globalement bien.",4818.53,481.853,1.0,0.0,1,1.0,0.4113722222222222,0.6294,risque_faible
1068,business,5085.61,new york,été,16,appartement,1154.52,ensoleillé,plage,1,retard_vol,1,1,de nombreux problèmes rencontrés.,3931.09,245.693125,0.2905019230769229,0.2686013071895425,0,1.0,0.4609944444444444,0.305,risque_eleve
1069,couple,6363.63,new york,hiver,6,appartement,1439.48,pluie,plage,3,aucun,0,1,peut mieux faire sur la logistique.,4924.15,820.6916666666666,0.536275,0.0,1,0.25,0.1832,0.3821,risque_eleve
1071,senior,9159.49,dubaï,automne,10,villa,1321.5,ensoleillé,plage,2,météo,1,1,très mauvaise expérience.,7837.99,783.799,1.0,0.0,0,1.0,0.6703277777777777,0.4804,risque_moyen
1072,solo,3903.82,bali,été,16,appartement,1488.52,pluie,gastronomie,1,retard_vol,0,0,déçu par l'organisation.,2415.3,150.95625,0.0995604838709676,0.3395942028985508,0,0.25,0.5497055555555554,0.305,risque_eleve
1073,couple,7475.44,new york,printemps,11,appartement,1323.5,pluie,culture,3,météo,0,1,"quelques imprévus, globalement bien.",6151.94,559.2672727272727,0.7500846153846152,0.0477124183006536,1,0.25,0.3306888888888888,0.4683,risque_moyen
1074,solo,12936.44,dubaï,automne,9,appartement,1576.25,variable,culture,2,aucun,0,1,très mauvaise expérience.,11360.19,1262.243333333333,1.0,0.0,1,0.45,0.6703277777777777,0.7144,risque_faible
1075,senior,3570.27,tokyo,automne,6,villa,1614.03,nuageux,culture,5,aucun,0,0,"très satisfait, je recommande.",1956.24,326.04,0.0,0.0698095238095238,1,0.7,0.3977388888888888,0.3243,risque_eleve
1076,business,7509.6,tokyo,printemps,19,hôtel,1372.91,pluie,business,5,météo,1,1,excellent séjour.,6136.6900000000005,322.98368421052635,0.6162500000000001,0.3249629629629629,1,0.25,0.3183611111111111,0.5992,risque_moyen
1077,business,6144.79,rome,été,5,appartement,1307.31,pluie,gastronomie,5,retard_vol,1,1,"très satisfait, je recommande.",4837.48,967.496,1.0,0.0,0,0.25,0.4642444444444444,0.3657,risque_eleve
1078,solo,6669.84,tokyo,été,6,appartement,1063.0,variable,business,1,retard_vol,1,1,très mauvaise expérience.,5606.84,934.4733333333334,0.4704583333333332,0.6529100529100529,0,0.45,0.4004166666666666,0.4713,risque_moyen
1080,couple,12615.02,lisbonne,printemps,3,appartement,1027.46,variable,plage,1,météo,1,1,déçu par l'organisation.,11587.56,3862.52,1.0,0.0,1,0.45,0.4363388888888889,0.5664,risque_moyen
1081,business,3800.26,new york,printemps,16,appartement,1284.5,ensoleillé,business,2,météo,1,1,très mauvaise expérience.,2515.76,157.235,0.0433192307692308,0.0986928104575163,1,1.0,0.3306888888888888,0.3696,risque_eleve
1082,couple,11063.17,bali,automne,13,villa,924.95,variable,randonnée,2,météo,0,1,déçu par l'organisation.,10138.22,779.8630769230768,1.0,0.8841062801932367,0,0.45,0.5225333333333333,0.6758,risque_faible
1083,business,4417.37,dubaï,automne,14,appartement,1066.78,ensoleillé,plage,5,retard_vol,1,1,une expérience inoubliable.,3350.59,239.32785714285717,0.2176987704918032,0.0844761904761906,0,1.0,0.6703277777777777,0.2766,risque_eleve
1084,senior,4400.71,dubaï,automne,13,hôtel,486.81,ensoleillé,plage,4,météo,1,1,"parfait, rien à redire.",3913.9,301.0692307692308,0.2142848360655737,1.0,0,1.0,0.6703277777777777,0.5604,risque_moyen
1085,famille,11817.74,bali,automne,9,hôtel,1579.79,,randonnée,1,retard_vol,1,1,déçu par l'organisation.,10237.95,1137.5500000000002,1.0,0.2514106280193237,0,0.5,0.5225333333333333,0.448,risque_moyen
1086,business,10933.33,sydney,automne,5,hôtel,,nuageux,,1,bagages,0,1,de nombreux problèmes rencontrés.,,,1.0,0.5,0,0.7,0.5032777777777777,0.6344,risque_faible
1087,famille,7765.76,paris,automne,9,hôtel,1240.1,nuageux,gastronomie,4,retard_vol,1,1,très bon rapport qualité-prix.,6525.66,725.0733333333333,1.0,0.0,1,0.7,0.3681277777777778,0.5882,risque_moyen
1088,business,9994.48,paris,automne,5,appartement,1508.69,ensoleillé,business,3,retard_vol,0,1,,8485.789999999999,1697.158,1.0,0.0,1,1.0,0.3681277777777778,0.6242,risque_faible
1089,famille,5759.98,rome,été,12,villa,1198.48,nuageux,randonnée,5,aucun,0,1,une expérience inoubliable.,4561.5,380.125,1.0,0.0,0,0.7,0.4642444444444444,0.5397,risque_moyen
1090,senior,6890.24,rome,printemps,14,villa,1505.08,nuageux,gastronomie,3,aucun,0,1,séjour mitigé.,5385.16,384.6542857142857,1.0,0.0,1,0.7,0.4113722222222222,0.5934,risque_moyen
1091,famille,4255.01,lisbonne,printemps,17,hôtel,,pluie,randonnée,2,aucun,0,1,déçu par l'organisation.,,,0.8768419117647058,0.5,0,0.25,0.4363388888888889,0.4179,risque_moyen
1092,senior,10571.0,tokyo,été,12,appartement,1760.5,variable,business,1,annulation,0,1,à éviter.,8810.5,734.2083333333334,1.0,0.0,0,0.45,0.4004166666666666,0.502,risque_moyen
1093,business,4126.77,bali,printemps,15,hôtel,1409.35,pluie,plage,3,annulation,1,1,"quelques imprévus, globalement bien.",2717.4200000000005,181.16133333333337,0.1445100806451613,0.4160869565217392,0,0.25,0.5140166666666667,0.327,risque_eleve
1094,business,12915.12,tokyo,printemps,8,villa,1174.07,ensoleillé,plage,3,aucun,0,1,séjour mitigé.,11741.05,1467.63125,1.0,0.5353756613756615,0,1.0,0.3183611111111111,0.5346,risque_moyen
1096,business,7006.73,bali,printemps,12,appartement,804.81,variable,culture,5,météo,1,1,"parfait, rien à redire.",6201.92,516.8266666666667,0.7251471774193546,1.0,0,0.45,0.5140166666666667,0.4987,risque_moyen
1097,senior,9984.71,rome,printemps,8,resort,1040.65,ensoleillé,culture,2,retard_vol,0,1,de nombreux problèmes rencontrés.,8944.06,1118.0075,1.0,0.0,1,1.0,0.4113722222222222,0.6294,risque_faible
1098,couple,7020.27,new york,automne,11,appartement,1505.06,nuageux,culture,1,retard_vol,1,1,à éviter.,5515.210000000001,501.3827272727274,0.662551923076923,0.0,1,0.7,0.3630666666666667,0.4931,risque_moyen
1099,business,5722.24,rome,automne,5,appartement,617.63,variable,culture,3,retard_vol,0,1,séjour correct mais perfectible.,5104.61,1020.922,1.0,0.2527654320987655,0,0.45,0.4660166666666667,0.4354,risque_moyen
1100,famille,6802.89,dubaï,hiver,5,villa,,variable,gastronomie,4,bagages,0,1,très bon rapport qualité-prix.,,,0.7065348360655738,0.5,1,0.45,0.42075,0.6923,risque_faible
1101,business,10529.66,rome,hiver,13,resort,1260.62,nuageux,plage,1,météo,1,1,de nombreux problèmes rencontrés.,9269.04,713.003076923077,1.0,0.0,0,0.7,0.2807999999999999,0.3977,risque_eleve
1102,couple,4250.05,dubaï,printemps,14,villa,1645.75,pluie,plage,2,retard_vol,0,0,à éviter.,2604.3,186.02142857142857,0.1834118852459015,0.0,1,0.25,0.6816444444444444,0.4632,risque_moyen
1104,solo,6965.5,rome,automne,13,villa,1549.38,pluie,randonnée,1,météo,1,1,déçu par l'organisation.,5416.12,416.62461538461537,1.0,0.0,1,0.25,0.4660166666666667,0.5459,risque_moyen
1105,solo,10411.74,paris,hiver,7,villa,968.06,ensoleillé,gastronomie,1,bagages,0,1,déçu par l'organisation.,9443.68,1349.097142857143,1.0,0.0,0,1.0,0.17495,0.421,risque_moyen
1106,solo,6521.22,lisbonne,automne,10,villa,998.2,ensoleillé,randonnée,4,aucun,0,1,"parfait, rien à redire.",5523.02,552.302,1.0,0.0,1,1.0,0.5109277777777776,0.6413,risque_faible
1107,business,14218.68,tokyo,hiver,17,resort,,pluie,culture,3,retard_vol,1,1,"quelques imprévus, globalement bien.",,,1.0,0.5,0,0.25,0.1438499999999999,0.4173,risque_moyen
1108,business,6292.52,new york,printemps,14,resort,826.46,ensoleillé,gastronomie,3,retard_vol,1,1,peut mieux faire sur la logistique.,5466.06,390.4328571428572,0.5226,0.6974379084967319,0,1.0,0.3306888888888888,0.4315,risque_moyen
1109,solo,5965.18,paris,automne,14,resort,1226.14,pluie,culture,4,bagages,0,1,très bon rapport qualité-prix.,4739.04,338.5028571428571,1.0,0.0,1,0.25,0.3681277777777778,0.5342,risque_moyen
1110,business,6234.06,bali,hiver,19,resort,819.9,nuageux,culture,2,retard_vol,1,1,déçu par l'organisation.,5414.160000000001,284.95578947368426,0.569366935483871,0.9856038647342996,0,0.7,0.5211222222222222,0.4834,risque_moyen
1111,senior,1612.67,new york,hiver,6,appartement,1316.4,variable,randonnée,3,météo,0,0,peut mieux faire sur la logistique.,296.27,49.37833333333333,0.0,0.0569934640522874,0,0.45,0.1832,0.2062,risque_eleve
1112,famille,2741.84,lisbonne,printemps,5,villa,940.33,variable,randonnée,4,annulation,1,1,une expérience inoubliable.,1801.51,360.302,0.3205294117647059,0.0,0,0.45,0.4363388888888889,0.3161,risque_eleve
1113,famille,4783.29,bali,été,6,villa,792.91,,culture,3,annulation,1,1,peut mieux faire sur la logistique.,3990.38,665.0633333333334,0.2768729838709677,1.0,1,0.5,0.5497055555555554,0.6835,risque_faible
1114,famille,11505.94,dubaï,automne,9,appartement,976.55,pluie,culture,5,retard_vol,1,1,très bon rapport qualité-prix.,10529.39,1169.9322222222224,1.0,0.2276984126984128,1,0.25,0.6703277777777777,0.7314,risque_faible
1115,business,6790.37,new york,automne,3,appartement,1208.24,ensoleillé,randonnée,1,annulation,1,1,très mauvaise expérience.,5582.13,1860.71,0.6183403846153845,0.1983790849673201,0,1.0,0.3630666666666667,0.3724,risque_eleve
1116,solo,4968.95,rome,hiver,9,villa,1043.67,nuageux,randonnée,4,aucun,0,1,excellent séjour.,3925.28,436.1422222222222,0.9051121794871794,0.0,1,0.7,0.2807999999999999,0.5511,risque_moyen
1117,business,11871.84,bali,hiver,7,villa,1127.17,ensoleillé,culture,3,retard_vol,1,1,peut mieux faire sur la logistique.,10744.67,1534.952857142857,1.0,0.6887246376811593,0,1.0,0.5211222222222222,0.5865,risque_moyen
1118,business,13181.45,rome,automne,14,hôtel,1304.58,variable,culture,3,bagages,0,1,"quelques imprévus, globalement bien.",11876.87,848.3478571428572,1.0,0.0,0,0.45,0.4660166666666667,0.5099,risque_moyen
1119,couple,11988.21,tokyo,printemps,12,appartement,1408.09,variable,plage,1,météo,1,1,déçu par l'organisation.,10580.12,881.6766666666666,1.0,0.2877354497354499,1,0.45,0.3183611111111111,0.604,risque_faible
1120,senior,3482.63,new york,automne,7,villa,1034.89,variable,gastronomie,3,météo,1,1,dans l'ensemble satisfaisant.,2447.74,349.6771428571428,0.0,0.4249803921568627,1,0.45,0.3630666666666667,0.3541,risque_eleve
1121,business,4926.17,tokyo,été,13,resort,838.15,variable,business,5,bagages,0,1,"très satisfait, je recommande.",4088.02,314.4630769230769,0.1677378472222221,0.8908465608465609,1,0.45,0.4004166666666666,0.4894,risque_moyen
1122,couple,14240.61,rome,hiver,14,appartement,1138.39,variable,plage,3,annulation,1,1,séjour correct mais perfectible.,13102.22,935.8728571428572,1.0,0.0,1,0.45,0.2807999999999999,0.5477,risque_moyen
1123,solo,7896.76,dubaï,automne,6,villa,1244.13,ensoleillé,business,1,bagages,0,1,de nombreux problèmes rencontrés.,6652.63,1108.7716666666668,0.9306885245901638,0.0,0,1.0,0.6703277777777777,0.461,risque_moyen
1124,couple,5844.39,new york,hiver,7,villa,726.53,variable,plage,2,météo,0,1,à éviter.,5117.860000000001,731.1228571428572,0.4364211538461539,0.8280653594771241,1,0.45,0.1832,0.6472,risque_faible
1125,couple,9821.82,new york,printemps,3,villa,879.32,pluie,gastronomie,3,bagages,0,1,peut mieux faire sur la logistique.,8942.5,2980.833333333333,1.0,0.6283398692810458,1,0.25,0.3306888888888888,0.7628,risque_faible
1126,famille,10987.44,new york,été,4,villa,925.26,nuageux,gastronomie,5,aucun,0,1,très bon rapport qualité-prix.,10062.18,2515.545,1.0,0.5682875816993466,1,0.7,0.4609944444444444,0.8216,risque_faible
1128,solo,7809.22,dubaï,été,10,resort,914.04,nuageux,business,5,météo,0,1,excellent séjour.,6895.18,689.518,0.91275,0.3269206349206349,0,0.7,0.5018666666666666,0.4586,risque_moyen
1129,solo,10661.74,tokyo,été,5,appartement,1307.49,ensoleillé,gastronomie,4,annulation,1,1,"très satisfait, je recommande.",9354.25,1870.85,1.0,0.3941904761904763,0,1.0,0.4004166666666666,0.639,risque_faible
1130,business,2243.4,bali,automne,7,appartement,687.82,ensoleillé,business,2,bagages,0,1,déçu par l'organisation.,1555.58,222.22571428571428,0.0,1.0,1,1.0,0.5225333333333333,0.5427,risque_moyen
1131,solo,6973.8,rome,automne,4,appartement,694.64,ensoleillé,randonnée,1,retard_vol,0,1,je ne recommande pas.,6279.16,1569.79,1.0,0.0626172839506175,1,1.0,0.4660166666666667,0.7672,risque_faible
1132,senior,2428.55,new york,été,11,appartement,1028.52,nuageux,business,4,retard_vol,0,0,"très satisfait, je recommande.",1400.0300000000002,127.27545454545456,0.0,0.4333071895424837,0,0.7,0.4609944444444444,0.3373,risque_eleve
1133,business,2956.24,new york,hiver,12,appartement,1070.93,variable,business,3,aucun,0,0,dans l'ensemble satisfaisant.,1885.31,157.10916666666665,0.0,0.3778692810457515,1,0.45,0.1832,0.324,risque_eleve
1134,solo,4652.45,bali,été,12,villa,,pluie,culture,5,retard_vol,1,1,"très satisfait, je recommande.",,,0.2504939516129031,0.5,1,0.25,0.5497055555555554,0.4361,risque_moyen
1135,solo,8848.7,lisbonne,automne,10,resort,955.39,nuageux,plage,5,retard_vol,1,1,"très satisfait, je recommande.",7893.31,789.331,1.0,0.0,0,0.7,0.5109277777777776,0.4253,risque_moyen
1137,business,4308.28,paris,printemps,7,hôtel,1012.6,,culture,1,retard_vol,1,1,je ne recommande pas.,3295.68,470.81142857142856,0.5947261904761902,0.0,0,0.5,0.3504166666666666,0.3886,risque_eleve
1138,senior,7131.97,dubaï,printemps,8,hôtel,1158.7,ensoleillé,business,5,annulation,1,1,excellent séjour.,5973.27,746.65875,0.7739692622950819,0.0,0,1.0,0.6816444444444444,0.5385,risque_moyen
1140,senior,8653.79,lisbonne,été,10,appartement,1514.06,ensoleillé,,1,annulation,1,1,de nombreux problèmes rencontrés.,7139.730000000001,713.9730000000002,1.0,0.0,0,1.0,0.5779666666666666,0.5894,risque_moyen
1141,business,11488.01,rome,printemps,17,resort,1248.84,pluie,plage,3,météo,1,1,séjour mitigé.,10239.17,602.3041176470588,1.0,0.0,0,0.25,0.4113722222222222,0.3594,risque_eleve
1142,famille,6604.49,bali,automne,14,villa,901.69,pluie,culture,1,retard_vol,1,1,je ne recommande pas.,5702.799999999999,407.3428571428571,0.6440504032258062,0.9065797101449276,1,0.25,0.5225333333333333,0.7362,risque_faible
1143,business,6106.51,tokyo,automne,5,appartement,1143.33,pluie,business,3,aucun,0,1,séjour mitigé.,4963.18,992.636,0.372657986111111,0.5679047619047619,1,0.25,0.3977388888888888,0.4643,risque_moyen
1144,business,8430.46,bali,automne,13,hôtel,1151.24,variable,plage,2,météo,1,1,à éviter.,7279.219999999999,559.9399999999999,1.0,0.6654685990338165,0,0.45,0.5225333333333333,0.6365,risque_faible
1146,solo,9089.52,new york,printemps,6,hôtel,3800.0,variable,business,3,météo,1,1,"quelques imprévus, globalement bien.",5289.52,881.5866666666667,1.0,0.0,0,0.45,0.3306888888888888,0.4937,risque_moyen
1147,senior,19437.01,rome,automne,14,appartement,,pluie,plage,5,aucun,0,1,"très satisfait, je recommande.",,,1.0,0.5,0,0.25,0.4660166666666667,0.5759,risque_moyen
1148,couple,6429.12,new york,automne,9,resort,1129.22,variable,plage,2,retard_vol,1,1,je ne recommande pas.,5299.9,588.8777777777777,0.5488692307692307,0.3016732026143791,1,0.45,0.3630666666666667,0.6056,risque_faible
1149,solo,6443.45,lisbonne,été,3,hôtel,1517.74,,culture,4,météo,1,1,"parfait, rien à redire.",4925.71,1641.9033333333334,1.0,0.0,1,0.5,0.5779666666666666,0.7094,risque_faible
1150,solo,,sydney,automne,12,hôtel,1463.96,variable,culture,5,météo,0,1,"très satisfait, je recommande.",,,0.5,0.5265299145299145,1,0.45,0.5032777777777777,0.6492,risque_faible
1151,couple,13561.27,new york,hiver,11,appartement,1170.79,variable,plage,4,météo,1,1,très bon rapport qualité-prix.,12390.48,1126.4072727272726,1.0,0.2473333333333334,1,0.45,0.1832,0.5805,risque_moyen
1152,senior,10857.02,bali,automne,9,hôtel,1047.71,nuageux,business,2,retard_vol,1,1,à éviter.,9809.31,1089.9233333333334,1.0,0.7654975845410628,0,0.7,0.5225333333333333,0.6845,risque_faible
1154,famille,9196.75,lisbonne,hiver,6,hôtel,1069.64,pluie,business,2,météo,1,1,très mauvaise expérience.,8127.11,1354.5183333333332,1.0,0.0,0,0.25,0.3659111111111111,0.3539,risque_eleve
1155,senior,17299.17,dubaï,été,13,appartement,1568.32,nuageux,business,2,retard_vol,0,1,à éviter.,15730.85,1210.0653846153846,1.0,0.0,0,0.7,0.5018666666666666,0.5442,risque_moyen
1156,senior,9434.93,new york,hiver,10,appartement,1139.03,,culture,4,aucun,0,1,excellent séjour.,8295.9,829.5899999999999,1.0,0.2888496732026145,1,0.5,0.1832,0.714,risque_faible
1157,couple,2266.34,lisbonne,hiver,11,,1009.29,nuageux,gastronomie,2,bagages,0,0,de nombreux problèmes rencontrés.,1257.0500000000002,114.27727272727276,0.1457132352941176,0.0,1,0.7,0.3659111111111111,0.3487,risque_eleve
1158,senior,8060.9,rome,hiver,12,hôtel,,pluie,plage,2,aucun,0,1,très mauvaise expérience.,,,1.0,0.5,0,0.25,0.2807999999999999,0.5537,risque_moyen
1159,famille,1757.71,dubaï,printemps,28,,792.91,ensoleillé,gastronomie,5,météo,1,0,"parfait, rien à redire.",964.8,34.45714285714286,0.0,0.5191904761904764,1,1.0,0.6816444444444444,0.4753,risque_moyen
1160,senior,11897.13,rome,automne,5,villa,1267.16,ensoleillé,plage,4,aucun,0,1,,10629.97,2125.994,1.0,0.0,0,1.0,0.4660166666666667,0.4559,risque_moyen
1161,business,3067.97,rome,hiver,3,hôtel,898.24,variable,culture,1,retard_vol,1,1,je ne recommande pas.,2169.73,723.2433333333332,0.2958237179487178,0.0,0,0.45,0.2807999999999999,0.2905,risque_eleve
1162,business,7223.5,tokyo,été,13,hôtel,1412.3,,plage,2,météo,1,1,déçu par l'organisation.,5811.2,447.0153846153846,0.5665798611111111,0.2832804232804233,0,0.5,0.4004166666666666,0.4377,risque_moyen
1163,famille,3463.72,tokyo,automne,4,villa,,nuageux,,2,annulation,1,1,je ne recommande pas.,,,0.0,0.5,0,0.7,0.3977388888888888,0.3417,risque_eleve
1164,senior,4719.63,lisbonne,hiver,11,appartement,1152.1,,plage,5,météo,1,1,"parfait, rien à redire.",3567.53,324.3209090909091,1.0,0.0,0,0.5,0.3659111111111111,0.5039,risque_moyen
1165,famille,12919.13,bali,hiver,12,hôtel,1426.26,nuageux,randonnée,5,retard_vol,1,1,très bon rapport qualité-prix.,11492.87,957.7391666666666,1.0,0.3997487922705314,0,0.7,0.5211222222222222,0.4985,risque_moyen
1166,couple,7341.35,sydney,automne,13,hôtel,541.2,variable,,4,météo,1,1,excellent séjour.,6800.150000000001,523.0884615384616,0.4595859375,1.0,0,0.45,0.5032777777777777,0.5431,risque_moyen
1167,famille,4668.18,dubaï,automne,4,appartement,1658.9,variable,,3,aucun,0,0,séjour correct mais perfectible.,3009.28,752.32,0.2690942622950819,0.0,0,0.45,0.6703277777777777,0.3298,risque_eleve
1168,business,2304.15,new york,été,10,villa,1004.02,ensoleillé,culture,1,météo,0,0,déçu par l'organisation.,1300.13,130.013,0.0,0.4653333333333334,0,1.0,0.4609944444444444,0.2591,risque_eleve
1170,senior,1876.33,tokyo,hiver,18,villa,1271.15,nuageux,business,1,météo,1,0,à éviter.,605.1799999999998,33.621111111111105,0.0,0.4326455026455026,0,0.7,0.1438499999999999,0.1791,risque_eleve
1171,business,7375.64,tokyo,printemps,15,appartement,1312.6,pluie,business,4,bagages,0,1,une expérience inoubliable.,6063.040000000001,404.20266666666674,0.5929930555555554,0.388783068783069,1,0.25,0.3183611111111111,0.4842,risque_moyen
1172,famille,10878.26,rome,automne,12,,1191.4,nuageux,randonnée,1,retard_vol,1,1,à éviter.,9686.86,807.2383333333333,1.0,0.0,0,0.7,0.4660166666666667,0.4199,risque_moyen
1173,famille,,bali,printemps,5,appartement,1385.3,,culture,4,bagages,0,1,très bon rapport qualité-prix.,,,0.5,0.4393236714975848,1,0.5,0.5140166666666667,0.6408,risque_faible
1174,famille,13259.57,lisbonne,automne,13,resort,1257.11,nuageux,gastronomie,5,météo,1,1,une expérience inoubliable.,12002.46,923.2661538461538,1.0,0.0,1,0.7,0.5109277777777776,0.7253,risque_faible
1175,business,4029.6,new york,été,9,resort,1589.92,pluie,plage,2,aucun,0,0,très mauvaise expérience.,2439.68,271.0755555555555,0.0874230769230768,0.0,0,0.25,0.4609944444444444,0.1098,risque_eleve
1176,business,5963.86,bali,automne,13,hôtel,1257.98,nuageux,gastronomie,4,retard_vol,1,1,"très satisfait, je recommande.",4705.879999999999,361.9907692307692,0.5148911290322579,0.5623381642512076,0,0.7,0.5225333333333333,0.5121,risque_moyen
1177,couple,2568.99,rome,été,7,resort,1644.52,nuageux,plage,4,retard_vol,1,0,très bon rapport qualité-prix.,924.4699999999998,132.06714285714284,0.1358942307692306,0.0,1,0.7,0.4642444444444444,0.4778,risque_moyen
1178,senior,10920.73,new york,printemps,9,villa,1359.49,variable,business,3,bagages,0,1,séjour mitigé.,9561.24,1062.36,1.0,0.0006666666666668,0,0.45,0.3306888888888888,0.3738,risque_eleve
1179,famille,,dubaï,printemps,11,hôtel,634.06,pluie,business,2,retard_vol,1,1,à éviter.,,,0.5,0.7713333333333334,0,0.25,0.6816444444444444,0.3906,risque_eleve
1180,business,,bali,printemps,11,appartement,1817.78,,business,2,bagages,0,0,à éviter.,,,0.5,0.0214685990338167,1,0.5,0.5140166666666667,0.4455,risque_moyen
1181,senior,,dubaï,automne,12,appartement,964.08,variable,,3,retard_vol,1,1,"quelques imprévus, globalement bien.",,,0.5,0.2474920634920634,0,0.45,0.6703277777777777,0.439,risque_moyen
1182,business,12026.12,new york,hiver,7,appartement,1518.81,variable,culture,5,aucun,0,1,excellent séjour.,10507.31,1501.044285714286,1.0,0.0,0,0.45,0.1832,0.356,risque_eleve
1185,famille,11851.42,new york,hiver,21,,933.49,ensoleillé,plage,3,bagages,0,1,dans l'ensemble satisfaisant.,10917.93,519.9014285714286,1.0,0.5575294117647058,1,1.0,0.1832,0.7023,risque_faible
1186,couple,7239.58,rome,automne,12,hôtel,1285.7,pluie,culture,4,annulation,0,1,une expérience inoubliable.,5953.88,496.1566666666667,1.0,0.0,1,0.25,0.4660166666666667,0.6659,risque_faible
1187,famille,9143.76,bali,printemps,3,appartement,1050.14,ensoleillé,randonnée,1,aucun,0,1,de nombreux problèmes rencontrés.,8093.62,2697.873333333333,1.0,0.7631497584541063,0,1.0,0.5140166666666667,0.719,risque_faible
1188,solo,14027.48,dubaï,automne,6,appartement,1541.17,pluie,randonnée,4,aucun,0,1,"très satisfait, je recommande.",12486.31,2081.0516666666667,1.0,0.0,1,0.25,0.6703277777777777,0.6904,risque_faible
1189,business,14783.95,new york,hiver,12,resort,1235.56,ensoleillé,plage,3,aucun,0,1,séjour mitigé.,13548.39,1129.0325,1.0,0.1626666666666667,0,1.0,0.1832,0.4513,risque_moyen
1190,business,6674.02,rome,été,35,hôtel,1368.83,nuageux,culture,2,météo,1,1,de nombreux problèmes rencontrés.,5305.1900000000005,151.57685714285716,1.0,0.0,0,0.7,0.4642444444444444,0.5397,risque_moyen
1191,senior,4776.39,lisbonne,printemps,4,resort,538.03,variable,plage,3,aucun,0,1,"quelques imprévus, globalement bien.",4238.360000000001,1059.59,1.0,0.2045906432748538,0,0.45,0.4363388888888889,0.4232,risque_moyen
1192,couple,,paris,printemps,9,appartement,1095.07,nuageux,plage,2,retard_vol,1,1,de nombreux problèmes rencontrés.,,,0.5,0.0,1,0.7,0.3504166666666666,0.446,risque_moyen
1193,business,10865.07,new york,automne,11,appartement,1228.03,variable,plage,4,retard_vol,0,1,une expérience inoubliable.,9637.04,876.0945454545454,1.0,0.1725098039215687,0,0.45,0.3630666666666667,0.4086,risque_moyen
1194,couple,1390.26,lisbonne,automne,14,hôtel,1177.93,variable,randonnée,2,annulation,0,0,déçu par l'organisation.,212.32999999999996,15.166428571428566,0.0,0.0,0,0.45,0.5109277777777776,0.2353,risque_eleve
1196,business,7338.25,sydney,hiver,3,villa,1019.94,ensoleillé,randonnée,1,retard_vol,1,1,,6318.31,2106.103333333333,0.4591015625,0.906034188034188,0,1.0,0.5683611111111111,0.4798,risque_moyen
1197,senior,,new york,printemps,13,hôtel,1131.07,variable,culture,5,aucun,0,1,une expérience inoubliable.,,,0.5,0.2992549019607844,1,0.45,0.3306888888888888,0.5875,risque_moyen
1198,business,8052.79,sydney,été,16,villa,1434.57,ensoleillé,culture,5,bagages,0,1,excellent séjour.,6618.22,413.63875,0.5707484374999999,0.5516495726495726,0,1.0,0.3825888888888888,0.425,risque_moyen
1199,famille,17269.25,new york,printemps,9,hôtel,507.31,nuageux,randonnée,3,aucun,0,1,peut mieux faire sur la logistique.,16761.94,1862.4377777777777,1.0,1.0,0,0.7,0.3306888888888888,0.5837,risque_moyen
1200,business,6433.47,dubaï,automne,12,villa,1275.95,variable,business,5,aucun,0,1,excellent séjour.,5157.52,429.79333333333335,0.6308340163934425,0.0,1,0.45,0.6703277777777777,0.4911,risque_moyen
1201,famille,5167.57,rome,été,8,villa,1028.52,pluie,culture,5,aucun,0,1,"parfait, rien à redire.",4139.049999999999,517.3812499999999,0.9687724358974356,0.0,1,0.25,0.4642444444444444,0.657,risque_faible
1202,senior,11019.85,dubaï,été,6,hôtel,873.5,nuageux,,5,annulation,0,1,excellent séjour.,10146.35,1691.0583333333334,1.0,0.3912698412698414,0,0.7,0.5018666666666666,0.6147,risque_faible
1203,business,7890.48,rome,automne,15,,1208.19,nuageux,plage,5,aucun,0,1,excellent séjour.,6682.289999999999,445.48599999999993,1.0,0.0,0,0.7,0.4660166666666667,0.4199,risque_moyen
1204,couple,12730.28,lisbonne,été,12,villa,1446.96,variable,,3,retard_vol,1,1,peut mieux faire sur la logistique.,11283.32,940.2766666666666,1.0,0.0,0,0.45,0.5779666666666666,0.5234,risque_moyen
1205,famille,7588.35,rome,hiver,12,villa,1396.49,pluie,business,4,annulation,0,1,,6191.860000000001,515.9883333333333,1.0,0.0,0,0.25,0.2807999999999999,0.4637,risque_moyen
1206,couple,5921.86,rome,hiver,17,villa,1081.79,nuageux,culture,2,annulation,0,1,déçu par l'organisation.,4840.07,284.71,1.0,0.0,1,0.7,0.2807999999999999,0.6977,risque_faible
1210,business,8454.25,dubaï,printemps,7,appartement,932.25,pluie,culture,4,aucun,0,1,,7522.0,1074.571428571429,1.0,0.2980158730158729,0,0.25,0.6816444444444444,0.4454,risque_moyen
1211,solo,1428.69,rome,automne,14,appartement,947.76,variable,gastronomie,4,retard_vol,1,0,"très satisfait, je recommande.",480.93000000000006,34.35214285714286,0.0,0.0,0,0.45,0.4660166666666667,0.2299,risque_eleve
1212,famille,11989.0,rome,automne,9,appartement,1342.54,ensoleillé,culture,1,météo,1,1,à éviter.,10646.46,1182.9399999999998,1.0,0.0,1,1.0,0.4660166666666667,0.7559,risque_faible
1213,senior,7046.01,new york,été,5,appartement,1106.7,ensoleillé,plage,5,météo,1,1,excellent séjour.,5939.31,1187.862,0.667501923076923,0.3311111111111111,0,1.0,0.4609944444444444,0.5418,risque_moyen
1214,couple,5938.95,rome,printemps,10,hôtel,837.62,ensoleillé,randonnée,4,aucun,0,1,une expérience inoubliable.,5101.33,510.133,1.0,0.0,0,1.0,0.4113722222222222,0.5694,risque_moyen
1216,business,9434.19,paris,été,15,hôtel,1340.93,ensoleillé,culture,5,aucun,0,1,excellent séjour.,8093.26,539.5506666666666,1.0,0.0,0,1.0,0.5546333333333333,0.5866,risque_moyen
1218,senior,2948.99,bali,été,12,villa,,variable,randonnée,5,aucun,0,0,une expérience inoubliable.,,,0.0,0.5,0,0.45,0.5497055555555554,0.21,risque_eleve
1219,famille,,paris,été,12,appartement,1450.24,ensoleillé,randonnée,1,bagages,0,1,de nombreux problèmes rencontrés.,,,0.5,0.0,0,1.0,0.5546333333333333,0.4466,risque_moyen
1220,solo,8354.54,new york,hiver,9,appartement,767.21,pluie,business,2,retard_vol,1,1,déçu par l'organisation.,7587.330000000001,843.0366666666667,0.9191423076923078,0.7748888888888887,0,0.25,0.1832,0.5688,risque_moyen
1221,solo,5976.29,new york,hiver,6,resort,1105.9,nuageux,gastronomie,5,aucun,0,1,une expérience inoubliable.,4870.389999999999,811.7316666666666,0.4617865384615384,0.332156862745098,0,0.7,0.1832,0.2951,risque_eleve
1222,solo,9511.54,paris,printemps,11,villa,1072.25,variable,gastronomie,5,aucun,0,1,"parfait, rien à redire.",8439.29,767.2081818181819,1.0,0.0,0,0.45,0.3504166666666666,0.376,risque_eleve
1223,famille,,bali,automne,8,villa,1219.77,nuageux,culture,1,météo,1,1,déçu par l'organisation.,,,0.5,0.5992560386473431,1,0.7,0.5225333333333333,0.6946,risque_faible
1224,famille,8469.08,lisbonne,été,18,appartement,1450.09,nuageux,gastronomie,2,aucun,0,1,à éviter.,7018.99,389.94388888888886,1.0,0.0,1,0.7,0.5779666666666666,0.7334,risque_faible
1225,couple,,new york,hiver,17,hôtel,761.71,ensoleillé,culture,1,météo,1,1,très mauvaise expérience.,,,0.5,0.782078431372549,1,1.0,0.1832,0.7228,risque_faible
1226,couple,15275.99,tokyo,automne,13,resort,1270.71,pluie,gastronomie,2,bagages,0,1,je ne recommande pas.,14005.28,1077.329230769231,1.0,0.4331111111111112,1,0.25,0.3977388888888888,0.7357,risque_faible
1227,solo,4585.81,tokyo,été,12,appartement,1394.45,,business,5,retard_vol,1,1,"très satisfait, je recommande.",3191.3600000000006,265.9466666666667,0.1086475694444444,0.3021693121693121,0,0.5,0.4004166666666666,0.3129,risque_eleve
1228,business,13200.97,rome,été,9,villa,1068.05,ensoleillé,business,2,aucun,0,1,,12132.92,1348.1022222222225,1.0,0.0,1,1.0,0.4642444444444444,0.6357,risque_faible
1229,business,6162.1,sydney,automne,4,,1081.16,nuageux,business,3,retard_vol,1,1,peut mieux faire sur la logistique.,5080.9400000000005,1270.235,0.275328125,0.8537094017094016,1,0.7,0.5032777777777777,0.5552,risque_moyen
1230,solo,10179.83,lisbonne,hiver,9,hôtel,1230.14,variable,culture,5,météo,1,1,excellent séjour.,8949.69,994.41,1.0,0.0,1,0.45,0.3659111111111111,0.6779,risque_faible
1231,solo,9885.86,lisbonne,printemps,10,villa,1210.41,ensoleillé,gastronomie,5,bagages,0,1,"très satisfait, je recommande.",8675.45,867.5450000000001,1.0,0.0,0,1.0,0.4363388888888889,0.4524,risque_moyen
1232,couple,11550.4,rome,été,11,appartement,1274.07,ensoleillé,culture,2,aucun,0,1,de nombreux problèmes rencontrés.,10276.33,934.2118181818182,1.0,0.0,1,1.0,0.4642444444444444,0.6357,risque_faible
1234,couple,11263.11,rome,été,15,resort,854.83,nuageux,culture,2,annulation,0,1,déçu par l'organisation.,10408.28,693.8853333333334,1.0,0.0,1,0.7,0.4642444444444444,0.7197,risque_faible
1235,famille,14372.54,bali,printemps,6,appartement,1383.39,ensoleillé,culture,2,aucun,0,1,de nombreux problèmes rencontrés.,12989.15,2164.8583333333336,1.0,0.4411690821256038,1,1.0,0.5140166666666667,0.8411,risque_faible
1236,solo,5880.43,bali,hiver,6,villa,1430.7,nuageux,culture,3,aucun,0,1,"quelques imprévus, globalement bien.",4449.7300000000005,741.6216666666668,0.498070564516129,0.3954589371980676,1,0.7,0.5211222222222222,0.5372,risque_moyen
1237,solo,7064.0,new york,printemps,17,resort,1167.87,ensoleillé,culture,4,météo,1,1,"très satisfait, je recommande.",5896.13,346.8311764705882,0.6709615384615383,0.2511503267973859,1,1.0,0.3306888888888888,0.5728,risque_moyen
1238,couple,4812.42,rome,printemps,14,villa,717.57,nuageux,culture,4,bagages,0,1,une expérience inoubliable.,4094.85,292.4892857142857,0.8549423076923076,0.0060000000000001,1,0.7,0.4113722222222222,0.6738,risque_faible
1239,solo,5526.48,lisbonne,hiver,8,villa,1087.25,pluie,plage,2,retard_vol,0,1,je ne recommande pas.,4439.23,554.90375,1.0,0.0,0,0.25,0.3659111111111111,0.3539,risque_eleve
1240,solo,13827.88,paris,hiver,9,hôtel,1170.1,pluie,gastronomie,4,retard_vol,1,1,excellent séjour.,12657.78,1406.4199999999998,1.0,0.0,0,0.25,0.17495,0.451,risque_moyen
1241,business,2872.92,paris,automne,9,hôtel,811.25,ensoleillé,culture,3,annulation,1,1,dans l'ensemble satisfaisant.,2061.67,229.07444444444445,0.1675357142857142,0.0,0,1.0,0.3681277777777778,0.3311,risque_eleve
1242,business,3123.49,lisbonne,printemps,10,villa,1021.48,variable,,2,annulation,1,1,très mauvaise expérience.,2102.01,210.201,0.4608419117647057,0.0,0,0.45,0.4363388888888889,0.2354,risque_eleve
1244,couple,9443.43,bali,hiver,21,hôtel,1280.75,pluie,culture,4,retard_vol,1,1,excellent séjour.,8162.68,388.6990476190476,1.0,0.5403381642512078,1,0.25,0.5211222222222222,0.7698,risque_faible
1245,business,15477.57,new york,printemps,11,appartement,1162.48,nuageux,plage,4,retard_vol,0,1,très bon rapport qualité-prix.,14315.09,1301.3718181818183,1.0,0.2581960784313726,0,0.7,0.3306888888888888,0.4502,risque_moyen
1246,solo,5106.93,rome,printemps,13,villa,676.93,variable,business,1,météo,1,1,très mauvaise expérience.,4430.0,340.7692307692308,0.9493365384615384,0.1063456790123459,0,0.45,0.4113722222222222,0.3883,risque_eleve
1247,solo,7433.42,rome,été,3,resort,1212.19,ensoleillé,culture,4,annulation,0,1,"parfait, rien à redire.",6221.23,2073.7433333333333,1.0,0.0,1,1.0,0.4642444444444444,0.6357,risque_faible
1248,business,4258.83,new york,printemps,7,resort,1102.86,ensoleillé,culture,2,aucun,0,1,déçu par l'organisation.,3155.9700000000003,450.8528571428572,0.1315057692307691,0.3361307189542486,0,1.0,0.3306888888888888,0.257,risque_eleve
1249,solo,7502.08,bali,automne,16,villa,1256.4,nuageux,gastronomie,5,aucun,0,1,excellent séjour.,6245.68,390.355,0.825016129032258,0.5638647342995168,0,0.7,0.5225333333333333,0.4792,risque_moyen
1251,business,9687.11,rome,hiver,3,villa,903.2,ensoleillé,,4,météo,1,1,"très satisfait, je recommande.",8783.91,2927.97,1.0,0.0,0,1.0,0.2807999999999999,0.4337,risque_moyen
1252,senior,8228.89,new york,hiver,13,appartement,911.41,pluie,culture,4,aucun,0,1,"très satisfait, je recommande.",7317.48,562.8830769230769,0.894978846153846,0.5863921568627453,1,0.25,0.1832,0.7081,risque_faible
1253,senior,6691.82,dubaï,hiver,19,villa,973.77,variable,plage,4,aucun,0,1,"parfait, rien à redire.",5718.049999999999,300.95,0.6837745901639344,0.2321111111111111,0,0.45,0.42075,0.3377,risque_eleve
1254,solo,5349.27,rome,été,3,appartement,1123.05,ensoleillé,culture,2,retard_vol,1,1,déçu par l'organisation.,4226.22,1408.74,1.0,0.0,1,1.0,0.4642444444444444,0.7557,risque_faible
1255,solo,3314.56,paris,hiver,17,hôtel,1157.65,variable,culture,4,annulation,1,1,"très satisfait, je recommande.",2156.91,126.8770588235294,0.2989761904761903,0.0,1,0.45,0.17495,0.4587,risque_moyen
1256,business,9859.59,tokyo,automne,3,villa,1066.89,variable,culture,4,aucun,0,1,très bon rapport qualité-prix.,8792.7,2930.9,1.0,0.6487936507936506,0,0.45,0.3977388888888888,0.4985,risque_moyen
1257,couple,2199.82,dubaï,automne,15,appartement,1004.55,variable,gastronomie,4,aucun,0,0,,1195.2700000000002,79.68466666666669,0.0,0.1832539682539683,1,0.45,0.6703277777777777,0.3474,risque_eleve
1258,senior,8988.99,new york,automne,10,hôtel,1023.82,pluie,culture,2,météo,1,1,déçu par l'organisation.,7965.17,796.517,1.0,0.4394509803921568,1,0.25,0.3630666666666667,0.7327,risque_faible
1259,solo,15292.34,dubaï,été,3,hôtel,1790.07,pluie,culture,1,aucun,0,1,très mauvaise expérience.,13502.27,4500.756666666667,1.0,0.0,1,0.25,0.5018666666666666,0.6702,risque_faible
1260,famille,12916.59,tokyo,automne,12,villa,911.45,nuageux,randonnée,3,météo,1,1,dans l'ensemble satisfaisant.,12005.14,1000.4283333333332,1.0,0.8132804232804233,0,0.7,0.3977388888888888,0.6781,risque_faible
1263,famille,8624.13,rome,printemps,13,hôtel,1230.83,ensoleillé,business,2,météo,1,1,je ne recommande pas.,7393.299999999999,568.7153846153846,1.0,0.0,0,1.0,0.4113722222222222,0.4494,risque_moyen
1266,couple,8478.36,bali,automne,13,appartement,874.11,variable,culture,2,retard_vol,0,1,à éviter.,7604.250000000001,584.9423076923077,1.0,0.9332270531400966,1,0.45,0.5225333333333333,0.7447,risque_faible
1267,couple,6883.59,new york,hiver,19,resort,1361.63,nuageux,culture,4,météo,1,1,une expérience inoubliable.,5521.96,290.6294736842105,0.6362673076923075,0.0,1,0.7,0.1832,0.5841,risque_moyen
1268,business,14646.39,new york,automne,16,hôtel,1061.46,pluie,,3,annulation,1,1,peut mieux faire sur la logistique.,13584.93,849.058125,1.0,0.3902483660130719,0,0.25,0.3630666666666667,0.5438,risque_moyen
1269,famille,5902.48,new york,été,3,appartement,1000.13,variable,culture,4,annulation,1,1,excellent séjour.,4902.349999999999,1634.1166666666666,0.4475923076923075,0.4704183006535949,1,0.45,0.4609944444444444,0.6193,risque_faible
1270,senior,11635.73,tokyo,été,3,appartement,35.0,variable,culture,2,annulation,1,1,à éviter.,11600.73,3866.91,1.0,1.0,1,0.45,0.4004166666666666,0.8621,risque_faible
1271,senior,1812.57,lisbonne,automne,6,appartement,1269.8,ensoleillé,gastronomie,5,bagages,0,0,excellent séjour.,542.77,90.46166666666666,0.0,0.0,1,1.0,0.5109277777777776,0.4813,risque_moyen
1272,solo,2777.01,sydney,printemps,3,hôtel,1378.76,variable,business,2,météo,0,0,très mauvaise expérience.,1398.2500000000002,466.0833333333334,0.0,0.5993504273504273,0,0.45,0.51555,0.3437,risque_eleve
1273,couple,9835.18,lisbonne,printemps,10,hôtel,1234.56,,plage,2,annulation,1,1,de nombreux problèmes rencontrés.,8600.62,860.0620000000001,1.0,0.0,1,0.5,0.4363388888888889,0.6924,risque_faible
1274,business,11295.77,new york,été,12,resort,998.89,ensoleillé,gastronomie,2,annulation,1,1,de nombreux problèmes rencontrés.,10296.88,858.0733333333334,1.0,0.4720392156862746,0,1.0,0.4609944444444444,0.5403,risque_moyen
1275,famille,3061.88,new york,hiver,3,appartement,1281.84,pluie,gastronomie,3,aucun,0,0,séjour correct mais perfectible.,1780.0400000000002,593.3466666666667,0.0,0.102169934640523,1,0.25,0.1832,0.3704,risque_eleve
1276,solo,7021.13,new york,printemps,14,appartement,1442.07,nuageux,,5,aucun,0,1,"très satisfait, je recommande.",5579.06,398.50428571428574,0.6627173076923076,0.0,0,0.7,0.3306888888888888,0.4292,risque_moyen
1277,senior,1350.71,tokyo,hiver,13,villa,1154.11,pluie,plage,4,météo,0,0,une expérience inoubliable.,196.6000000000001,15.123076923076932,0.0,0.5564973544973546,0,0.25,0.1438499999999999,0.1474,risque_eleve
1278,senior,6192.96,bali,hiver,7,appartement,1600.84,nuageux,plage,1,annulation,1,1,,4592.12,656.0171428571429,0.5610806451612902,0.231072463768116,0,0.7,0.5211222222222222,0.4652,risque_moyen
1280,couple,5169.38,paris,été,3,appartement,1174.81,ensoleillé,gastronomie,3,retard_vol,0,1,"quelques imprévus, globalement bien.",3994.57,1331.5233333333333,0.8510059523809523,0.0,1,1.0,0.5546333333333333,0.6048,risque_faible
1281,business,,paris,printemps,8,hôtel,1185.4,ensoleillé,plage,3,aucun,0,1,séjour correct mais perfectible.,,,0.5,0.0,0,1.0,0.3504166666666666,0.422,risque_moyen
1282,business,2366.41,lisbonne,printemps,10,appartement,1154.78,ensoleillé,plage,1,météo,1,0,je ne recommande pas.,1211.63,121.16299999999998,0.1825036764705881,0.0,0,1.0,0.4363388888888889,0.2235,risque_eleve
1283,solo,4308.52,paris,printemps,11,resort,782.67,pluie,gastronomie,3,retard_vol,1,1,dans l'ensemble satisfaisant.,3525.8500000000004,320.5318181818182,0.5947976190476192,0.0,0,0.25,0.3504166666666666,0.2386,risque_eleve
1284,business,14016.22,new york,été,12,appartement,1093.86,nuageux,plage,5,aucun,0,1,,12922.36,1076.8633333333332,1.0,0.3478954248366014,0,0.7,0.4609944444444444,0.4819,risque_moyen
1285,famille,7218.18,new york,automne,11,hôtel,,ensoleillé,culture,3,aucun,0,1,dans l'ensemble satisfaisant.,,,0.7006115384615386,0.5,1,1.0,0.3630666666666667,0.6297,risque_faible
1286,couple,2880.69,rome,automne,9,villa,1006.49,pluie,culture,1,aucun,0,1,déçu par l'organisation.,1874.2,208.24444444444444,0.2357980769230769,0.0,1,0.25,0.4660166666666667,0.4519,risque_moyen
1287,solo,5654.21,lisbonne,printemps,11,villa,1208.5,pluie,plage,1,bagages,0,1,je ne recommande pas.,4445.71,404.1554545454546,1.0,0.0,0,0.25,0.4363388888888889,0.3624,risque_eleve
1289,couple,2832.88,lisbonne,printemps,9,appartement,1325.35,variable,plage,3,bagages,0,0,peut mieux faire sur la logistique.,1507.5300000000002,167.50333333333336,0.354,0.0,1,0.45,0.4363388888888889,0.3855,risque_eleve
1290,senior,12411.61,dubaï,été,11,villa,,nuageux,randonnée,4,retard_vol,0,1,"parfait, rien à redire.",,,1.0,0.5,0,0.7,0.5018666666666666,0.5142,risque_moyen
1291,senior,6349.23,rome,été,9,resort,1162.8,variable,business,2,aucun,0,1,très mauvaise expérience.,5186.429999999999,576.27,1.0,0.0,0,0.45,0.4642444444444444,0.3897,risque_eleve
1292,solo,14551.21,rome,été,7,villa,751.59,ensoleillé,culture,1,aucun,0,1,de nombreux problèmes rencontrés.,13799.62,1971.3742857142856,1.0,0.0,1,1.0,0.4642444444444444,0.6357,risque_faible
1293,senior,6539.37,bali,été,13,appartement,1597.91,pluie,,3,aucun,0,1,séjour correct mais perfectible.,4941.46,380.1123076923077,0.6309213709677419,0.2339033816425121,0,0.25,0.5497055555555554,0.4347,risque_moyen
1294,senior,6778.86,tokyo,printemps,7,villa,1079.97,variable,plage,4,retard_vol,0,1,"parfait, rien à redire.",5698.889999999999,814.1271428571428,0.4893854166666665,0.6349523809523809,0,0.45,0.3183611111111111,0.3435,risque_eleve
1295,famille,9509.37,rome,printemps,42,villa,1096.32,variable,randonnée,2,annulation,1,1,je ne recommande pas.,8413.050000000001,200.3107142857143,1.0,0.0,0,0.45,0.4113722222222222,0.5034,risque_moyen
1297,solo,7750.73,rome,hiver,8,appartement,,pluie,gastronomie,3,météo,1,1,séjour correct mais perfectible.,,,1.0,0.5,0,0.25,0.2807999999999999,0.5537,risque_moyen
1298,famille,6726.39,sydney,hiver,8,appartement,1531.81,nuageux,business,1,retard_vol,0,1,,5194.58,649.3225,0.3634984375,0.4685384615384615,0,0.7,0.5683611111111111,0.4583,risque_moyen
1299,business,12918.68,rome,été,7,hôtel,1489.46,pluie,plage,2,retard_vol,0,1,je ne recommande pas.,11429.22,1632.7457142857145,1.0,0.0,0,0.25,0.4642444444444444,0.4857,risque_moyen
1300,solo,10815.52,lisbonne,printemps,3,resort,1237.1,pluie,business,2,retard_vol,0,1,très mauvaise expérience.,9578.42,3192.806666666667,1.0,0.0,0,0.25,0.4363388888888889,0.3624,risque_eleve
1301,solo,2350.69,rome,printemps,12,villa,1089.19,variable,business,2,météo,1,0,à éviter.,1261.5,105.125,0.0659262820512819,0.0,0,0.45,0.4113722222222222,0.1218,risque_eleve
1302,famille,11934.79,tokyo,été,11,hôtel,1283.92,nuageux,culture,3,retard_vol,1,1,"quelques imprévus, globalement bien.",10650.87,968.2609090909092,1.0,0.419132275132275,1,0.7,0.4004166666666666,0.6675,risque_faible
1303,couple,5865.82,new york,automne,14,appartement,1137.78,ensoleillé,randonnée,2,bagages,0,1,très mauvaise expérience.,4728.04,337.71714285714285,0.4405423076923076,0.2904836601307191,0,1.0,0.3630666666666667,0.3392,risque_eleve
1304,senior,3275.44,rome,printemps,7,villa,1067.02,pluie,gastronomie,4,météo,1,1,excellent séjour.,2208.42,315.48857142857145,0.3623205128205127,0.0,1,0.25,0.4113722222222222,0.3608,risque_eleve
1305,famille,7719.11,sydney,automne,19,resort,1208.61,ensoleillé,randonnée,2,aucun,0,1,à éviter.,6510.5,342.6578947368421,0.5186109374999999,0.7447777777777778,0,1.0,0.5032777777777777,0.5797,risque_moyen
1306,couple,6106.03,bali,automne,8,appartement,999.77,ensoleillé,culture,3,aucun,0,1,peut mieux faire sur la logistique.,5106.26,638.2825,0.5435544354838708,0.8118164251207729,1,1.0,0.5225333333333333,0.661,risque_faible
1307,couple,13130.17,new york,été,6,villa,,ensoleillé,gastronomie,4,retard_vol,0,1,une expérience inoubliable.,,,1.0,0.5,1,1.0,0.4609944444444444,0.8453,risque_faible
1308,solo,8298.07,new york,été,5,appartement,1172.73,pluie,business,5,météo,0,1,une expérience inoubliable.,7125.34,1425.068,0.9082826923076922,0.244797385620915,0,0.25,0.4609944444444444,0.5037,risque_moyen
1309,business,7753.63,new york,hiver,3,hôtel,1279.59,,culture,3,bagages,0,1,séjour mitigé.,6474.04,2158.0133333333333,0.8035826923076922,0.1051111111111113,0,0.5,0.1832,0.4459,risque_moyen
1310,solo,10557.21,paris,automne,18,hôtel,952.07,ensoleillé,gastronomie,1,retard_vol,1,1,de nombreux problèmes rencontrés.,9605.14,533.6188888888888,1.0,0.0,0,1.0,0.3681277777777778,0.5642,risque_moyen
1311,famille,11332.64,rome,printemps,17,villa,1308.32,ensoleillé,culture,3,retard_vol,0,1,séjour mitigé.,10024.32,589.6658823529411,1.0,0.0,1,1.0,0.4113722222222222,0.7494,risque_faible
1312,couple,10085.06,rome,automne,13,resort,875.11,,gastronomie,1,annulation,1,1,je ne recommande pas.,9209.95,708.4576923076922,1.0,0.0,1,0.5,0.4660166666666667,0.6959,risque_faible
1313,senior,12650.12,bali,été,5,appartement,964.55,,business,3,météo,1,1,séjour mitigé.,11685.570000000002,2337.1140000000005,1.0,0.8458454106280193,0,0.5,0.5497055555555554,0.6782,risque_faible
1314,business,9379.42,rome,hiver,19,hôtel,976.25,ensoleillé,plage,3,annulation,1,1,séjour mitigé.,8403.17,442.2721052631579,1.0,0.0,0,1.0,0.2807999999999999,0.5537,risque_moyen
1315,business,7600.31,lisbonne,hiver,8,appartement,830.69,ensoleillé,business,5,aucun,0,1,"parfait, rien à redire.",6769.620000000001,846.2025000000001,1.0,0.0,1,1.0,0.3659111111111111,0.6239,risque_faible
1316,business,11922.82,new york,été,9,,1390.2,pluie,culture,1,retard_vol,1,1,déçu par l'organisation.,10532.62,1170.291111111111,1.0,0.0,0,0.25,0.4609944444444444,0.3653,risque_eleve
1317,business,6557.32,new york,été,17,appartement,858.29,ensoleillé,business,1,bagages,0,1,de nombreux problèmes rencontrés.,5699.03,335.2370588235294,0.5735230769230767,0.6558300653594772,1,1.0,0.4609944444444444,0.634,risque_faible
1318,famille,7058.12,bali,hiver,13,villa,930.69,pluie,gastronomie,1,annulation,1,1,à éviter.,6127.43,471.3407692307693,0.7355080645161288,0.8785603864734299,1,0.25,0.5211222222222222,0.7566,risque_faible
1319,solo,13868.84,bali,automne,21,resort,1454.45,nuageux,business,1,annulation,1,1,je ne recommande pas.,12414.39,591.1614285714286,1.0,0.372512077294686,0,0.7,0.5225333333333333,0.4938,risque_moyen
1320,solo,13466.84,new york,automne,11,appartement,965.08,,randonnée,3,météo,0,1,séjour mitigé.,12501.76,1136.5236363636363,1.0,0.5162352941176471,1,0.5,0.3630666666666667,0.7765,risque_faible
1322,senior,5094.37,bali,été,7,appartement,846.78,pluie,plage,2,retard_vol,0,1,très mauvaise expérience.,4247.59,606.7985714285714,0.3395907258064515,0.959632850241546,0,0.25,0.5497055555555554,0.4838,risque_moyen
1323,solo,12826.44,tokyo,hiver,3,resort,1341.23,ensoleillé,randonnée,3,retard_vol,1,1,peut mieux faire sur la logistique.,11485.21,3828.4033333333336,1.0,0.3584867724867726,1,1.0,0.1438499999999999,0.6618,risque_faible
1324,business,10152.89,new york,automne,9,villa,1344.93,variable,gastronomie,3,aucun,0,1,"quelques imprévus, globalement bien.",8807.96,978.662222222222,1.0,0.0196993464052288,0,0.45,0.3630666666666667,0.3811,risque_eleve
1325,senior,8197.05,lisbonne,printemps,16,appartement,1316.04,variable,randonnée,2,aucun,0,1,déçu par l'organisation.,6881.009999999999,430.063125,1.0,0.0,0,0.45,0.4363388888888889,0.5064,risque_moyen
1326,solo,5625.57,rome,automne,13,appartement,1262.06,pluie,gastronomie,3,retard_vol,1,1,"quelques imprévus, globalement bien.",4363.51,335.6546153846154,1.0,0.0,0,0.25,0.4660166666666667,0.4859,risque_moyen
1327,senior,8262.06,new york,printemps,10,villa,1137.72,nuageux,business,2,aucun,0,1,je ne recommande pas.,7124.339999999999,712.434,0.901357692307692,0.290562091503268,0,0.7,0.3306888888888888,0.4284,risque_moyen
1328,business,6836.43,rome,été,5,hôtel,977.47,ensoleillé,plage,2,annulation,1,1,de nombreux problèmes rencontrés.,5858.96,1171.792,1.0,0.0,0,1.0,0.4642444444444444,0.5757,risque_moyen
1329,senior,4244.06,bali,printemps,11,resort,899.59,variable,culture,4,annulation,1,1,"très satisfait, je recommande.",3344.4700000000003,304.0427272727273,0.1681572580645161,0.908608695652174,1,0.45,0.5140166666666667,0.5063,risque_moyen
1330,couple,7444.56,dubaï,hiver,15,hôtel,1463.69,pluie,plage,5,bagages,0,1,"très satisfait, je recommande.",5980.870000000001,398.72466666666674,0.8380245901639344,0.0,1,0.25,0.42075,0.6151,risque_faible
1331,solo,7994.72,rome,automne,12,appartement,1322.97,ensoleillé,culture,2,aucun,0,1,de nombreux problèmes rencontrés.,6671.75,555.9791666666666,1.0,0.0,1,1.0,0.4660166666666667,0.7559,risque_faible
1332,solo,5409.66,new york,été,11,hôtel,932.19,nuageux,culture,3,bagages,0,1,séjour mitigé.,4477.469999999999,407.0427272727272,0.3528192307692307,0.5592287581699347,1,0.7,0.4609944444444444,0.6388,risque_faible
1333,famille,10570.03,tokyo,été,6,villa,1128.67,nuageux,gastronomie,5,aucun,0,1,"parfait, rien à redire.",9441.36,1573.5600000000002,1.0,0.5834179894179894,1,0.7,0.4004166666666666,0.8171,risque_faible
1334,solo,12123.15,paris,automne,14,hôtel,1037.57,variable,culture,3,météo,0,1,peut mieux faire sur la logistique.,11085.58,791.8271428571428,1.0,0.0,1,0.45,0.3681277777777778,0.6782,risque_faible
1335,senior,10836.57,lisbonne,automne,3,,815.64,pluie,business,1,annulation,1,1,déçu par l'organisation.,10020.93,3340.31,1.0,0.0,0,0.25,0.5109277777777776,0.3713,risque_eleve
1336,business,,tokyo,automne,12,resort,1165.61,pluie,culture,2,aucun,0,1,je ne recommande pas.,,,0.5,0.5443280423280425,0,0.25,0.3977388888888888,0.3157,risque_eleve
1337,couple,9972.98,sydney,hiver,21,resort,1006.65,pluie,gastronomie,4,aucun,0,1,très bon rapport qualité-prix.,8966.33,426.96809523809526,0.8707781249999998,0.9173931623931624,1,0.25,0.5683611111111111,0.8072,risque_faible
1338,couple,7238.5,tokyo,été,3,resort,862.72,ensoleillé,gastronomie,4,aucun,0,1,une expérience inoubliable.,6375.78,2125.26,0.5691840277777777,0.8648465608465608,1,1.0,0.4004166666666666,0.7831,risque_faible
1339,couple,1939.0,lisbonne,automne,9,villa,721.59,nuageux,culture,1,retard_vol,1,0,je ne recommande pas.,1217.41,135.26777777777775,0.0253676470588234,0.0,1,0.7,0.5109277777777776,0.4524,risque_moyen
1340,famille,9637.79,bali,printemps,10,appartement,698.9,ensoleillé,randonnée,1,annulation,1,1,de nombreux problèmes rencontrés.,8938.890000000001,893.8890000000001,1.0,1.0,0,1.0,0.5140166666666667,0.7617,risque_faible
1341,senior,7513.5,tokyo,hiver,8,resort,1018.46,variable,culture,3,aucun,0,1,"quelques imprévus, globalement bien.",6495.04,811.88,0.6169270833333331,0.700042328042328,1,0.45,0.1438499999999999,0.55,risque_moyen
1342,solo,17386.37,dubaï,automne,2,villa,1095.19,nuageux,randonnée,3,aucun,0,1,séjour correct mais perfectible.,16291.179999999998,8145.589999999999,1.0,0.0393809523809522,1,0.7,0.6703277777777777,0.6315,risque_faible
1343,couple,12802.63,bali,été,12,appartement,883.42,nuageux,culture,3,retard_vol,1,1,séjour correct mais perfectible.,11919.21,993.2675,1.0,0.9242318840579712,1,0.7,0.5497055555555554,0.7763,risque_faible
1345,famille,7929.15,lisbonne,automne,14,villa,1100.43,ensoleillé,plage,1,retard_vol,1,1,à éviter.,6828.719999999999,487.76571428571424,1.0,0.0,1,1.0,0.5109277777777776,0.7613,risque_faible
1346,couple,7584.46,new york,été,10,resort,1272.61,pluie,,4,bagages,0,1,très bon rapport qualité-prix.,6311.85,631.1850000000001,0.77105,0.1142352941176473,0,0.25,0.4609944444444444,0.4418,risque_moyen
1347,business,2875.12,dubaï,printemps,21,hôtel,1068.98,ensoleillé,business,3,annulation,0,0,séjour mitigé.,1806.14,86.00666666666666,0.0,0.0809841269841271,1,1.0,0.6816444444444444,0.5164,risque_moyen
1349,senior,3404.1,sydney,printemps,11,hôtel,1148.58,pluie,business,4,retard_vol,0,1,"parfait, rien à redire.",2255.52,205.0472727272727,0.0,0.7960854700854701,0,0.25,0.51555,0.3552,risque_eleve
1350,business,6731.51,lisbonne,hiver,3,resort,779.6,nuageux,gastronomie,1,annulation,1,1,de nombreux problèmes rencontrés.,5951.91,1983.97,1.0,0.0,0,0.7,0.3659111111111111,0.4079,risque_moyen
1351,solo,,new york,automne,7,villa,1262.57,nuageux,randonnée,4,aucun,0,0,"très satisfait, je recommande.",,,0.5,0.127359477124183,1,0.7,0.3630666666666667,0.4705,risque_moyen
1352,business,4728.21,bali,automne,16,hôtel,,nuageux,plage,2,aucun,0,1,de nombreux problèmes rencontrés.,,,0.2657681451612903,0.5,0,0.7,0.5225333333333333,0.4311,risque_moyen
1353,senior,5925.13,paris,printemps,3,villa,1364.09,variable,gastronomie,4,retard_vol,0,1,une expérience inoubliable.,4561.04,1520.3466666666666,1.0,0.0,1,0.45,0.3504166666666666,0.556,risque_moyen
1354,business,6054.97,new york,printemps,3,villa,1027.29,ensoleillé,plage,3,aucun,0,1,séjour correct mais perfectible.,5027.68,1675.8933333333334,0.4769173076923076,0.4349150326797387,0,1.0,0.3306888888888888,0.3715,risque_eleve
1355,senior,4254.61,sydney,automne,10,,1402.76,pluie,business,1,bagages,0,1,à éviter.,2851.8499999999995,285.18499999999995,0.0,0.5788376068376069,0,0.25,0.5032777777777777,0.1946,risque_eleve
1356,business,5546.33,tokyo,hiver,17,villa,817.14,variable,plage,4,retard_vol,1,1,une expérience inoubliable.,4729.19,278.1876470588236,0.2754045138888888,0.9130793650793652,0,0.45,0.1438499999999999,0.3127,risque_eleve
1357,senior,13878.19,rome,été,10,villa,936.36,pluie,plage,4,bagages,0,1,"très satisfait, je recommande.",12941.83,1294.183,1.0,0.0,0,0.25,0.4642444444444444,0.3657,risque_eleve
1358,famille,9595.09,bali,été,8,villa,1220.09,,plage,3,météo,1,1,séjour mitigé.,8375.0,1046.875,1.0,0.5989468599033817,1,0.5,0.5497055555555554,0.8138,risque_faible
1359,business,4663.75,new york,été,3,resort,1431.69,pluie,plage,2,météo,1,1,déçu par l'organisation.,3232.06,1077.3533333333332,0.2093749999999999,0.0,0,0.25,0.4609944444444444,0.1439,risque_eleve
1360,solo,6648.29,sydney,hiver,12,hôtel,1564.65,nuageux,plage,1,annulation,1,1,je ne recommande pas.,5083.639999999999,423.6366666666666,0.3512953124999999,0.4404700854700855,0,0.7,0.5683611111111111,0.4499,risque_moyen
1361,solo,6809.78,rome,été,13,appartement,1129.09,nuageux,culture,5,météo,0,1,excellent séjour.,5680.69,436.9761538461538,1.0,0.0,1,0.7,0.4642444444444444,0.7197,risque_faible
1362,business,3826.07,new york,printemps,3,appartement,,nuageux,randonnée,1,retard_vol,0,0,déçu par l'organisation.,,,0.0482826923076923,0.5,0,0.7,0.3306888888888888,0.2272,risque_eleve
1363,senior,3821.33,dubaï,été,16,hôtel,1040.37,ensoleillé,,5,retard_vol,1,1,excellent séjour.,2780.96,173.81,0.0955594262295081,0.1263968253968256,0,1.0,0.5018666666666666,0.3497,risque_eleve
1364,senior,11000.45,lisbonne,hiver,14,appartement,1412.47,ensoleillé,business,3,bagages,0,1,séjour mitigé.,9587.98,684.8557142857144,1.0,0.0,0,1.0,0.3659111111111111,0.5639,risque_moyen
1365,couple,5230.59,rome,été,16,hôtel,,nuageux,culture,4,annulation,1,1,une expérience inoubliable.,,,0.9889711538461536,0.5,1,0.7,0.4642444444444444,0.8066,risque_faible
1366,business,2507.99,lisbonne,été,13,villa,1230.61,ensoleillé,culture,5,aucun,0,0,très bon rapport qualité-prix.,1277.38,98.26,0.2345551470588233,0.0,0,1.0,0.5779666666666666,0.255,risque_eleve
1367,business,6749.97,new york,printemps,13,resort,490.43,nuageux,randonnée,5,météo,0,1,très bon rapport qualité-prix.,6259.54,481.50307692307695,0.6105711538461539,1.0,0,0.7,0.3306888888888888,0.4746,risque_moyen
1368,couple,,dubaï,hiver,13,hôtel,817.41,pluie,plage,1,retard_vol,1,1,à éviter.,,,0.5,0.4803015873015873,1,0.25,0.42075,0.6069,risque_faible
1370,famille,6759.63,new york,printemps,3,resort,766.27,ensoleillé,business,1,météo,1,1,déçu par l'organisation.,5993.360000000001,1997.7866666666669,0.612428846153846,0.7761176470588236,0,1.0,0.3306888888888888,0.5909,risque_moyen
1371,business,10425.43,new york,hiver,3,resort,1232.42,pluie,,5,météo,0,1,une expérience inoubliable.,9193.01,3064.3366666666666,1.0,0.1667712418300654,0,0.25,0.1832,0.362,risque_eleve
1372,solo,8744.26,bali,automne,6,hôtel,1360.93,nuageux,randonnée,3,aucun,0,1,séjour mitigé.,7383.33,1230.555,1.0,0.4628695652173912,1,0.7,0.5225333333333333,0.81,risque_faible
1373,senior,,tokyo,printemps,9,resort,983.65,ensoleillé,gastronomie,5,retard_vol,0,1,excellent séjour.,,,0.5,0.7368783068783069,1,1.0,0.3183611111111111,0.6108,risque_faible
1374,solo,,new york,automne,12,hôtel,,ensoleillé,business,1,aucun,0,1,déçu par l'organisation.,,,0.5,0.5,0,1.0,0.3630666666666667,0.5136,risque_moyen
1375,senior,,new york,automne,12,appartement,990.92,ensoleillé,culture,2,retard_vol,0,1,à éviter.,,,0.5,0.4824575163398694,1,1.0,0.3630666666666667,0.6904,risque_faible
1376,solo,18219.55,paris,hiver,15,appartement,859.16,ensoleillé,culture,4,aucun,0,1,très bon rapport qualité-prix.,17360.39,1157.359333333333,1.0,0.0,1,1.0,0.17495,0.721,risque_faible
1377,business,9982.4,tokyo,été,16,resort,1090.87,ensoleillé,business,5,retard_vol,0,1,"très satisfait, je recommande.",8891.529999999999,555.7206249999999,1.0,0.6234179894179896,1,1.0,0.4004166666666666,0.7403,risque_faible
1378,famille,7581.83,rome,automne,6,,1145.36,nuageux,culture,1,aucun,0,1,déçu par l'organisation.,6436.47,1072.745,1.0,0.0,1,0.7,0.4660166666666667,0.5999,risque_moyen
1379,solo,10852.07,lisbonne,été,11,hôtel,,nuageux,culture,1,bagages,0,1,de nombreux problèmes rencontrés.,,,1.0,0.5,1,0.7,0.5779666666666666,0.8234,risque_faible
1380,business,4668.04,lisbonne,printemps,6,hôtel,1566.73,ensoleillé,plage,5,aucun,0,1,excellent séjour.,3101.31,516.885,1.0,0.0,0,1.0,0.4363388888888889,0.5724,risque_moyen
1381,senior,7358.41,bali,printemps,9,hôtel,925.2,ensoleillé,plage,1,retard_vol,1,1,très mauvaise expérience.,6433.21,714.8011111111111,0.7960504032258064,0.8838647342995168,0,1.0,0.5140166666666667,0.6837,risque_faible
1382,senior,4311.07,rome,hiver,12,villa,1490.9,ensoleillé,business,4,météo,1,1,"très satisfait, je recommande.",2820.17,235.01416666666665,0.6942532051282049,0.0,0,1.0,0.2807999999999999,0.3481,risque_eleve
1383,famille,8529.47,rome,été,3,villa,838.95,pluie,culture,1,météo,1,1,déçu par l'organisation.,7690.519999999999,2563.5066666666667,1.0,0.0,1,0.25,0.4642444444444444,0.6657,risque_faible
1384,solo,4294.2,new york,automne,21,villa,1137.5,ensoleillé,gastronomie,5,météo,1,1,très bon rapport qualité-prix.,3156.7,150.3190476190476,0.1383076923076921,0.2908496732026145,0,1.0,0.3630666666666667,0.2546,risque_eleve
1386,famille,8591.95,new york,hiver,7,appartement,1421.2,ensoleillé,plage,5,bagages,0,1,très bon rapport qualité-prix.,7170.750000000001,1024.392857142857,0.9647980769230772,0.0,1,1.0,0.1832,0.7121,risque_faible
1387,business,6368.47,paris,été,20,resort,,ensoleillé,business,1,météo,1,1,à éviter.,,,1.0,0.5,1,1.0,0.5546333333333333,0.7366,risque_faible
1390,senior,2295.93,lisbonne,hiver,7,villa,973.3,ensoleillé,culture,1,retard_vol,0,0,très mauvaise expérience.,1322.63,188.94714285714284,0.1565919117647057,0.0,1,1.0,0.3659111111111111,0.3878,risque_eleve
1391,business,3362.09,new york,automne,18,villa,1283.07,ensoleillé,randonnée,2,aucun,0,0,très mauvaise expérience.,2079.0200000000004,115.50111111111111,0.0,0.1005620915032682,0,1.0,0.3630666666666667,0.1817,risque_eleve
1392,business,8595.78,new york,automne,9,appartement,1617.15,variable,plage,2,annulation,0,1,de nombreux problèmes rencontrés.,6978.630000000001,775.4033333333334,0.9655346153846152,0.0,0,0.45,0.3630666666666667,0.3679,risque_eleve
1393,famille,7807.2,bali,hiver,11,villa,1244.42,pluie,culture,4,retard_vol,0,1,"très satisfait, je recommande.",6562.78,596.6163636363636,0.886532258064516,0.57543961352657,1,0.25,0.5211222222222222,0.7443,risque_faible
1394,couple,11221.34,lisbonne,hiver,16,villa,1269.78,pluie,plage,4,retard_vol,0,1,très bon rapport qualité-prix.,9951.56,621.9725,1.0,0.0,1,0.25,0.3659111111111111,0.6539,risque_faible
1395,business,9960.8,bali,automne,13,resort,1298.14,variable,plage,1,aucun,0,1,déçu par l'organisation.,8662.66,666.3584615384615,1.0,0.5235362318840577,0,0.45,0.5225333333333333,0.4909,risque_moyen
1396,senior,11248.06,sydney,hiver,10,villa,726.46,ensoleillé,culture,1,météo,1,1,très mauvaise expérience.,10521.6,1052.16,1.0,1.0,1,1.0,0.5683611111111111,0.8282,risque_faible
1397,famille,9378.27,lisbonne,été,15,hôtel,1241.34,variable,randonnée,5,aucun,0,1,une expérience inoubliable.,8136.93,542.462,1.0,0.0,0,0.45,0.5779666666666666,0.4034,risque_moyen
1398,solo,7769.85,new york,automne,21,villa,845.51,ensoleillé,gastronomie,2,annulation,0,1,très mauvaise expérience.,6924.34,329.7304761904762,0.8067019230769231,0.6725359477124184,0,1.0,0.3630666666666667,0.5105,risque_moyen
1399,business,11358.78,lisbonne,été,11,villa,959.91,pluie,plage,5,aucun,0,1,"parfait, rien à redire.",10398.87,945.3518181818182,1.0,0.0,0,0.25,0.5779666666666666,0.3794,risque_eleve
1400,famille,10632.91,bali,printemps,10,hôtel,1697.4,nuageux,business,2,annulation,1,1,très mauvaise expérience.,8935.51,893.551,1.0,0.1377777777777779,0,0.7,0.5140166666666667,0.4505,risque_moyen
1401,solo,8441.17,new york,printemps,11,appartement,,nuageux,randonnée,2,annulation,1,1,à éviter.,,,0.9358019230769228,0.5,1,0.7,0.3306888888888888,0.7757,risque_faible
1402,senior,12051.5,paris,hiver,16,hôtel,919.63,variable,plage,2,annulation,1,1,très mauvaise expérience.,11131.87,695.741875,1.0,0.0,0,0.45,0.17495,0.475,risque_moyen
1404,couple,5752.27,rome,printemps,9,villa,864.02,variable,plage,4,météo,1,1,"très satisfait, je recommande.",4888.25,543.1388888888889,1.0,0.0,1,0.45,0.4113722222222222,0.6834,risque_faible
1405,senior,5690.44,paris,hiver,3,appartement,998.09,nuageux,randonnée,3,météo,1,1,"quelques imprévus, globalement bien.",4692.349999999999,1564.1166666666666,1.0,0.0,0,0.7,0.17495,0.505,risque_moyen
1407,senior,13263.01,bali,automne,7,hôtel,1129.46,variable,plage,1,bagages,0,1,de nombreux problèmes rencontrés.,12133.55,1733.3642857142856,1.0,0.686512077294686,0,0.45,0.5225333333333333,0.6403,risque_faible
1408,couple,1073.98,new york,hiver,10,resort,699.49,ensoleillé,,3,météo,1,0,"quelques imprévus, globalement bien.",374.49,37.449,0.0,0.8634117647058823,0,1.0,0.1832,0.4174,risque_moyen
1409,business,12616.65,tokyo,automne,19,appartement,1263.79,variable,business,3,bagages,0,1,séjour mitigé.,11352.86,597.5189473684211,1.0,0.4404338624338626,1,0.45,0.3977388888888888,0.641,risque_faible
1410,solo,2198.39,bali,été,13,hôtel,1011.75,pluie,plage,5,aucun,0,0,excellent séjour.,1186.64,91.28,0.0,0.8002415458937198,0,0.25,0.5497055555555554,0.36,risque_eleve
1411,couple,2320.34,lisbonne,automne,5,appartement,1530.68,pluie,plage,3,météo,1,0,séjour mitigé.,789.6600000000001,157.93200000000002,0.1655661764705882,0.0,1,0.25,0.5109277777777776,0.3177,risque_eleve
1412,senior,5978.89,lisbonne,automne,6,resort,955.54,ensoleillé,business,1,aucun,0,1,très mauvaise expérience.,5023.35,837.225,1.0,0.0,0,1.0,0.5109277777777776,0.4613,risque_moyen
1413,couple,5640.36,rome,automne,17,appartement,1399.73,nuageux,business,4,annulation,1,1,très bon rapport qualité-prix.,4240.629999999999,249.44882352941173,1.0,0.0,0,0.7,0.4660166666666667,0.4199,risque_moyen
1415,couple,9545.61,new york,hiver,10,,889.95,nuageux,plage,5,météo,1,1,"très satisfait, je recommande.",8655.66,865.566,1.0,0.6144444444444443,1,0.7,0.1832,0.6766,risque_faible
1416,business,9664.71,dubaï,automne,8,resort,1066.22,ensoleillé,gastronomie,1,annulation,1,1,à éviter.,8598.49,1074.81125,1.0,0.0853650793650794,0,1.0,0.6703277777777777,0.4958,risque_moyen
1417,senior,11176.0,bali,été,16,villa,1222.15,ensoleillé,plage,3,retard_vol,1,1,peut mieux faire sur la logistique.,9953.85,622.115625,1.0,0.5969565217391304,0,1.0,0.5497055555555554,0.5734,risque_moyen
1418,senior,5175.44,dubaï,été,5,appartement,888.23,variable,plage,4,aucun,0,1,"parfait, rien à redire.",4287.209999999999,857.4419999999998,0.3730409836065572,0.367888888888889,0,0.45,0.5018666666666666,0.4049,risque_moyen
1419,couple,6764.32,rome,automne,12,resort,1190.44,ensoleillé,,3,aucun,0,1,séjour correct mais perfectible.,5573.879999999999,464.49,1.0,0.0,0,1.0,0.4660166666666667,0.5759,risque_moyen
1420,solo,6801.26,bali,automne,21,appartement,1057.72,,culture,2,retard_vol,0,1,très mauvaise expérience.,5743.54,273.5019047619048,0.6837217741935483,0.7558260869565216,1,0.5,0.5225333333333333,0.7502,risque_faible
1421,famille,13733.37,dubaï,été,11,appartement,1052.32,variable,randonnée,1,météo,1,1,de nombreux problèmes rencontrés.,12681.05,1152.8227272727274,1.0,0.1074285714285716,0,0.45,0.5018666666666666,0.5336,risque_moyen
1423,senior,3063.69,sydney,printemps,12,appartement,1137.1,ensoleillé,randonnée,3,retard_vol,1,0,"quelques imprévus, globalement bien.",1926.59,160.54916666666668,0.0,0.8058974358974359,0,1.0,0.51555,0.4469,risque_moyen
1424,business,6946.35,paris,printemps,8,hôtel,1161.92,pluie,randonnée,5,météo,0,1,excellent séjour.,5784.43,723.05375,1.0,0.0,0,0.25,0.3504166666666666,0.472,risque_moyen
1425,business,2544.81,rome,printemps,3,resort,957.51,ensoleillé,culture,4,retard_vol,1,0,"parfait, rien à redire.",1587.3,529.1,0.1281442307692307,0.0,0,1.0,0.4113722222222222,0.2052,risque_eleve
1426,solo,5881.94,paris,printemps,13,appartement,,pluie,business,2,météo,1,1,je ne recommande pas.,,,1.0,0.5,0,0.25,0.3504166666666666,0.5621,risque_moyen
1427,senior,6415.41,rome,hiver,15,appartement,1086.22,pluie,randonnée,2,aucun,0,1,je ne recommande pas.,5329.19,355.2793333333333,1.0,0.0,0,0.25,0.2807999999999999,0.4637,risque_moyen
1428,solo,4270.89,paris,hiver,8,,1106.0,pluie,culture,3,aucun,0,1,dans l'ensemble satisfaisant.,3164.8900000000003,395.61125,0.5835982142857143,0.0,1,0.25,0.17495,0.3944,risque_eleve
1430,solo,9457.95,new york,printemps,5,,1204.82,pluie,plage,5,aucun,0,1,"très satisfait, je recommande.",8253.130000000001,1650.6260000000002,1.0,0.2028496732026146,0,0.25,0.3306888888888888,0.3862,risque_eleve
1431,famille,5970.9,new york,automne,9,villa,631.64,pluie,culture,4,météo,1,1,une expérience inoubliable.,5339.259999999999,593.2511111111111,0.4607499999999999,0.9521045751633986,1,0.25,0.3630666666666667,0.674,risque_faible
1432,couple,5095.81,tokyo,été,7,villa,922.24,ensoleillé,plage,5,bagages,0,1,excellent séjour.,4173.570000000001,596.2242857142858,0.1971892361111112,0.8018624338624338,1,1.0,0.4004166666666666,0.6676,risque_faible
1433,famille,6255.3,paris,hiver,5,villa,1042.98,pluie,gastronomie,2,annulation,0,1,à éviter.,5212.32,1042.464,1.0,0.0,1,0.25,0.17495,0.631,risque_faible
1434,solo,6894.0,new york,hiver,19,hôtel,888.56,variable,gastronomie,4,météo,0,1,"très satisfait, je recommande.",6005.4400000000005,316.0757894736842,0.6382692307692306,0.6162614379084967,0,0.45,0.1832,0.4856,risque_moyen
1436,couple,8785.91,lisbonne,automne,13,hôtel,,nuageux,plage,5,retard_vol,1,1,excellent séjour.,,,1.0,0.5,1,0.7,0.5109277777777776,0.8153,risque_faible
1437,solo,5104.66,paris,printemps,14,villa,1165.37,ensoleillé,randonnée,2,annulation,1,1,de nombreux problèmes rencontrés.,3939.29,281.3778571428571,0.8317440476190474,0.0,1,1.0,0.3504166666666666,0.5749,risque_moyen
1438,senior,12013.03,new york,été,14,appartement,,ensoleillé,,1,météo,1,1,je ne recommande pas.,,,1.0,0.5,0,1.0,0.4609944444444444,0.6653,risque_faible
1440,solo,11644.05,new york,automne,11,villa,792.31,,gastronomie,4,météo,1,1,très bon rapport qualité-prix.,10851.74,986.5218181818182,1.0,0.742078431372549,0,0.5,0.3630666666666667,0.5171,risque_moyen
1441,couple,2845.61,new york,printemps,9,hôtel,1072.49,variable,,5,aucun,0,0,une expérience inoubliable.,1773.12,197.01333333333332,0.0,0.3758300653594772,0,0.45,0.3306888888888888,0.2813,risque_eleve
1442,senior,5425.83,dubaï,hiver,12,appartement,866.88,ensoleillé,,5,météo,1,1,"très satisfait, je recommande.",4558.95,379.9125,0.4243504098360655,0.4017777777777779,0,1.0,0.42075,0.4816,risque_moyen
1443,couple,1911.92,rome,hiver,12,villa,1043.66,variable,plage,1,bagages,0,0,à éviter.,868.26,72.355,0.0,0.0,1,0.45,0.2807999999999999,0.3877,risque_eleve
1444,couple,4079.26,dubaï,hiver,8,hôtel,431.94,ensoleillé,culture,3,bagages,0,1,séjour correct mais perfectible.,3647.32,455.915,0.1484139344262294,1.0,1,1.0,0.42075,0.692,risque_faible
1445,senior,11974.99,lisbonne,hiver,3,appartement,815.7,ensoleillé,culture,2,aucun,0,1,de nombreux problèmes rencontrés.,11159.29,3719.763333333333,1.0,0.0,1,1.0,0.3659111111111111,0.7439,risque_faible
1446,solo,12924.54,lisbonne,été,11,villa,1510.33,nuageux,gastronomie,2,météo,1,1,de nombreux problèmes rencontrés.,11414.21,1037.6554545454546,1.0,0.0,0,0.7,0.5779666666666666,0.4334,risque_moyen
1447,business,2292.43,tokyo,automne,9,hôtel,1340.55,ensoleillé,randonnée,5,météo,0,0,"parfait, rien à redire.",951.88,105.76444444444444,0.0,0.3592063492063493,0,1.0,0.3977388888888888,0.3524,risque_eleve
1448,business,5075.31,bali,été,3,appartement,1471.5,variable,plage,5,météo,1,1,"très satisfait, je recommande.",3603.81,1201.2700000000002,0.3357479838709677,0.3560386473429952,0,0.45,0.5497055555555554,0.2781,risque_eleve
1449,business,6616.63,dubaï,été,12,resort,1489.91,variable,plage,1,retard_vol,1,1,à éviter.,5126.72,427.2266666666667,0.6683668032786885,0.0,0,0.45,0.5018666666666666,0.3014,risque_eleve
1450,couple,41000.0,new york,printemps,15,appartement,1298.36,variable,gastronomie,1,aucun,0,1,de nombreux problèmes rencontrés.,39701.64,2646.776,1.0,0.080575163398693,1,0.45,0.3306888888888888,0.5682,risque_moyen
1453,couple,,rome,automne,7,villa,1425.33,ensoleillé,culture,3,retard_vol,1,1,peut mieux faire sur la logistique.,,,0.5,0.0,1,1.0,0.4660166666666667,0.6159,risque_faible
1454,senior,500.0,tokyo,automne,4,hôtel,,variable,culture,4,retard_vol,1,0,"parfait, rien à redire.",,,0.0,0.5,1,0.45,0.3977388888888888,0.4917,risque_moyen
1455,couple,5121.62,rome,printemps,11,resort,1786.4,nuageux,plage,4,retard_vol,1,1,très bon rapport qualité-prix.,3335.22,303.20181818181817,0.9540448717948716,0.0,1,0.7,0.4113722222222222,0.7005,risque_faible
1457,business,8600.8,paris,printemps,6,villa,1646.74,ensoleillé,randonnée,4,aucun,0,1,excellent séjour.,6954.06,1159.01,1.0,0.0,0,1.0,0.3504166666666666,0.442,risque_moyen
1458,business,6352.31,lisbonne,printemps,9,appartement,1075.98,ensoleillé,culture,5,retard_vol,0,1,une expérience inoubliable.,5276.33,586.2588888888889,1.0,0.0,0,1.0,0.4363388888888889,0.4524,risque_moyen
1459,solo,5448.54,paris,automne,3,hôtel,1476.06,ensoleillé,gastronomie,5,aucun,0,1,une expérience inoubliable.,3972.48,1324.16,0.9340892857142856,0.0,0,1.0,0.3681277777777778,0.5457,risque_moyen
1460,solo,10331.0,paris,printemps,15,hôtel,1572.71,variable,culture,4,annulation,1,1,"très satisfait, je recommande.",8758.29,583.8860000000001,1.0,0.0,1,0.45,0.3504166666666666,0.6761,risque_faible
1461,senior,8074.52,tokyo,automne,6,villa,843.85,variable,business,3,météo,1,1,dans l'ensemble satisfaisant.,7230.67,1205.111666666667,0.714326388888889,0.8848148148148148,0,0.45,0.3977388888888888,0.461,risque_moyen
1462,business,4313.93,rome,été,10,appartement,988.02,variable,culture,1,météo,1,1,de nombreux problèmes rencontrés.,3325.9100000000003,332.591,0.6951698717948718,0.0,0,0.45,0.4642444444444444,0.3044,risque_eleve
1464,senior,8469.7,lisbonne,printemps,7,appartement,,pluie,culture,5,bagages,0,1,excellent séjour.,,,1.0,0.5,1,0.25,0.4363388888888889,0.7524,risque_faible
1465,business,13855.37,tokyo,été,9,villa,1296.77,ensoleillé,business,3,aucun,0,1,séjour mitigé.,12558.6,1395.4,1.0,0.4055343915343915,1,1.0,0.4004166666666666,0.701,risque_faible
1466,couple,10096.03,tokyo,été,10,hôtel,1065.3,nuageux,business,4,aucun,0,1,"très satisfait, je recommande.",9030.73,903.073,1.0,0.6504761904761907,0,0.7,0.4004166666666666,0.6491,risque_faible
1467,solo,,bali,printemps,12,hôtel,1132.03,ensoleillé,culture,3,aucun,0,1,peut mieux faire sur la logistique.,,,0.5,0.6840289855072464,1,1.0,0.5140166666666667,0.7448,risque_faible
1468,famille,4460.81,paris,printemps,17,villa,1267.07,ensoleillé,culture,3,retard_vol,1,1,séjour mitigé.,3193.7400000000007,187.86705882352945,0.640122023809524,0.0,1,1.0,0.3504166666666666,0.6413,risque_faible
1469,business,4809.45,bali,été,14,villa,620.22,pluie,business,4,bagages,0,1,très bon rapport qualité-prix.,4189.23,299.23071428571427,0.2821471774193547,1.0,1,0.25,0.5497055555555554,0.535,risque_moyen
1470,senior,5974.48,rome,hiver,15,resort,1462.85,ensoleillé,gastronomie,2,météo,0,1,je ne recommande pas.,4511.629999999999,300.77533333333326,1.0,0.0,1,1.0,0.2807999999999999,0.6137,risque_faible
1471,solo,6344.83,paris,automne,17,resort,1024.44,nuageux,,5,bagages,0,1,très bon rapport qualité-prix.,5320.389999999999,312.9641176470588,1.0,0.0,0,0.7,0.3681277777777778,0.4082,risque_moyen
1472,solo,2857.63,new york,hiver,13,appartement,1260.68,pluie,gastronomie,5,météo,1,0,"très satisfait, je recommande.",1596.95,122.8423076923077,0.0,0.1298300653594772,0,0.25,0.1832,0.1954,risque_eleve
1473,famille,12030.78,paris,hiver,10,,,ensoleillé,business,4,retard_vol,1,1,très bon rapport qualité-prix.,,,1.0,0.5,0,1.0,0.17495,0.511,risque_moyen
1474,senior,10487.44,paris,été,15,hôtel,1485.37,variable,gastronomie,4,aucun,0,1,"très satisfait, je recommande.",9002.07,600.138,1.0,0.0,1,0.45,0.5546333333333333,0.7006,risque_faible
1475,famille,5690.9,new york,été,15,villa,1089.9,nuageux,business,1,météo,0,1,déçu par l'organisation.,4601.0,306.7333333333333,0.406903846153846,0.3530718954248365,0,0.7,0.4609944444444444,0.4368,risque_moyen
1476,famille,9512.66,tokyo,été,13,resort,548.87,variable,culture,4,retard_vol,1,1,une expérience inoubliable.,8963.789999999999,689.5223076923077,0.964003472222222,1.0,1,0.45,0.4004166666666666,0.852,risque_faible
1477,couple,7823.18,rome,printemps,3,,1133.31,pluie,business,1,aucun,0,1,très mauvaise expérience.,6689.870000000001,2229.956666666667,1.0,0.0,0,0.25,0.4113722222222222,0.3594,risque_eleve
1478,famille,9827.79,paris,automne,6,hôtel,1171.79,pluie,plage,1,météo,0,1,à éviter.,8656.0,1442.6666666666667,1.0,0.0,1,0.25,0.3681277777777778,0.5342,risque_moyen
1479,solo,1501.07,rome,été,9,hôtel,,pluie,culture,2,annulation,1,0,à éviter.,,,0.0,0.5,1,0.25,0.4642444444444444,0.4757,risque_moyen
1480,solo,6336.4,rome,été,14,appartement,1157.53,variable,culture,1,bagages,0,1,déçu par l'organisation.,5178.87,369.9192857142857,1.0,0.0,1,0.45,0.4642444444444444,0.6897,risque_faible
1481,couple,6689.87,sydney,printemps,10,resort,1021.25,pluie,business,4,météo,0,1,une expérience inoubliable.,5668.62,566.862,0.3577921874999999,0.90491452991453,0,0.25,0.51555,0.4749,risque_moyen
1482,famille,9439.77,lisbonne,hiver,16,appartement,758.14,ensoleillé,business,2,retard_vol,1,1,très mauvaise expérience.,8681.630000000001,542.6018750000001,1.0,0.0,0,1.0,0.3659111111111111,0.5639,risque_moyen
1483,famille,,tokyo,été,16,hôtel,1297.96,ensoleillé,culture,2,annulation,1,1,très mauvaise expérience.,,,0.5,0.4042751322751323,1,1.0,0.4004166666666666,0.5608,risque_moyen
1485,famille,2560.42,dubaï,été,16,villa,1009.09,ensoleillé,plage,2,bagages,0,0,déçu par l'organisation.,1551.33,96.958125,0.0,0.176047619047619,1,1.0,0.5018666666666666,0.5119,risque_moyen
1486,business,6677.73,new york,hiver,5,villa,994.03,ensoleillé,business,4,météo,1,1,une expérience inoubliable.,5683.7,1136.74,0.596678846153846,0.4783921568627453,1,1.0,0.1832,0.5752,risque_moyen
1487,couple,7181.71,rome,automne,12,hôtel,1449.11,ensoleillé,plage,3,annulation,0,1,dans l'ensemble satisfaisant.,5732.6,477.7166666666667,1.0,0.0,1,1.0,0.4660166666666667,0.7559,risque_faible
1488,couple,13716.24,paris,été,7,resort,1107.03,pluie,culture,2,aucun,0,1,déçu par l'organisation.,12609.21,1801.3157142857142,1.0,0.0,1,0.25,0.5546333333333333,0.6766,risque_faible
1490,solo,7252.89,new york,été,8,appartement,999.91,pluie,gastronomie,3,retard_vol,1,1,peut mieux faire sur la logistique.,6252.9800000000005,781.6225000000001,0.7072865384615384,0.4707058823529412,0,0.25,0.4609944444444444,0.4881,risque_moyen
1491,famille,6793.33,rome,hiver,17,resort,1242.05,variable,plage,3,retard_vol,0,1,"quelques imprévus, globalement bien.",5551.28,326.54588235294113,1.0,0.0,1,0.45,0.2807999999999999,0.6677,risque_faible
1492,famille,11378.28,bali,automne,12,hôtel,1479.62,variable,plage,1,annulation,0,1,à éviter.,9898.66,824.8883333333333,1.0,0.348193236714976,1,0.45,0.5225333333333333,0.6394,risque_faible
1493,senior,4543.49,bali,été,20,appartement,1291.63,ensoleillé,business,4,bagages,0,1,très bon rapport qualité-prix.,3251.86,162.593,0.2285262096774193,0.5298260869565216,0,1.0,0.5497055555555554,0.4653,risque_moyen
1494,famille,6358.1,rome,automne,11,resort,1302.08,pluie,gastronomie,1,aucun,0,1,je ne recommande pas.,5056.02,459.63818181818186,1.0,0.0,1,0.25,0.4660166666666667,0.6659,risque_faible
1495,solo,2529.93,tokyo,printemps,21,,1280.47,pluie,plage,2,météo,1,0,à éviter.,1249.4599999999998,59.49809523809523,0.0,0.4227830687830687,0,0.25,0.3183611111111111,0.1443,risque_eleve
1497,couple,8507.34,new york,automne,10,resort,,pluie,plage,1,aucun,0,1,à éviter.,,,0.948526923076923,0.5,1,0.25,0.3630666666666667,0.7292,risque_faible
1498,solo,4069.85,rome,été,4,appartement,1063.06,ensoleillé,business,2,météo,1,1,je ne recommande pas.,3006.79,751.6975,0.6169391025641024,0.0,0,1.0,0.4642444444444444,0.4685,risque_moyen
1499,business,6462.29,paris,printemps,15,appartement,923.47,variable,randonnée,1,annulation,1,1,je ne recommande pas.,5538.82,369.25466666666665,1.0,0.0,0,0.45,0.3504166666666666,0.376,risque_eleve
1500,senior,8979.93,sydney,été,7,resort,832.7,ensoleillé,plage,1,annulation,1,1,déçu par l'organisation.,8147.23,1163.89,0.7156140624999998,1.0,0,1.0,0.3825888888888888,0.5463,risque_moyen
1501,senior,3092.77,bali,été,15,villa,,variable,randonnée,1,aucun,0,0,tres mauvaise experience.,,,0.0,0.5,0,0.45,0.5497055555555554,0.21,risque_eleve
1502,famille,12945.16,paris,automne,12,hôtel,1596.27,pluie,culture,3,météo,0,1,sejour correct mais perfectible.,11348.89,945.7408333333332,1.0,0.0,1,0.25,0.3681277777777778,0.5342,risque_moyen
1503,couple,6442.96,rome,printemps,11,villa,893.95,variable,plage,4,météo,1,1,tres bon sejour.,5549.01,504.4554545454546,1.0,0.0,1,0.45,0.4113722222222222,0.6834,risque_faible
1504,solo,10942.94,paris,printemps,12,hôtel,1290.74,pluie,gastronomie,3,aucun,0,1,sejour correct mais perfectible.,9652.2,804.35,1.0,0.0,0,0.25,0.3504166666666666,0.472,risque_moyen
1505,famille,,dubaï,printemps,8,hôtel,,pluie,business,1,retard_vol,1,1,tres mauvaise experience.,,,0.5,0.5,0,0.25,0.6816444444444444,0.3418,risque_eleve
1506,couple,11273.6,rome,hiver,16,appartement,1464.29,variable,plage,2,annulation,1,1,sejour decevant.,9809.31,613.0818750000001,1.0,0.0,1,0.45,0.2807999999999999,0.5477,risque_moyen
1507,famille,6910.59,rome,automne,14,villa,1535.13,pluie,business,3,météo,0,1,sejour correct mais perfectible.,5375.46,383.9614285714286,1.0,0.0,0,0.25,0.4660166666666667,0.4859,risque_moyen
1508,business,5606.56,new york,automne,7,resort,974.96,nuageux,business,3,retard_vol,1,1,sejour correct mais perfectible.,4631.6,661.657142857143,0.3906846153846153,0.5033202614379084,1,0.7,0.3630666666666667,0.5076,risque_moyen
1509,senior,7493.3,tokyo,hiver,6,resort,794.83,variable,culture,3,aucun,0,1,sejour correct mais perfectible.,6698.47,1116.4116666666666,0.6134201388888888,0.9366878306878306,1,0.45,0.1438499999999999,0.5916,risque_moyen
1510,solo,5404.54,bali,automne,11,villa,953.52,pluie,business,2,météo,1,0,sejour decevant.,4451.02,404.63818181818186,0.4021249999999999,0.8565024154589372,0,0.25,0.5225333333333333,0.3595,risque_eleve
1511,couple,6366.63,bali,printemps,10,hôtel,1301.8,variable,culture,4,retard_vol,0,0,tres bon sejour.,5064.83,506.483,0.5960947580645162,0.5200000000000001,1,0.45,0.5140166666666667,0.6762,risque_faible
1512,senior,7922.86,new york,été,4,appartement,1103.31,ensoleillé,plage,4,météo,1,1,tres bon sejour.,6819.549999999999,1704.8874999999998,0.836126923076923,0.3355424836601309,0,1.0,0.4609944444444444,0.5898,risque_moyen
1513,solo,15107.02,rome,hiver,13,villa,,ensoleillé,randonnée,4,retard_vol,1,1,tres bon sejour.,,,1.0,0.5,1,1.0,0.2807999999999999,0.7037,risque_faible
1514,famille,7255.13,lisbonne,automne,12,resort,950.47,ensoleillé,plage,5,météo,1,0,excellent sejour.,6304.66,525.3883333333333,1.0,0.0,1,1.0,0.5109277777777776,0.7613,risque_faible
1515,business,5454.95,bali,été,6,resort,1003.95,variable,plage,2,météo,1,1,sejour decevant.,4451.0,741.8333333333334,0.4122883064516128,0.8077777777777777,0,0.45,0.5497055555555554,0.3808,risque_eleve
1516,couple,1589.86,rome,hiver,20,villa,1430.87,ensoleillé,culture,2,annulation,1,0,sejour decevant.,158.99,7.9495,0.0,0.0,1,1.0,0.2807999999999999,0.4537,risque_moyen
1517,solo,10683.39,bali,été,14,hôtel,1377.37,variable,plage,4,annulation,1,0,tres bon sejour.,9306.02,664.7157142857143,1.0,0.446985507246377,0,0.45,0.5497055555555554,0.6004,risque_faible
1518,famille,5874.37,bali,hiver,10,villa,478.7,variable,,3,météo,0,1,sejour correct mais perfectible.,5395.67,539.567,0.4968487903225805,1.0,0,0.45,0.5211222222222222,0.5557,risque_moyen
1519,solo,4112.26,dubaï,automne,4,appartement,760.11,variable,plage,3,météo,0,0,sejour correct mais perfectible.,3352.15,838.0375,0.1551762295081966,0.5712539682539682,0,0.45,0.6703277777777777,0.4007,risque_moyen
1520,business,6504.94,new york,été,20,appartement,936.01,ensoleillé,business,3,bagages,0,1,sejour correct mais perfectible.,5568.929999999999,278.4465,0.5634499999999998,0.5542352941176472,1,1.0,0.4609944444444444,0.6128,risque_faible
1521,famille,,new york,automne,16,appartement,,ensoleillé,culture,4,météo,1,1,tres bon sejour.,,,0.5,0.5,1,1.0,0.3630666666666667,0.6936,risque_faible
1522,solo,2913.77,lisbonne,hiver,3,villa,1106.69,ensoleillé,gastronomie,1,météo,1,1,tres mauvaise experience.,1807.08,602.36,0.3837389705882352,0.0,0,1.0,0.3659111111111111,0.2714,risque_eleve
1523,business,16757.89,new york,été,13,appartement,800.07,nuageux,business,5,aucun,0,1,excellent sejour.,15957.82,1227.5246153846151,1.0,0.7319346405228757,1,0.7,0.4609944444444444,0.7311,risque_faible
1524,senior,7402.25,dubaï,hiver,11,appartement,1684.59,nuageux,gastronomie,4,retard_vol,1,0,tres bon sejour.,5717.66,519.7872727272727,0.8293545081967213,0.0,1,0.7,0.42075,0.6667,risque_faible
1525,couple,4770.62,rome,printemps,8,resort,1748.08,nuageux,plage,4,retard_vol,1,1,tres bon sejour.,3022.54,377.8175,0.8415448717948717,0.0,1,0.7,0.4113722222222222,0.669,risque_faible
1526,famille,5552.54,tokyo,hiver,12,hôtel,517.97,pluie,culture,3,aucun,0,0,sejour correct mais perfectible.,5034.57,419.5475,0.2764826388888888,1.0,1,0.25,0.1438499999999999,0.4847,risque_moyen
1527,couple,2788.25,dubaï,automne,5,appartement,1387.76,ensoleillé,plage,2,retard_vol,1,0,sejour decevant.,1400.49,280.098,0.0,0.0,1,1.0,0.6703277777777777,0.3804,risque_eleve
1528,business,5928.8,dubaï,hiver,8,villa,867.06,,randonnée,2,aucun,0,1,sejour decevant.,5061.74,632.7175,0.5274180327868851,0.4014920634920637,0,0.5,0.42075,0.3304,risque_eleve
1529,business,4647.04,new york,printemps,10,appartement,746.87,nuageux,business,3,retard_vol,1,1,sejour correct mais perfectible.,3900.17,390.017,0.2061615384615384,0.8014771241830065,1,0.7,0.3306888888888888,0.5057,risque_moyen
1530,business,3611.67,new york,automne,3,villa,1081.06,nuageux,business,2,retard_vol,1,0,sejour decevant.,2530.61,843.5366666666667,0.007051923076923,0.3646274509803923,1,0.7,0.3630666666666667,0.3752,risque_eleve
1531,famille,17346.05,bali,hiver,11,hôtel,1563.94,nuageux,randonnée,4,retard_vol,1,1,tres bon sejour.,15782.11,1434.7372727272725,1.0,0.2667246376811594,0,0.7,0.5211222222222222,0.4745,risque_moyen
1532,business,2087.72,tokyo,printemps,7,appartement,730.59,ensoleillé,culture,2,annulation,1,1,sejour decevant.,1357.1299999999997,193.87571428571425,0.0,1.0,0,1.0,0.3183611111111111,0.3382,risque_eleve
1533,couple,9179.27,bali,printemps,15,resort,1123.19,variable,randonnée,3,bagages,1,1,sejour correct mais perfectible.,8056.08,537.072,1.0,0.6925700483091787,0,0.45,0.5140166666666667,0.6403,risque_faible
1534,senior,35661.65,rome,printemps,12,resort,764.1,nuageux,business,2,météo,0,1,sejour decevant.,34897.55,2908.129166666667,1.0,0.0,0,0.7,0.4113722222222222,0.4134,risque_moyen
1535,business,4820.65,lisbonne,automne,9,hôtel,1081.8,ensoleillé,plage,4,retard_vol,1,1,tres bon sejour.,3738.85,415.4277777777777,1.0,0.0,0,1.0,0.5109277777777776,0.5813,risque_moyen
1536,business,4357.73,paris,été,13,appartement,1012.39,variable,culture,2,annulation,1,0,sejour decevant.,3345.34,257.33384615384614,0.6094434523809522,0.0,0,0.45,0.5546333333333333,0.2912,risque_eleve
1537,couple,1923.07,rome,printemps,7,villa,1421.98,nuageux,gastronomie,2,aucun,0,0,sejour decevant.,501.0899999999999,71.5842857142857,0.0,0.0,1,0.7,0.4113722222222222,0.4334,risque_moyen
1538,business,3194.84,paris,été,14,appartement,1516.08,variable,randonnée,1,annulation,1,0,tres mauvaise experience.,1678.7600000000002,119.9114285714286,0.2633452380952381,0.0,0,0.45,0.5546333333333333,0.1943,risque_eleve
1539,business,1445.61,tokyo,été,3,villa,1175.06,pluie,business,2,aucun,0,1,sejour decevant.,270.54999999999995,90.18333333333332,0.0,0.5343280423280424,1,0.25,0.4004166666666666,0.3542,risque_eleve
1540,senior,,tokyo,printemps,8,resort,,ensoleillé,gastronomie,4,retard_vol,0,1,tres bon sejour.,,,0.5,0.5,1,1.0,0.3183611111111111,0.5682,risque_moyen
1541,senior,6896.69,tokyo,été,5,villa,1553.75,ensoleillé,business,2,aucun,0,1,sejour decevant.,5342.94,1068.588,0.5098420138888887,0.1335978835978836,0,1.0,0.4004166666666666,0.3349,risque_eleve
1542,business,4628.94,new york,printemps,9,resort,1459.85,ensoleillé,culture,1,aucun,0,1,tres mauvaise experience.,3169.09,352.1211111111111,0.2026807692307691,0.0,0,1.0,0.3306888888888888,0.2164,risque_eleve
1543,senior,4236.67,dubaï,printemps,7,resort,1719.75,nuageux,culture,2,annulation,1,0,sejour decevant.,2516.92,359.56,0.180670081967213,0.0,1,0.7,0.6816444444444444,0.3964,risque_eleve
1544,solo,13889.07,dubaï,automne,1,villa,1441.88,pluie,business,2,météo,1,1,sejour decevant.,12447.19,12447.19,1.0,0.0,0,0.25,0.6703277777777777,0.3904,risque_eleve
1545,solo,11427.51,paris,automne,12,hôtel,1656.12,,plage,3,retard_vol,1,1,sejour correct mais perfectible.,9771.39,814.2824999999999,1.0,0.0,0,0.5,0.3681277777777778,0.5042,risque_moyen
1546,famille,19209.19,paris,été,16,appartement,1479.8,ensoleillé,randonnée,3,météo,1,1,sejour correct mais perfectible.,17729.39,1108.086875,1.0,0.0,0,1.0,0.5546333333333333,0.5866,risque_moyen
1547,couple,1223.72,new york,hiver,11,resort,734.99,ensoleillé,,3,météo,1,0,sejour correct mais perfectible.,488.73,44.43,0.0,0.8170065359477123,0,1.0,0.1832,0.409,risque_moyen
1548,business,6869.89,paris,été,7,hôtel,953.28,ensoleillé,business,4,annulation,1,0,tres bon sejour.,5916.610000000001,845.2300000000001,1.0,0.0,1,1.0,0.5546333333333333,0.7666,risque_faible
1549,senior,10660.48,sydney,printemps,19,villa,1111.76,variable,randonnée,3,météo,0,0,sejour correct mais perfectible.,9548.72,502.5642105263158,0.9781999999999998,0.8275555555555556,0,0.45,0.51555,0.5387,risque_moyen
1550,famille,13199.61,bali,automne,19,appartement,751.26,nuageux,randonnée,4,retard_vol,0,0,tres bon sejour.,12448.35,655.1763157894737,1.0,1.0,0,0.7,0.5225333333333333,0.7267,risque_faible
1551,solo,6409.26,rome,automne,23,appartement,1241.23,nuageux,business,3,aucun,0,0,sejour correct mais perfectible.,5168.030000000001,224.6969565217392,1.0,0.0,0,0.7,0.4660166666666667,0.5399,risque_moyen
1552,couple,4836.4,lisbonne,printemps,9,appartement,810.56,ensoleillé,business,3,aucun,0,0,sejour correct mais perfectible.,4025.84,447.31555555555553,1.0,0.0,0,1.0,0.4363388888888889,0.4524,risque_moyen
1553,famille,21471.94,paris,été,8,appartement,629.65,nuageux,plage,3,bagages,0,1,sejour correct mais perfectible.,20842.29,2605.28625,1.0,0.0,1,0.7,0.5546333333333333,0.7306,risque_faible
1554,famille,6445.87,rome,hiver,18,resort,880.97,pluie,plage,3,retard_vol,0,1,sejour correct mais perfectible.,5564.9,309.1611111111111,1.0,0.0,1,0.25,0.2807999999999999,0.6437,risque_faible
1555,couple,7038.99,rome,hiver,18,resort,1493.07,pluie,randonnée,2,bagages,0,0,sejour decevant.,5545.92,308.1066666666667,1.0,0.0,0,0.25,0.2807999999999999,0.4637,risque_moyen
1556,famille,2227.87,paris,automne,20,resort,866.29,pluie,plage,2,bagages,0,1,sejour decevant.,1361.58,68.079,0.0,0.0,1,0.25,0.3681277777777778,0.3742,risque_eleve
1557,famille,,tokyo,été,15,hôtel,,ensoleillé,culture,3,annulation,1,1,sejour correct mais perfectible.,,,0.5,0.5,1,1.0,0.4004166666666666,0.5781,risque_moyen
1558,senior,19991.24,new york,printemps,17,hôtel,939.42,pluie,culture,5,météo,1,0,excellent sejour.,19051.820000000003,1120.695294117647,1.0,0.5497777777777779,1,0.25,0.3306888888888888,0.7486,risque_faible
1559,famille,,new york,automne,19,hôtel,,ensoleillé,business,2,météo,1,1,sejour decevant.,,,0.5,0.5,0,1.0,0.3630666666666667,0.3936,risque_eleve
1560,senior,6415.76,dubaï,été,7,villa,1036.76,ensoleillé,plage,3,annulation,0,1,sejour correct mais perfectible.,5379.0,768.4285714285714,0.6272049180327868,0.1321269841269841,0,1.0,0.5018666666666666,0.3796,risque_eleve
1561,solo,5000.42,dubaï,été,21,villa,913.2,nuageux,gastronomie,1,retard_vol,0,1,tres mauvaise experience.,4087.22,194.62952380952385,0.3371762295081966,0.3282539682539681,0,0.7,0.5018666666666666,0.2977,risque_eleve
1562,business,12325.32,new york,printemps,10,hôtel,201.86,ensoleillé,plage,4,aucun,0,0,tres bon sejour.,12123.46,1212.346,1.0,1.0,0,1.0,0.3306888888888888,0.7397,risque_faible
1563,solo,9638.05,new york,été,13,appartement,1097.35,ensoleillé,culture,5,bagages,0,1,excellent sejour.,8540.699999999999,656.976923076923,1.0,0.3433333333333335,1,1.0,0.4609944444444444,0.8171,risque_faible
1564,business,7300.01,rome,été,32,hôtel,1526.57,variable,culture,3,météo,1,1,sejour correct mais perfectible.,5773.4400000000005,180.42,1.0,0.0,0,0.45,0.4642444444444444,0.5097,risque_moyen
1565,couple,4733.69,dubaï,printemps,11,hôtel,1486.28,pluie,plage,3,retard_vol,0,0,sejour correct mais perfectible.,3247.41,295.2190909090909,0.2825184426229507,0.0,1,0.25,0.6816444444444444,0.4909,risque_moyen
1566,couple,7911.39,new york,automne,10,appartement,1572.23,nuageux,culture,3,retard_vol,1,1,sejour correct mais perfectible.,6339.16,633.9159999999999,0.8339211538461538,0.0,1,0.7,0.3630666666666667,0.5411,risque_moyen
1567,solo,2226.13,tokyo,printemps,6,appartement,659.51,variable,plage,2,météo,1,0,sejour decevant.,1566.62,261.1033333333333,0.0,1.0,0,0.45,0.3183611111111111,0.3922,risque_eleve
1568,solo,5534.19,new york,hiver,6,hôtel,1279.69,nuageux,gastronomie,2,aucun,0,1,sejour decevant.,4254.5,709.0833333333334,0.3767673076923075,0.1049803921568627,0,0.7,0.1832,0.3504,risque_eleve
1569,solo,5293.03,tokyo,été,13,villa,598.78,ensoleillé,culture,4,aucun,0,1,tres bon sejour.,4694.25,361.09615384615387,0.2314288194444443,1.0,1,1.0,0.4004166666666666,0.5929,risque_moyen
1570,couple,3820.33,sydney,automne,5,hôtel,841.24,nuageux,plage,3,aucun,0,0,sejour correct mais perfectible.,2979.09,595.818,0.0,1.0,1,0.7,0.5032777777777777,0.6244,risque_faible
1571,business,,tokyo,été,5,hôtel,,pluie,culture,2,annulation,0,1,sejour decevant.,,,0.5,0.5,0,0.25,0.4004166666666666,0.428,risque_moyen
1572,business,2896.8,sydney,printemps,6,villa,889.54,variable,business,2,météo,1,0,sejour decevant.,2007.26,334.5433333333333,0.0,1.0,1,0.45,0.51555,0.4759,risque_moyen
1573,couple,6889.61,paris,été,12,hôtel,1014.68,ensoleillé,plage,4,aucun,0,1,tres bon sejour.,5874.929999999999,489.57749999999993,1.0,0.0,1,1.0,0.5546333333333333,0.7666,risque_faible
1574,couple,6869.83,new york,hiver,6,appartement,1545.77,pluie,plage,2,aucun,0,1,sejour decevant.,5324.06,887.3433333333332,0.6336211538461536,0.0,1,0.25,0.1832,0.4094,risque_moyen
1575,senior,8262.73,lisbonne,automne,13,resort,740.15,nuageux,plage,2,météo,1,1,sejour decevant.,7522.58,578.66,1.0,0.0,0,0.7,0.5109277777777776,0.4253,risque_moyen
1576,couple,5467.81,dubaï,automne,10,villa,1211.83,nuageux,culture,4,aucun,0,1,tres bon sejour.,4255.9800000000005,425.59800000000007,0.432952868852459,0.0,1,0.7,0.6703277777777777,0.5857,risque_moyen
1577,couple,5359.04,rome,printemps,7,villa,593.76,variable,plage,4,météo,1,1,tres bon sejour.,4765.28,680.7542857142856,1.0,0.3117037037037038,1,0.45,0.4113722222222222,0.7395,risque_faible
1578,couple,3336.76,lisbonne,automne,6,appartement,954.43,nuageux,plage,3,retard_vol,1,1,sejour correct mais perfectible.,2382.3300000000004,397.05500000000006,0.53925,0.0,1,0.7,0.5109277777777776,0.4763,risque_moyen
1579,senior,8094.95,bali,printemps,12,hôtel,737.36,pluie,gastronomie,5,retard_vol,1,1,excellent sejour.,7357.59,613.1325,0.9445463709677416,1.0,1,0.25,0.5140166666666667,0.8362,risque_faible
1580,senior,10047.78,tokyo,été,11,appartement,1604.15,variable,plage,3,annulation,0,1,sejour correct mais perfectible.,8443.630000000001,767.6027272727274,1.0,0.0802645502645502,0,0.45,0.4004166666666666,0.5165,risque_moyen
1581,solo,6915.64,new york,automne,5,appartement,878.17,pluie,gastronomie,3,retard_vol,1,1,sejour correct mais perfectible.,6037.47,1207.494,0.6424307692307692,0.629843137254902,0,0.25,0.3630666666666667,0.4868,risque_moyen
1582,business,1700.83,bali,printemps,2,resort,602.45,pluie,business,2,météo,1,0,sejour decevant.,1098.38,549.1899999999999,0.0,1.0,1,0.25,0.5140166666666667,0.4517,risque_moyen
1583,business,4130.78,paris,printemps,3,resort,1446.16,nuageux,business,2,aucun,0,0,sejour decevant.,2684.62,894.8733333333333,0.5418988095238093,0.0,1,0.7,0.3504166666666666,0.4578,risque_moyen
1584,business,3203.86,lisbonne,automne,6,hôtel,1334.72,pluie,plage,2,météo,1,1,sejour decevant.,1869.14,311.52333333333337,0.4903897058823529,0.0,0,0.25,0.5109277777777776,0.3486,risque_eleve
1585,famille,1421.4,dubaï,printemps,31,,728.19,ensoleillé,gastronomie,2,météo,1,0,sejour decevant.,693.21,22.361612903225808,0.0,0.6219206349206348,1,1.0,0.6816444444444444,0.4937,risque_moyen
1586,couple,5683.94,lisbonne,été,13,appartement,1504.26,ensoleillé,culture,4,météo,1,1,tres bon sejour.,4179.679999999999,321.5138461538461,1.0,0.0,1,1.0,0.5779666666666666,0.6494,risque_faible
1587,couple,8862.2,bali,automne,9,appartement,1539.8,nuageux,culture,4,aucun,0,0,tres bon sejour.,7322.400000000001,813.6,1.0,0.2900483091787441,1,0.7,0.5225333333333333,0.6589,risque_faible
1588,senior,8764.54,paris,printemps,14,resort,1055.73,pluie,culture,3,météo,0,1,sejour correct mais perfectible.,7708.810000000001,550.6292857142859,1.0,0.0,1,0.25,0.3504166666666666,0.532,risque_moyen
1589,solo,12097.37,paris,hiver,14,villa,1124.62,ensoleillé,culture,4,bagages,1,0,tres bon sejour.,10972.75,783.7678571428571,1.0,0.0,1,1.0,0.17495,0.601,risque_faible
1590,senior,6619.0,tokyo,été,15,resort,405.38,ensoleillé,culture,4,retard_vol,1,0,tres bon sejour.,6213.62,414.2413333333333,0.4616319444444444,1.0,1,1.0,0.4004166666666666,0.6573,risque_faible
1591,business,2530.59,tokyo,été,8,hôtel,686.29,ensoleillé,business,4,météo,1,0,tres bon sejour.,1844.3,230.5375,0.0,1.0,1,1.0,0.4004166666666666,0.648,risque_faible
1592,solo,8946.29,new york,printemps,7,villa,3722.59,variable,business,2,météo,1,1,sejour decevant.,5223.700000000001,746.2428571428572,1.0,0.0,0,0.45,0.3306888888888888,0.3737,risque_eleve
1593,couple,4819.27,paris,été,2,appartement,960.66,ensoleillé,gastronomie,3,retard_vol,0,1,sejour correct mais perfectible.,3858.6100000000006,1929.3050000000003,0.7468065476190477,0.0,1,1.0,0.5546333333333333,0.5757,risque_moyen
1594,senior,8088.81,new york,hiver,18,appartement,1528.66,variable,gastronomie,3,aucun,0,1,sejour correct mais perfectible.,6560.150000000001,364.4527777777778,0.8680403846153847,0.0,1,0.45,0.1832,0.619,risque_faible
1595,famille,6133.26,new york,automne,9,resort,1039.41,ensoleillé,business,2,météo,1,0,sejour decevant.,5093.85,565.9833333333333,0.4919730769230769,0.4190718954248364,0,1.0,0.3630666666666667,0.4968,risque_moyen
1596,couple,5789.55,bali,été,6,villa,937.51,ensoleillé,culture,4,retard_vol,1,1,tres bon sejour.,4852.04,808.6733333333333,0.4797479838709677,0.8719710144927535,1,1.0,0.5497055555555554,0.7772,risque_faible
1597,couple,10813.45,paris,été,6,resort,1227.84,ensoleillé,culture,4,aucun,0,1,tres bon sejour.,9585.61,1597.6016666666667,1.0,0.0,1,1.0,0.5546333333333333,0.7666,risque_faible
1598,solo,4292.07,rome,printemps,13,villa,513.85,variable,business,2,météo,1,1,sejour decevant.,3778.22,290.6323076923077,0.6881634615384613,0.5090123456790123,0,0.45,0.4113722222222222,0.3877,risque_eleve
1599,business,2551.93,paris,automne,1,hôtel,1501.29,pluie,business,2,aucun,0,0,sejour decevant.,1050.64,1050.64,0.0720029761904761,0.0,1,0.25,0.3681277777777778,0.3943,risque_eleve
1600,senior,1604.49,tokyo,hiver,21,resort,951.35,nuageux,business,1,météo,1,0,tres mauvaise experience.,653.14,31.101904761904763,0.0,0.771058201058201,0,0.7,0.1438499999999999,0.2401,risque_eleve
1601,couple,2066.72,dubaï,automne,15,appartement,884.72,variable,gastronomie,2,aucun,0,0,sejour decevant.,1181.9999999999998,78.79999999999998,0.0,0.3734603174603175,1,0.45,0.6703277777777777,0.3817,risque_eleve
1602,solo,5068.75,rome,printemps,7,villa,2259.83,pluie,plage,2,bagages,1,0,sejour decevant.,2808.92,401.2742857142857,0.9370993589743588,0.0,0,0.25,0.4113722222222222,0.3418,risque_eleve
1603,business,4908.43,new york,hiver,9,appartement,1505.87,ensoleillé,business,2,météo,1,0,sejour decevant.,3402.5600000000004,378.0622222222223,0.2564288461538461,0.0,1,1.0,0.1832,0.3938,risque_eleve
1604,senior,7482.3,dubaï,automne,15,resort,1174.69,variable,gastronomie,3,météo,1,1,sejour correct mais perfectible.,6307.610000000001,420.50733333333335,0.8457581967213115,0.0,1,0.45,0.6703277777777777,0.5513,risque_moyen
1605,senior,10956.74,paris,automne,9,villa,915.73,ensoleillé,plage,2,bagages,1,0,sejour decevant.,10041.01,1115.6677777777777,1.0,0.0,0,1.0,0.3681277777777778,0.4442,risque_moyen
1606,couple,7815.14,rome,hiver,14,hôtel,1229.99,pluie,gastronomie,4,annulation,1,0,tres bon sejour.,6585.150000000001,470.3678571428572,1.0,0.0,1,0.25,0.2807999999999999,0.6437,risque_faible
1607,famille,5555.34,rome,automne,16,appartement,1132.34,nuageux,plage,4,retard_vol,1,1,tres bon sejour.,4423.0,276.4375,1.0,0.0,1,0.7,0.4660166666666667,0.7199,risque_faible
1608,business,3902.91,bali,printemps,15,hôtel,1418.87,nuageux,plage,2,annulation,1,1,sejour decevant.,2484.04,165.60266666666666,0.0993770161290322,0.4068888888888889,0,0.7,0.5140166666666667,0.3667,risque_eleve
1609,solo,15344.22,rome,hiver,5,villa,585.94,variable,culture,4,annulation,1,1,tres bon sejour.,14758.28,2951.656,1.0,0.3310123456790121,1,0.45,0.2807999999999999,0.6073,risque_faible
1610,business,1623.39,bali,automne,6,appartement,684.0,ensoleillé,business,2,bagages,0,1,sejour decevant.,939.39,156.56500000000003,0.0,1.0,1,1.0,0.5225333333333333,0.5427,risque_moyen
1611,business,3933.48,dubaï,hiver,8,hôtel,1288.29,pluie,business,2,météo,1,1,sejour decevant.,2645.19,330.64875,0.1185409836065573,0.0,1,0.25,0.42075,0.4137,risque_moyen
1612,couple,5219.89,new york,printemps,3,resort,1051.1,ensoleillé,gastronomie,4,météo,1,1,tres bon sejour.,4168.790000000001,1389.596666666667,0.3163249999999999,0.4037908496732028,1,1.0,0.3306888888888888,0.6209,risque_faible
1613,solo,8686.85,new york,automne,13,appartement,714.59,ensoleillé,gastronomie,4,météo,0,1,tres bon sejour.,7972.26,613.2507692307693,0.983048076923077,0.8436732026143791,0,1.0,0.3630666666666667,0.7107,risque_faible
1614,senior,1824.01,rome,été,22,resort,,variable,business,1,bagages,0,0,tres mauvaise experience.,,,0.0,0.5,0,0.45,0.4642444444444444,0.1997,risque_eleve
1615,solo,8950.82,lisbonne,automne,10,resort,720.08,pluie,gastronomie,2,retard_vol,1,1,sejour decevant.,8230.74,823.074,1.0,0.0,0,0.25,0.5109277777777776,0.3713,risque_eleve
1616,famille,8417.61,lisbonne,hiver,6,villa,1033.14,pluie,business,2,météo,1,1,sejour decevant.,7384.47,1230.745,1.0,0.0,0,0.25,0.3659111111111111,0.4739,risque_moyen
1617,couple,1577.33,tokyo,hiver,4,appartement,584.16,pluie,randonnée,1,bagages,1,1,tres mauvaise experience.,993.17,248.2925,0.0,1.0,0,0.25,0.1438499999999999,0.2273,risque_eleve
1618,solo,4782.1,paris,automne,9,hôtel,1264.87,pluie,gastronomie,2,météo,1,0,sejour decevant.,3517.2300000000005,390.8033333333334,0.7357440476190477,0.0,0,0.25,0.3681277777777778,0.4002,risque_moyen
1619,famille,15309.99,rome,été,12,hôtel,32.55,nuageux,gastronomie,5,retard_vol,1,1,excellent sejour.,15277.44,1273.12,1.0,1.0,1,0.7,0.4642444444444444,0.7797,risque_faible
1620,senior,3710.71,rome,été,7,resort,1456.1,ensoleillé,gastronomie,3,annulation,1,1,sejour correct mais perfectible.,2254.61,322.08714285714285,0.5018301282051281,0.0,1,1.0,0.4642444444444444,0.4962,risque_moyen
1621,solo,6071.91,new york,automne,6,villa,1212.82,nuageux,plage,1,retard_vol,1,0,tres mauvaise experience.,4859.09,809.8483333333334,0.4801749999999999,0.1923921568627452,0,0.7,0.3630666666666667,0.2966,risque_eleve
1622,couple,11491.28,bali,été,17,resort,918.48,pluie,plage,5,retard_vol,1,1,excellent sejour.,10572.8,621.929411764706,1.0,0.8903574879227052,1,0.25,0.5497055555555554,0.8362,risque_faible
1623,solo,14532.06,paris,printemps,11,appartement,1001.87,variable,culture,4,retard_vol,1,1,tres bon sejour.,13530.19,1230.0172727272727,1.0,0.0,1,0.45,0.3504166666666666,0.6761,risque_faible
1624,senior,16171.07,new york,hiver,17,villa,895.04,nuageux,culture,4,aucun,0,1,tres bon sejour.,15276.03,898.5899999999999,1.0,0.6077908496732027,1,0.7,0.1832,0.6754,risque_faible
1625,famille,19663.79,new york,automne,18,appartement,1358.6,nuageux,gastronomie,4,aucun,0,1,tres bon sejour.,18305.19,1016.9550000000002,1.0,0.0018300653594772,1,0.7,0.3630666666666667,0.7079,risque_faible
1626,solo,6893.58,lisbonne,automne,10,villa,1054.59,variable,randonnée,3,aucun,0,1,sejour correct mais perfectible.,5838.99,583.899,1.0,0.0,1,0.45,0.5109277777777776,0.5753,risque_moyen
1627,famille,9785.59,lisbonne,automne,14,villa,1003.03,ensoleillé,plage,5,retard_vol,1,1,excellent sejour.,8782.56,627.3257142857143,1.0,0.0,1,1.0,0.5109277777777776,0.7613,risque_faible
1628,couple,1231.48,tokyo,hiver,3,appartement,795.41,pluie,randonnée,1,bagages,1,1,tres mauvaise experience.,436.0700000000001,145.35666666666668,0.0,0.936074074074074,0,0.25,0.1438499999999999,0.2158,risque_eleve
1629,senior,12397.75,bali,hiver,9,appartement,1080.86,ensoleillé,culture,5,retard_vol,1,1,excellent sejour.,11316.89,1257.4322222222222,1.0,0.7334685990338164,1,1.0,0.5211222222222222,0.8946,risque_faible
1630,solo,3608.61,dubaï,été,9,appartement,1230.44,variable,culture,2,aucun,0,1,sejour decevant.,2378.17,264.24111111111114,0.0519692622950819,0.0,1,0.45,0.5018666666666666,0.4288,risque_moyen
1631,famille,1964.41,rome,printemps,18,villa,956.8,,plage,2,retard_vol,0,0,sejour decevant.,1007.61,55.97833333333334,0.0,0.0,1,0.5,0.4113722222222222,0.4094,risque_moyen
1632,solo,11399.19,lisbonne,automne,13,appartement,765.49,nuageux,business,2,aucun,0,1,sejour decevant.,10633.7,817.9769230769232,1.0,0.0,0,0.7,0.5109277777777776,0.5453,risque_moyen
1633,famille,6234.94,tokyo,automne,22,resort,876.93,nuageux,gastronomie,4,retard_vol,1,0,tres bon sejour.,5358.009999999999,243.54590909090905,0.394954861111111,0.8498095238095238,1,0.7,0.3977388888888888,0.6953,risque_faible
1634,couple,4168.7,new york,automne,8,appartement,1449.26,nuageux,gastronomie,2,annulation,1,1,sejour decevant.,2719.44,339.92999999999995,0.1141730769230768,0.0,1,0.7,0.3630666666666667,0.3395,risque_eleve
1635,solo,3799.61,rome,hiver,9,villa,1364.9,nuageux,randonnée,2,aucun,0,1,sejour decevant.,2434.71,270.5233333333333,0.5303237179487178,0.0,1,0.7,0.2807999999999999,0.4462,risque_moyen
1636,senior,6067.48,new york,automne,10,villa,1677.41,nuageux,plage,1,aucun,0,1,tres mauvaise experience.,4390.07,439.007,0.4793230769230767,0.0,0,0.7,0.3630666666666667,0.2618,risque_eleve
1637,senior,10561.13,bali,hiver,7,resort,924.81,nuageux,plage,3,retard_vol,1,1,sejour correct mais perfectible.,9636.32,1376.6171428571429,1.0,0.8842415458937198,0,0.7,0.5211222222222222,0.5857,risque_moyen
1638,senior,6861.15,dubaï,hiver,8,,1137.51,pluie,randonnée,2,retard_vol,1,1,sejour decevant.,5723.639999999999,715.4549999999999,0.7184733606557375,0.0,0,0.25,0.42075,0.2817,risque_eleve
1639,famille,8919.18,new york,printemps,6,resort,604.04,ensoleillé,business,5,météo,1,1,excellent sejour.,8315.14,1385.8566666666666,1.0,0.9881830065359476,0,1.0,0.3306888888888888,0.7376,risque_faible
1640,solo,7262.87,dubaï,automne,7,appartement,852.81,pluie,culture,5,bagages,1,1,excellent sejour.,6410.06,915.722857142857,0.8007930327868851,0.4241111111111112,1,0.25,0.6703277777777777,0.711,risque_faible
1641,senior,10646.75,rome,printemps,7,resort,922.62,ensoleillé,culture,4,retard_vol,0,1,tres bon sejour.,9724.13,1389.1614285714284,1.0,0.0,1,1.0,0.4113722222222222,0.6294,risque_faible
1642,famille,8110.65,rome,automne,20,appartement,762.47,pluie,plage,3,météo,1,1,sejour correct mais perfectible.,7348.179999999999,367.409,1.0,0.0,1,0.25,0.4660166666666667,0.6659,risque_faible
1643,solo,7407.32,new york,printemps,11,hôtel,890.69,pluie,randonnée,3,météo,1,1,sejour correct mais perfectible.,6516.629999999999,592.420909090909,0.7369846153846151,0.6134771241830066,1,0.25,0.3306888888888888,0.6865,risque_faible
1644,famille,6831.74,rome,automne,20,appartement,1088.57,nuageux,plage,4,retard_vol,1,1,tres bon sejour.,5743.17,287.1585,1.0,0.0,1,0.7,0.4660166666666667,0.7199,risque_faible
1645,couple,5454.41,new york,automne,11,hôtel,697.95,ensoleillé,plage,4,météo,1,1,tres bon sejour.,4756.46,432.4054545454546,0.3614249999999999,0.8654248366013071,1,1.0,0.3630666666666667,0.7205,risque_faible
1646,famille,8877.4,rome,printemps,39,villa,1262.5,variable,randonnée,3,annulation,1,1,sejour correct mais perfectible.,7614.9,195.25384615384613,1.0,0.0,0,0.45,0.4113722222222222,0.5034,risque_moyen
1647,senior,4947.73,lisbonne,hiver,7,villa,760.97,variable,plage,2,annulation,1,0,sejour decevant.,4186.759999999999,598.1085714285713,1.0,0.0,0,0.45,0.3659111111111111,0.3779,risque_eleve
1648,senior,8458.85,lisbonne,été,12,appartement,2279.75,nuageux,,3,annulation,1,1,sejour correct mais perfectible.,6179.1,514.9250000000001,1.0,0.0,0,0.7,0.5779666666666666,0.5534,risque_moyen
1649,couple,2882.81,lisbonne,printemps,7,resort,1016.02,nuageux,plage,4,annulation,1,1,tres bon sejour.,1866.79,266.6842857142857,0.3723566176470587,0.0,1,0.7,0.4363388888888889,0.5406,risque_moyen
1650,solo,4416.78,paris,printemps,14,resort,792.82,pluie,randonnée,2,retard_vol,1,1,sejour decevant.,3623.96,258.8542857142857,0.627017857142857,0.0,1,0.25,0.3504166666666666,0.4276,risque_moyen
1651,solo,8522.32,bali,automne,8,hôtel,1043.61,nuageux,randonnée,5,aucun,0,1,excellent sejour.,7478.71,934.83875,1.0,0.7694589371980677,1,0.7,0.5225333333333333,0.8652,risque_faible
1652,business,6122.27,sydney,hiver,1,villa,1333.16,ensoleillé,randonnée,2,retard_vol,1,1,sejour decevant.,4789.110000000001,4789.110000000001,0.2691046875,0.6383247863247862,0,1.0,0.5683611111111111,0.3785,risque_eleve
1653,famille,3752.65,lisbonne,hiver,11,villa,1181.46,nuageux,randonnée,2,météo,0,1,sejour decevant.,2571.19,233.74454545454543,0.6921507352941175,0.0,0,0.7,0.3659111111111111,0.4417,risque_moyen
1654,solo,3553.63,rome,été,7,appartement,1869.21,ensoleillé,gastronomie,2,retard_vol,1,0,sejour decevant.,1684.42,240.6314285714286,0.4514839743589743,0.0,0,1.0,0.4642444444444444,0.4221,risque_moyen
1655,senior,8727.77,lisbonne,été,14,appartement,607.1,pluie,business,3,retard_vol,1,1,sejour correct mais perfectible.,8120.67,580.0478571428572,1.0,0.0026315789473684,0,0.25,0.5779666666666666,0.4998,risque_moyen
1656,business,12821.61,paris,automne,6,appartement,1565.9,ensoleillé,business,4,retard_vol,0,1,tres bon sejour.,11255.71,1875.9516666666668,1.0,0.0,1,1.0,0.3681277777777778,0.6242,risque_faible
1657,famille,5526.14,tokyo,été,14,villa,663.84,ensoleillé,plage,4,aucun,0,0,tres bon sejour.,4862.3,347.3071428571429,0.2718993055555556,1.0,1,1.0,0.4004166666666666,0.7242,risque_faible
1658,couple,13714.37,new york,printemps,7,resort,1024.21,pluie,culture,5,annulation,0,1,excellent sejour.,12690.16,1812.88,1.0,0.4389411764705883,1,0.25,0.3306888888888888,0.7287,risque_faible
1659,business,2064.18,bali,automne,9,villa,788.0,ensoleillé,business,3,bagages,0,1,sejour correct mais perfectible.,1276.1799999999998,141.79777777777775,0.0,1.0,1,1.0,0.5225333333333333,0.5427,risque_moyen
1660,famille,,tokyo,été,13,villa,,ensoleillé,culture,3,annulation,1,1,sejour correct mais perfectible.,,,0.5,0.5,1,1.0,0.4004166666666666,0.6981,risque_faible
1661,senior,8867.98,paris,été,15,hôtel,833.96,variable,gastronomie,4,aucun,0,1,tres bon sejour.,8034.019999999999,535.6013333333333,1.0,0.0,1,0.45,0.5546333333333333,0.7006,risque_faible
1662,senior,4016.28,bali,été,22,appartement,1062.99,nuageux,business,2,bagages,0,1,sejour decevant.,2953.29,134.24045454545455,0.1222338709677418,0.7507342995169082,0,0.7,0.5497055555555554,0.4393,risque_moyen
1663,business,6252.01,new york,été,3,resort,1608.93,pluie,plage,2,météo,1,1,sejour decevant.,4643.08,1547.6933333333334,0.5148096153846152,0.0,0,0.25,0.4609944444444444,0.2295,risque_eleve
1664,business,3811.47,lisbonne,automne,7,hôtel,1231.84,ensoleillé,plage,2,retard_vol,1,1,sejour decevant.,2579.63,368.5185714285714,0.7137757352941176,0.0,0,1.0,0.5109277777777776,0.5012,risque_moyen
1665,senior,6720.04,paris,printemps,3,villa,1636.43,nuageux,culture,4,retard_vol,0,1,tres bon sejour.,5083.61,1694.5366666666666,1.0,0.0,1,0.7,0.3504166666666666,0.5861,risque_moyen
1666,senior,4427.75,dubaï,été,8,appartement,633.7,variable,plage,2,aucun,0,1,sejour decevant.,3794.05,474.25625,0.219825819672131,0.7719047619047619,0,0.45,0.5018666666666666,0.4347,risque_moyen
1667,couple,14629.32,paris,été,13,appartement,1550.45,variable,culture,4,aucun,0,1,tres bon sejour.,13078.87,1006.066923076923,1.0,0.0,1,0.45,0.5546333333333333,0.5806,risque_moyen
1668,couple,8210.65,bali,hiver,15,villa,1365.26,nuageux,plage,5,annulation,1,1,excellent sejour.,6845.389999999999,456.35933333333327,0.9678729838709677,0.4586859903381644,1,0.7,0.5211222222222222,0.8001,risque_faible
1669,famille,6487.79,paris,été,11,resort,721.72,nuageux,culture,4,annulation,1,1,tres bon sejour.,5766.07,524.1881818181818,1.0,0.0,1,0.7,0.5546333333333333,0.7306,risque_faible
1670,business,3340.16,new york,automne,20,villa,1281.24,ensoleillé,randonnée,1,aucun,0,0,tres mauvaise experience.,2058.92,102.946,0.0,0.1029542483660131,0,1.0,0.3630666666666667,0.1821,risque_eleve
1671,business,4597.89,bali,automne,6,resort,1195.55,ensoleillé,culture,2,aucun,0,1,sejour decevant.,3402.34,567.0566666666667,0.2394939516129032,0.6226570048309179,0,1.0,0.5225333333333333,0.3618,risque_eleve
1672,couple,15859.49,new york,automne,16,appartement,924.71,pluie,plage,4,retard_vol,1,1,tres bon sejour.,14934.78,933.42375,1.0,0.5690065359477123,1,0.25,0.3630666666666667,0.636,risque_faible
1673,famille,6714.27,lisbonne,hiver,11,villa,621.28,pluie,randonnée,2,bagages,1,0,sejour decevant.,6092.990000000001,553.9081818181819,1.0,0.0,0,0.25,0.3659111111111111,0.4739,risque_moyen
1674,senior,4763.23,paris,printemps,1,villa,1284.12,pluie,gastronomie,2,retard_vol,0,1,sejour decevant.,3479.11,3479.11,0.7301279761904761,0.0,1,0.25,0.3504166666666666,0.4565,risque_moyen
1675,business,3043.75,new york,printemps,6,appartement,,nuageux,randonnée,1,retard_vol,0,0,tres mauvaise experience.,,,0.0,0.5,0,0.7,0.3306888888888888,0.2137,risque_eleve
1676,solo,7461.46,new york,automne,9,villa,1081.85,ensoleillé,plage,3,retard_vol,1,0,sejour correct mais perfectible.,6379.610000000001,708.8455555555556,0.7473961538461538,0.3635947712418302,0,1.0,0.3630666666666667,0.4383,risque_moyen
1677,business,2536.99,rome,été,7,villa,1292.41,nuageux,culture,2,bagages,1,0,sejour decevant.,1244.5799999999997,177.7971428571428,0.1256378205128204,0.0,0,0.7,0.4642444444444444,0.1749,risque_eleve
1678,solo,6984.1,rome,été,10,appartement,1039.05,nuageux,culture,4,météo,0,1,tres bon sejour.,5945.05,594.505,1.0,0.0,1,0.7,0.4642444444444444,0.7197,risque_faible
1679,business,12950.39,rome,été,11,villa,1060.42,ensoleillé,business,4,aucun,0,1,tres bon sejour.,11889.97,1080.9063636363635,1.0,0.0,1,1.0,0.4642444444444444,0.6357,risque_faible
1680,senior,6991.68,lisbonne,printemps,14,resort,983.93,nuageux,culture,3,météo,0,0,sejour correct mais perfectible.,6007.75,429.125,1.0,0.0,1,0.7,0.4363388888888889,0.5964,risque_moyen
1681,solo,5988.55,dubaï,automne,13,appartement,937.26,pluie,culture,4,bagages,1,1,tres bon sejour.,5051.29,388.5607692307692,0.5396618852459015,0.290063492063492,1,0.25,0.6703277777777777,0.6138,risque_faible
1682,famille,11006.14,bali,printemps,7,hôtel,1572.24,nuageux,business,3,annulation,1,1,sejour correct mais perfectible.,9433.9,1347.7,1.0,0.258705314009662,0,0.7,0.5140166666666667,0.4722,risque_moyen
1683,business,12333.03,rome,été,9,hôtel,1085.8,variable,business,4,aucun,0,1,tres bon sejour.,11247.23,1249.6922222222224,1.0,0.0,1,0.45,0.4642444444444444,0.6897,risque_faible
1684,couple,17465.28,bali,hiver,3,hôtel,489.18,pluie,randonnée,4,retard_vol,1,1,tres bon sejour.,16976.1,5658.7,1.0,1.0,0,0.25,0.5211222222222222,0.6725,risque_faible
1685,business,7131.86,rome,été,35,hôtel,1486.37,nuageux,culture,3,météo,1,1,sejour correct mais perfectible.,5645.49,161.2997142857143,1.0,0.0,0,0.7,0.4642444444444444,0.5397,risque_moyen
1686,solo,14773.24,paris,hiver,9,resort,841.94,ensoleillé,plage,3,aucun,0,1,sejour correct mais perfectible.,13931.3,1547.9222222222222,1.0,0.0,0,1.0,0.17495,0.421,risque_moyen
1687,famille,5170.1,rome,printemps,13,villa,1275.44,ensoleillé,randonnée,3,météo,0,0,sejour correct mais perfectible.,3894.66,299.5892307692308,0.9695833333333334,0.0,0,1.0,0.4113722222222222,0.5608,risque_moyen
1688,business,2644.05,rome,printemps,11,hôtel,1787.65,variable,randonnée,1,aucun,0,1,tres mauvaise experience.,856.4000000000001,77.85454545454546,0.159951923076923,0.0,0,0.45,0.4113722222222222,0.2682,risque_eleve
1689,solo,10088.33,paris,été,13,hôtel,658.73,pluie,gastronomie,2,météo,1,0,sejour decevant.,9429.6,725.3538461538462,1.0,0.0,0,0.25,0.5546333333333333,0.4966,risque_moyen
1690,business,7014.58,paris,été,5,resort,789.45,pluie,business,4,bagages,1,0,tres bon sejour.,6225.13,1245.026,1.0,0.0,1,0.25,0.5546333333333333,0.5566,risque_moyen
1691,couple,10839.69,lisbonne,été,14,resort,1605.01,pluie,plage,5,annulation,1,1,excellent sejour.,9234.68,659.62,1.0,0.0,1,0.25,0.5779666666666666,0.6794,risque_faible
1692,senior,5754.94,paris,printemps,4,villa,1362.34,pluie,gastronomie,3,retard_vol,0,1,sejour correct mais perfectible.,4392.599999999999,1098.15,1.0,0.0,1,0.25,0.3504166666666666,0.532,risque_moyen
1693,famille,5931.87,lisbonne,printemps,8,hôtel,866.79,ensoleillé,plage,3,retard_vol,1,1,sejour correct mais perfectible.,5065.08,633.135,1.0,0.0,1,1.0,0.4363388888888889,0.6324,risque_faible
1694,solo,9171.58,rome,été,5,resort,1111.36,ensoleillé,randonnée,4,annulation,0,1,tres bon sejour.,8060.22,1612.044,1.0,0.0,1,1.0,0.4642444444444444,0.6357,risque_faible
1695,famille,1446.37,dubaï,printemps,30,appartement,887.73,ensoleillé,gastronomie,3,météo,1,0,sejour correct mais perfectible.,558.6399999999999,18.62133333333333,0.0,0.3686825396825397,1,1.0,0.6816444444444444,0.5682,risque_moyen
1696,business,,tokyo,été,2,appartement,,pluie,business,2,annulation,0,1,sejour decevant.,,,0.5,0.5,1,0.25,0.4004166666666666,0.488,risque_moyen
1697,solo,13657.24,new york,printemps,13,hôtel,956.6,variable,plage,4,retard_vol,1,1,tres bon sejour.,12700.64,976.9723076923076,1.0,0.5273202614379086,0,0.45,0.3306888888888888,0.5886,risque_moyen
1698,famille,9371.73,paris,printemps,14,appartement,988.8,pluie,gastronomie,4,aucun,0,1,tres bon sejour.,8382.93,598.7807142857143,1.0,0.0,1,0.25,0.3504166666666666,0.6521,risque_faible
1699,solo,6869.43,new york,hiver,6,resort,565.35,pluie,business,2,aucun,0,0,sejour decevant.,6304.08,1050.68,0.6335442307692307,1.0,0,0.25,0.1832,0.4094,risque_moyen
1700,business,7550.87,new york,hiver,6,hôtel,1456.77,nuageux,culture,2,bagages,0,1,sejour decevant.,6094.1,1015.6833333333334,0.7645903846153845,0.0,0,0.7,0.1832,0.4401,risque_moyen
1701,business,1215.68,tokyo,printemps,3,hôtel,926.96,pluie,culture,2,annulation,0,1,sejour decevant.,288.72,96.24,0.0,0.7968677248677248,0,0.25,0.3183611111111111,0.3316,risque_eleve
1702,famille,11829.89,new york,automne,11,villa,1522.43,nuageux,plage,5,retard_vol,0,1,excellent sejour.,10307.46,937.041818181818,1.0,0.0,1,0.7,0.3630666666666667,0.7076,risque_faible
1703,senior,14011.68,bali,hiver,7,appartement,1057.1,pluie,culture,5,retard_vol,1,1,excellent sejour.,12954.58,1850.6542857142856,1.0,0.7564251207729469,1,0.25,0.5211222222222222,0.8087,risque_faible
1704,couple,4536.91,tokyo,printemps,15,resort,1108.76,ensoleillé,culture,4,météo,1,1,tres bon sejour.,3428.15,228.5433333333333,0.1001579861111109,0.6044867724867726,1,1.0,0.3183611111111111,0.5951,risque_moyen
1705,senior,13615.51,new york,été,18,hôtel,1153.8,nuageux,culture,3,bagages,0,1,sejour correct mais perfectible.,12461.71,692.3172222222223,1.0,0.2695424836601308,1,0.7,0.4609944444444444,0.7678,risque_faible
1706,couple,9447.65,dubaï,hiver,13,appartement,1246.32,pluie,randonnée,2,aucun,0,1,sejour decevant.,8201.33,630.8715384615384,1.0,0.0,0,0.25,0.42075,0.3605,risque_eleve
1707,famille,12340.53,lisbonne,hiver,20,resort,788.81,variable,plage,3,annulation,0,0,sejour correct mais perfectible.,11551.72,577.586,1.0,0.0,1,0.45,0.3659111111111111,0.6779,risque_faible
1708,solo,5692.09,tokyo,hiver,1,villa,,variable,business,1,météo,1,1,tres mauvaise experience.,,,0.3007100694444443,0.5,0,0.45,0.1438499999999999,0.2455,risque_eleve
1709,business,6133.57,new york,automne,6,appartement,1145.83,pluie,gastronomie,1,bagages,0,1,tres mauvaise experience.,4987.74,831.29,0.4920326923076921,0.2799607843137256,0,0.25,0.3630666666666667,0.2617,risque_eleve
1710,senior,10246.73,lisbonne,automne,18,appartement,882.15,ensoleillé,plage,3,retard_vol,1,0,sejour correct mais perfectible.,9364.58,520.2544444444444,1.0,0.0,0,1.0,0.5109277777777776,0.5813,risque_moyen
1711,solo,3041.82,rome,printemps,7,hôtel,1141.0,pluie,plage,2,météo,1,0,sejour decevant.,1900.82,271.5457142857143,0.2874423076923077,0.0,0,0.25,0.4113722222222222,0.2798,risque_eleve
1712,senior,6508.66,new york,printemps,7,villa,1222.63,pluie,business,1,aucun,0,1,tres mauvaise experience.,5286.03,755.1471428571429,0.5641653846153846,0.1795686274509803,0,0.25,0.3306888888888888,0.26,risque_eleve
1713,solo,13895.65,paris,hiver,12,hôtel,1291.98,pluie,gastronomie,3,retard_vol,1,1,sejour correct mais perfectible.,12603.67,1050.305833333333,1.0,0.0,0,0.25,0.17495,0.451,risque_moyen
1714,couple,5823.13,paris,été,9,hôtel,942.12,nuageux,culture,4,météo,0,1,tres bon sejour.,4881.01,542.3344444444444,1.0,0.0,1,0.7,0.5546333333333333,0.7306,risque_faible
1715,business,4557.3,bali,été,15,villa,644.73,pluie,randonnée,2,bagages,0,1,sejour decevant.,3912.57,260.838,0.2313104838709677,1.0,0,0.25,0.5497055555555554,0.3407,risque_eleve
1716,solo,6332.09,bali,hiver,11,appartement,1008.44,nuageux,business,4,retard_vol,1,0,tres bon sejour.,5323.65,483.9681818181818,0.5891310483870967,0.80343961352657,0,0.7,0.5211222222222222,0.5761,risque_moyen
1717,famille,6905.52,rome,automne,10,resort,1648.55,variable,gastronomie,4,aucun,0,1,tres bon sejour.,5256.97,525.697,1.0,0.0,1,0.45,0.4660166666666667,0.6899,risque_faible
1718,couple,6588.01,lisbonne,automne,11,appartement,740.29,pluie,business,3,aucun,0,1,sejour correct mais perfectible.,5847.72,531.6109090909091,1.0,0.0,0,0.25,0.5109277777777776,0.3713,risque_eleve
1719,senior,8530.81,paris,printemps,17,resort,972.83,pluie,business,2,météo,0,1,sejour decevant.,7557.98,444.5870588235294,1.0,0.0,0,0.25,0.3504166666666666,0.3521,risque_eleve
1720,famille,4308.27,dubaï,printemps,12,appartement,1144.99,variable,gastronomie,2,retard_vol,1,1,sejour decevant.,3163.2800000000007,263.60666666666674,0.1953422131147542,0.0,1,0.45,0.6816444444444444,0.4905,risque_moyen
1721,business,1611.59,sydney,automne,1,villa,1450.43,pluie,culture,1,météo,1,1,tres mauvaise experience.,161.15999999999983,161.15999999999983,0.0,0.538094017094017,0,0.25,0.5032777777777777,0.1873,risque_eleve
1722,famille,7056.91,rome,hiver,17,resort,907.28,ensoleillé,plage,4,retard_vol,0,1,tres bon sejour.,6149.63,361.7429411764706,1.0,0.0,1,1.0,0.2807999999999999,0.7337,risque_faible
1723,business,6556.68,new york,été,10,villa,803.98,variable,business,3,annulation,1,1,sejour correct mais perfectible.,5752.700000000001,575.2700000000001,0.5734,0.7268235294117646,1,0.45,0.4609944444444444,0.5807,risque_moyen
1724,senior,9616.91,tokyo,été,6,appartement,22.16,variable,culture,4,annulation,1,1,tres bon sejour.,9594.75,1599.125,0.9821024305555554,1.0,1,0.45,0.4004166666666666,0.857,risque_faible
1725,senior,10202.27,bali,hiver,10,resort,1142.15,nuageux,plage,3,retard_vol,1,1,sejour correct mais perfectible.,9060.12,906.012,1.0,0.6742512077294684,0,0.7,0.5211222222222222,0.5479,risque_moyen
1726,famille,19614.21,new york,été,18,villa,815.42,ensoleillé,plage,5,aucun,0,0,excellent sejour.,18798.79,1044.3772222222224,1.0,0.7118692810457516,1,1.0,0.4609944444444444,0.8835,risque_faible
1727,famille,2279.29,new york,automne,9,villa,894.51,pluie,randonnée,3,bagages,0,0,sejour correct mais perfectible.,1384.78,153.86444444444444,0.0,0.6084836601307191,0,0.25,0.3630666666666667,0.3031,risque_eleve
1728,couple,8409.07,dubaï,été,7,appartement,1500.03,ensoleillé,plage,4,annulation,0,1,tres bon sejour.,6909.04,987.0057142857142,1.0,0.0,1,1.0,0.5018666666666666,0.6402,risque_faible
1729,business,3786.82,paris,printemps,3,resort,1226.86,ensoleillé,business,2,aucun,0,0,sejour decevant.,2559.96,853.32,0.4395297619047619,0.0,1,1.0,0.3504166666666666,0.4651,risque_moyen
1730,solo,14261.7,rome,hiver,16,villa,,ensoleillé,business,3,retard_vol,1,1,sejour correct mais perfectible.,,,1.0,0.5,0,1.0,0.2807999999999999,0.5237,risque_moyen
1731,business,1418.28,rome,automne,7,appartement,1262.1,variable,business,1,retard_vol,1,1,tres mauvaise experience.,156.18000000000006,22.311428571428586,0.0,0.0,1,0.45,0.4660166666666667,0.2899,risque_eleve
1732,senior,13611.49,bali,été,20,hôtel,1401.71,ensoleillé,culture,4,annulation,1,1,tres bon sejour.,12209.78,610.4889999999999,1.0,0.4234685990338165,1,1.0,0.5497055555555554,0.8422,risque_faible
1733,famille,5670.24,new york,printemps,7,villa,1544.66,ensoleillé,culture,3,retard_vol,1,1,sejour correct mais perfectible.,4125.58,589.3685714285714,0.4029307692307691,0.0,1,1.0,0.3306888888888888,0.5725,risque_moyen
1734,couple,10481.03,lisbonne,automne,12,appartement,,nuageux,business,3,retard_vol,1,1,sejour correct mais perfectible.,,,1.0,0.5,0,0.7,0.5109277777777776,0.5153,risque_moyen
1735,couple,14115.75,new york,automne,16,villa,774.25,pluie,plage,4,météo,1,0,tres bon sejour.,13341.5,833.84375,1.0,0.7656862745098039,1,0.25,0.3630666666666667,0.7914,risque_faible
1736,senior,9692.43,lisbonne,automne,15,villa,1037.17,nuageux,plage,2,retard_vol,1,0,sejour decevant.,8655.26,577.0173333333333,1.0,0.0,0,0.7,0.5109277777777776,0.4253,risque_moyen
1737,couple,10215.78,paris,hiver,16,villa,1304.54,ensoleillé,gastronomie,3,aucun,0,0,sejour correct mais perfectible.,8911.240000000002,556.9525000000001,1.0,0.0,1,1.0,0.17495,0.721,risque_faible
1738,famille,7130.29,bali,automne,10,villa,992.23,nuageux,plage,4,bagages,1,1,tres bon sejour.,6138.06,613.8059999999999,0.7500584677419353,0.8191014492753623,1,0.7,0.5225333333333333,0.8042,risque_faible
1739,senior,8774.07,tokyo,été,11,appartement,1968.26,variable,business,2,annulation,0,1,sejour decevant.,6805.81,618.7099999999999,0.8357760416666665,0.0,0,0.45,0.4004166666666666,0.4561,risque_moyen
1740,solo,8180.0,bali,automne,7,hôtel,667.94,pluie,business,3,météo,1,1,sejour correct mais perfectible.,7512.059999999999,1073.1514285714286,0.9616935483870966,1.0,0,0.25,0.5225333333333333,0.662,risque_faible
1741,business,2826.93,rome,printemps,14,hôtel,1911.59,variable,randonnée,1,aucun,0,1,tres mauvaise experience.,915.34,65.38142857142857,0.2185673076923075,0.0,0,0.45,0.4113722222222222,0.2846,risque_eleve
1742,couple,8258.35,bali,automne,9,resort,1616.23,nuageux,gastronomie,4,retard_vol,1,1,tres bon sejour.,6642.120000000001,738.0133333333334,0.9774899193548386,0.2162028985507246,1,0.7,0.5225333333333333,0.7593,risque_faible
1743,couple,1374.22,rome,hiver,9,villa,1098.12,variable,plage,1,bagages,0,0,tres mauvaise experience.,276.10000000000014,30.67777777777779,0.0,0.0,1,0.45,0.2807999999999999,0.3877,risque_eleve
1744,solo,11216.7,new york,printemps,12,villa,1334.82,nuageux,randonnée,3,retard_vol,1,0,sejour correct mais perfectible.,9881.88,823.4900000000001,1.0,0.0329150326797387,1,0.7,0.3306888888888888,0.5896,risque_moyen
1745,business,2579.61,dubaï,printemps,6,appartement,1334.44,variable,culture,2,retard_vol,1,1,sejour decevant.,1245.17,207.5283333333333,0.0,0.0,0,0.45,0.6816444444444444,0.1358,risque_eleve
1746,business,9121.62,rome,printemps,16,resort,1401.37,pluie,plage,1,météo,1,1,tres mauvaise experience.,7720.250000000001,482.51562500000006,1.0,0.0,0,0.25,0.4113722222222222,0.3594,risque_eleve
1747,solo,3552.44,paris,printemps,8,resort,730.43,pluie,gastronomie,1,retard_vol,1,1,tres mauvaise experience.,2822.01,352.75125,0.3697738095238094,0.0,0,0.25,0.3504166666666666,0.1756,risque_eleve
1748,senior,8915.32,rome,printemps,17,villa,1568.9,nuageux,gastronomie,4,aucun,0,1,tres bon sejour.,7346.42,432.14235294117645,1.0,0.0,1,0.7,0.4113722222222222,0.5934,risque_moyen
1749,senior,18815.98,bali,automne,19,resort,539.14,variable,business,5,retard_vol,1,1,excellent sejour.,18276.84,961.938947368421,1.0,1.0,0,0.45,0.5225333333333333,0.5767,risque_moyen
1750,solo,5533.28,rome,été,12,appartement,1014.91,pluie,culture,3,météo,0,1,sejour correct mais perfectible.,4518.37,376.5308333333333,1.0,0.0,1,0.25,0.4642444444444444,0.6657,risque_faible
1751,famille,11282.61,rome,automne,6,appartement,1193.63,variable,randonnée,3,météo,1,1,sejour correct mais perfectible.,10088.98,1681.496666666667,1.0,0.0,0,0.45,0.4660166666666667,0.5099,risque_moyen
1752,couple,5192.92,dubaï,automne,10,villa,666.45,nuageux,culture,4,aucun,0,1,tres bon sejour.,4526.47,452.6470000000001,0.376622950819672,0.7199206349206348,1,0.7,0.6703277777777777,0.6995,risque_faible
1753,couple,8833.15,bali,hiver,10,resort,876.66,pluie,gastronomie,5,aucun,0,1,excellent sejour.,7956.49,795.649,1.0,0.9307632850241546,1,0.25,0.5211222222222222,0.8401,risque_faible
1754,business,3586.37,new york,printemps,9,resort,739.9,ensoleillé,culture,1,aucun,0,1,tres mauvaise experience.,2846.47,316.27444444444444,0.0021865384615384,0.8105882352941176,0,1.0,0.3306888888888888,0.3062,risque_eleve
1755,solo,5793.99,rome,automne,12,villa,1598.33,pluie,business,2,météo,0,0,sejour decevant.,4195.66,349.6383333333333,1.0,0.0,0,0.25,0.4660166666666667,0.3659,risque_eleve
1756,solo,13363.74,paris,printemps,13,villa,1662.47,variable,culture,3,aucun,0,0,sejour correct mais perfectible.,11701.27,900.0976923076923,1.0,0.0,1,0.45,0.3504166666666666,0.556,risque_moyen
1757,business,2847.14,sydney,hiver,8,villa,1853.9,nuageux,culture,1,retard_vol,1,1,tres mauvaise experience.,993.2399999999998,124.15499999999996,0.0,0.1932478632478631,0,0.7,0.5683611111111111,0.187,risque_eleve
1758,solo,5526.52,bali,hiver,8,villa,1011.94,nuageux,culture,3,aucun,0,1,sejour correct mais perfectible.,4514.58,564.3225,0.4267177419354839,0.8000579710144927,1,0.7,0.5211222222222222,0.59,risque_moyen
1759,couple,7568.68,bali,hiver,9,villa,1304.87,nuageux,plage,4,annulation,1,1,tres bon sejour.,6263.81,695.978888888889,0.8384435483870967,0.5170338164251209,1,0.7,0.5211222222222222,0.7744,risque_faible
1760,solo,2536.28,sydney,printemps,7,appartement,1405.6,nuageux,randonnée,2,aucun,0,1,sejour decevant.,1130.6800000000003,161.52571428571432,0.0,0.5764102564102564,1,0.7,0.51555,0.5496,risque_moyen
1761,solo,9356.39,new york,été,14,villa,970.74,ensoleillé,culture,4,retard_vol,1,1,tres bon sejour.,8385.65,598.975,1.0,0.5088366013071896,1,1.0,0.4609944444444444,0.7269,risque_faible
1762,solo,14032.41,new york,printemps,15,villa,1321.78,nuageux,randonnée,3,retard_vol,1,0,sejour correct mais perfectible.,12710.63,847.3753333333333,1.0,0.0499607843137255,1,0.7,0.3306888888888888,0.5927,risque_moyen
1763,senior,4412.66,sydney,automne,11,,895.77,pluie,plage,2,bagages,0,1,sejour decevant.,3516.89,319.7172727272727,0.0019781249999999,1.0,0,0.25,0.5032777777777777,0.2709,risque_eleve
1764,solo,4178.35,tokyo,été,9,appartement,1461.4,,business,1,retard_vol,1,1,tres mauvaise experience.,2716.9500000000003,301.8833333333334,0.0379079861111111,0.2313227513227513,0,0.5,0.4004166666666666,0.2803,risque_eleve
1765,solo,7250.52,rome,été,10,hôtel,1124.65,variable,plage,3,bagages,1,1,sejour correct mais perfectible.,6125.870000000001,612.5870000000001,1.0,0.0,0,0.45,0.4642444444444444,0.5097,risque_moyen
1766,senior,4483.69,rome,été,5,hôtel,1191.55,ensoleillé,gastronomie,4,annulation,1,1,tres bon sejour.,3292.1399999999994,658.4279999999999,0.7495801282051281,0.0,1,1.0,0.4642444444444444,0.6856,risque_faible
1767,business,4791.46,new york,printemps,3,hôtel,828.27,ensoleillé,business,4,météo,1,1,tres bon sejour.,3963.19,1321.0633333333333,0.2339346153846153,0.6950718954248366,1,1.0,0.3306888888888888,0.6503,risque_faible
1768,couple,4294.69,paris,printemps,14,appartement,1782.48,nuageux,plage,3,aucun,0,0,sejour correct mais perfectible.,2512.21,179.4435714285714,0.5906815476190475,0.0,1,0.7,0.3504166666666666,0.4714,risque_moyen
1769,couple,4864.39,dubaï,automne,6,resort,1435.13,ensoleillé,,2,aucun,0,1,sejour decevant.,3429.26,571.5433333333334,0.3093012295081968,0.0,0,1.0,0.6703277777777777,0.407,risque_moyen
1770,business,4385.59,paris,printemps,7,resort,1191.5,ensoleillé,business,3,aucun,0,0,sejour correct mais perfectible.,3194.09,456.29857142857145,0.617735119047619,0.0,1,1.0,0.3504166666666666,0.515,risque_moyen
1771,business,11881.83,rome,automne,14,resort,1030.03,nuageux,plage,2,météo,1,1,sejour decevant.,10851.8,775.1285714285714,1.0,0.0,0,0.7,0.4660166666666667,0.4199,risque_moyen
1772,couple,3026.57,rome,automne,12,villa,615.89,pluie,culture,3,aucun,0,1,sejour correct mais perfectible.,2410.6800000000003,200.89,0.2825544871794871,0.2570617283950619,1,0.25,0.4660166666666667,0.5113,risque_moyen
1773,business,4268.16,tokyo,été,6,villa,792.2,nuageux,culture,2,bagages,0,1,sejour decevant.,3475.96,579.3266666666667,0.0534999999999999,0.9394708994708992,0,0.7,0.4004166666666666,0.3161,risque_eleve
1774,senior,24219.94,new york,automne,23,appartement,987.86,variable,gastronomie,5,retard_vol,1,0,excellent sejour.,23232.08,1010.0904347826088,1.0,0.4864575163398692,1,0.45,0.3630666666666667,0.7651,risque_faible
1775,solo,10876.28,rome,printemps,12,appartement,,ensoleillé,business,4,retard_vol,1,1,tres bon sejour.,,,1.0,0.5,0,1.0,0.4113722222222222,0.6594,risque_faible
1776,solo,4498.27,dubaï,été,5,appartement,1497.62,variable,plage,2,aucun,0,1,sejour decevant.,3000.6500000000005,600.1300000000001,0.2342766393442623,0.0,0,0.45,0.5018666666666666,0.2998,risque_eleve
1777,couple,2037.05,lisbonne,automne,2,appartement,1406.7,pluie,plage,1,météo,1,0,tres mauvaise experience.,630.3499999999999,315.17499999999995,0.0614154411764705,0.0,1,0.25,0.5109277777777776,0.2885,risque_eleve
1778,couple,4047.47,dubaï,automne,11,hôtel,684.57,nuageux,culture,3,aucun,0,1,sejour correct mais perfectible.,3362.9,305.7181818181818,0.1418995901639343,0.6911587301587301,1,0.7,0.6703277777777777,0.6286,risque_faible
1779,senior,7967.17,dubaï,hiver,17,villa,876.57,variable,plage,3,aucun,0,1,sejour correct mais perfectible.,7090.6,417.09411764705885,0.9451168032786884,0.3863968253968254,0,0.45,0.42075,0.4387,risque_moyen
1780,solo,14032.98,new york,automne,11,villa,1151.18,,randonnée,4,météo,0,1,tres bon sejour.,12881.8,1171.0727272727272,1.0,0.2729673202614379,1,0.5,0.3630666666666667,0.6127,risque_faible
1781,famille,10397.26,new york,automne,12,villa,1512.21,nuageux,plage,4,retard_vol,0,1,tres bon sejour.,8885.05,740.4208333333332,1.0,0.0,1,0.7,0.3630666666666667,0.7076,risque_faible
1782,solo,4568.31,dubaï,été,13,appartement,1279.11,ensoleillé,culture,2,retard_vol,0,1,sejour decevant.,3289.2000000000007,253.01538461538468,0.2486290983606558,0.0,1,1.0,0.5018666666666666,0.5498,risque_moyen
1783,solo,10161.76,lisbonne,automne,9,resort,1061.86,nuageux,culture,4,retard_vol,1,1,tres bon sejour.,9099.9,1011.1,1.0,0.0,1,0.7,0.5109277777777776,0.6053,risque_faible
1784,solo,3335.47,rome,été,4,appartement,925.55,variable,randonnée,3,annulation,1,0,sejour correct mais perfectible.,2409.92,602.48,0.3815608974358973,0.0,1,0.45,0.4642444444444444,0.5165,risque_moyen
1785,senior,6241.42,dubaï,hiver,13,hôtel,1678.25,nuageux,gastronomie,3,retard_vol,1,0,sejour correct mais perfectible.,4563.17,351.01307692307694,0.5914795081967213,0.0,1,0.7,0.42075,0.6001,risque_faible
1786,famille,4482.35,dubaï,printemps,11,hôtel,1173.03,ensoleillé,plage,2,retard_vol,1,1,sejour decevant.,3309.3200000000006,300.8472727272728,0.2310143442622951,0.0,1,1.0,0.6816444444444444,0.4465,risque_moyen
1787,solo,2408.11,rome,automne,7,hôtel,1124.59,variable,plage,1,annulation,1,1,tres mauvaise experience.,1283.5200000000002,183.36000000000004,0.0843301282051281,0.0,0,0.45,0.4660166666666667,0.2535,risque_eleve
1788,solo,7963.05,dubaï,automne,8,villa,1341.65,ensoleillé,business,3,bagages,0,1,sejour correct mais perfectible.,6621.4,827.675,0.9442725409836064,0.0,0,1.0,0.6703277777777777,0.4648,risque_moyen
1789,solo,7121.09,dubaï,été,14,resort,708.98,pluie,randonnée,3,retard_vol,1,1,sejour correct mais perfectible.,6412.110000000001,458.0078571428572,0.7717397540983606,0.6524126984126984,1,0.25,0.5018666666666666,0.6037,risque_faible
1790,business,5141.39,tokyo,été,18,appartement,929.71,variable,culture,2,bagages,1,0,sejour decevant.,4211.68,233.98222222222225,0.2051024305555555,0.793957671957672,0,0.45,0.4004166666666666,0.3024,risque_eleve
1791,couple,4918.36,lisbonne,été,6,appartement,984.0,ensoleillé,randonnée,2,météo,1,0,sejour decevant.,3934.36,655.7266666666666,1.0,0.0,0,1.0,0.5779666666666666,0.4694,risque_moyen
1792,business,1705.94,tokyo,été,6,villa,390.34,ensoleillé,gastronomie,2,aucun,0,1,sejour decevant.,1315.6,219.26666666666668,0.0,1.0,0,1.0,0.4004166666666666,0.348,risque_eleve
1793,business,3119.16,dubaï,printemps,4,resort,1901.52,variable,culture,1,retard_vol,0,1,tres mauvaise experience.,1217.64,304.41,0.0,0.0,0,0.45,0.6816444444444444,0.1358,risque_eleve
1794,senior,3050.07,dubaï,été,4,appartement,400.97,variable,plage,1,aucun,0,1,tres mauvaise experience.,2649.1000000000004,662.2750000000001,0.0,1.0,0,0.45,0.5018666666666666,0.4142,risque_moyen
1795,business,2312.17,dubaï,été,8,appartement,1535.66,variable,culture,1,météo,1,0,tres mauvaise experience.,776.51,97.06375,0.0,0.0,0,0.45,0.5018666666666666,0.1142,risque_eleve
1796,business,5918.83,new york,été,5,appartement,1408.94,ensoleillé,randonnée,2,bagages,1,0,sejour decevant.,4509.889999999999,901.9779999999998,0.4507365384615383,0.0,0,1.0,0.4609944444444444,0.3015,risque_eleve
1797,couple,2430.23,lisbonne,automne,7,appartement,1443.26,ensoleillé,plage,2,météo,1,0,sejour decevant.,986.97,140.99571428571429,0.2059669117647058,0.0,1,1.0,0.5109277777777776,0.419,risque_moyen
1798,famille,6189.53,rome,hiver,19,villa,872.18,ensoleillé,business,3,retard_vol,0,1,sejour correct mais perfectible.,5317.349999999999,279.86052631578946,1.0,0.0,0,1.0,0.2807999999999999,0.5537,risque_moyen
1799,business,688.69,tokyo,printemps,5,hôtel,619.82,ensoleillé,business,3,retard_vol,1,1,sejour correct mais perfectible.,68.87,13.774,0.0,1.0,1,1.0,0.3183611111111111,0.6382,risque_faible
1800,business,3591.34,lisbonne,automne,5,hôtel,1177.96,pluie,plage,2,météo,1,1,sejour decevant.,2413.38,482.676,0.632845588235294,0.0,0,0.25,0.5109277777777776,0.3885,risque_eleve
1801,couple,7785.4,tokyo,automne,10,,813.05,nuageux,gastronomie,5,retard_vol,1,1,excellent sejour.,6972.349999999999,697.2349999999999,0.6641319444444443,0.9174074074074074,1,0.7,0.3977388888888888,0.6628,risque_faible
1802,business,1451.9,dubaï,printemps,3,appartement,1306.71,variable,culture,1,retard_vol,1,1,tres mauvaise experience.,145.19000000000003,48.39666666666668,0.0,0.0,0,0.45,0.6816444444444444,0.1358,risque_eleve
1803,business,7975.15,bali,printemps,14,appartement,796.83,ensoleillé,culture,4,météo,1,1,tres bon sejour.,7178.32,512.7371428571429,0.92039314516129,1.0,0,1.0,0.5140166666666667,0.6194,risque_faible
1804,couple,4665.02,dubaï,automne,9,villa,666.75,nuageux,culture,4,aucun,0,1,tres bon sejour.,3998.27,444.2522222222223,0.2684467213114755,0.7194444444444444,1,0.7,0.6703277777777777,0.6691,risque_faible
1805,couple,13816.65,paris,automne,15,villa,1344.81,pluie,randonnée,3,météo,1,0,sejour correct mais perfectible.,12471.84,831.456,1.0,0.0,0,0.25,0.3681277777777778,0.4742,risque_moyen
1806,couple,2503.05,dubaï,hiver,5,resort,985.59,nuageux,business,1,météo,1,0,tres mauvaise experience.,1517.46,303.492,0.0,0.2133492063492063,0,0.7,0.42075,0.2929,risque_eleve
1807,business,6206.42,new york,été,16,appartement,992.12,ensoleillé,business,3,bagages,0,1,sejour correct mais perfectible.,5214.3,325.89375,0.5060423076923076,0.4808888888888889,1,1.0,0.4609944444444444,0.5836,risque_moyen
1808,senior,20897.52,dubaï,été,13,appartement,1775.08,ensoleillé,business,4,retard_vol,0,1,tres bon sejour.,19122.44,1470.9569230769232,1.0,0.0,0,1.0,0.5018666666666666,0.5802,risque_moyen
1809,business,11387.82,tokyo,printemps,6,villa,365.74,ensoleillé,plage,4,annulation,1,1,tres bon sejour.,11022.08,1837.013333333333,1.0,1.0,0,1.0,0.3183611111111111,0.6182,risque_faible
1810,solo,9899.0,rome,hiver,8,appartement,,pluie,gastronomie,4,météo,1,1,tres bon sejour.,,,1.0,0.5,0,0.25,0.2807999999999999,0.5537,risque_moyen
1811,business,3416.75,dubaï,printemps,23,hôtel,902.89,ensoleillé,business,4,annulation,0,0,tres bon sejour.,2513.86,109.29826086956524,0.01265368852459,0.3446190476190477,1,1.0,0.6816444444444444,0.5674,risque_moyen
1812,solo,8500.62,bali,printemps,14,appartement,2087.96,nuageux,gastronomie,3,météo,0,0,sejour correct mais perfectible.,6412.660000000001,458.0471428571429,1.0,0.0,0,0.7,0.5140166666666667,0.5457,risque_moyen
1813,senior,12550.61,lisbonne,printemps,15,villa,679.34,variable,gastronomie,4,bagages,1,1,tres bon sejour.,11871.27,791.418,1.0,0.0,1,0.45,0.4363388888888889,0.5664,risque_moyen
1814,couple,14513.8,new york,hiver,14,appartement,1508.87,variable,plage,3,météo,1,1,sejour correct mais perfectible.,13004.93,928.9235714285714,1.0,0.0,1,0.45,0.1832,0.536,risque_moyen
1815,senior,19593.31,new york,automne,17,villa,977.42,variable,culture,4,annulation,1,0,tres bon sejour.,18615.890000000003,1095.0523529411769,1.0,0.5001045751633988,1,0.45,0.3630666666666667,0.6476,risque_faible
1816,senior,3675.39,rome,été,11,hôtel,909.65,ensoleillé,gastronomie,3,annulation,1,1,sejour correct mais perfectible.,2765.74,251.43090909090907,0.4905096153846153,0.0,1,1.0,0.4642444444444444,0.6131,risque_faible
1817,business,11610.33,rome,printemps,16,resort,1096.59,pluie,business,3,météo,1,1,sejour correct mais perfectible.,10513.74,657.10875,1.0,0.0,1,0.25,0.4113722222222222,0.5394,risque_moyen
1818,senior,18001.01,new york,été,21,villa,854.9,nuageux,culture,4,bagages,0,1,tres bon sejour.,17146.109999999997,816.4814285714284,1.0,0.6602614379084968,1,0.7,0.4609944444444444,0.7182,risque_faible
1819,famille,7364.8,rome,automne,9,resort,1003.34,pluie,gastronomie,4,aucun,0,1,tres bon sejour.,6361.46,706.8288888888889,1.0,0.0,1,0.25,0.4660166666666667,0.6659,risque_faible
1820,solo,7837.39,lisbonne,été,15,resort,949.96,ensoleillé,culture,3,bagages,1,0,sejour correct mais perfectible.,6887.43,459.162,1.0,0.0,1,1.0,0.5779666666666666,0.6494,risque_faible
1821,business,3717.12,lisbonne,hiver,5,villa,606.94,ensoleillé,business,3,retard_vol,0,0,sejour correct mais perfectible.,3110.18,622.036,0.6790882352941174,0.0030994152046782,1,1.0,0.3659111111111111,0.5346,risque_moyen
1822,senior,2699.62,rome,été,8,villa,686.4,ensoleillé,culture,2,aucun,0,0,sejour decevant.,2013.22,251.6525,0.1777628205128203,0.0829629629629632,1,1.0,0.4642444444444444,0.4204,risque_moyen
1823,senior,13807.18,lisbonne,hiver,15,hôtel,563.49,variable,plage,3,bagages,0,0,sejour correct mais perfectible.,13243.69,882.9126666666667,1.0,0.1301461988304095,0,0.45,0.3659111111111111,0.5213,risque_moyen
1824,famille,13429.35,rome,automne,11,appartement,906.87,ensoleillé,culture,5,météo,1,1,excellent sejour.,12522.48,1138.4072727272726,1.0,0.0,1,1.0,0.4660166666666667,0.7559,risque_faible
1825,couple,12911.43,bali,printemps,18,villa,1014.29,variable,randonnée,5,bagages,1,1,excellent sejour.,11897.14,660.9522222222222,1.0,0.7977874396135266,0,0.45,0.5140166666666667,0.6593,risque_faible
1826,couple,1757.49,paris,automne,14,appartement,809.32,nuageux,culture,2,annulation,0,0,sejour decevant.,948.17,67.72642857142857,0.0,0.0,1,0.7,0.3681277777777778,0.3082,risque_eleve
1827,solo,7399.3,lisbonne,printemps,10,villa,1020.59,ensoleillé,gastronomie,2,bagages,0,1,sejour decevant.,6378.71,637.871,1.0,0.0,0,1.0,0.4363388888888889,0.4524,risque_moyen
1828,solo,5104.82,rome,automne,14,resort,1418.23,ensoleillé,randonnée,3,météo,1,1,sejour correct mais perfectible.,3686.59,263.3278571428571,0.948660256410256,0.0,1,1.0,0.4660166666666667,0.6215,risque_faible
1829,couple,2087.59,dubaï,automne,3,appartement,1448.43,ensoleillé,plage,2,retard_vol,1,0,sejour decevant.,639.1600000000001,213.05333333333337,0.0,0.0,1,1.0,0.6703277777777777,0.3804,risque_eleve
1830,solo,2336.04,paris,printemps,23,hôtel,1224.81,pluie,,1,retard_vol,1,0,tres mauvaise experience.,1111.23,48.31434782608696,0.0077499999999999,0.0,0,0.25,0.3504166666666666,0.1942,risque_eleve
1831,famille,15872.3,rome,printemps,18,appartement,848.24,ensoleillé,randonnée,4,bagages,0,1,tres bon sejour.,15024.06,834.67,1.0,0.0,0,1.0,0.4113722222222222,0.5694,risque_moyen
1832,business,15445.95,new york,été,13,appartement,965.1,nuageux,plage,3,aucun,0,1,sejour correct mais perfectible.,14480.85,1113.9115384615384,1.0,0.5162091503267974,0,0.7,0.4609944444444444,0.5122,risque_moyen
1833,famille,7631.12,new york,hiver,6,villa,1476.28,ensoleillé,plage,3,bagages,0,1,sejour correct mais perfectible.,6154.84,1025.8066666666666,0.7800230769230767,0.0,1,1.0,0.1832,0.6604,risque_faible
1834,couple,8458.51,tokyo,été,12,resort,868.84,nuageux,business,3,aucun,0,1,sejour correct mais perfectible.,7589.67,632.4725,0.7809913194444446,0.8583703703703703,0,0.7,0.4004166666666666,0.6252,risque_faible
1835,couple,7388.48,sydney,automne,15,villa,1462.13,variable,gastronomie,4,annulation,1,1,tres bon sejour.,5926.349999999999,395.09,0.4669499999999998,0.5280940170940169,1,0.45,0.5032777777777777,0.6402,risque_faible
1836,famille,6592.95,bali,automne,18,appartement,968.96,variable,business,3,aucun,0,1,sejour correct mais perfectible.,5623.99,312.44388888888886,0.6417237903225805,0.8415845410628019,0,0.45,0.5225333333333333,0.5679,risque_moyen
1837,solo,2104.51,tokyo,printemps,9,hôtel,641.85,variable,gastronomie,2,météo,1,0,sejour decevant.,1462.6600000000003,162.5177777777778,0.0,1.0,0,0.45,0.3183611111111111,0.3922,risque_eleve
1838,business,4604.45,bali,automne,7,hôtel,1273.21,variable,culture,2,météo,1,1,sejour decevant.,3331.24,475.89142857142855,0.2408165322580643,0.5476231884057972,0,0.45,0.5225333333333333,0.4027,risque_moyen
1839,couple,11962.28,tokyo,été,9,hôtel,1096.81,nuageux,business,4,aucun,0,1,tres bon sejour.,10865.47,1207.2744444444445,1.0,0.6171322751322752,0,0.7,0.4004166666666666,0.6431,risque_faible
1840,famille,6744.87,bali,été,10,appartement,1126.63,nuageux,plage,5,retard_vol,1,0,excellent sejour.,5618.24,561.824,0.6723528225806452,0.6892463768115941,1,0.7,0.5497055555555554,0.7623,risque_faible
1841,business,2971.81,new york,automne,8,appartement,974.35,ensoleillé,culture,1,retard_vol,1,0,tres mauvaise experience.,1997.46,249.6825,0.0,0.5041176470588234,0,1.0,0.3630666666666667,0.2543,risque_eleve
1842,business,7284.63,paris,printemps,5,villa,1112.53,pluie,randonnée,2,météo,0,1,sejour decevant.,6172.1,1234.42,1.0,0.0,0,0.25,0.3504166666666666,0.3521,risque_eleve
1843,business,12879.48,lisbonne,été,8,appartement,701.79,ensoleillé,,3,retard_vol,0,1,sejour correct mais perfectible.,12177.69,1522.2112499999998,1.0,0.0,0,1.0,0.5779666666666666,0.4694,risque_moyen
1844,senior,16388.16,bali,automne,18,resort,1436.95,variable,randonnée,3,météo,1,1,sejour correct mais perfectible.,14951.21,830.6227777777777,1.0,0.3894202898550726,0,0.45,0.5225333333333333,0.4668,risque_moyen
1845,solo,5910.08,bali,été,6,villa,918.54,ensoleillé,gastronomie,3,retard_vol,1,0,sejour correct mais perfectible.,4991.54,831.9233333333333,0.504048387096774,0.8902995169082126,0,1.0,0.5497055555555554,0.4874,risque_moyen
1846,solo,3469.0,tokyo,printemps,15,hôtel,726.26,variable,plage,1,météo,1,1,tres mauvaise experience.,2742.74,182.8493333333333,0.0,1.0,0,0.45,0.3183611111111111,0.3922,risque_eleve
1847,senior,17986.89,rome,printemps,8,appartement,1266.16,nuageux,culture,4,retard_vol,0,1,tres bon sejour.,16720.73,2090.09125,1.0,0.0,1,0.7,0.4113722222222222,0.7134,risque_faible
1848,famille,,paris,été,9,appartement,,ensoleillé,randonnée,3,bagages,0,1,sejour correct mais perfectible.,,,0.5,0.5,0,1.0,0.5546333333333333,0.5366,risque_moyen
1849,solo,2744.04,new york,automne,5,appartement,1229.94,nuageux,culture,2,retard_vol,1,1,sejour decevant.,1514.1,302.82,0.0,0.1700130718954249,1,0.7,0.3630666666666667,0.4582,risque_moyen
1850,solo,2905.81,rome,printemps,14,villa,1029.06,ensoleillé,business,2,météo,1,0,sejour decevant.,1876.75,134.05357142857142,0.2438493589743588,0.0,0,1.0,0.4113722222222222,0.2376,risque_eleve
1851,business,6466.41,tokyo,automne,3,appartement,1164.88,pluie,business,3,aucun,0,1,sejour correct mais perfectible.,5301.53,1767.1766666666665,0.4351406249999999,0.5451005291005291,1,0.25,0.3977388888888888,0.4777,risque_moyen
1852,famille,,new york,automne,13,villa,,variable,culture,4,bagages,0,1,tres bon sejour.,,,0.5,0.5,1,0.45,0.3630666666666667,0.6276,risque_faible
1853,senior,5614.66,sydney,hiver,14,appartement,838.91,nuageux,plage,3,météo,0,1,sejour correct mais perfectible.,4775.75,341.125,0.1897906249999999,1.0,0,0.7,0.5683611111111111,0.5053,risque_moyen
1854,solo,13775.37,lisbonne,automne,10,hôtel,1956.29,pluie,plage,3,météo,1,1,sejour correct mais perfectible.,11819.080000000002,1181.908,1.0,0.0,0,0.25,0.5109277777777776,0.4913,risque_moyen
1855,couple,8126.04,dubaï,été,13,hôtel,769.73,pluie,culture,5,bagages,1,1,excellent sejour.,7356.309999999999,565.87,0.9776721311475408,0.555984126984127,1,0.25,0.5018666666666666,0.764,risque_faible
1856,couple,2554.53,lisbonne,printemps,3,hôtel,1149.12,variable,plage,3,annulation,1,1,sejour correct mais perfectible.,1405.4100000000003,468.4700000000001,0.2516654411764705,0.0,1,0.45,0.4363388888888889,0.4768,risque_moyen
1857,famille,518.75,bali,printemps,13,hôtel,64.18,pluie,gastronomie,3,aucun,0,0,sejour correct mais perfectible.,454.57,34.966923076923074,0.0,1.0,1,0.25,0.5140166666666667,0.4517,risque_moyen
1858,business,14849.42,rome,printemps,13,appartement,1619.62,pluie,culture,2,aucun,0,1,sejour decevant.,13229.8,1017.676923076923,1.0,0.0,0,0.25,0.4113722222222222,0.3594,risque_eleve
1859,senior,735.29,lisbonne,été,9,appartement,595.65,ensoleillé,randonnée,1,retard_vol,1,1,tres mauvaise experience.,139.64,15.515555555555554,0.0,0.0361111111111113,0,1.0,0.5779666666666666,0.3159,risque_eleve
1860,solo,3044.01,bali,automne,4,hôtel,1107.9,variable,gastronomie,2,météo,1,1,sejour decevant.,1936.11,484.0275,0.0,0.7073429951690821,0,0.45,0.5225333333333333,0.364,risque_eleve
1861,famille,10011.09,lisbonne,hiver,19,resort,1201.22,variable,gastronomie,4,bagages,1,0,tres bon sejour.,8809.87,463.6773684210527,1.0,0.0,1,0.45,0.3659111111111111,0.6779,risque_faible
1862,senior,4139.03,lisbonne,printemps,8,appartement,813.98,nuageux,culture,4,aucun,0,1,tres bon sejour.,3325.05,415.63125,0.8342022058823528,0.0,1,0.7,0.4363388888888889,0.6699,risque_faible
1863,solo,3010.56,rome,hiver,4,appartement,1606.69,nuageux,business,2,météo,1,1,sejour decevant.,1403.87,350.9675,0.2774230769230769,0.0,0,0.7,0.2807999999999999,0.3154,risque_eleve
1864,senior,3680.35,tokyo,automne,8,appartement,766.31,ensoleillé,plage,2,retard_vol,1,1,sejour decevant.,2914.04,364.255,0.0,0.9668677248677248,0,1.0,0.3977388888888888,0.4618,risque_moyen
1865,business,2153.52,tokyo,hiver,7,villa,717.28,pluie,business,2,météo,1,1,sejour decevant.,1436.24,205.17714285714283,0.0,1.0,1,0.25,0.1438499999999999,0.4073,risque_moyen
1866,famille,11907.77,dubaï,hiver,14,hôtel,908.88,variable,gastronomie,4,annulation,0,1,tres bon sejour.,10998.89,785.6350000000001,1.0,0.3351111111111111,1,0.45,0.42075,0.6248,risque_faible
1867,solo,6810.92,sydney,hiver,16,villa,1129.46,ensoleillé,randonnée,3,aucun,0,1,sejour correct mais perfectible.,5681.46,355.09125,0.3767062499999999,0.8124273504273504,1,1.0,0.5683611111111111,0.6199,risque_faible
1868,famille,7489.54,rome,printemps,15,hôtel,929.47,ensoleillé,business,2,météo,1,1,sejour decevant.,6560.07,437.338,1.0,0.0,0,1.0,0.4113722222222222,0.4494,risque_moyen
1869,senior,11376.55,dubaï,été,3,resort,934.93,nuageux,,3,annulation,0,1,sejour correct mais perfectible.,10441.62,3480.5399999999995,1.0,0.2937619047619049,0,0.7,0.5018666666666666,0.4771,risque_moyen
1870,senior,10193.13,sydney,été,7,resort,914.44,ensoleillé,plage,4,annulation,1,1,tres bon sejour.,9278.69,1325.5271428571427,0.9051765625,0.996205128205128,0,1.0,0.3825888888888888,0.5987,risque_moyen
1871,couple,500.91,bali,été,15,villa,36.46,,plage,3,météo,1,0,sejour correct mais perfectible.,464.4500000000001,30.96333333333333,0.0,1.0,1,0.5,0.5497055555555554,0.606,risque_faible
1872,business,,paris,printemps,17,villa,,pluie,business,3,aucun,0,1,sejour correct mais perfectible.,,,0.5,0.5,1,0.25,0.3504166666666666,0.482,risque_moyen
1873,business,14478.22,lisbonne,été,5,hôtel,821.48,ensoleillé,,4,retard_vol,0,1,tres bon sejour.,13656.74,2731.348,1.0,0.0,0,1.0,0.5779666666666666,0.5894,risque_moyen
1874,business,2384.72,rome,printemps,7,appartement,1683.66,pluie,business,2,météo,1,1,sejour decevant.,701.0599999999997,100.15142857142853,0.0768333333333332,0.0,1,0.25,0.4113722222222222,0.2809,risque_eleve
1875,famille,6120.8,tokyo,hiver,15,hôtel,962.15,variable,plage,3,aucun,0,1,sejour correct mais perfectible.,5158.650000000001,343.91,0.3751388888888888,0.7596296296296297,1,0.45,0.1438499999999999,0.493,risque_moyen
1876,business,10430.85,lisbonne,hiver,9,appartement,817.0,ensoleillé,business,5,aucun,0,1,excellent sejour.,9613.85,1068.2055555555555,1.0,0.0,1,1.0,0.3659111111111111,0.6239,risque_faible
1877,business,2778.61,paris,automne,9,hôtel,733.74,ensoleillé,culture,2,annulation,1,1,sejour decevant.,2044.87,227.20777777777775,0.1394672619047618,0.0,0,1.0,0.3681277777777778,0.3232,risque_eleve
1878,couple,6253.81,bali,hiver,9,resort,1834.39,nuageux,plage,2,retard_vol,0,1,sejour decevant.,4419.42,491.0466666666667,0.5733487903225806,0.0054202898550724,1,0.7,0.5211222222222222,0.608,risque_faible
1879,business,3354.42,sydney,printemps,5,villa,1286.97,pluie,culture,2,météo,0,0,sejour decevant.,2067.45,413.49,0.0,0.6778034188034188,0,0.25,0.51555,0.2139,risque_eleve
1880,business,4064.36,bali,automne,10,hôtel,1252.76,variable,culture,2,météo,1,1,sejour decevant.,2811.6000000000004,281.16,0.1319274193548386,0.5673816425120775,0,0.45,0.5225333333333333,0.3758,risque_eleve
1881,business,6792.99,new york,hiver,6,villa,1071.69,ensoleillé,business,3,météo,1,1,sejour correct mais perfectible.,5721.299999999999,953.5499999999998,0.6188442307692307,0.3768758169934639,1,1.0,0.1832,0.5631,risque_moyen
1882,business,4084.03,rome,été,8,hôtel,1132.62,ensoleillé,business,4,annulation,1,1,tres bon sejour.,2951.4100000000003,368.92625,0.6214839743589742,0.0,1,1.0,0.4642444444444444,0.6497,risque_faible
1883,solo,2865.58,rome,été,7,hôtel,1325.71,ensoleillé,gastronomie,1,retard_vol,1,0,tres mauvaise experience.,1539.87,219.98142857142852,0.2309551282051281,0.0,0,1.0,0.4642444444444444,0.3604,risque_eleve
1884,business,2377.77,rome,hiver,12,resort,1140.14,pluie,culture,1,bagages,0,1,tres mauvaise experience.,1237.63,103.13583333333332,0.0746057692307691,0.0,0,0.25,0.2807999999999999,0.0846,risque_eleve
1885,senior,8849.03,rome,automne,3,villa,1245.68,ensoleillé,plage,2,aucun,0,1,sejour decevant.,7603.35,2534.4500000000003,1.0,0.0,0,1.0,0.4660166666666667,0.4559,risque_moyen
1886,business,5364.02,rome,été,8,appartement,1045.89,pluie,gastronomie,2,retard_vol,1,1,sejour decevant.,4318.13,539.76625,1.0,0.0,0,0.25,0.4642444444444444,0.3657,risque_eleve
1887,senior,4230.61,rome,hiver,9,hôtel,1699.36,variable,plage,2,aucun,0,1,sejour decevant.,2531.25,281.25,0.6684647435897434,0.0,0,0.45,0.2807999999999999,0.3949,risque_eleve
1888,senior,14396.53,new york,hiver,17,villa,1157.19,nuageux,plage,3,aucun,0,1,sejour correct mais perfectible.,13239.34,778.7847058823529,1.0,0.2651111111111109,0,0.7,0.1832,0.4337,risque_moyen
1889,couple,1643.07,paris,automne,17,villa,747.41,nuageux,gastronomie,3,annulation,0,0,sejour correct mais perfectible.,895.66,52.68588235294118,0.0,0.0,1,0.7,0.3681277777777778,0.4282,risque_moyen
1890,senior,7309.17,bali,automne,15,villa,1800.32,pluie,plage,1,météo,0,1,tres mauvaise experience.,5508.85,367.2566666666667,0.7861229838709677,0.0383381642512079,0,0.25,0.5225333333333333,0.3197,risque_eleve
1891,famille,1108.03,dubaï,printemps,31,,886.94,ensoleillé,plage,1,météo,1,0,tres mauvaise experience.,221.08999999999992,7.131935483870965,0.0,0.369936507936508,1,1.0,0.6816444444444444,0.4484,risque_moyen
1892,solo,6727.84,tokyo,été,7,appartement,1061.05,variable,business,3,retard_vol,1,1,sejour correct mais perfectible.,5666.79,809.5414285714286,0.4805277777777778,0.6549735449735452,0,0.45,0.4004166666666666,0.4745,risque_moyen
1893,solo,7038.27,paris,hiver,9,hôtel,1390.73,pluie,gastronomie,2,retard_vol,1,1,sejour decevant.,5647.540000000001,627.5044444444445,1.0,0.0,0,0.25,0.17495,0.451,risque_moyen
1894,senior,3165.75,bali,été,10,villa,,variable,randonnée,1,aucun,0,0,tres mauvaise experience.,,,0.0,0.5,0,0.45,0.5497055555555554,0.21,risque_eleve
1895,senior,5666.53,bali,été,4,appartement,842.5,pluie,plage,3,retard_vol,0,1,sejour correct mais perfectible.,4824.03,1206.0075,0.4549455645161289,0.9637681159420288,0,0.25,0.5497055555555554,0.5168,risque_moyen
1896,business,4223.52,rome,hiver,10,resort,626.57,pluie,,2,aucun,0,1,sejour decevant.,3596.9500000000003,359.69500000000005,0.6661923076923076,0.2306913580246912,0,0.25,0.2807999999999999,0.2918,risque_eleve
1897,solo,12748.58,dubaï,printemps,15,villa,1119.56,pluie,gastronomie,3,retard_vol,1,1,sejour correct mais perfectible.,11629.02,775.268,1.0,0.0006984126984129,0,0.25,0.6816444444444444,0.3919,risque_eleve
1898,solo,10753.32,tokyo,printemps,5,villa,625.21,ensoleillé,randonnée,5,aucun,0,1,excellent sejour.,10128.11,2025.622,1.0,1.0,1,1.0,0.3183611111111111,0.7982,risque_faible
1899,couple,10329.42,dubaï,hiver,14,appartement,975.81,pluie,business,2,aucun,0,1,sejour decevant.,9353.61,668.115,1.0,0.228873015873016,0,0.25,0.42075,0.4017,risque_moyen
1900,solo,2244.69,tokyo,printemps,21,,1098.39,pluie,plage,1,météo,1,0,tres mauvaise experience.,1146.3,54.58571428571428,0.0,0.6154603174603175,0,0.25,0.3183611111111111,0.179,risque_eleve
1901,couple,13266.84,paris,printemps,22,appartement,1398.17,ensoleillé,gastronomie,3,aucun,0,0,sejour correct mais perfectible.,11868.67,539.485,1.0,0.0,1,1.0,0.3504166666666666,0.6221,risque_faible
1902,couple,4921.54,rome,hiver,13,,1205.69,ensoleillé,business,2,météo,1,1,sejour decevant.,3715.85,285.8346153846154,0.8899166666666666,0.0,0,1.0,0.2807999999999999,0.4029,risque_moyen
1903,business,8760.18,lisbonne,hiver,14,appartement,846.5,ensoleillé,randonnée,3,aucun,0,1,sejour correct mais perfectible.,7913.68,565.2628571428571,1.0,0.0,0,1.0,0.3659111111111111,0.4439,risque_moyen
1904,solo,5405.57,new york,hiver,7,villa,,ensoleillé,culture,3,météo,0,1,sejour correct mais perfectible.,,,0.3520326923076922,0.5,1,1.0,0.1832,0.5106,risque_moyen
1905,famille,12108.7,new york,printemps,14,appartement,1232.19,pluie,culture,4,météo,1,1,tres bon sejour.,10876.51,776.8935714285715,1.0,0.1670718954248365,1,0.25,0.3306888888888888,0.6798,risque_faible
1906,business,3056.41,paris,été,2,villa,544.71,nuageux,business,2,météo,1,0,sejour decevant.,2511.7,1255.85,0.2221458333333333,0.0485396825396825,1,0.7,0.5546333333333333,0.4015,risque_moyen
1907,business,1788.35,tokyo,automne,8,hôtel,851.12,ensoleillé,plage,2,retard_vol,1,0,sejour decevant.,937.23,117.15375,0.0,0.8771216931216931,0,1.0,0.3977388888888888,0.4456,risque_moyen
1908,senior,15422.11,paris,automne,13,hôtel,987.31,variable,gastronomie,4,annulation,1,1,tres bon sejour.,14434.8,1110.3692307692309,1.0,0.0,1,0.45,0.3681277777777778,0.6782,risque_faible
1909,solo,4070.51,new york,hiver,9,appartement,1366.32,nuageux,gastronomie,1,aucun,0,1,tres mauvaise experience.,2704.1900000000005,300.4655555555556,0.0952903846153846,0.0,0,0.7,0.1832,0.2527,risque_eleve
1910,couple,5131.64,bali,printemps,10,appartement,1311.79,variable,culture,2,bagages,1,1,sejour decevant.,3819.85,381.985,0.3471048387096774,0.5103478260869567,1,0.45,0.5140166666666667,0.4847,risque_moyen
1911,solo,2903.53,dubaï,été,7,villa,1824.33,nuageux,randonnée,1,météo,1,1,tres mauvaise experience.,1079.2000000000005,154.1714285714286,0.0,0.0,1,0.7,0.5018666666666666,0.3242,risque_eleve
1912,couple,744.9,bali,printemps,1,appartement,670.41,variable,gastronomie,2,retard_vol,0,0,sejour decevant.,74.49000000000001,74.49000000000001,0.0,1.0,1,0.45,0.5140166666666667,0.4757,risque_moyen
1913,senior,4207.44,lisbonne,hiver,14,appartement,1175.69,,plage,2,météo,1,1,sejour decevant.,3031.7499999999995,216.5535714285714,0.8593529411764702,0.0,0,0.5,0.3659111111111111,0.4645,risque_moyen
1914,famille,7607.91,rome,hiver,15,resort,1406.78,variable,plage,4,retard_vol,0,1,tres bon sejour.,6201.13,413.40866666666665,1.0,0.0,1,0.45,0.2807999999999999,0.6677,risque_faible
1915,solo,11178.07,tokyo,hiver,14,hôtel,768.44,pluie,business,3,retard_vol,1,1,sejour correct mais perfectible.,10409.63,743.545,1.0,0.9646137566137564,0,0.25,0.1438499999999999,0.6209,risque_faible
1916,senior,4666.83,lisbonne,printemps,11,villa,1125.16,ensoleillé,culture,4,aucun,0,1,tres bon sejour.,3541.67,321.97,1.0,0.0,1,1.0,0.4363388888888889,0.6324,risque_faible
1917,senior,14012.34,lisbonne,printemps,6,appartement,1248.08,variable,business,3,météo,1,1,sejour correct mais perfectible.,12764.26,2127.3766666666666,1.0,0.0,0,0.45,0.4363388888888889,0.5064,risque_moyen
1918,couple,11449.5,bali,hiver,21,hôtel,1348.66,pluie,culture,5,retard_vol,1,1,excellent sejour.,10100.84,480.992380952381,1.0,0.4747246376811593,1,0.25,0.5211222222222222,0.758,risque_faible
1919,business,9883.92,paris,automne,5,appartement,1759.25,ensoleillé,randonnée,2,retard_vol,0,1,sejour decevant.,8124.67,1624.934,1.0,0.0,0,1.0,0.3681277777777778,0.4442,risque_moyen
1920,senior,5741.78,lisbonne,hiver,8,appartement,1288.98,,plage,3,météo,1,1,sejour correct mais perfectible.,4452.799999999999,556.5999999999999,1.0,0.0,0,0.5,0.3659111111111111,0.5039,risque_moyen
1921,solo,8171.47,sydney,printemps,15,appartement,1703.8,nuageux,randonnée,4,météo,1,0,tres bon sejour.,6467.67,431.178,0.5892921875000001,0.3215384615384616,1,0.7,0.51555,0.6687,risque_faible
1922,senior,4175.54,dubaï,hiver,7,villa,1330.6,pluie,gastronomie,1,météo,1,1,tres mauvaise experience.,2844.94,406.42,0.1681434426229507,0.0,1,0.25,0.42075,0.3076,risque_eleve
1923,couple,6909.03,rome,hiver,1,villa,1066.49,pluie,gastronomie,3,bagages,0,1,sejour correct mais perfectible.,5842.54,5842.54,1.0,0.0,1,0.25,0.2807999999999999,0.6437,risque_faible
1924,couple,4519.06,rome,hiver,17,villa,888.17,nuageux,plage,3,annulation,0,1,sejour correct mais perfectible.,3630.89,213.5817647058824,0.7609166666666667,0.0,1,0.7,0.2807999999999999,0.6308,risque_faible
1925,couple,9662.61,rome,été,12,resort,956.45,nuageux,culture,4,annulation,0,1,tres bon sejour.,8706.16,725.5133333333333,1.0,0.0,1,0.7,0.4642444444444444,0.7197,risque_faible
1926,business,2271.7,new york,automne,1,appartement,1217.28,ensoleillé,business,2,annulation,1,0,sejour decevant.,1054.4199999999998,1054.4199999999998,0.0,0.1865620915032682,1,1.0,0.3630666666666667,0.3771,risque_eleve
1927,business,4156.23,new york,hiver,5,villa,1214.97,ensoleillé,business,3,aucun,0,0,sejour correct mais perfectible.,2941.2599999999998,588.2519999999998,0.1117749999999997,0.1895816993464053,1,1.0,0.1832,0.3874,risque_eleve
1928,couple,6670.69,rome,été,17,hôtel,,nuageux,culture,5,annulation,1,1,excellent sejour.,,,1.0,0.5,1,0.7,0.4642444444444444,0.8097,risque_faible
1929,couple,6530.52,bali,automne,10,villa,1553.04,nuageux,gastronomie,3,retard_vol,1,1,sejour correct mais perfectible.,4977.4800000000005,497.7480000000001,0.6291370967741935,0.2772560386473431,1,0.7,0.5225333333333333,0.6728,risque_faible
1930,senior,6048.1,paris,hiver,5,appartement,778.06,nuageux,randonnée,3,météo,1,1,sejour correct mais perfectible.,5270.040000000001,1054.0080000000005,1.0,0.0,0,0.7,0.17495,0.505,risque_moyen
1931,business,7817.87,rome,hiver,20,hôtel,1179.91,ensoleillé,plage,3,annulation,1,1,sejour correct mais perfectible.,6637.96,331.898,1.0,0.0,0,1.0,0.2807999999999999,0.5537,risque_moyen
1932,business,3097.97,new york,printemps,1,hôtel,1399.82,pluie,business,2,météo,1,1,sejour decevant.,1698.15,1698.15,0.0,0.0,1,0.25,0.3306888888888888,0.3697,risque_eleve
1933,business,2292.77,rome,hiver,6,appartement,1241.02,nuageux,business,2,bagages,1,0,sejour decevant.,1051.75,175.29166666666666,0.0473621794871793,0.0,1,0.7,0.2807999999999999,0.311,risque_eleve
1934,business,7121.95,dubaï,été,6,villa,1133.56,pluie,plage,1,météo,1,1,tres mauvaise experience.,5988.389999999999,998.065,0.7719159836065572,0.0,0,0.25,0.5018666666666666,0.3064,risque_eleve
1935,famille,17835.68,paris,automne,14,hôtel,1200.62,nuageux,culture,4,météo,0,1,tres bon sejour.,16635.06,1188.2185714285715,1.0,0.0,1,0.7,0.3681277777777778,0.5882,risque_moyen
1936,solo,11184.02,new york,printemps,14,appartement,593.22,variable,plage,4,retard_vol,1,1,tres bon sejour.,10590.8,756.4857142857144,1.0,1.0,0,0.45,0.3306888888888888,0.6737,risque_faible
1937,famille,10839.02,new york,hiver,19,,832.22,ensoleillé,randonnée,3,bagages,0,1,sejour correct mais perfectible.,10006.8,526.6736842105264,1.0,0.6899084967320261,0,1.0,0.1832,0.5462,risque_moyen
1938,solo,10882.61,new york,printemps,14,resort,881.0,nuageux,plage,2,retard_vol,1,1,sejour decevant.,10001.61,714.4007142857143,1.0,0.6261437908496733,0,0.7,0.3306888888888888,0.5164,risque_moyen
1939,senior,8200.63,dubaï,automne,9,villa,977.3,ensoleillé,plage,3,météo,1,1,sejour correct mais perfectible.,7223.329999999999,802.5922222222221,0.9929569672131144,0.2265079365079365,0,1.0,0.6703277777777777,0.5192,risque_moyen
1940,business,7840.64,sydney,hiver,6,villa,1336.15,ensoleillé,randonnée,3,retard_vol,1,1,sejour correct mais perfectible.,6504.49,1084.0816666666667,0.5376,0.6357692307692306,0,1.0,0.5683611111111111,0.4532,risque_moyen
1941,senior,10786.37,dubaï,printemps,23,appartement,1612.5,variable,culture,4,annulation,1,0,tres bon sejour.,9173.87,398.8639130434783,1.0,0.0,1,0.45,0.6816444444444444,0.7158,risque_faible
1942,solo,7158.91,bali,automne,21,appartement,1130.01,,culture,4,retard_vol,0,1,tres bon sejour.,6028.9,287.0904761904762,0.755828629032258,0.6859806763285025,1,0.5,0.5225333333333333,0.7578,risque_faible
1943,business,3041.61,dubaï,printemps,21,hôtel,1009.52,ensoleillé,business,3,annulation,0,0,sejour correct mais perfectible.,2032.09,96.76619047619047,0.0,0.1753650793650796,1,1.0,0.6816444444444444,0.5334,risque_moyen
1944,business,7224.06,bali,automne,16,hôtel,1218.84,nuageux,gastronomie,4,retard_vol,1,1,tres bon sejour.,6005.22,375.32625,0.7689637096774193,0.6001545893719806,0,0.7,0.5225333333333333,0.59,risque_moyen
1945,senior,10261.56,bali,automne,9,hôtel,1229.61,nuageux,business,4,retard_vol,1,1,tres bon sejour.,9031.95,1003.5499999999998,1.0,0.5897487922705316,0,0.7,0.5225333333333333,0.6529,risque_faible
1946,senior,3360.83,dubaï,automne,11,resort,483.98,ensoleillé,plage,1,météo,1,1,tres mauvaise experience.,2876.85,261.5318181818181,0.0011946721311474,1.0,0,1.0,0.6703277777777777,0.3808,risque_eleve
1947,senior,8055.62,lisbonne,automne,9,villa,1148.64,pluie,culture,4,aucun,0,1,tres bon sejour.,6906.98,767.4422222222222,1.0,0.0,1,0.25,0.5109277777777776,0.5513,risque_moyen
1948,business,3495.24,paris,été,13,villa,1429.49,variable,culture,1,annulation,1,0,tres mauvaise experience.,2065.75,158.90384615384616,0.3527499999999998,0.0,0,0.45,0.5546333333333333,0.2193,risque_eleve
1949,famille,9150.67,paris,automne,10,hôtel,1163.73,nuageux,gastronomie,4,retard_vol,1,1,tres bon sejour.,7986.94,798.6940000000001,1.0,0.0,1,0.7,0.3681277777777778,0.5882,risque_moyen
1950,business,2042.14,dubaï,printemps,3,appartement,1035.46,variable,culture,1,retard_vol,1,1,tres mauvaise experience.,1006.68,335.56,0.0,0.134190476190476,0,0.45,0.6816444444444444,0.16,risque_eleve
1951,couple,7288.36,dubaï,hiver,14,hôtel,942.62,pluie,plage,4,bagages,0,1,tres bon sejour.,6345.74,453.26714285714286,0.8060163934426229,0.2815555555555555,1,0.25,0.42075,0.6569,risque_faible
1952,business,7122.62,bali,hiver,10,villa,1390.32,pluie,culture,2,retard_vol,1,1,sejour decevant.,5732.3,573.23,0.7485120967741934,0.4344734299516909,0,0.25,0.5211222222222222,0.3803,risque_eleve
1953,business,2555.7,rome,été,7,hôtel,1346.91,ensoleillé,business,4,retard_vol,1,1,tres bon sejour.,1208.7899999999995,172.68428571428566,0.1316346153846152,0.0,1,1.0,0.4642444444444444,0.5126,risque_moyen
1954,couple,7389.83,rome,été,16,villa,1224.18,ensoleillé,plage,5,annulation,1,0,excellent sejour.,6165.65,385.353125,1.0,0.0,1,1.0,0.4642444444444444,0.7557,risque_faible
1955,senior,12362.53,new york,automne,12,appartement,1405.08,nuageux,culture,4,météo,1,0,tres bon sejour.,10957.45,913.1208333333334,1.0,0.0,1,0.7,0.3630666666666667,0.7076,risque_faible
1956,business,1856.56,tokyo,été,2,villa,828.85,variable,gastronomie,1,bagages,1,0,tres mauvaise experience.,1027.71,513.855,0.0,0.9006878306878306,0,0.45,0.4004166666666666,0.2642,risque_eleve
1957,couple,7580.67,dubaï,été,8,appartement,820.25,ensoleillé,plage,4,annulation,0,1,tres bon sejour.,6760.42,845.0525,0.8659159836065574,0.4757936507936509,1,1.0,0.5018666666666666,0.6883,risque_faible
1958,business,2200.48,rome,printemps,5,resort,799.79,ensoleillé,culture,1,retard_vol,1,0,tres mauvaise experience.,1400.69,280.13800000000003,0.0177820512820511,0.0,0,1.0,0.4113722222222222,0.1743,risque_eleve
1959,famille,8984.02,rome,été,3,villa,900.45,pluie,culture,4,météo,1,1,tres bon sejour.,8083.570000000001,2694.523333333333,1.0,0.0,1,0.25,0.4642444444444444,0.6657,risque_faible
1960,business,5982.78,new york,printemps,10,villa,1307.79,pluie,culture,1,aucun,0,1,tres mauvaise experience.,4674.99,467.499,0.4630346153846152,0.068248366013072,0,0.25,0.3306888888888888,0.2116,risque_eleve
1961,couple,1002.94,lisbonne,hiver,9,villa,615.55,variable,business,1,retard_vol,1,1,tres mauvaise experience.,387.3900000000001,43.043333333333344,0.0,0.0,0,0.45,0.3659111111111111,0.2179,risque_eleve
1962,solo,3493.46,rome,printemps,8,villa,1649.95,variable,culture,2,retard_vol,1,1,sejour decevant.,1843.51,230.43875,0.4321987179487178,0.0,1,0.45,0.4113722222222222,0.4044,risque_moyen
1963,senior,5253.99,new york,été,3,appartement,1310.37,ensoleillé,plage,1,météo,1,1,tres mauvaise experience.,3943.62,1314.54,0.3228826923076922,0.0648758169934642,0,1.0,0.4609944444444444,0.3974,risque_eleve
1964,couple,5102.75,rome,hiver,2,villa,1617.1,variable,gastronomie,3,bagages,0,1,sejour correct mais perfectible.,3485.65,1742.825,0.9479967948717948,0.0,1,0.45,0.2807999999999999,0.6531,risque_faible
1965,famille,6339.08,sydney,automne,17,resort,1187.88,ensoleillé,randonnée,2,aucun,0,1,sejour decevant.,5151.2,303.01176470588234,0.3029812499999999,0.7624957264957264,0,1.0,0.5032777777777777,0.5225,risque_moyen
1966,solo,,new york,automne,7,villa,,nuageux,randonnée,3,aucun,0,0,sejour correct mais perfectible.,,,0.5,0.5,1,0.7,0.3630666666666667,0.5376,risque_moyen
1967,business,,bali,été,1,appartement,,ensoleillé,culture,2,retard_vol,1,1,sejour decevant.,,,0.5,0.5,0,1.0,0.5497055555555554,0.416,risque_moyen
1968,senior,8758.27,lisbonne,printemps,12,resort,988.09,nuageux,culture,4,météo,0,0,tres bon sejour.,7770.18,647.515,1.0,0.0,1,0.7,0.4363388888888889,0.5964,risque_moyen
1969,solo,2431.1,lisbonne,hiver,2,resort,700.58,pluie,gastronomie,1,retard_vol,1,1,tres mauvaise experience.,1730.52,865.26,0.2062867647058822,0.0,0,0.25,0.3659111111111111,0.1317,risque_eleve
1970,famille,3600.02,lisbonne,printemps,19,hôtel,,pluie,randonnée,1,aucun,0,1,tres mauvaise experience.,,,0.6360367647058823,0.5,0,0.25,0.4363388888888889,0.3505,risque_eleve
1971,famille,4708.98,paris,printemps,20,villa,1297.15,ensoleillé,culture,4,retard_vol,1,1,tres bon sejour.,3411.8299999999995,170.59149999999997,0.7139821428571427,0.0,1,1.0,0.3504166666666666,0.662,risque_faible
1972,famille,16544.13,new york,automne,19,appartement,965.95,pluie,plage,4,bagages,1,1,tres bon sejour.,15578.18,819.9042105263158,1.0,0.5150980392156862,1,0.25,0.3630666666666667,0.7463,risque_faible
1973,business,11331.69,bali,hiver,7,villa,1146.36,ensoleillé,culture,3,retard_vol,1,1,sejour correct mais perfectible.,10185.33,1455.047142857143,1.0,0.6701835748792272,0,1.0,0.5211222222222222,0.5832,risque_moyen
1974,couple,5429.44,lisbonne,été,15,resort,1640.04,ensoleillé,culture,4,météo,1,1,tres bon sejour.,3789.4,252.62666666666664,1.0,0.0,1,1.0,0.5779666666666666,0.7694,risque_faible
1975,famille,5499.84,tokyo,été,14,villa,914.11,ensoleillé,plage,4,retard_vol,0,1,tres bon sejour.,4585.7300000000005,327.5521428571429,0.2673333333333333,0.8104656084656084,1,1.0,0.4004166666666666,0.6888,risque_faible
1976,couple,7492.99,rome,été,17,villa,967.91,ensoleillé,gastronomie,4,météo,1,0,tres bon sejour.,6525.08,383.8282352941176,1.0,0.0,1,1.0,0.4642444444444444,0.7557,risque_faible
1977,solo,11302.23,lisbonne,été,14,resort,630.03,pluie,culture,4,bagages,1,0,tres bon sejour.,10672.2,762.3,1.0,0.0,1,0.25,0.5779666666666666,0.5594,risque_moyen
1978,famille,2980.47,bali,hiver,12,appartement,1347.59,,culture,2,retard_vol,1,1,sejour decevant.,1632.88,136.07333333333332,0.0,0.4757584541062803,1,0.5,0.5211222222222222,0.5082,risque_moyen
1979,famille,6619.15,sydney,automne,13,appartement,1304.38,nuageux,gastronomie,4,aucun,0,0,tres bon sejour.,5314.77,408.8284615384615,0.3467421874999998,0.662923076923077,1,0.7,0.5032777777777777,0.6608,risque_faible
1980,solo,11781.58,rome,été,4,hôtel,986.97,variable,plage,4,retard_vol,0,1,tres bon sejour.,10794.61,2698.6525,1.0,0.0,0,0.45,0.4642444444444444,0.5097,risque_moyen
1981,senior,8817.36,rome,printemps,19,villa,1110.25,pluie,gastronomie,3,météo,1,1,sejour correct mais perfectible.,7707.110000000001,405.6373684210527,1.0,0.0,1,0.25,0.4113722222222222,0.5394,risque_moyen
1982,senior,7594.26,tokyo,été,16,resort,782.05,ensoleillé,culture,5,retard_vol,1,0,excellent sejour.,6812.21,425.763125,0.6309479166666667,0.9502116402116402,1,1.0,0.4004166666666666,0.6958,risque_faible
1983,business,4399.14,tokyo,été,5,villa,790.21,pluie,culture,1,bagages,0,1,tres mauvaise experience.,3608.93,721.7860000000001,0.0762395833333333,0.9415767195767194,0,0.25,0.4004166666666666,0.2689,risque_eleve
1984,business,2412.04,sydney,hiver,7,villa,994.61,nuageux,culture,2,annulation,1,1,sejour decevant.,1417.4299999999998,202.49,0.0,0.9276837606837608,0,0.7,0.5683611111111111,0.3192,risque_eleve
1985,famille,10536.31,bali,printemps,13,villa,2125.41,nuageux,business,3,annulation,1,1,sejour correct mais perfectible.,8410.9,646.9923076923077,1.0,0.0,0,0.7,0.5140166666666667,0.5457,risque_moyen
1986,solo,14154.47,rome,été,5,villa,609.91,ensoleillé,culture,4,aucun,0,1,tres bon sejour.,13544.56,2708.912,1.0,0.2718271604938274,1,1.0,0.4642444444444444,0.6846,risque_faible
1987,couple,5627.3,new york,automne,8,resort,966.99,variable,plage,3,retard_vol,1,1,sejour correct mais perfectible.,4660.31,582.53875,0.3946730769230769,0.5137385620915033,1,0.45,0.3630666666666667,0.6005,risque_faible
1988,couple,13809.22,bali,printemps,19,resort,1450.46,variable,gastronomie,4,aucun,0,0,tres bon sejour.,12358.759999999998,650.4610526315788,1.0,0.3763671497584541,1,0.45,0.5140166666666667,0.7634,risque_faible
1989,senior,7229.92,lisbonne,été,12,appartement,926.64,pluie,plage,2,retard_vol,1,1,sejour decevant.,6303.28,525.2733333333333,1.0,0.0,0,0.25,0.5779666666666666,0.4994,risque_moyen
1990,solo,8418.09,sydney,printemps,21,hôtel,893.5,pluie,randonnée,5,annulation,1,1,excellent sejour.,7524.59,358.31380952380954,0.6278265624999998,1.0,1,0.25,0.51555,0.7477,risque_faible
1991,couple,3339.74,new york,printemps,11,hôtel,1248.4,variable,,2,aucun,0,0,sejour decevant.,2091.34,190.12181818181816,0.0,0.1458823529411763,0,0.45,0.3306888888888888,0.2399,risque_eleve
1992,senior,4563.89,rome,hiver,15,villa,1544.19,ensoleillé,business,2,météo,1,1,sejour decevant.,3019.7000000000003,201.31333333333336,0.7752852564102564,0.0,0,1.0,0.2807999999999999,0.3708,risque_eleve
1993,famille,7839.97,bali,automne,7,appartement,1301.03,ensoleillé,plage,5,retard_vol,1,0,excellent sejour.,6538.9400000000005,934.1342857142856,0.8931391129032257,0.520743961352657,1,1.0,0.5225333333333333,0.8265,risque_faible
1994,senior,10527.79,bali,automne,7,hôtel,1339.64,ensoleillé,plage,4,annulation,1,1,tres bon sejour.,9188.15,1312.5928571428574,1.0,0.48343961352657,0,1.0,0.5225333333333333,0.6697,risque_faible
1995,business,12379.94,new york,printemps,13,hôtel,167.18,variable,plage,4,aucun,0,0,tres bon sejour.,12212.76,939.4430769230768,1.0,1.0,0,0.45,0.3306888888888888,0.6737,risque_faible
1996,business,,paris,printemps,19,villa,,nuageux,business,3,aucun,0,1,sejour correct mais perfectible.,,,0.5,0.5,1,0.7,0.3504166666666666,0.536,risque_moyen
1997,famille,5148.96,tokyo,été,9,villa,946.91,pluie,business,1,aucun,0,1,tres mauvaise experience.,4202.05,466.8944444444445,0.2064166666666665,0.7757566137566138,0,0.25,0.4004166666666666,0.3955,risque_eleve
1998,solo,9281.02,bali,automne,15,resort,1345.03,pluie,gastronomie,2,bagages,1,0,sejour decevant.,7935.990000000001,529.066,1.0,0.478231884057971,0,0.25,0.5225333333333333,0.4588,risque_moyen
1999,solo,4663.26,dubaï,été,19,villa,1112.11,nuageux,culture,1,retard_vol,0,1,tres mauvaise experience.,3551.1500000000005,186.9026315789474,0.2680860655737704,0.0125238095238098,1,0.7,0.5018666666666666,0.4015,risque_moyen
2000,famille,2343.69,rome,été,9,appartement,1247.99,ensoleillé,plage,2,annulation,1,1,sejour decevant.,1095.7,121.74444444444444,0.0636826923076923,0.0,1,1.0,0.4642444444444444,0.4935,risque_moyen
2001,solo,16367.82,dubaï,printemps,20,villa,582.04,nuageux,gastronomie,4,annulation,1,1,tres bon sejour.,15785.78,789.289,1.0,0.8539047619047619,0,0.7,0.6816444444444444,0.5995,risque_moyen
2002,couple,8025.78,new york,automne,8,appartement,1523.39,nuageux,culture,3,retard_vol,1,1,sejour correct mais perfectible.,6502.389999999999,812.7987499999999,0.8559192307692306,0.0,1,0.7,0.3630666666666667,0.5472,risque_moyen
2003,couple,5206.19,lisbonne,hiver,10,appartement,791.24,nuageux,randonnée,2,météo,1,0,sejour decevant.,4414.95,441.495,1.0,0.0,0,0.7,0.3659111111111111,0.4079,risque_moyen
2004,couple,2925.96,lisbonne,automne,6,appartement,987.25,nuageux,culture,2,aucun,0,1,sejour decevant.,1938.71,323.11833333333334,0.388220588235294,0.0,1,0.7,0.5109277777777776,0.434,risque_moyen
2005,senior,1826.06,tokyo,printemps,12,hôtel,1087.0,ensoleillé,culture,2,retard_vol,1,0,sejour decevant.,739.06,61.58833333333333,0.0,0.6275132275132275,1,1.0,0.3183611111111111,0.5712,risque_moyen
2006,senior,4651.37,bali,été,7,appartement,766.95,pluie,gastronomie,3,retard_vol,0,1,sejour correct mais perfectible.,3884.42,554.9171428571428,0.2502762096774192,1.0,1,0.25,0.5497055555555554,0.646,risque_faible
2007,solo,14440.82,new york,automne,16,villa,,ensoleillé,plage,4,aucun,0,1,tres bon sejour.,,,1.0,0.5,0,1.0,0.3630666666666667,0.5336,risque_moyen
2008,business,12862.92,new york,hiver,6,appartement,1810.91,ensoleillé,culture,3,aucun,0,1,sejour correct mais perfectible.,11052.01,1842.0016666666668,1.0,0.0,0,1.0,0.1832,0.422,risque_moyen
2009,couple,8077.41,new york,hiver,13,villa,1493.27,nuageux,plage,3,aucun,0,1,sejour correct mais perfectible.,6584.139999999999,506.47230769230765,0.865848076923077,0.0,1,0.7,0.1832,0.6484,risque_faible
2010,senior,12459.18,new york,printemps,9,appartement,1339.33,nuageux,plage,3,météo,1,1,sejour correct mais perfectible.,11119.85,1235.538888888889,1.0,0.0270196078431375,0,0.7,0.3306888888888888,0.5285,risque_moyen
2011,couple,1740.83,lisbonne,automne,2,appartement,1426.52,pluie,plage,1,météo,1,0,tres mauvaise experience.,314.30999999999995,157.15499999999997,0.0,0.0,1,0.25,0.5109277777777776,0.2713,risque_eleve
2012,senior,9509.72,rome,printemps,10,appartement,1101.36,ensoleillé,culture,4,retard_vol,0,1,tres bon sejour.,8408.359999999999,840.8359999999999,1.0,0.0,1,1.0,0.4113722222222222,0.7494,risque_faible
2013,couple,8320.9,rome,automne,5,villa,896.49,ensoleillé,plage,4,aucun,0,1,tres bon sejour.,7424.41,1484.882,1.0,0.0,1,1.0,0.4660166666666667,0.7559,risque_faible
2014,famille,5293.34,rome,hiver,9,resort,1157.67,nuageux,culture,4,météo,0,0,tres bon sejour.,4135.67,459.5188888888889,1.0,0.0,1,0.7,0.2807999999999999,0.6977,risque_faible
2015,solo,12419.6,new york,été,15,hôtel,1363.84,ensoleillé,gastronomie,4,météo,1,1,tres bon sejour.,11055.76,737.0506666666666,1.0,0.0,0,1.0,0.4609944444444444,0.5753,risque_moyen
2016,famille,17716.99,bali,automne,12,villa,1797.43,nuageux,gastronomie,4,aucun,0,1,tres bon sejour.,15919.56,1326.63,1.0,0.0411304347826088,1,0.7,0.5225333333333333,0.7341,risque_faible
2017,couple,6310.35,rome,été,10,villa,1085.61,nuageux,gastronomie,4,bagages,1,0,tres bon sejour.,5224.740000000001,522.474,1.0,0.0,1,0.7,0.4642444444444444,0.7197,risque_faible
2018,senior,9136.21,rome,hiver,6,villa,1553.09,pluie,,2,météo,1,1,sejour decevant.,7583.119999999999,1263.8533333333332,1.0,0.0,0,0.25,0.2807999999999999,0.3437,risque_eleve
2019,famille,13711.23,rome,automne,6,appartement,1319.59,variable,culture,4,météo,1,1,tres bon sejour.,12391.64,2065.273333333333,1.0,0.0,1,0.45,0.4660166666666667,0.6899,risque_faible
2020,business,,lisbonne,automne,9,appartement,,ensoleillé,gastronomie,3,météo,1,1,sejour correct mais perfectible.,,,0.5,0.5,0,1.0,0.5109277777777776,0.4113,risque_moyen
2021,senior,3717.61,dubaï,automne,14,appartement,723.75,ensoleillé,plage,2,météo,1,1,sejour decevant.,2993.86,213.84714285714287,0.0743053278688524,0.6289682539682538,0,1.0,0.6703277777777777,0.4545,risque_moyen
2022,famille,8267.67,rome,automne,21,appartement,1008.47,pluie,plage,3,météo,1,1,sejour correct mais perfectible.,7259.2,345.67619047619047,1.0,0.0,1,0.25,0.4660166666666667,0.6659,risque_faible
2023,business,2344.84,lisbonne,été,4,villa,592.22,ensoleillé,business,3,retard_vol,1,0,sejour correct mais perfectible.,1752.62,438.155,0.1745735294117646,0.0461403508771929,1,1.0,0.5779666666666666,0.4265,risque_moyen
2024,business,7367.63,lisbonne,hiver,7,appartement,726.88,ensoleillé,business,3,aucun,0,1,sejour correct mais perfectible.,6640.75,948.6785714285714,1.0,0.0,1,1.0,0.3659111111111111,0.6239,risque_faible
2025,senior,7025.08,dubaï,automne,18,villa,136.56,ensoleillé,culture,5,aucun,0,0,excellent sejour.,6888.52,382.69555555555553,0.7520655737704918,1.0,1,1.0,0.6703277777777777,0.771,risque_faible
2026,senior,16094.58,new york,été,21,resort,1332.38,ensoleillé,plage,2,aucun,0,1,sejour decevant.,14762.2,702.9619047619047,1.0,0.0361045751633986,0,1.0,0.4609944444444444,0.4618,risque_moyen
2027,couple,11812.56,bali,automne,11,appartement,1214.71,nuageux,culture,5,aucun,0,0,excellent sejour.,10597.85,963.4409090909088,1.0,0.604144927536232,1,0.7,0.5225333333333333,0.7155,risque_faible
2028,couple,4871.7,rome,hiver,13,appartement,1249.02,ensoleillé,business,2,météo,1,1,sejour decevant.,3622.68,278.6676923076923,0.8739423076923075,0.0,0,1.0,0.2807999999999999,0.3984,risque_eleve
2029,senior,9917.47,paris,été,22,villa,985.36,,plage,2,aucun,0,1,sejour decevant.,8932.109999999999,406.005,1.0,0.0,0,0.5,0.5546333333333333,0.4066,risque_moyen
2030,senior,16583.47,bali,automne,9,hôtel,1278.17,variable,plage,4,bagages,0,1,tres bon sejour.,15305.3,1700.588888888889,1.0,0.542830917874396,0,0.45,0.5225333333333333,0.6144,risque_faible
2031,business,1556.96,rome,printemps,7,appartement,804.34,pluie,culture,1,retard_vol,1,1,tres mauvaise experience.,752.62,107.51714285714286,0.0,0.0,0,0.25,0.4113722222222222,0.0794,risque_eleve
2032,business,3250.77,lisbonne,printemps,6,villa,861.26,ensoleillé,business,2,bagages,1,0,sejour decevant.,2389.51,398.2516666666667,0.5076360294117646,0.0,1,1.0,0.4363388888888889,0.4945,risque_moyen
2033,senior,10764.0,new york,printemps,7,appartement,980.71,nuageux,plage,3,météo,1,1,sejour correct mais perfectible.,9783.29,1397.6128571428574,1.0,0.4958039215686274,0,0.7,0.3306888888888888,0.6129,risque_faible
2034,business,7161.02,new york,hiver,5,villa,1101.56,ensoleillé,business,3,météo,1,1,sejour correct mais perfectible.,6059.460000000001,1211.8920000000005,0.6896192307692308,0.3378300653594772,1,1.0,0.1832,0.5759,risque_moyen
2035,senior,6273.4,lisbonne,été,15,appartement,917.61,pluie,plage,2,retard_vol,1,1,sejour decevant.,5355.79,357.05266666666665,1.0,0.0,0,0.25,0.5779666666666666,0.4994,risque_moyen
2036,solo,13068.77,paris,hiver,14,resort,719.34,ensoleillé,plage,3,aucun,0,1,sejour correct mais perfectible.,12349.43,882.1021428571429,1.0,0.0,0,1.0,0.17495,0.421,risque_moyen
2037,senior,3182.42,new york,automne,6,villa,1161.09,variable,gastronomie,2,météo,1,1,sejour decevant.,2021.33,336.8883333333334,0.0,0.2600130718954251,1,0.45,0.3630666666666667,0.3244,risque_eleve
2038,senior,14853.7,lisbonne,hiver,18,appartement,658.91,variable,gastronomie,4,retard_vol,1,0,tres bon sejour.,14194.79,788.5994444444445,1.0,0.0,1,0.45,0.3659111111111111,0.6779,risque_faible
2039,solo,7132.08,new york,été,13,appartement,1002.24,nuageux,randonnée,3,bagages,1,0,sejour correct mais perfectible.,6129.84,471.5261538461539,0.6840538461538461,0.4676601307189542,1,0.7,0.4609944444444444,0.715,risque_faible
2040,famille,3281.43,rome,printemps,10,villa,892.51,variable,gastronomie,2,retard_vol,1,0,sejour decevant.,2388.92,238.892,0.3642403846153845,0.0,1,0.45,0.4113722222222222,0.5054,risque_moyen
2041,solo,4972.26,rome,été,10,villa,1393.53,nuageux,culture,2,météo,0,1,sejour decevant.,3578.7300000000005,357.87300000000005,0.9061730769230768,0.0,1,0.7,0.4642444444444444,0.5734,risque_moyen
2042,solo,2298.76,tokyo,hiver,7,villa,799.03,nuageux,randonnée,2,bagages,0,1,sejour decevant.,1499.7300000000002,214.2471428571429,0.0,0.9322433862433864,1,0.7,0.1438499999999999,0.4491,risque_moyen
2043,solo,7370.04,dubaï,hiver,12,appartement,1110.31,pluie,culture,4,annulation,0,1,tres bon sejour.,6259.73,521.6441666666666,0.8227540983606557,0.0153809523809524,1,0.25,0.42075,0.6136,risque_faible
2044,business,1039.11,tokyo,hiver,5,villa,935.2,pluie,business,2,bagages,0,1,sejour decevant.,103.90999999999984,20.78199999999997,0.0,0.788148148148148,1,0.25,0.1438499999999999,0.3691,risque_eleve
2045,famille,10634.69,rome,printemps,21,resort,1823.95,variable,culture,4,aucun,0,1,tres bon sejour.,8810.74,419.5590476190476,1.0,0.0,1,0.45,0.4113722222222222,0.6834,risque_faible
2046,solo,8194.92,bali,printemps,9,hôtel,,nuageux,culture,4,aucun,0,1,tres bon sejour.,,,0.9647016129032256,0.5,1,0.7,0.5140166666666667,0.8058,risque_faible
2047,senior,10709.27,sydney,printemps,6,resort,682.53,variable,culture,4,annulation,1,1,tres bon sejour.,10026.74,1671.1233333333332,0.9858234375,1.0,1,0.45,0.51555,0.7519,risque_faible
2048,senior,9078.6,lisbonne,automne,15,villa,776.29,nuageux,plage,2,retard_vol,1,0,sejour decevant.,8302.310000000001,553.4873333333334,1.0,0.0,0,0.7,0.5109277777777776,0.4253,risque_moyen
2049,senior,10936.79,new york,printemps,17,villa,934.29,variable,plage,3,aucun,0,1,sejour correct mais perfectible.,10002.5,588.3823529411765,1.0,0.556483660130719,0,0.45,0.3306888888888888,0.4738,risque_moyen
2050,business,6596.19,bali,automne,16,villa,1013.98,nuageux,gastronomie,3,retard_vol,1,1,sejour correct mais perfectible.,5582.209999999999,348.88812499999995,0.6423770161290321,0.798086956521739,0,0.7,0.5225333333333333,0.4702,risque_moyen
2051,famille,12727.6,rome,automne,9,appartement,1270.13,ensoleillé,culture,4,météo,1,1,tres bon sejour.,11457.47,1273.0522222222223,1.0,0.0,1,1.0,0.4660166666666667,0.7559,risque_faible
2052,solo,12590.25,new york,été,16,hôtel,863.85,nuageux,randonnée,5,bagages,1,0,excellent sejour.,11726.4,732.9,1.0,0.6485620915032679,1,0.7,0.4609944444444444,0.8361,risque_faible
2053,famille,11508.54,new york,été,6,villa,981.06,nuageux,gastronomie,5,aucun,0,1,excellent sejour.,10527.48,1754.5800000000002,1.0,0.4953464052287584,1,0.7,0.4609944444444444,0.8085,risque_faible
2054,senior,8448.75,new york,été,8,hôtel,,nuageux,culture,5,aucun,0,1,excellent sejour.,,,0.9372596153846152,0.5,1,0.7,0.4609944444444444,0.7918,risque_faible
2055,business,7981.27,tokyo,été,5,,1523.22,,culture,2,aucun,0,1,sejour decevant.,6458.05,1291.61,0.6981371527777777,0.1659047619047619,0,0.5,0.4004166666666666,0.3334,risque_eleve
2056,couple,9351.95,lisbonne,printemps,13,hôtel,1347.39,,plage,4,annulation,1,1,tres bon sejour.,8004.56,615.7353846153846,1.0,0.0,1,0.5,0.4363388888888889,0.6924,risque_faible
2057,couple,7456.17,bali,automne,11,appartement,968.99,variable,culture,3,retard_vol,0,1,sejour correct mais perfectible.,6487.18,589.7436363636364,0.8157600806451611,0.8415555555555555,1,0.45,0.5225333333333333,0.6766,risque_faible
2058,famille,6507.24,rome,printemps,15,resort,1125.29,ensoleillé,culture,4,annulation,0,1,tres bon sejour.,5381.95,358.7966666666667,1.0,0.0,1,1.0,0.4113722222222222,0.7494,risque_faible
2059,business,4890.61,tokyo,automne,6,appartement,1579.86,pluie,business,1,aucun,0,1,tres mauvaise experience.,3310.75,551.7916666666666,0.1615642361111109,0.105968253968254,1,0.25,0.3977388888888888,0.322,risque_eleve
2060,business,1739.35,lisbonne,automne,2,hôtel,786.64,nuageux,business,2,aucun,0,0,sejour decevant.,952.71,476.355,0.0,0.0,1,0.7,0.5109277777777776,0.4453,risque_moyen
2061,senior,19217.2,rome,automne,12,appartement,,pluie,plage,3,aucun,0,1,sejour correct mais perfectible.,,,1.0,0.5,0,0.25,0.4660166666666667,0.5759,risque_moyen
2062,famille,11938.79,rome,printemps,14,villa,1072.26,ensoleillé,culture,4,retard_vol,0,1,tres bon sejour.,10866.53,776.1807142857143,1.0,0.0,1,1.0,0.4113722222222222,0.7494,risque_faible
2063,business,5905.48,tokyo,été,4,,742.68,pluie,randonnée,2,aucun,0,1,sejour decevant.,5162.799999999999,1290.6999999999998,0.3377569444444443,0.991873015873016,0,0.25,0.4004166666666666,0.3512,risque_eleve
2064,solo,3717.77,dubaï,été,8,appartement,1389.03,variable,culture,2,aucun,0,1,sejour decevant.,2328.74,291.0925,0.0743381147540983,0.0,1,0.45,0.5018666666666666,0.435,risque_moyen
2065,solo,,new york,automne,10,villa,,nuageux,randonnée,3,aucun,0,0,sejour correct mais perfectible.,,,0.5,0.5,1,0.7,0.3630666666666667,0.5376,risque_moyen
2066,solo,9005.46,sydney,printemps,10,resort,1159.99,nuageux,randonnée,4,météo,1,0,tres bon sejour.,7845.469999999999,784.5469999999999,0.7196031249999998,0.7863333333333333,1,0.7,0.51555,0.6689,risque_faible
2067,business,9439.67,rome,hiver,3,villa,1230.13,variable,,2,météo,1,1,sejour decevant.,8209.54,2736.513333333334,1.0,0.0,0,0.45,0.2807999999999999,0.3677,risque_eleve
2068,couple,2579.75,rome,automne,12,villa,1105.95,nuageux,plage,2,aucun,0,1,sejour decevant.,1473.8,122.81666666666666,0.1393429487179487,0.0,1,0.7,0.4660166666666667,0.4789,risque_moyen
2069,senior,8172.8,tokyo,hiver,10,resort,1151.57,variable,plage,2,aucun,0,1,sejour decevant.,7021.2300000000005,702.123,0.7313888888888889,0.5591851851851852,0,0.45,0.1438499999999999,0.3767,risque_eleve
2070,business,6883.53,tokyo,printemps,1,villa,632.58,variable,business,3,météo,1,1,sejour correct mais perfectible.,6250.95,6250.95,0.5075572916666665,1.0,1,0.45,0.3183611111111111,0.5943,risque_moyen
2071,business,3732.09,bali,été,6,resort,1046.85,ensoleillé,culture,1,météo,1,0,tres mauvaise experience.,2685.24,447.54,0.0649374999999999,0.7663285024154591,0,1.0,0.5497055555555554,0.3421,risque_eleve
2072,famille,6548.81,rome,été,14,appartement,961.54,nuageux,plage,4,météo,1,0,tres bon sejour.,5587.27,399.0907142857144,1.0,0.0,1,0.7,0.4642444444444444,0.7197,risque_faible
2073,famille,14435.69,dubaï,hiver,11,villa,,ensoleillé,business,4,aucun,0,1,tres bon sejour.,,,1.0,0.5,0,1.0,0.42075,0.6605,risque_faible
2074,business,3369.38,lisbonne,été,4,villa,558.51,ensoleillé,gastronomie,2,retard_vol,1,0,sejour decevant.,2810.87,702.7175,0.5512426470588234,0.1447076023391814,0,1.0,0.5779666666666666,0.3698,risque_eleve
2075,business,6423.42,bali,hiver,20,appartement,793.29,nuageux,culture,3,retard_vol,1,1,sejour correct mais perfectible.,5630.13,281.5065,0.6075443548387096,1.0,0,0.7,0.5211222222222222,0.4966,risque_moyen
2076,senior,,dubaï,automne,10,appartement,,variable,,2,retard_vol,1,1,sejour decevant.,,,0.5,0.5,0,0.45,0.6703277777777777,0.4844,risque_moyen
2077,famille,6194.86,rome,hiver,11,villa,855.68,pluie,,3,aucun,0,1,sejour correct mais perfectible.,5339.179999999999,485.38,1.0,0.0,0,0.25,0.2807999999999999,0.4637,risque_moyen
2078,senior,8629.32,lisbonne,printemps,9,villa,708.33,variable,culture,4,retard_vol,1,0,tres bon sejour.,7920.99,880.11,1.0,0.0,1,0.45,0.4363388888888889,0.5664,risque_moyen
2079,senior,5387.74,new york,automne,6,appartement,1307.11,nuageux,culture,3,aucun,0,1,sejour correct mais perfectible.,4080.63,680.105,0.3486038461538461,0.0691372549019611,1,0.7,0.3630666666666667,0.5376,risque_moyen
2080,senior,4561.77,rome,hiver,13,villa,1443.44,ensoleillé,business,2,météo,1,1,sejour decevant.,3118.3300000000004,239.87153846153848,0.7746057692307692,0.0,0,1.0,0.2807999999999999,0.3706,risque_eleve
2081,famille,5895.34,bali,été,7,villa,1240.03,pluie,plage,2,météo,1,1,sejour decevant.,4655.31,665.0442857142858,0.5010766129032258,0.57968115942029,1,0.25,0.5497055555555554,0.6406,risque_faible
2082,business,10528.52,rome,été,6,hôtel,1651.61,pluie,plage,2,retard_vol,0,1,sejour decevant.,8876.91,1479.485,1.0,0.0,0,0.25,0.4642444444444444,0.4857,risque_moyen
2083,solo,13867.24,rome,été,7,villa,897.81,ensoleillé,culture,3,aucun,0,1,sejour correct mais perfectible.,12969.43,1852.7757142857145,1.0,0.0,1,1.0,0.4642444444444444,0.6357,risque_faible
2084,famille,12453.15,paris,automne,18,resort,1537.63,ensoleillé,business,3,retard_vol,1,0,sejour correct mais perfectible.,10915.52,606.4177777777778,1.0,0.0,0,1.0,0.3681277777777778,0.5642,risque_moyen
2085,business,2956.76,lisbonne,printemps,1,villa,995.22,pluie,plage,1,retard_vol,1,0,tres mauvaise experience.,1961.54,1961.54,0.3995441176470589,0.0,0,0.25,0.4363388888888889,0.1942,risque_eleve
2086,solo,19291.28,lisbonne,automne,16,appartement,919.4,variable,gastronomie,4,aucun,0,1,tres bon sejour.,18371.88,1148.2424999999998,1.0,0.0,0,0.45,0.5109277777777776,0.5153,risque_moyen
2087,solo,6536.77,sydney,printemps,15,resort,1406.09,nuageux,randonnée,2,météo,1,0,sejour decevant.,5130.68,342.04533333333336,0.3338703125,0.575991452991453,1,0.7,0.51555,0.523,risque_moyen
2088,solo,12010.5,bali,automne,22,hôtel,1340.78,nuageux,business,3,annulation,1,1,sejour correct mais perfectible.,10669.72,484.9872727272727,1.0,0.4823381642512078,0,0.7,0.5225333333333333,0.6335,risque_faible
2089,senior,14942.76,new york,automne,21,villa,391.99,pluie,gastronomie,4,retard_vol,1,1,tres bon sejour.,14550.77,692.8938095238095,1.0,1.0,1,0.25,0.3630666666666667,0.7136,risque_faible
2090,couple,3563.14,lisbonne,printemps,10,appartement,1559.04,variable,plage,3,bagages,0,0,sejour correct mais perfectible.,2004.1,200.41,0.6224779411764705,0.0,1,0.45,0.4363388888888889,0.4607,risque_moyen
2091,solo,8258.88,bali,printemps,15,appartement,1594.49,pluie,plage,2,météo,0,0,sejour decevant.,6664.389999999999,444.2926666666666,0.9775967741935482,0.2372077294685991,0,0.25,0.5140166666666667,0.5281,risque_moyen
2092,business,6943.81,new york,hiver,4,villa,1312.22,ensoleillé,business,3,météo,1,1,sejour correct mais perfectible.,5631.59,1407.8975,0.6478480769230768,0.0624575163398692,1,1.0,0.1832,0.5146,risque_moyen
2093,couple,6862.11,bali,été,6,appartement,1139.98,pluie,plage,4,bagages,0,1,tres bon sejour.,5722.129999999999,953.6883333333332,0.6959899193548386,0.6763478260869564,1,0.25,0.5497055555555554,0.5926,risque_moyen
2094,business,1642.8,tokyo,printemps,5,appartement,787.05,ensoleillé,randonnée,1,annulation,1,1,tres mauvaise experience.,855.75,171.15,0.0,0.9449206349206348,0,1.0,0.3183611111111111,0.3283,risque_eleve
2095,senior,4749.88,rome,hiver,17,resort,1465.82,ensoleillé,gastronomie,3,météo,0,1,sejour correct mais perfectible.,3284.0600000000004,193.18000000000004,0.8348974358974359,0.0,1,1.0,0.2807999999999999,0.5675,risque_moyen
2096,couple,8932.41,bali,automne,11,appartement,1277.02,nuageux,culture,4,aucun,0,0,tres bon sejour.,7655.389999999999,695.9445454545454,1.0,0.5439420289855073,1,0.7,0.5225333333333333,0.7046,risque_faible
2097,solo,10674.17,new york,automne,9,villa,699.71,,gastronomie,3,météo,1,1,sejour correct mais perfectible.,9974.46,1108.2733333333333,1.0,0.8631241830065359,0,0.5,0.3630666666666667,0.5389,risque_moyen
2098,solo,8477.47,bali,automne,19,villa,920.44,ensoleillé,gastronomie,4,aucun,0,1,tres bon sejour.,7557.029999999999,397.7384210526315,1.0,0.888463768115942,0,1.0,0.5225333333333333,0.6226,risque_faible
2099,couple,2668.32,rome,été,7,resort,1671.95,nuageux,plage,3,retard_vol,1,0,sejour correct mais perfectible.,996.37,142.33857142857144,0.1677307692307691,0.0,1,0.7,0.4642444444444444,0.4867,risque_moyen
2100,senior,5268.67,bali,printemps,10,hôtel,797.24,ensoleillé,plage,2,retard_vol,1,1,sejour decevant.,4471.43,447.143,0.3747318548387096,1.0,0,1.0,0.5140166666666667,0.5866,risque_moyen
2101,famille,4063.42,rome,printemps,6,villa,1091.84,variable,gastronomie,3,retard_vol,1,0,sejour correct mais perfectible.,2971.58,495.2633333333333,0.614878205128205,0.0,1,0.45,0.4113722222222222,0.5755,risque_moyen
2102,senior,5427.89,paris,printemps,15,villa,1136.9,pluie,plage,2,retard_vol,0,1,sejour decevant.,4290.99,286.066,0.9279434523809524,0.0,0,0.25,0.3504166666666666,0.3319,risque_eleve
2103,couple,15807.56,new york,été,8,villa,,ensoleillé,gastronomie,5,retard_vol,0,1,excellent sejour.,,,1.0,0.5,1,1.0,0.4609944444444444,0.8453,risque_faible
2104,famille,16696.12,paris,été,19,appartement,1541.66,pluie,randonnée,2,météo,1,1,sejour decevant.,15154.46,797.6031578947368,1.0,0.0,0,0.25,0.5546333333333333,0.4966,risque_moyen
2105,famille,8292.57,new york,été,8,villa,886.61,variable,plage,4,météo,1,0,tres bon sejour.,7405.96,925.745,0.9072249999999998,0.6188104575163398,1,0.45,0.4609944444444444,0.7747,risque_faible
2106,business,2241.07,sydney,printemps,6,appartement,1269.72,nuageux,business,3,météo,0,0,sejour correct mais perfectible.,971.35,161.89166666666668,0.0,0.6925470085470086,1,0.7,0.51555,0.4505,risque_moyen
2107,business,5769.79,tokyo,été,14,appartement,1329.64,pluie,randonnée,2,bagages,1,1,sejour decevant.,4440.15,317.1535714285714,0.3141996527777776,0.3707513227513227,0,0.25,0.4004166666666666,0.2328,risque_eleve
2108,business,3347.43,lisbonne,printemps,11,villa,1072.46,variable,culture,2,annulation,1,1,sejour decevant.,2274.97,206.8154545454545,0.5431727941176469,0.0,0,0.45,0.4363388888888889,0.2584,risque_eleve
2109,solo,4817.85,rome,automne,12,villa,1412.8,ensoleillé,culture,3,météo,0,1,sejour correct mais perfectible.,3405.05,283.75416666666666,0.8566826923076922,0.0,1,1.0,0.4660166666666667,0.5958,risque_moyen
2110,famille,13662.81,bali,automne,17,appartement,1235.04,variable,culture,5,bagages,1,1,excellent sejour.,12427.77,731.0452941176471,1.0,0.5845024154589373,1,0.45,0.5225333333333333,0.8019,risque_faible
2111,senior,8190.63,bali,automne,9,hôtel,1079.69,ensoleillé,plage,4,annulation,1,1,tres bon sejour.,7110.9400000000005,790.1044444444445,0.9638366935483872,0.7345990338164251,0,1.0,0.5225333333333333,0.7048,risque_faible
2112,business,2983.35,dubaï,printemps,24,hôtel,1373.54,ensoleillé,business,3,annulation,0,0,sejour correct mais perfectible.,1609.81,67.07541666666667,0.0,0.0,1,1.0,0.6816444444444444,0.5018,risque_moyen
2113,senior,3644.51,lisbonne,hiver,9,appartement,960.59,,plage,2,météo,1,1,sejour decevant.,2683.92,298.21333333333337,0.6523933823529412,0.0,0,0.5,0.3659111111111111,0.4066,risque_moyen
2114,business,3261.94,rome,automne,8,resort,774.01,pluie,business,2,annulation,0,1,sejour decevant.,2487.9300000000003,310.99125000000004,0.3579935897435897,0.0,1,0.25,0.4660166666666667,0.3662,risque_eleve
2115,couple,2834.24,lisbonne,automne,8,appartement,914.2,pluie,plage,2,retard_vol,1,1,sejour decevant.,1920.04,240.005,0.3544999999999998,0.0,1,0.25,0.5109277777777776,0.3706,risque_eleve
2116,famille,7251.17,rome,été,5,hôtel,1228.75,ensoleillé,culture,3,aucun,0,1,sejour correct mais perfectible.,6022.42,1204.484,1.0,0.0,1,1.0,0.4642444444444444,0.6357,risque_faible
2117,solo,1200.85,bali,printemps,11,resort,626.94,pluie,business,2,bagages,0,0,sejour decevant.,573.9099999999999,52.17363636363635,0.0,1.0,0,0.25,0.5140166666666667,0.2717,risque_eleve
2118,business,10936.77,rome,hiver,11,appartement,1191.42,nuageux,plage,2,météo,1,1,sejour decevant.,9745.35,885.9409090909091,1.0,0.0,0,0.7,0.2807999999999999,0.3977,risque_eleve
2119,famille,4092.8,rome,printemps,8,appartement,1233.43,ensoleillé,plage,3,météo,1,0,sejour correct mais perfectible.,2859.37,357.42125,0.6242948717948718,0.0,1,1.0,0.4113722222222222,0.6442,risque_faible
2120,solo,15045.79,paris,printemps,9,resort,1245.05,nuageux,randonnée,4,météo,1,0,tres bon sejour.,13800.740000000002,1533.4155555555558,1.0,0.0,1,0.7,0.3504166666666666,0.5861,risque_moyen
2121,business,4078.78,lisbonne,automne,9,hôtel,757.45,pluie,plage,2,retard_vol,1,1,sejour decevant.,3321.33,369.0366666666666,0.8120514705882353,0.0,0,0.25,0.5109277777777776,0.4387,risque_moyen
2122,solo,9018.43,new york,été,13,villa,849.38,nuageux,plage,3,météo,1,1,sejour correct mais perfectible.,8169.05,628.3884615384616,1.0,0.6674771241830065,0,0.7,0.4609944444444444,0.5395,risque_moyen
2123,business,12435.81,new york,été,9,,1513.39,pluie,culture,2,retard_vol,1,1,sejour decevant.,10922.42,1213.6022222222225,1.0,0.0,0,0.25,0.4609944444444444,0.3653,risque_eleve
2124,solo,7055.59,lisbonne,printemps,10,hôtel,,ensoleillé,gastronomie,3,aucun,0,1,sejour correct mais perfectible.,,,1.0,0.5,0,1.0,0.4363388888888889,0.6624,risque_faible
2125,famille,1747.3,new york,automne,9,villa,687.34,pluie,randonnée,2,bagages,0,0,sejour decevant.,1059.96,117.77333333333334,0.0,0.8792941176470588,0,0.25,0.3630666666666667,0.3518,risque_eleve
2126,senior,9817.28,paris,printemps,9,appartement,921.48,ensoleillé,culture,4,aucun,0,1,tres bon sejour.,8895.800000000001,988.4222222222224,1.0,0.0,1,1.0,0.3504166666666666,0.7421,risque_faible
2127,couple,10789.67,rome,été,11,appartement,1261.52,ensoleillé,culture,3,aucun,0,1,sejour correct mais perfectible.,9528.15,866.1954545454545,1.0,0.0,1,1.0,0.4642444444444444,0.6357,risque_faible
2128,couple,13840.92,new york,été,15,appartement,1445.18,nuageux,gastronomie,4,retard_vol,1,0,tres bon sejour.,12395.74,826.3826666666666,1.0,0.0,1,0.7,0.4609944444444444,0.5993,risque_moyen
2129,couple,8695.85,new york,printemps,11,resort,839.49,pluie,gastronomie,4,retard_vol,1,1,tres bon sejour.,7856.360000000001,714.2145454545455,0.984778846153846,0.6804052287581699,1,0.25,0.3306888888888888,0.7679,risque_faible
2130,solo,1914.07,bali,automne,2,hôtel,1213.46,variable,gastronomie,1,météo,1,1,tres mauvaise experience.,700.6099999999999,350.30499999999995,0.0,0.6053526570048309,0,0.45,0.5225333333333333,0.3457,risque_eleve
2131,business,7419.76,new york,automne,6,hôtel,1198.09,pluie,gastronomie,3,météo,0,1,sejour correct mais perfectible.,6221.67,1036.945,0.7393769230769232,0.2116470588235294,0,0.25,0.3630666666666667,0.4387,risque_moyen
2132,solo,9287.94,rome,automne,15,villa,742.41,ensoleillé,culture,5,météo,0,1,excellent sejour.,8545.53,569.702,1.0,0.0,1,1.0,0.4660166666666667,0.6359,risque_faible
2133,couple,7157.68,bali,été,3,villa,1137.26,ensoleillé,plage,4,aucun,0,1,tres bon sejour.,6020.42,2006.8066666666664,0.7555806451612903,0.678975845410628,1,1.0,0.5497055555555554,0.8197,risque_faible
2134,senior,1250.87,lisbonne,automne,4,appartement,999.53,ensoleillé,gastronomie,2,bagages,0,0,sejour decevant.,251.33999999999992,62.83499999999998,0.0,0.0,1,1.0,0.5109277777777776,0.4813,risque_moyen
2135,famille,13703.03,paris,automne,13,hôtel,1089.67,nuageux,plage,3,bagages,1,1,sejour correct mais perfectible.,12613.36,970.2584615384616,1.0,0.0,1,0.7,0.3681277777777778,0.5882,risque_moyen
2136,couple,2168.66,rome,automne,5,villa,1205.15,ensoleillé,plage,3,aucun,0,0,sejour correct mais perfectible.,963.5099999999998,192.70199999999997,0.0075833333333331,0.0,1,1.0,0.4660166666666667,0.478,risque_moyen
2137,couple,1880.08,lisbonne,automne,9,villa,862.46,nuageux,culture,2,retard_vol,1,0,sejour decevant.,1017.62,113.06888888888888,0.003705882352941,0.0,1,0.7,0.5109277777777776,0.4463,risque_moyen
2138,solo,5650.32,new york,hiver,8,appartement,1001.29,pluie,business,1,aucun,0,0,tres mauvaise experience.,4649.03,581.12875,0.3990999999999998,0.4689019607843139,0,0.25,0.1832,0.3681,risque_eleve
2139,senior,9558.16,paris,printemps,16,resort,622.33,variable,business,2,météo,0,1,sejour decevant.,8935.83,558.489375,1.0,0.0,0,0.45,0.3504166666666666,0.376,risque_eleve
2140,senior,15042.86,rome,été,8,villa,804.09,pluie,plage,2,bagages,0,1,sejour decevant.,14238.77,1779.84625,1.0,0.0,0,0.25,0.4642444444444444,0.3657,risque_eleve
2141,senior,3237.31,sydney,automne,11,villa,1437.66,pluie,business,1,bagages,0,1,tres mauvaise experience.,1799.65,163.60454545454544,0.0,0.5490085470085471,0,0.25,0.5032777777777777,0.1892,risque_eleve
2142,couple,15187.48,paris,printemps,18,appartement,1318.27,ensoleillé,gastronomie,4,aucun,0,0,tres bon sejour.,13869.21,770.5116666666667,1.0,0.0,1,1.0,0.3504166666666666,0.6221,risque_faible
2143,solo,9046.31,rome,été,10,hôtel,1226.16,nuageux,randonnée,5,météo,0,1,excellent sejour.,7820.15,782.015,1.0,0.0,1,0.7,0.4642444444444444,0.7197,risque_faible
2144,couple,4191.5,dubaï,hiver,10,resort,493.31,ensoleillé,culture,4,bagages,0,1,tres bon sejour.,3698.19,369.819,0.1714139344262294,0.9947460317460316,1,1.0,0.42075,0.6975,risque_faible
2145,famille,8158.67,rome,printemps,14,hôtel,1365.63,ensoleillé,randonnée,2,météo,1,1,sejour decevant.,6793.04,485.2171428571429,1.0,0.0,0,1.0,0.4113722222222222,0.4494,risque_moyen
2146,business,3285.7,new york,automne,16,resort,1233.58,variable,randonnée,1,aucun,0,0,tres mauvaise experience.,2052.12,128.2575,0.0,0.1652549019607844,0,0.45,0.3630666666666667,0.1273,risque_eleve
2147,famille,12276.96,new york,printemps,13,appartement,746.72,variable,plage,5,météo,1,1,excellent sejour.,11530.24,886.9415384615385,1.0,0.801673202614379,1,0.45,0.3306888888888888,0.818,risque_faible
2148,solo,5589.99,sydney,hiver,10,villa,1212.89,pluie,randonnée,2,aucun,0,1,sejour decevant.,4377.099999999999,437.7099999999999,0.1859359374999998,0.741119658119658,1,0.25,0.5683611111111111,0.4637,risque_moyen
2149,solo,9370.58,rome,printemps,4,villa,959.08,ensoleillé,plage,3,météo,1,1,sejour correct mais perfectible.,8411.5,2102.875,1.0,0.0,0,1.0,0.4113722222222222,0.4494,risque_moyen
2150,famille,4484.46,bali,été,8,villa,637.28,ensoleillé,culture,4,annulation,1,1,tres bon sejour.,3847.18,480.8975,0.216625,1.0,1,1.0,0.5497055555555554,0.7266,risque_faible
2151,famille,15587.7,paris,hiver,8,,,ensoleillé,business,4,retard_vol,1,1,tres bon sejour.,,,1.0,0.5,0,1.0,0.17495,0.511,risque_moyen
2152,solo,14475.74,new york,été,11,hôtel,1362.79,pluie,randonnée,4,bagages,0,1,tres bon sejour.,13112.95,1192.0863636363638,1.0,0.0,1,0.25,0.4609944444444444,0.6653,risque_faible
2153,solo,14132.2,lisbonne,été,5,,1054.4,ensoleillé,business,3,retard_vol,0,1,sejour correct mais perfectible.,13077.8,2615.5600000000004,1.0,0.0,0,1.0,0.5779666666666666,0.4694,risque_moyen
2154,solo,5942.29,lisbonne,été,6,villa,583.79,pluie,culture,3,météo,1,1,sejour correct mais perfectible.,5358.5,893.0833333333334,1.0,0.0707894736842106,1,0.25,0.5779666666666666,0.5721,risque_moyen
2155,business,3283.1,new york,printemps,1,hôtel,814.24,variable,business,3,météo,1,1,sejour correct mais perfectible.,2468.86,2468.86,0.0,0.7134117647058823,1,0.45,0.3306888888888888,0.5221,risque_moyen
2156,famille,10118.0,dubaï,hiver,11,hôtel,1412.53,,gastronomie,3,annulation,0,1,sejour correct mais perfectible.,8705.47,791.4063636363636,1.0,0.0,1,0.5,0.42075,0.5705,risque_moyen
2157,senior,3663.68,tokyo,automne,13,hôtel,642.22,variable,gastronomie,3,retard_vol,1,0,sejour correct mais perfectible.,3021.46,232.42,0.0,1.0,1,0.45,0.3977388888888888,0.5817,risque_moyen
2158,business,3788.01,paris,hiver,7,appartement,794.57,pluie,business,2,retard_vol,1,0,sejour decevant.,2993.44,427.63428571428574,0.4398839285714285,0.0,1,0.25,0.17495,0.3542,risque_eleve
2159,solo,7122.44,paris,automne,16,resort,1498.77,pluie,culture,4,bagages,0,1,tres bon sejour.,5623.67,351.479375,1.0,0.0,1,0.25,0.3681277777777778,0.5342,risque_moyen
2160,couple,4563.1,rome,printemps,13,resort,719.3,nuageux,business,2,bagages,0,1,sejour decevant.,3843.8,295.6769230769231,0.7750320512820513,0.0017283950617286,0,0.7,0.4113722222222222,0.4707,risque_moyen
2161,senior,3313.5,bali,été,23,appartement,1548.52,ensoleillé,business,1,bagages,0,1,tres mauvaise experience.,1764.98,76.73826086956522,0.0,0.281623188405797,0,1.0,0.5497055555555554,0.3567,risque_eleve
2162,famille,5352.2,rome,hiver,9,resort,1297.48,nuageux,culture,4,météo,0,0,tres bon sejour.,4054.72,450.5244444444445,1.0,0.0,1,0.7,0.2807999999999999,0.6977,risque_faible
2163,solo,8391.55,bali,automne,19,resort,1278.3,pluie,culture,3,bagages,1,0,sejour correct mais perfectible.,7113.249999999999,374.3815789473684,1.0,0.542705314009662,1,0.25,0.5225333333333333,0.6504,risque_faible
2164,business,2922.86,paris,hiver,3,villa,1545.32,nuageux,gastronomie,1,bagages,1,0,tres mauvaise experience.,1377.5400000000002,459.18000000000006,0.1823988095238095,0.0,0,0.7,0.17495,0.1561,risque_eleve
2165,business,6269.39,lisbonne,printemps,9,appartement,1211.07,ensoleillé,culture,2,retard_vol,0,1,sejour decevant.,5058.320000000001,562.0355555555557,1.0,0.0,0,1.0,0.4363388888888889,0.4524,risque_moyen
2166,couple,4265.01,new york,automne,12,appartement,1604.2,ensoleillé,randonnée,1,bagages,0,1,tres mauvaise experience.,2660.8100000000004,221.7341666666667,0.1326942307692308,0.0,0,1.0,0.3630666666666667,0.2007,risque_eleve
2167,business,1594.05,rome,automne,7,villa,1309.06,variable,business,1,retard_vol,1,1,tres mauvaise experience.,284.99,40.712857142857146,0.0,0.0,1,0.45,0.4660166666666667,0.2899,risque_eleve
2168,senior,7236.55,tokyo,printemps,9,appartement,712.96,nuageux,culture,5,météo,1,1,excellent sejour.,6523.59,724.8433333333334,0.5688454861111111,1.0,1,0.7,0.3183611111111111,0.7615,risque_faible
2169,senior,3637.13,bali,été,9,hôtel,1069.71,ensoleillé,business,2,aucun,0,1,sejour decevant.,2567.42,285.2688888888889,0.0457923387096774,0.7442415458937198,0,1.0,0.5497055555555554,0.4527,risque_moyen
2170,solo,7975.31,rome,hiver,1,villa,718.07,nuageux,culture,2,annulation,1,1,sejour decevant.,7257.240000000001,7257.240000000001,1.0,0.0047654320987653,1,0.7,0.2807999999999999,0.5786,risque_moyen
2171,solo,15539.42,rome,automne,3,resort,1281.57,pluie,plage,2,aucun,0,1,sejour decevant.,14257.85,4752.616666666667,1.0,0.0,0,0.25,0.4660166666666667,0.3659,risque_eleve
2172,business,3021.16,paris,hiver,1,hôtel,1038.48,nuageux,plage,2,annulation,1,1,sejour decevant.,1982.68,1982.68,0.2116547619047618,0.0,0,0.7,0.17495,0.2843,risque_eleve
2173,solo,1916.82,paris,printemps,6,appartement,1114.75,ensoleillé,business,1,bagages,0,0,tres mauvaise experience.,802.0699999999999,133.6783333333333,0.0,0.0,0,1.0,0.3504166666666666,0.282,risque_eleve
2174,couple,5433.27,new york,hiver,18,resort,1589.01,nuageux,culture,2,météo,1,1,sejour decevant.,3844.26,213.57,0.3573596153846153,0.0,1,0.7,0.1832,0.506,risque_moyen
2175,senior,9366.94,new york,printemps,11,villa,1664.54,nuageux,business,3,aucun,0,1,sejour correct mais perfectible.,7702.400000000001,700.2181818181818,1.0,0.0,0,0.7,0.3306888888888888,0.4037,risque_moyen
2176,famille,1715.64,new york,automne,10,villa,831.29,ensoleillé,randonnée,2,bagages,0,0,sejour decevant.,884.3500000000001,88.43500000000002,0.0,0.691124183006536,0,1.0,0.3630666666666667,0.408,risque_moyen
2177,couple,9556.42,sydney,printemps,11,appartement,1043.41,ensoleillé,culture,5,météo,0,0,excellent sejour.,8513.01,773.91,0.8056906249999998,0.8859743589743588,1,1.0,0.51555,0.7469,risque_faible
2178,senior,7170.04,tokyo,printemps,7,appartement,941.49,nuageux,culture,4,météo,1,1,tres bon sejour.,6228.55,889.7928571428572,0.5572986111111109,0.7814920634920635,1,0.7,0.3183611111111111,0.7189,risque_faible
2179,business,7578.92,new york,automne,5,resort,920.86,pluie,gastronomie,2,bagages,0,1,sejour decevant.,6658.06,1331.612,0.7699846153846154,0.5740392156862745,0,0.25,0.3630666666666667,0.3925,risque_eleve
2180,business,7311.8,dubaï,automne,18,villa,1286.94,nuageux,culture,2,aucun,0,1,sejour decevant.,6024.860000000001,334.7144444444445,0.8108196721311475,0.0,0,0.7,0.6703277777777777,0.3915,risque_eleve
2181,solo,12349.29,rome,printemps,7,villa,521.73,nuageux,randonnée,4,aucun,0,1,tres bon sejour.,11827.56,1689.6514285714288,1.0,0.4895555555555556,1,0.7,0.4113722222222222,0.6815,risque_faible
2182,senior,4742.24,rome,hiver,15,villa,1374.24,ensoleillé,gastronomie,3,météo,1,1,sejour correct mais perfectible.,3368.0,224.53333333333333,0.8324487179487178,0.0,1,1.0,0.2807999999999999,0.5668,risque_moyen
2183,couple,6125.1,dubaï,été,8,villa,1474.28,variable,gastronomie,4,météo,1,1,tres bon sejour.,4650.820000000001,581.3525000000001,0.567643442622951,0.0,1,0.45,0.5018666666666666,0.5732,risque_moyen
2184,business,7654.46,lisbonne,automne,18,resort,1029.53,nuageux,plage,2,météo,0,1,sejour decevant.,6624.93,368.0516666666667,1.0,0.0,0,0.7,0.5109277777777776,0.4253,risque_moyen
2185,famille,6064.56,new york,automne,6,appartement,1424.82,ensoleillé,plage,3,aucun,0,1,sejour correct mais perfectible.,4639.740000000001,773.2900000000001,0.4787615384615384,0.0,1,1.0,0.3630666666666667,0.5976,risque_moyen
2186,couple,2584.4,dubaï,printemps,6,hôtel,1099.73,variable,plage,2,météo,0,0,sejour decevant.,1484.67,247.445,0.0,0.0321746031746031,1,0.45,0.6816444444444444,0.4416,risque_moyen
2187,couple,3873.93,paris,printemps,3,villa,1252.04,ensoleillé,gastronomie,4,bagages,1,1,tres bon sejour.,2621.89,873.9633333333333,0.4654553571428569,0.0,1,1.0,0.3504166666666666,0.5924,risque_moyen
2188,senior,12529.33,paris,hiver,2,appartement,1341.52,nuageux,plage,4,retard_vol,1,0,tres bon sejour.,11187.81,5593.905,1.0,0.0,0,0.7,0.17495,0.505,risque_moyen
2189,solo,7257.13,lisbonne,printemps,7,hôtel,,ensoleillé,culture,5,aucun,0,1,excellent sejour.,,,1.0,0.5,1,1.0,0.4363388888888889,0.8424,risque_faible
2190,famille,6133.87,rome,hiver,15,hôtel,1244.45,ensoleillé,business,2,retard_vol,0,1,sejour decevant.,4889.42,325.96133333333336,1.0,0.0,0,1.0,0.2807999999999999,0.4337,risque_moyen
2191,business,10949.33,new york,hiver,2,resort,1536.07,variable,,2,météo,0,1,sejour decevant.,9413.26,4706.63,1.0,0.0,0,0.45,0.1832,0.356,risque_eleve
2192,business,4484.48,lisbonne,printemps,4,hôtel,1582.51,ensoleillé,randonnée,3,aucun,0,1,sejour correct mais perfectible.,2901.97,725.4924999999998,0.9612058823529408,0.0,0,1.0,0.4363388888888889,0.5615,risque_moyen
2193,solo,13097.61,dubaï,printemps,12,villa,1103.92,variable,gastronomie,3,retard_vol,1,1,sejour correct mais perfectible.,11993.69,999.4741666666667,1.0,0.0255238095238096,0,0.45,0.6816444444444444,0.4204,risque_moyen
2194,solo,4171.73,lisbonne,automne,7,villa,1064.02,pluie,randonnée,2,aucun,0,1,sejour decevant.,3107.71,443.95857142857136,0.8462242647058821,0.0,1,0.25,0.5109277777777776,0.5083,risque_moyen
2195,famille,12471.44,bali,printemps,9,resort,1311.6,ensoleillé,culture,4,aucun,0,1,tres bon sejour.,11159.84,1239.9822222222222,1.0,0.5105314009661837,1,1.0,0.5140166666666667,0.8536,risque_faible
2196,famille,3722.34,lisbonne,printemps,16,hôtel,,nuageux,randonnée,2,aucun,0,1,sejour decevant.,,,0.6810073529411764,0.5,0,0.7,0.4363388888888889,0.417,risque_moyen
2197,solo,3020.81,new york,printemps,3,appartement,1397.27,variable,randonnée,1,météo,0,1,tres mauvaise experience.,1623.54,541.18,0.0,0.0,1,0.45,0.3306888888888888,0.3937,risque_eleve
2198,famille,9201.03,rome,automne,13,,1133.41,pluie,randonnée,2,retard_vol,1,1,sejour decevant.,8067.620000000001,620.5861538461539,1.0,0.0,0,0.25,0.4660166666666667,0.3659,risque_eleve
2199,famille,11132.63,bali,été,22,villa,1246.14,ensoleillé,plage,4,annulation,0,0,tres bon sejour.,9886.49,449.3859090909091,1.0,0.5737777777777777,1,1.0,0.5497055555555554,0.8692,risque_faible
2200,senior,7652.84,paris,hiver,7,resort,1306.09,variable,culture,3,annulation,1,0,sejour correct mais perfectible.,6346.75,906.6785714285714,1.0,0.0,1,0.45,0.17495,0.535,risque_moyen
2201,business,7951.97,new york,printemps,15,resort,591.09,pluie,randonnée,3,météo,0,1,sejour correct mais perfectible.,7360.88,490.72533333333337,0.8417250000000001,1.0,0,0.25,0.3306888888888888,0.4854,risque_moyen
2202,senior,12057.02,lisbonne,hiver,20,appartement,762.37,pluie,plage,3,retard_vol,1,0,sejour correct mais perfectible.,11294.65,564.7325,1.0,0.0,0,0.25,0.3659111111111111,0.4739,risque_moyen
2203,famille,11237.37,tokyo,automne,14,villa,,variable,plage,4,météo,1,1,tres bon sejour.,,,1.0,0.5,1,0.45,0.3977388888888888,0.7717,risque_faible
2204,senior,11074.16,bali,été,15,villa,1335.82,ensoleillé,plage,3,retard_vol,1,1,sejour correct mais perfectible.,9738.34,649.2226666666667,1.0,0.4871304347826086,0,1.0,0.5497055555555554,0.5536,risque_moyen
2205,couple,11332.93,lisbonne,automne,12,appartement,497.6,variable,culture,4,bagages,1,1,tres bon sejour.,10835.33,902.9441666666668,1.0,0.3228070175438596,1,0.45,0.5109277777777776,0.6334,risque_faible
2206,couple,10803.46,bali,été,11,appartement,1117.16,nuageux,culture,4,retard_vol,1,1,tres bon sejour.,9686.3,880.5727272727272,1.0,0.6983961352657004,1,0.7,0.5497055555555554,0.7357,risque_faible
2207,couple,8006.2,lisbonne,printemps,20,resort,1317.76,variable,culture,3,aucun,0,1,sejour correct mais perfectible.,6688.44,334.422,1.0,0.0,1,0.45,0.4363388888888889,0.6864,risque_faible
2208,solo,15925.9,lisbonne,automne,15,villa,1005.62,nuageux,gastronomie,3,aucun,0,1,sejour correct mais perfectible.,14920.28,994.6853333333332,1.0,0.0,0,0.7,0.5109277777777776,0.4253,risque_moyen
2209,senior,10313.66,new york,printemps,15,appartement,852.84,variable,culture,4,bagages,1,1,tres bon sejour.,9460.82,630.7213333333333,1.0,0.6629542483660131,1,0.45,0.3306888888888888,0.793,risque_faible
2210,solo,8525.96,dubaï,hiver,19,hôtel,998.97,nuageux,gastronomie,4,météo,1,1,tres bon sejour.,7526.989999999999,396.1573684210526,1.0,0.1921111111111111,0,0.7,0.42075,0.5691,risque_moyen
2211,famille,11962.82,rome,automne,8,appartement,1405.55,ensoleillé,culture,4,météo,1,1,tres bon sejour.,10557.27,1319.65875,1.0,0.0,1,1.0,0.4660166666666667,0.7559,risque_faible
2212,business,2483.6,tokyo,printemps,6,appartement,780.34,ensoleillé,culture,2,annulation,1,1,sejour decevant.,1703.2599999999998,283.8766666666666,0.0,0.952021164021164,0,1.0,0.3183611111111111,0.3296,risque_eleve
2213,famille,5272.75,lisbonne,printemps,14,hôtel,766.62,ensoleillé,gastronomie,3,retard_vol,1,1,sejour correct mais perfectible.,4506.13,321.86642857142857,1.0,0.0,1,1.0,0.4363388888888889,0.6324,risque_faible
2214,famille,5690.17,sydney,printemps,10,resort,1138.12,ensoleillé,plage,4,retard_vol,1,0,tres bon sejour.,4552.05,455.205,0.2015890624999999,0.805025641025641,1,1.0,0.51555,0.6832,risque_faible
2215,business,7482.53,lisbonne,hiver,11,resort,1668.7,pluie,randonnée,2,aucun,0,1,sejour decevant.,5813.83,528.53,1.0,0.0,0,0.25,0.3659111111111111,0.3539,risque_eleve
2216,senior,13935.44,new york,automne,17,villa,1131.02,variable,culture,3,annulation,1,0,sejour correct mais perfectible.,12804.42,753.2011764705883,1.0,0.2993202614379084,1,0.45,0.3630666666666667,0.6114,risque_faible
2217,business,2282.92,rome,automne,10,appartement,1133.16,ensoleillé,randonnée,1,annulation,0,1,tres mauvaise experience.,1149.76,114.976,0.0442051282051281,0.0,0,1.0,0.4660166666666667,0.1883,risque_eleve
2218,couple,3106.06,dubaï,printemps,2,hôtel,1263.75,variable,plage,3,météo,0,0,sejour correct mais perfectible.,1842.31,921.155,0.0,0.0,1,0.45,0.6816444444444444,0.4358,risque_moyen
2219,business,2890.86,dubaï,été,6,resort,1197.71,ensoleillé,business,2,météo,1,1,sejour decevant.,1693.15,282.19166666666666,0.0,0.0,1,1.0,0.5018666666666666,0.3602,risque_eleve
2220,couple,4888.45,new york,hiver,9,villa,701.67,variable,plage,3,météo,0,1,sejour correct mais perfectible.,4186.78,465.1977777777777,0.2525865384615383,0.8605620915032679,1,0.45,0.1832,0.6016,risque_faible
2221,senior,9018.54,dubaï,automne,7,villa,832.73,ensoleillé,plage,3,météo,1,1,sejour correct mais perfectible.,8185.810000000001,1169.4014285714288,1.0,0.455984126984127,0,1.0,0.6703277777777777,0.5625,risque_moyen
2222,senior,17923.53,new york,automne,17,hôtel,1183.4,variable,culture,5,aucun,0,1,excellent sejour.,16740.129999999997,984.7135294117644,1.0,0.2308496732026143,1,0.45,0.3630666666666667,0.7191,risque_faible
2223,business,1309.86,sydney,printemps,7,hôtel,1178.87,nuageux,business,2,météo,0,0,sejour decevant.,130.99,18.712857142857143,0.0,0.7701965811965813,1,0.7,0.51555,0.5845,risque_moyen
2224,business,1253.18,dubaï,hiver,2,hôtel,1124.37,variable,culture,1,retard_vol,0,0,tres mauvaise experience.,128.81000000000017,64.40500000000009,0.0,0.0,0,0.45,0.42075,0.2245,risque_eleve
2225,couple,5867.15,new york,hiver,21,resort,1318.4,nuageux,culture,3,météo,1,1,sejour correct mais perfectible.,4548.75,216.6071428571429,0.4407980769230768,0.0543790849673202,1,0.7,0.1832,0.5392,risque_moyen
2226,couple,1715.29,lisbonne,automne,14,hôtel,1031.26,variable,randonnée,2,annulation,0,0,sejour decevant.,684.03,48.85928571428571,0.0,0.0,0,0.45,0.5109277777777776,0.2353,risque_eleve
2227,famille,9557.19,bali,printemps,1,resort,1334.06,ensoleillé,randonnée,4,aucun,0,1,tres bon sejour.,8223.130000000001,8223.130000000001,1.0,0.4888309178743962,0,1.0,0.5140166666666667,0.6697,risque_faible
2228,solo,12378.17,new york,été,11,hôtel,1481.44,ensoleillé,gastronomie,4,météo,1,1,tres bon sejour.,10896.73,990.6118181818182,1.0,0.0,0,1.0,0.4609944444444444,0.5753,risque_moyen
2229,solo,4536.64,dubaï,automne,5,hôtel,1475.67,ensoleillé,plage,2,annulation,1,0,sejour decevant.,3060.9700000000003,612.1940000000001,0.242139344262295,0.0,0,1.0,0.6703277777777777,0.3882,risque_eleve
2230,business,1725.19,rome,printemps,2,appartement,1552.67,pluie,business,1,météo,1,1,tres mauvaise experience.,172.51999999999998,86.25999999999999,0.0,0.0,1,0.25,0.4113722222222222,0.2594,risque_eleve
2231,solo,3340.98,bali,automne,6,hôtel,1223.95,variable,gastronomie,2,météo,1,1,sejour decevant.,2117.03,352.8383333333333,0.0,0.5952173913043478,0,0.45,0.5225333333333333,0.3438,risque_eleve
2232,famille,12412.22,dubaï,automne,19,villa,1458.89,nuageux,gastronomie,4,météo,1,1,tres bon sejour.,10953.33,576.4910526315789,1.0,0.0,1,0.7,0.6703277777777777,0.7444,risque_faible
2233,couple,2828.79,dubaï,printemps,3,appartement,1149.91,variable,gastronomie,2,météo,1,0,sejour decevant.,1678.88,559.6266666666667,0.0,0.0,1,0.45,0.6816444444444444,0.3158,risque_eleve
2234,solo,8668.7,bali,automne,12,resort,503.33,pluie,culture,4,météo,1,1,tres bon sejour.,8165.370000000001,680.4475000000001,1.0,1.0,1,0.25,0.5225333333333333,0.7327,risque_faible
2235,business,3846.62,new york,hiver,5,hôtel,1225.24,ensoleillé,business,3,aucun,0,0,sejour correct mais perfectible.,2621.38,524.2760000000001,0.0522346153846152,0.1761568627450982,1,1.0,0.1832,0.4883,risque_moyen
2236,couple,9591.17,sydney,été,13,villa,1900.56,ensoleillé,gastronomie,4,bagages,1,1,tres bon sejour.,7690.610000000001,591.5853846153847,0.8111203124999999,0.1533675213675215,1,1.0,0.3825888888888888,0.7206,risque_faible
2237,senior,5108.89,bali,été,19,appartement,1572.78,ensoleillé,plage,3,bagages,0,1,sejour correct mais perfectible.,3536.1100000000006,186.11105263157896,0.3425181451612903,0.2581835748792271,0,1.0,0.5497055555555554,0.4483,risque_moyen
2238,business,5475.55,new york,automne,4,appartement,1496.2,ensoleillé,culture,2,retard_vol,1,0,sejour decevant.,3979.35,994.8375,0.3654903846153846,0.0,0,1.0,0.3630666666666667,0.2659,risque_eleve
2239,famille,,dubaï,printemps,12,hôtel,,pluie,business,1,retard_vol,1,1,tres mauvaise experience.,,,0.5,0.5,0,0.25,0.6816444444444444,0.3418,risque_eleve
2240,solo,8408.9,new york,printemps,12,resort,899.73,nuageux,plage,2,retard_vol,1,1,sejour decevant.,7509.17,625.7641666666667,0.9295961538461536,0.6016601307189542,0,0.7,0.3306888888888888,0.4923,risque_moyen
2241,senior,21444.9,paris,automne,16,appartement,1232.84,pluie,gastronomie,4,bagages,1,0,tres bon sejour.,20212.06,1263.25375,1.0,0.0,1,0.25,0.3681277777777778,0.6542,risque_faible
2242,couple,5257.59,tokyo,hiver,12,appartement,488.95,pluie,randonnée,2,retard_vol,0,1,sejour decevant.,4768.64,397.3866666666667,0.2252760416666666,1.0,0,0.25,0.1438499999999999,0.2903,risque_eleve
2243,business,2112.45,dubaï,printemps,6,resort,1901.2,variable,culture,1,retard_vol,0,1,tres mauvaise experience.,211.24999999999977,35.20833333333329,0.0,0.0,0,0.45,0.6816444444444444,0.1358,risque_eleve
2244,famille,6253.4,dubaï,hiver,11,resort,2058.54,pluie,plage,2,retard_vol,1,0,sejour decevant.,4194.86,381.35090909090906,0.5939344262295079,0.0,1,0.25,0.42075,0.5468,risque_moyen
2245,business,3111.38,dubaï,été,11,resort,1136.41,ensoleillé,business,2,météo,1,1,sejour decevant.,1974.97,179.54272727272726,0.0,0.0,1,1.0,0.5018666666666666,0.3602,risque_eleve
2246,senior,13758.47,lisbonne,hiver,3,appartement,758.76,ensoleillé,culture,5,aucun,0,1,excellent sejour.,12999.71,4333.236666666667,1.0,0.0,1,1.0,0.3659111111111111,0.7439,risque_faible
2247,famille,9840.48,dubaï,automne,13,appartement,1121.51,pluie,culture,5,aucun,0,1,excellent sejour.,8718.97,670.6899999999999,1.0,0.0,1,0.25,0.6703277777777777,0.6904,risque_faible
2248,senior,12879.92,rome,automne,7,villa,1447.1,ensoleillé,plage,3,aucun,0,1,sejour correct mais perfectible.,11432.82,1633.26,1.0,0.0,0,1.0,0.4660166666666667,0.4559,risque_moyen
2249,solo,4115.36,rome,été,13,resort,834.75,ensoleillé,business,2,aucun,0,1,sejour decevant.,3280.61,252.35461538461536,0.6315256410256409,0.0,0,1.0,0.4642444444444444,0.3525,risque_eleve
2250,solo,2149.65,lisbonne,printemps,3,appartement,838.4,variable,culture,2,météo,1,0,sejour decevant.,1311.25,437.0833333333333,0.1028124999999999,0.0,1,0.45,0.4363388888888889,0.4351,risque_moyen
2251,solo,,dubaï,été,10,appartement,,pluie,business,2,retard_vol,1,1,sejour decevant.,,,0.5,0.5,0,0.25,0.5018666666666666,0.4402,risque_moyen
2252,solo,7121.55,paris,printemps,3,villa,1718.48,variable,gastronomie,2,météo,0,1,sejour decevant.,5403.07,1801.0233333333333,1.0,0.0,0,0.45,0.3504166666666666,0.376,risque_eleve
2253,famille,8087.34,new york,automne,13,villa,1277.06,nuageux,culture,3,retard_vol,0,1,sejour correct mais perfectible.,6810.280000000001,523.8676923076923,0.8677576923076924,0.1084183006535948,1,0.7,0.3630666666666667,0.6901,risque_faible
2254,famille,9720.6,bali,automne,6,villa,743.54,nuageux,business,5,bagages,1,1,excellent sejour.,8977.060000000001,1496.176666666667,1.0,1.0,0,0.7,0.5225333333333333,0.7267,risque_faible
2255,senior,17756.44,bali,hiver,9,hôtel,1370.0,pluie,culture,5,retard_vol,1,1,excellent sejour.,16386.44,1820.7155555555555,1.0,0.4541062801932367,1,0.25,0.5211222222222222,0.7543,risque_faible
2256,senior,6412.07,dubaï,hiver,9,appartement,757.81,ensoleillé,,4,météo,1,1,tres bon sejour.,5654.26,628.2511111111112,0.6264487704918031,0.5749047619047619,0,1.0,0.42075,0.5694,risque_moyen
2257,famille,5001.81,tokyo,hiver,1,appartement,854.62,variable,gastronomie,3,retard_vol,1,1,sejour correct mais perfectible.,4147.1900000000005,4147.1900000000005,0.1808697916666667,0.8734179894179894,1,0.45,0.1438499999999999,0.5791,risque_moyen
2258,famille,12016.04,tokyo,été,6,villa,1111.06,nuageux,gastronomie,5,aucun,0,1,excellent sejour.,10904.98,1817.496666666667,1.0,0.6020529100529101,1,0.7,0.4004166666666666,0.8204,risque_faible
2259,senior,15298.49,rome,été,12,villa,890.23,pluie,plage,2,bagages,0,1,sejour decevant.,14408.26,1200.6883333333333,1.0,0.0,0,0.25,0.4642444444444444,0.3657,risque_eleve
2260,famille,14409.64,tokyo,automne,15,villa,,variable,plage,5,météo,1,1,excellent sejour.,,,1.0,0.5,1,0.45,0.3977388888888888,0.7717,risque_faible
2261,famille,6151.19,lisbonne,hiver,6,villa,712.0,nuageux,randonnée,4,météo,0,1,tres bon sejour.,5439.19,906.5316666666666,1.0,0.0,0,0.7,0.3659111111111111,0.5279,risque_moyen
2262,business,4411.9,new york,printemps,2,resort,1062.62,variable,plage,1,aucun,0,0,tres mauvaise experience.,3349.28,1674.64,0.1609423076923076,0.3887320261437911,0,0.45,0.3306888888888888,0.2087,risque_eleve
2263,senior,10021.62,rome,automne,18,hôtel,1068.36,nuageux,gastronomie,4,météo,0,1,tres bon sejour.,8953.26,497.40333333333336,1.0,0.0,1,0.7,0.4660166666666667,0.7199,risque_faible
2264,couple,10149.54,bali,automne,12,villa,961.52,pluie,culture,5,météo,1,1,excellent sejour.,9188.02,765.6683333333334,1.0,0.8487729468599035,1,0.25,0.5225333333333333,0.8255,risque_faible
2265,senior,9224.0,paris,printemps,18,resort,772.81,pluie,business,2,météo,0,1,sejour decevant.,8451.19,469.5105555555556,1.0,0.0,0,0.25,0.3504166666666666,0.3521,risque_eleve
2266,business,4271.17,lisbonne,hiver,13,appartement,1463.19,nuageux,culture,1,aucun,0,1,tres mauvaise experience.,2807.98,215.99846153846156,0.8827830882352941,0.0,0,0.7,0.3659111111111111,0.3751,risque_eleve
2267,famille,7031.79,bali,hiver,12,villa,597.39,ensoleillé,,4,météo,0,1,tres bon sejour.,6434.4,536.1999999999999,0.7301995967741933,1.0,0,1.0,0.5211222222222222,0.687,risque_faible
2268,senior,10909.33,lisbonne,hiver,1,appartement,809.09,nuageux,culture,4,aucun,0,1,tres bon sejour.,10100.24,10100.24,1.0,0.0,1,0.7,0.3659111111111111,0.7079,risque_faible
2269,senior,5186.42,lisbonne,été,8,villa,551.74,variable,culture,3,aucun,0,1,sejour correct mais perfectible.,4634.68,579.335,1.0,0.1645029239766082,1,0.45,0.5779666666666666,0.613,risque_faible
2270,famille,8352.08,rome,hiver,14,hôtel,1335.46,ensoleillé,business,3,retard_vol,0,1,sejour correct mais perfectible.,7016.62,501.1871428571429,1.0,0.0,0,1.0,0.2807999999999999,0.4337,risque_moyen
2271,famille,12546.54,paris,automne,7,resort,821.68,variable,gastronomie,5,météo,0,1,excellent sejour.,11724.86,1674.98,1.0,0.0,1,0.45,0.3681277777777778,0.6782,risque_faible
2272,senior,4465.19,lisbonne,automne,14,appartement,768.63,variable,business,3,météo,0,1,sejour correct mais perfectible.,3696.56,264.04,0.9541139705882352,0.0,0,0.45,0.5109277777777776,0.5025,risque_moyen
2273,senior,9326.56,rome,automne,17,hôtel,799.29,nuageux,gastronomie,4,météo,0,1,tres bon sejour.,8527.27,501.6041176470589,1.0,0.0,1,0.7,0.4660166666666667,0.7199,risque_faible
2274,business,3956.31,bali,été,6,resort,996.17,ensoleillé,culture,3,météo,0,1,sejour correct mais perfectible.,2960.14,493.3566666666666,0.1101431451612902,0.8152946859903383,0,1.0,0.5497055555555554,0.3636,risque_eleve
2275,business,2296.85,tokyo,automne,11,hôtel,1233.92,ensoleillé,culture,2,météo,0,0,sejour decevant.,1062.9299999999998,96.62999999999998,0.0,0.4720423280423279,0,1.0,0.3977388888888888,0.3727,risque_eleve
2276,senior,11241.65,dubaï,été,20,appartement,1375.87,ensoleillé,culture,4,bagages,1,0,tres bon sejour.,9865.78,493.28899999999993,1.0,0.0,1,1.0,0.5018666666666666,0.7602,risque_faible
2277,famille,3909.48,lisbonne,été,12,villa,690.91,variable,plage,3,météo,0,1,sejour correct mais perfectible.,3218.57,268.2141666666667,0.7498088235294117,0.0,1,0.45,0.5779666666666666,0.6333,risque_faible
2278,solo,,dubaï,été,6,villa,,pluie,plage,2,annulation,1,0,sejour decevant.,,,0.5,0.5,0,0.25,0.5018666666666666,0.3202,risque_eleve
2279,famille,9922.74,paris,automne,8,appartement,1077.7,pluie,plage,4,météo,0,1,tres bon sejour.,8845.039999999999,1105.63,1.0,0.0,1,0.25,0.3681277777777778,0.6542,risque_faible
2280,business,5546.36,bali,printemps,15,appartement,946.81,variable,culture,2,météo,1,1,sejour decevant.,4599.549999999999,306.6366666666666,0.4307177419354838,0.8629855072463768,0,0.45,0.5140166666666667,0.3916,risque_eleve
2281,couple,8410.1,bali,été,9,resort,1137.34,ensoleillé,plage,5,aucun,0,1,excellent sejour.,7272.76,808.0844444444444,1.0,0.6788985507246378,1,1.0,0.5497055555555554,0.8882,risque_faible
2282,famille,,new york,automne,13,villa,,variable,culture,4,bagages,0,1,tres bon sejour.,,,0.5,0.5,1,0.45,0.3630666666666667,0.6276,risque_faible
2283,solo,7695.13,new york,hiver,9,resort,933.52,nuageux,gastronomie,3,aucun,0,1,sejour correct mais perfectible.,6761.610000000001,751.2900000000001,0.7923326923076923,0.5574901960784314,0,0.7,0.1832,0.4282,risque_moyen
2284,couple,13757.07,bali,hiver,18,villa,977.28,ensoleillé,culture,5,aucun,0,0,excellent sejour.,12779.79,709.9883333333332,1.0,0.8335458937198068,1,1.0,0.5211222222222222,0.9126,risque_faible
2285,famille,6482.84,paris,automne,8,villa,1183.87,pluie,culture,4,retard_vol,1,0,tres bon sejour.,5298.97,662.37125,1.0,0.0,1,0.25,0.3681277777777778,0.6542,risque_faible
2286,solo,3851.73,lisbonne,été,8,hôtel,936.86,ensoleillé,business,3,météo,1,1,sejour correct mais perfectible.,2914.87,364.35875,0.7285772058823528,0.0,0,1.0,0.5779666666666666,0.5134,risque_moyen
2287,famille,1397.09,rome,été,8,villa,642.83,ensoleillé,plage,3,aucun,0,0,sejour correct mais perfectible.,754.2599999999999,94.28249999999998,0.0,0.190543209876543,1,1.0,0.4642444444444444,0.51,risque_moyen
2288,business,5867.19,paris,été,8,villa,1050.0,ensoleillé,culture,3,aucun,0,1,sejour correct mais perfectible.,4817.19,602.14875,1.0,0.0,0,1.0,0.5546333333333333,0.4666,risque_moyen
2289,business,2193.72,lisbonne,automne,7,villa,618.21,pluie,business,1,aucun,0,1,tres mauvaise experience.,1575.5099999999998,225.07285714285712,0.1190147058823527,0.0,1,0.25,0.5109277777777776,0.3046,risque_eleve
2290,famille,11740.02,paris,hiver,12,hôtel,,variable,business,2,retard_vol,1,1,sejour decevant.,,,1.0,0.5,0,0.45,0.17495,0.445,risque_moyen
2291,senior,17494.24,rome,printemps,8,appartement,951.84,nuageux,culture,4,retard_vol,0,1,tres bon sejour.,16542.4,2067.8,1.0,0.0,1,0.7,0.4113722222222222,0.7134,risque_faible
2292,solo,,dubaï,été,6,villa,,pluie,plage,1,annulation,1,0,tres mauvaise experience.,,,0.5,0.5,0,0.25,0.5018666666666666,0.3202,risque_eleve
2293,solo,2366.73,sydney,hiver,3,appartement,1382.68,variable,business,2,météo,0,1,sejour decevant.,984.05,328.01666666666665,0.0,0.5959999999999999,0,0.45,0.5683611111111111,0.3495,risque_eleve
2294,famille,7744.46,sydney,hiver,14,villa,1282.09,ensoleillé,randonnée,3,retard_vol,0,1,sejour correct mais perfectible.,6462.37,461.5978571428572,0.5225718749999999,0.681974358974359,0,1.0,0.5683611111111111,0.5773,risque_moyen
2295,couple,4402.58,rome,hiver,17,appartement,1069.61,nuageux,gastronomie,2,bagages,1,1,sejour decevant.,3332.9700000000003,196.05705882352945,0.7235833333333332,0.0,1,0.7,0.2807999999999999,0.5003,risque_moyen
2296,business,6756.98,paris,automne,10,appartement,924.72,pluie,culture,2,aucun,0,0,sejour decevant.,5832.259999999999,583.2259999999999,1.0,0.0,0,0.25,0.3681277777777778,0.3542,risque_eleve
2297,solo,4823.98,tokyo,hiver,12,resort,584.85,pluie,business,2,bagages,0,0,sejour decevant.,4239.129999999999,353.26083333333327,0.1499965277777776,1.0,0,0.25,0.1438499999999999,0.2693,risque_eleve
2298,senior,11824.56,paris,été,14,hôtel,675.84,nuageux,culture,5,météo,1,0,excellent sejour.,11148.72,796.3371428571428,1.0,0.0,1,0.7,0.5546333333333333,0.7306,risque_faible
2299,couple,6346.86,lisbonne,été,6,appartement,675.14,variable,culture,4,météo,1,0,tres bon sejour.,5671.719999999999,945.2866666666664,1.0,0.0,1,0.45,0.5779666666666666,0.5834,risque_moyen
2300,couple,8241.54,rome,automne,7,villa,994.13,ensoleillé,plage,4,aucun,0,1,tres bon sejour.,7247.410000000001,1035.344285714286,1.0,0.0,1,1.0,0.4660166666666667,0.7559,risque_faible
2301,solo,7176.11,new york,été,5,appartement,1499.9,pluie,business,2,météo,0,1,sejour decevant.,5676.209999999999,1135.2419999999995,0.6925211538461536,0.0,0,0.25,0.4609944444444444,0.3992,risque_eleve
2302,solo,,bali,hiver,3,villa,,ensoleillé,,2,aucun,0,1,sejour decevant.,,,0.5,0.5,0,1.0,0.5211222222222222,0.4125,risque_moyen
2303,business,5116.77,new york,automne,6,appartement,1187.51,ensoleillé,randonnée,2,retard_vol,1,0,sejour decevant.,3929.26,654.8766666666667,0.2964942307692307,0.2254771241830067,0,1.0,0.3630666666666667,0.2872,risque_eleve
2304,famille,1471.47,rome,été,7,resort,1324.32,ensoleillé,plage,3,aucun,0,0,sejour correct mais perfectible.,147.1500000000001,21.021428571428583,0.0,0.0,1,1.0,0.4642444444444444,0.4757,risque_moyen
2305,couple,9857.3,rome,hiver,14,resort,1731.25,nuageux,business,4,météo,1,1,tres bon sejour.,8126.049999999999,580.4321428571428,1.0,0.0,0,0.7,0.2807999999999999,0.5177,risque_moyen
2306,famille,1631.44,rome,été,5,villa,1005.37,ensoleillé,plage,3,aucun,0,0,sejour correct mais perfectible.,626.07,125.214,0.0,0.0,1,1.0,0.4642444444444444,0.4757,risque_moyen
2307,famille,7435.76,lisbonne,printemps,16,villa,1017.6,ensoleillé,plage,4,météo,1,0,tres bon sejour.,6418.16,401.135,1.0,0.0,1,1.0,0.4363388888888889,0.7524,risque_faible
2308,solo,10785.96,new york,automne,13,appartement,1281.6,,randonnée,3,météo,0,1,sejour correct mais perfectible.,9504.36,731.1046153846153,1.0,0.102483660130719,1,0.5,0.3630666666666667,0.702,risque_faible
2309,solo,12779.26,new york,automne,13,appartement,700.65,,randonnée,5,météo,0,1,excellent sejour.,12078.61,929.1238461538462,1.0,0.8618954248366013,1,0.5,0.3630666666666667,0.8387,risque_faible
2310,business,2239.28,tokyo,automne,8,appartement,716.15,pluie,gastronomie,1,aucun,0,1,tres mauvaise experience.,1523.13,190.39125,0.0,1.0,0,0.25,0.3977388888888888,0.2577,risque_eleve
2311,solo,8539.82,sydney,été,15,hôtel,906.88,variable,plage,3,bagages,1,0,sejour correct mais perfectible.,7632.94,508.86266666666666,0.6468468749999997,1.0,0,0.45,0.3825888888888888,0.581,risque_moyen
2312,business,5353.77,new york,automne,9,hôtel,1087.97,pluie,gastronomie,2,météo,0,1,sejour decevant.,4265.8,473.9777777777778,0.3420711538461539,0.3555947712418301,0,0.25,0.3630666666666667,0.3534,risque_eleve
2313,famille,5102.22,lisbonne,été,9,villa,617.07,ensoleillé,plage,4,météo,0,1,tres bon sejour.,4485.150000000001,498.3500000000001,1.0,0.0,1,1.0,0.5779666666666666,0.7694,risque_faible
2314,solo,7403.45,sydney,printemps,10,resort,1048.35,nuageux,randonnée,3,météo,1,0,sejour correct mais perfectible.,6355.1,635.51,0.4692890624999998,0.8817521367521368,1,0.7,0.51555,0.616,risque_faible
2315,couple,2038.59,lisbonne,hiver,11,,830.69,nuageux,gastronomie,1,bagages,0,0,tres mauvaise experience.,1207.9,109.8090909090909,0.0619816176470587,0.0,1,0.7,0.3659111111111111,0.3253,risque_eleve
2316,solo,6846.19,lisbonne,automne,11,villa,1047.87,nuageux,randonnée,4,aucun,0,1,tres bon sejour.,5798.32,527.12,1.0,0.0,1,0.7,0.5109277777777776,0.6053,risque_faible
2317,famille,5284.42,tokyo,printemps,13,hôtel,927.85,nuageux,plage,3,aucun,0,0,sejour correct mais perfectible.,4356.57,335.1207692307692,0.2299340277777777,0.7959259259259259,1,0.7,0.3183611111111111,0.5099,risque_moyen
2318,solo,4003.96,rome,été,12,villa,1732.94,ensoleillé,gastronomie,2,retard_vol,1,0,sejour decevant.,2271.02,189.2516666666667,0.5958205128205126,0.0,0,1.0,0.4642444444444444,0.3425,risque_eleve
2319,senior,12321.54,paris,été,11,appartement,1591.98,nuageux,plage,3,météo,1,0,sejour correct mais perfectible.,10729.56,975.4145454545456,1.0,0.0,0,0.7,0.5546333333333333,0.5506,risque_moyen
2320,business,2431.15,rome,hiver,12,resort,1045.98,pluie,culture,1,bagages,0,1,tres mauvaise experience.,1385.17,115.43083333333334,0.0917147435897436,0.0,0,0.25,0.2807999999999999,0.0894,risque_eleve
2321,business,1721.78,dubaï,hiver,2,villa,1107.66,pluie,business,1,retard_vol,1,1,tres mauvaise experience.,614.1199999999999,307.05999999999995,0.0,0.0195873015873014,1,0.25,0.42075,0.264,risque_eleve
2322,solo,7002.56,rome,hiver,17,resort,1353.51,pluie,culture,4,annulation,0,1,tres bon sejour.,5649.05,332.2970588235294,1.0,0.0,1,0.25,0.2807999999999999,0.5237,risque_moyen
2323,famille,10704.87,new york,été,18,villa,1271.2,ensoleillé,gastronomie,4,annulation,1,1,tres bon sejour.,9433.67,524.0927777777778,1.0,0.116078431372549,1,1.0,0.4609944444444444,0.7762,risque_faible
2324,couple,10292.06,paris,hiver,16,appartement,1789.23,ensoleillé,gastronomie,2,aucun,0,0,sejour decevant.,8502.83,531.426875,1.0,0.0,1,1.0,0.17495,0.601,risque_faible
2325,couple,9521.43,new york,hiver,12,appartement,1091.53,variable,gastronomie,3,météo,1,1,sejour correct mais perfectible.,8429.9,702.4916666666667,1.0,0.3509411764705884,1,0.45,0.1832,0.5992,risque_moyen
2326,famille,7322.15,sydney,hiver,13,villa,945.48,ensoleillé,randonnée,3,retard_vol,0,1,sejour correct mais perfectible.,6376.67,490.51307692307694,0.4565859374999998,0.9696752136752136,0,1.0,0.5683611111111111,0.6106,risque_faible
2327,famille,9188.99,bali,printemps,6,appartement,1195.49,variable,randonnée,4,aucun,0,1,tres bon sejour.,7993.5,1332.25,1.0,0.6227149758454106,0,0.45,0.5140166666666667,0.6278,risque_faible
2328,business,,bali,printemps,9,appartement,,,business,3,bagages,0,0,sejour correct mais perfectible.,,,0.5,0.5,1,0.5,0.5140166666666667,0.5317,risque_moyen
2329,business,7944.69,new york,automne,10,appartement,820.91,variable,plage,3,retard_vol,0,1,sejour correct mais perfectible.,7123.78,712.3779999999999,0.8403249999999998,0.7046928104575164,0,0.45,0.3630666666666667,0.4597,risque_moyen
2330,senior,6231.91,dubaï,été,23,villa,1319.56,ensoleillé,culture,2,bagages,1,0,sejour decevant.,4912.35,213.5804347826087,0.589530737704918,0.0,1,1.0,0.5018666666666666,0.5253,risque_moyen
2331,couple,14524.69,paris,printemps,19,appartement,1499.29,ensoleillé,gastronomie,4,aucun,0,0,tres bon sejour.,13025.4,685.5473684210527,1.0,0.0,1,1.0,0.3504166666666666,0.6221,risque_faible
2332,solo,8828.8,new york,printemps,15,resort,993.9,ensoleillé,culture,5,météo,1,1,excellent sejour.,7834.9,522.3266666666666,1.0,0.478562091503268,1,1.0,0.3306888888888888,0.7058,risque_faible
2333,famille,9763.31,paris,hiver,15,appartement,980.79,pluie,plage,3,aucun,0,1,sejour correct mais perfectible.,8782.52,585.5013333333334,1.0,0.0,1,0.25,0.17495,0.631,risque_faible
2334,senior,8975.42,paris,automne,14,resort,1077.19,pluie,culture,3,annulation,1,0,sejour correct mais perfectible.,7898.23,564.1592857142857,1.0,0.0,1,0.25,0.3681277777777778,0.5342,risque_moyen
2335,business,6353.34,tokyo,été,16,hôtel,1665.48,nuageux,plage,2,météo,1,1,sejour decevant.,4687.860000000001,292.99125000000004,0.4155104166666666,0.0153650793650794,0,0.7,0.4004166666666666,0.3712,risque_eleve
2336,senior,7021.49,dubaï,printemps,17,hôtel,1273.63,variable,gastronomie,3,météo,1,0,sejour correct mais perfectible.,5747.86,338.10941176470584,0.7513299180327867,0.0,1,0.45,0.6816444444444444,0.6462,risque_faible
2337,couple,8764.72,new york,été,12,appartement,688.04,ensoleillé,plage,4,météo,1,0,tres bon sejour.,8076.679999999999,673.0566666666666,0.9980230769230766,0.8783790849673203,1,1.0,0.4609944444444444,0.7929,risque_faible
2338,couple,1460.26,bali,printemps,4,appartement,520.05,pluie,gastronomie,3,retard_vol,0,0,sejour correct mais perfectible.,940.21,235.0525,0.0,1.0,1,0.25,0.5140166666666667,0.4517,risque_moyen
2339,couple,8149.99,new york,été,8,villa,921.62,ensoleillé,randonnée,4,retard_vol,1,1,tres bon sejour.,7228.37,903.54625,0.8798057692307693,0.573045751633987,0,1.0,0.4609944444444444,0.6448,risque_faible
2340,solo,8344.3,paris,été,9,villa,836.24,ensoleillé,plage,2,retard_vol,1,1,sejour decevant.,7508.059999999999,834.2288888888888,1.0,0.0,0,1.0,0.5546333333333333,0.4666,risque_moyen
2341,solo,10189.55,dubaï,été,10,resort,888.6,nuageux,business,4,météo,0,1,tres bon sejour.,9300.95,930.095,1.0,0.3673015873015874,0,0.7,0.5018666666666666,0.4903,risque_moyen
2342,solo,6758.3,tokyo,printemps,10,hôtel,584.5,variable,culture,4,retard_vol,0,1,tres bon sejour.,6173.8,617.38,0.4858159722222221,1.0,1,0.45,0.3183611111111111,0.7082,risque_faible
2343,business,8155.4,paris,été,17,resort,,ensoleillé,business,5,météo,1,1,excellent sejour.,,,1.0,0.5,1,1.0,0.5546333333333333,0.7366,risque_faible
2344,couple,9273.47,paris,hiver,19,appartement,995.44,pluie,gastronomie,3,annulation,1,0,sejour correct mais perfectible.,8278.029999999999,435.68578947368417,1.0,0.0,1,0.25,0.17495,0.511,risque_moyen
2345,senior,4174.98,sydney,automne,10,appartement,1153.22,pluie,culture,3,retard_vol,1,1,sejour correct mais perfectible.,3021.7599999999998,302.176,0.0,0.7921196581196581,1,0.25,0.5032777777777777,0.533,risque_moyen
2346,senior,4563.16,rome,hiver,12,villa,1845.81,ensoleillé,business,2,météo,1,1,sejour decevant.,2717.35,226.44583333333333,0.7750512820512819,0.0,0,1.0,0.2807999999999999,0.3707,risque_eleve
2347,couple,6561.62,rome,printemps,6,hôtel,1681.9,variable,plage,5,aucun,0,1,excellent sejour.,4879.719999999999,813.2866666666665,1.0,0.0,1,0.45,0.4113722222222222,0.6834,risque_faible
2348,couple,12743.51,paris,hiver,9,appartement,1214.72,pluie,gastronomie,3,retard_vol,1,1,sejour correct mais perfectible.,11528.79,1280.9766666666667,1.0,0.0,1,0.25,0.17495,0.511,risque_moyen
2349,couple,11211.32,new york,été,11,appartement,1245.35,ensoleillé,business,2,aucun,0,1,sejour decevant.,9965.97,905.9972727272726,1.0,0.1498692810457518,0,1.0,0.4609944444444444,0.4823,risque_moyen
2350,business,5366.98,lisbonne,hiver,9,villa,775.65,nuageux,gastronomie,3,météo,1,0,sejour correct mais perfectible.,4591.33,510.1477777777778,1.0,0.0,0,0.7,0.3659111111111111,0.4079,risque_moyen
2351,couple,10524.13,bali,été,12,resort,1273.32,ensoleillé,plage,5,retard_vol,1,1,excellent sejour.,9250.81,770.9008333333333,1.0,0.5475169082125604,1,1.0,0.5497055555555554,0.8645,risque_faible
2352,solo,9108.14,paris,printemps,10,resort,1366.3,variable,plage,2,bagages,1,1,sejour decevant.,7741.839999999999,774.184,1.0,0.0,0,0.45,0.3504166666666666,0.376,risque_eleve
2353,couple,6352.94,rome,été,16,villa,1332.72,nuageux,plage,4,annulation,1,0,tres bon sejour.,5020.219999999999,313.76375,1.0,0.0,1,0.7,0.4642444444444444,0.7197,risque_faible
2354,couple,1504.88,lisbonne,printemps,12,hôtel,1193.06,variable,randonnée,1,météo,1,0,tres mauvaise experience.,311.82000000000016,25.985000000000014,0.0,0.0,0,0.45,0.4363388888888889,0.2264,risque_eleve
2355,senior,13354.72,new york,hiver,17,hôtel,899.02,variable,gastronomie,4,météo,0,0,tres bon sejour.,12455.7,732.6882352941176,1.0,0.6025882352941176,1,0.45,0.1832,0.7644,risque_faible
2356,solo,17425.27,dubaï,automne,1,villa,1136.93,nuageux,randonnée,4,aucun,0,1,tres bon sejour.,16288.34,16288.34,1.0,0.0,1,0.7,0.6703277777777777,0.6244,risque_faible
2357,famille,16735.85,new york,printemps,22,appartement,1070.98,ensoleillé,randonnée,4,retard_vol,1,0,tres bon sejour.,15664.87,712.0395454545454,1.0,0.3778039215686275,0,1.0,0.3306888888888888,0.6277,risque_faible
2358,couple,7867.5,bali,été,8,villa,947.12,variable,plage,5,retard_vol,0,1,excellent sejour.,6920.38,865.0475,0.8986895161290323,0.8626859903381643,1,0.45,0.5497055555555554,0.8269,risque_faible
2359,solo,6819.8,paris,printemps,15,resort,1640.54,variable,randonnée,2,bagages,1,1,sejour decevant.,5179.26,345.284,1.0,0.0,1,0.45,0.3504166666666666,0.556,risque_moyen
2360,solo,13123.99,paris,hiver,9,resort,708.46,ensoleillé,plage,3,aucun,0,1,sejour correct mais perfectible.,12415.53,1379.503333333333,1.0,0.0,0,1.0,0.17495,0.421,risque_moyen
2361,couple,,rome,automne,9,villa,,ensoleillé,culture,4,retard_vol,1,1,tres bon sejour.,,,0.5,0.5,1,1.0,0.4660166666666667,0.7059,risque_faible
2362,business,6423.88,lisbonne,automne,15,appartement,1122.55,nuageux,plage,2,météo,0,1,sejour decevant.,5301.33,353.422,1.0,0.0,0,0.7,0.5109277777777776,0.4253,risque_moyen
2363,business,6233.71,new york,printemps,16,resort,811.54,ensoleillé,gastronomie,2,retard_vol,1,1,sejour decevant.,5422.17,338.885625,0.5112903846153846,0.7169411764705882,0,1.0,0.3306888888888888,0.4319,risque_moyen
2364,solo,7059.1,rome,automne,13,villa,1517.5,pluie,gastronomie,2,météo,1,1,sejour decevant.,5541.6,426.2769230769231,1.0,0.0,0,0.25,0.4660166666666667,0.3659,risque_eleve
2365,famille,5215.19,tokyo,hiver,1,resort,864.46,variable,gastronomie,3,retard_vol,1,1,sejour correct mais perfectible.,4350.73,4350.73,0.2179149305555554,0.863005291005291,1,0.45,0.1438499999999999,0.5876,risque_moyen
2366,solo,8463.6,dubaï,été,19,resort,950.75,pluie,randonnée,4,retard_vol,1,1,tres bon sejour.,7512.85,395.41315789473686,1.0,0.2686507936507936,1,0.25,0.5018666666666666,0.5986,risque_moyen
2367,solo,2730.6,rome,printemps,10,villa,1401.61,ensoleillé,plage,1,aucun,0,1,tres mauvaise experience.,1328.99,132.899,0.1876923076923076,0.0,0,1.0,0.4113722222222222,0.2219,risque_eleve
2368,couple,1004.05,new york,hiver,10,resort,699.21,ensoleillé,,2,météo,1,0,sejour decevant.,304.8399999999999,30.48399999999999,0.0,0.8637777777777778,0,1.0,0.1832,0.4175,risque_moyen
2369,famille,6289.6,bali,hiver,11,villa,569.86,ensoleillé,,3,météo,0,1,sejour correct mais perfectible.,5719.740000000001,519.9763636363637,0.5805645161290324,1.0,0,1.0,0.5211222222222222,0.6451,risque_faible
2370,senior,10190.49,rome,hiver,8,villa,1106.19,ensoleillé,,2,météo,1,1,sejour decevant.,9084.3,1135.5375,1.0,0.0,0,1.0,0.2807999999999999,0.4337,risque_moyen
2371,solo,5190.66,rome,hiver,9,villa,1187.56,nuageux,randonnée,3,aucun,0,1,sejour correct mais perfectible.,4003.1,444.7888888888889,0.9761730769230766,0.0,1,0.7,0.2807999999999999,0.571,risque_moyen
2372,business,5499.87,new york,été,15,appartement,740.57,ensoleillé,business,3,bagages,0,1,sejour correct mais perfectible.,4759.3,317.2866666666667,0.3701673076923076,0.8097124183006534,1,1.0,0.4609944444444444,0.6047,risque_faible
2373,solo,12545.24,new york,printemps,11,appartement,1314.42,pluie,randonnée,4,météo,1,1,tres bon sejour.,11230.82,1020.9836363636364,1.0,0.0595816993464051,1,0.25,0.3306888888888888,0.6604,risque_faible
2374,couple,1512.52,lisbonne,printemps,7,hôtel,1361.27,variable,culture,2,météo,1,0,sejour decevant.,151.25,21.607142857142858,0.0,0.0,1,0.45,0.4363388888888889,0.4064,risque_moyen
2375,business,1438.16,sydney,printemps,1,hôtel,1124.56,nuageux,business,2,météo,0,0,sejour decevant.,313.60000000000014,313.60000000000014,0.0,0.8166153846153846,1,0.7,0.51555,0.5929,risque_moyen
2376,business,4192.88,tokyo,automne,8,appartement,692.11,nuageux,business,2,aucun,0,1,sejour decevant.,3500.77,437.59625,0.0404305555555555,1.0,1,0.7,0.3977388888888888,0.503,risque_moyen
2377,senior,13236.87,bali,automne,5,hôtel,1018.04,variable,plage,4,bagages,0,1,tres bon sejour.,12218.830000000002,2443.7660000000005,1.0,0.7941642512077295,0,0.45,0.5225333333333333,0.6597,risque_faible
2378,business,4498.86,new york,été,1,resort,1749.15,pluie,business,2,météo,1,1,sejour decevant.,2749.71,2749.71,0.1776653846153844,0.0,1,0.25,0.4609944444444444,0.3151,risque_eleve
2379,famille,11321.01,new york,été,11,hôtel,1255.58,variable,plage,3,aucun,0,1,sejour correct mais perfectible.,10065.43,915.039090909091,1.0,0.1364967320261438,1,0.45,0.4609944444444444,0.5939,risque_moyen
2380,solo,4142.44,tokyo,hiver,14,resort,550.04,pluie,business,1,bagages,0,0,tres mauvaise experience.,3592.4,256.6,0.031673611111111,1.0,0,0.25,0.1438499999999999,0.2361,risque_eleve
2381,solo,10118.04,lisbonne,automne,20,villa,887.21,nuageux,randonnée,4,annulation,1,1,tres bon sejour.,9230.830000000002,461.5415000000001,1.0,0.0,1,0.7,0.5109277777777776,0.6053,risque_faible
2382,couple,3050.31,dubaï,été,4,hôtel,1295.8,ensoleillé,business,2,retard_vol,1,1,sejour decevant.,1754.51,438.6275,0.0,0.0,0,1.0,0.5018666666666666,0.3002,risque_eleve
2383,business,2255.88,rome,hiver,6,appartement,1229.46,nuageux,business,1,aucun,0,1,tres mauvaise experience.,1026.42,171.07000000000002,0.0355384615384615,0.0,1,0.7,0.2807999999999999,0.3076,risque_eleve
2384,couple,5881.17,tokyo,été,1,resort,1005.5,ensoleillé,gastronomie,3,aucun,0,1,sejour correct mais perfectible.,4875.67,4875.67,0.3335364583333333,0.7137566137566138,1,1.0,0.4004166666666666,0.6899,risque_faible
2385,business,8723.07,lisbonne,été,20,resort,772.99,ensoleillé,culture,2,bagages,1,0,sejour decevant.,7950.08,397.504,1.0,0.0,0,1.0,0.5779666666666666,0.4694,risque_moyen
2386,couple,4012.56,tokyo,été,10,villa,629.35,ensoleillé,randonnée,3,retard_vol,0,1,sejour correct mais perfectible.,3383.21,338.321,0.0091249999999999,1.0,0,1.0,0.4004166666666666,0.4706,risque_moyen
2387,solo,6826.91,rome,hiver,16,resort,1389.1,pluie,culture,4,annulation,0,1,tres bon sejour.,5437.81,339.863125,1.0,0.0,1,0.25,0.2807999999999999,0.5237,risque_moyen
2388,business,1887.76,lisbonne,automne,1,hôtel,713.06,nuageux,business,2,aucun,0,0,sejour decevant.,1174.7,1174.7,0.0065294117647057,0.0,1,0.7,0.5109277777777776,0.4471,risque_moyen
2389,business,8783.85,new york,automne,15,hôtel,946.54,pluie,,2,annulation,1,1,sejour decevant.,7837.31,522.4873333333334,1.0,0.5404705882352943,0,0.25,0.3630666666666667,0.5709,risque_moyen
2390,couple,3965.57,lisbonne,été,10,appartement,1327.18,pluie,culture,2,météo,1,0,sejour decevant.,2638.3900000000003,263.83900000000006,0.7704301470588234,0.0,1,0.25,0.5779666666666666,0.4951,risque_moyen
2391,couple,4644.83,lisbonne,hiver,12,villa,1040.89,nuageux,culture,4,aucun,0,1,tres bon sejour.,3603.94,300.3283333333333,1.0,0.0,1,0.7,0.3659111111111111,0.7079,risque_faible
2392,couple,4965.48,lisbonne,été,8,appartement,1162.36,nuageux,culture,3,météo,1,0,sejour correct mais perfectible.,3803.12,475.39,1.0,0.0,1,0.7,0.5779666666666666,0.6134,risque_faible
2393,couple,8743.27,sydney,été,10,villa,1835.83,ensoleillé,gastronomie,4,bagages,1,1,tres bon sejour.,6907.4400000000005,690.744,0.6786359375000001,0.2086923076923078,1,1.0,0.3825888888888888,0.6935,risque_faible
2394,business,3281.7,rome,été,6,appartement,1063.02,ensoleillé,culture,2,annulation,0,0,sejour decevant.,2218.68,369.78,0.3643269230769229,0.0,0,1.0,0.4642444444444444,0.2777,risque_eleve
2395,business,5321.9,dubaï,hiver,7,villa,992.82,,randonnée,1,aucun,0,1,tres mauvaise experience.,4329.08,618.4399999999999,0.4030532786885245,0.2018730158730157,0,0.5,0.42075,0.2597,risque_eleve
2396,couple,8678.3,new york,automne,10,appartement,1327.58,pluie,culture,3,météo,1,1,sejour correct mais perfectible.,7350.719999999999,735.0719999999999,0.981403846153846,0.0423790849673203,1,0.25,0.3630666666666667,0.536,risque_moyen
2397,famille,7793.93,rome,automne,18,appartement,1480.35,variable,plage,4,météo,1,1,tres bon sejour.,6313.58,350.75444444444446,1.0,0.0,1,0.45,0.4660166666666667,0.6899,risque_faible
2398,senior,11449.92,new york,hiver,15,appartement,719.65,nuageux,culture,4,aucun,0,1,tres bon sejour.,10730.27,715.3513333333334,1.0,0.8370588235294117,1,0.7,0.1832,0.8367,risque_faible
2399,senior,5479.46,rome,été,11,hôtel,1099.03,ensoleillé,business,3,météo,0,1,sejour correct mais perfectible.,4380.43,398.2209090909091,1.0,0.0,0,1.0,0.4642444444444444,0.5757,risque_moyen
2400,senior,8430.03,bali,été,19,villa,1614.23,ensoleillé,plage,2,retard_vol,1,1,sejour decevant.,6815.800000000001,358.72631578947374,1.0,0.2181352657004831,0,1.0,0.5497055555555554,0.5052,risque_moyen
2401,business,4582.91,rome,été,9,hôtel,950.0,variable,culture,3,météo,1,1,sejour correct mais perfectible.,3632.91,403.6566666666666,0.7813814102564101,0.0,0,0.45,0.4642444444444444,0.4485,risque_moyen
2402,senior,18253.17,paris,printemps,20,villa,827.31,variable,culture,3,aucun,0,1,sejour correct mais perfectible.,17425.859999999997,871.2929999999999,1.0,0.0,1,0.45,0.3504166666666666,0.556,risque_moyen
2403,solo,11098.07,dubaï,printemps,12,villa,1358.74,nuageux,gastronomie,2,retard_vol,1,1,sejour decevant.,9739.33,811.6108333333333,1.0,0.0,0,0.7,0.6816444444444444,0.4458,risque_moyen
2404,business,3191.51,rome,printemps,4,resort,1075.12,ensoleillé,culture,2,retard_vol,1,0,sejour decevant.,2116.3900000000003,529.0975000000001,0.3354198717948718,0.0,0,1.0,0.4113722222222222,0.2633,risque_eleve
2405,business,3612.87,lisbonne,automne,8,villa,757.92,pluie,business,2,aucun,0,1,sejour decevant.,2854.95,356.86875,0.6407610294117646,0.0,1,0.25,0.5109277777777776,0.4507,risque_moyen
2406,solo,4348.0,lisbonne,hiver,7,villa,924.77,variable,plage,3,météo,1,1,sejour correct mais perfectible.,3423.23,489.0328571428572,0.9110294117647058,0.0,0,0.45,0.3659111111111111,0.353,risque_eleve
2407,famille,7056.77,bali,automne,9,villa,1583.79,nuageux,plage,4,bagages,1,1,tres bon sejour.,5472.9800000000005,608.1088888888889,0.7352358870967742,0.2475458937198068,1,0.7,0.5225333333333333,0.6971,risque_faible
2408,famille,14080.91,new york,automne,21,appartement,759.75,pluie,plage,4,bagages,1,1,tres bon sejour.,13321.16,634.3409523809523,1.0,0.784640522875817,1,0.25,0.3630666666666667,0.7948,risque_faible
2409,solo,2558.23,tokyo,printemps,20,,1545.13,pluie,culture,1,météo,1,0,tres mauvaise experience.,1013.1,50.655,0.0,0.1427195767195765,1,0.25,0.3183611111111111,0.2739,risque_eleve
2410,solo,5411.66,paris,hiver,14,villa,1379.53,ensoleillé,plage,2,retard_vol,0,1,sejour decevant.,4032.13,288.00928571428574,0.923113095238095,0.0,0,1.0,0.17495,0.3995,risque_eleve
2411,senior,7208.43,dubaï,printemps,15,hôtel,1492.1,variable,gastronomie,3,météo,1,0,sejour correct mais perfectible.,5716.33,381.08866666666665,0.7896372950819671,0.0,1,0.45,0.6816444444444444,0.6569,risque_faible
2412,business,8235.48,lisbonne,hiver,13,appartement,1143.02,ensoleillé,randonnée,3,aucun,0,1,sejour correct mais perfectible.,7092.459999999999,545.573846153846,1.0,0.0,0,1.0,0.3659111111111111,0.4439,risque_moyen
2413,solo,3609.2,paris,hiver,18,hôtel,1121.19,variable,culture,3,annulation,1,1,sejour correct mais perfectible.,2488.01,138.22277777777776,0.3866666666666665,0.0,1,0.45,0.17495,0.4833,risque_moyen
2414,famille,,new york,automne,8,villa,,variable,randonnée,2,bagages,0,1,sejour decevant.,,,0.5,0.5,0,0.45,0.3630666666666667,0.4476,risque_moyen
2415,business,3005.57,tokyo,été,17,appartement,1034.28,,plage,2,bagages,0,0,sejour decevant.,1971.29,115.95823529411766,0.0,0.6833015873015873,0,0.5,0.4004166666666666,0.231,risque_eleve
2416,couple,3608.99,lisbonne,été,7,villa,675.16,nuageux,culture,4,retard_vol,1,0,tres bon sejour.,2933.83,419.1185714285714,0.6393345588235294,0.0,1,0.7,0.5779666666666666,0.6324,risque_faible
2417,couple,5236.89,sydney,été,5,villa,1378.5,nuageux,business,3,bagages,1,1,sejour correct mais perfectible.,3858.39,771.6780000000001,0.1307640625,0.5995726495726494,0,0.7,0.3825888888888888,0.3944,risque_eleve
2418,business,9144.57,bali,automne,16,hôtel,1282.05,variable,plage,4,météo,1,1,tres bon sejour.,7862.519999999999,491.4075,1.0,0.5390821256038649,0,0.45,0.5225333333333333,0.6137,risque_faible
2419,senior,11755.38,new york,automne,13,villa,1290.56,nuageux,culture,4,aucun,0,1,tres bon sejour.,10464.82,804.9861538461538,1.0,0.0907712418300654,1,0.7,0.3630666666666667,0.6039,risque_faible
2420,couple,2680.58,lisbonne,hiver,3,hôtel,1081.46,variable,culture,2,aucun,0,1,sejour decevant.,1599.12,533.04,0.2980073529411764,0.0,1,0.45,0.3659111111111111,0.4814,risque_moyen
2421,famille,15937.0,bali,automne,10,villa,1469.82,nuageux,gastronomie,4,aucun,0,1,tres bon sejour.,14467.18,1446.718,1.0,0.3576618357487923,1,0.7,0.5225333333333333,0.7911,risque_faible
2422,solo,,new york,automne,9,villa,,nuageux,randonnée,3,aucun,0,0,sejour correct mais perfectible.,,,0.5,0.5,1,0.7,0.3630666666666667,0.5376,risque_moyen
2423,famille,9557.36,new york,printemps,10,hôtel,1748.21,nuageux,gastronomie,3,météo,1,1,sejour correct mais perfectible.,7809.150000000001,780.9150000000001,1.0,0.0,1,0.7,0.3306888888888888,0.5837,risque_moyen
2424,business,12588.55,tokyo,été,12,villa,1183.07,ensoleillé,business,4,aucun,0,1,tres bon sejour.,11405.48,950.4566666666666,1.0,0.5258518518518518,1,1.0,0.4004166666666666,0.7227,risque_faible
2425,business,2051.16,sydney,automne,3,villa,926.03,nuageux,business,3,bagages,1,1,sejour correct mais perfectible.,1125.13,375.0433333333333,0.0,0.9862991452991452,1,0.7,0.5032777777777777,0.5019,risque_moyen
2426,business,5210.81,new york,printemps,2,resort,1597.81,variable,culture,2,aucun,0,0,sejour decevant.,3613.000000000001,1806.5,0.3145788461538462,0.0,0,0.45,0.3306888888888888,0.1818,risque_eleve
2427,couple,6857.99,sydney,automne,16,appartement,580.69,nuageux,randonnée,2,météo,1,1,sejour decevant.,6277.299999999999,392.33125,0.3840609374999999,1.0,0,0.7,0.5032777777777777,0.4319,risque_moyen
2428,famille,5771.71,tokyo,été,14,appartement,906.55,pluie,plage,4,aucun,0,0,tres bon sejour.,4865.16,347.5114285714285,0.3145329861111111,0.8184656084656085,1,0.25,0.4004166666666666,0.6134,risque_faible
2429,famille,8571.72,dubaï,hiver,15,villa,1134.2,pluie,plage,4,retard_vol,1,0,tres bon sejour.,7437.519999999999,495.8346666666666,1.0,0.0,1,0.25,0.42075,0.6605,risque_faible
2430,solo,9045.32,bali,automne,12,resort,813.81,pluie,culture,4,météo,1,1,tres bon sejour.,8231.51,685.9591666666666,1.0,0.991487922705314,1,0.25,0.5225333333333333,0.7312,risque_faible
2431,senior,11785.29,lisbonne,hiver,16,hôtel,799.92,pluie,plage,3,météo,1,0,sejour correct mais perfectible.,10985.37,686.585625,1.0,0.0,0,0.25,0.3659111111111111,0.4739,risque_moyen
2432,famille,,new york,été,12,hôtel,,nuageux,plage,3,météo,0,0,sejour correct mais perfectible.,,,0.5,0.5,1,0.7,0.4609944444444444,0.5493,risque_moyen
2433,solo,6500.78,sydney,printemps,8,villa,1377.79,pluie,plage,2,retard_vol,1,0,sejour decevant.,5122.99,640.37375,0.3282468749999999,0.6001794871794872,0,0.25,0.51555,0.2918,risque_eleve
2434,solo,10869.96,paris,printemps,7,hôtel,1189.23,nuageux,gastronomie,4,aucun,0,0,tres bon sejour.,9680.73,1382.9614285714283,1.0,0.0,0,0.7,0.3504166666666666,0.526,risque_moyen
2435,solo,1608.86,rome,printemps,10,villa,500.85,ensoleillé,culture,3,météo,1,0,sejour correct mais perfectible.,1108.0099999999998,110.80099999999996,0.0,0.5411111111111111,1,1.0,0.4113722222222222,0.4468,risque_moyen
2436,solo,11508.85,lisbonne,printemps,15,villa,983.16,ensoleillé,culture,4,météo,0,1,tres bon sejour.,10525.69,701.7126666666667,1.0,0.0,1,1.0,0.4363388888888889,0.6324,risque_faible
2437,solo,6371.24,dubaï,été,11,resort,1150.14,nuageux,plage,1,météo,0,1,tres mauvaise experience.,5221.099999999999,474.64545454545447,0.6180819672131146,0.0,0,0.7,0.5018666666666666,0.3173,risque_eleve
2438,solo,6504.29,rome,automne,14,villa,1647.86,ensoleillé,culture,4,météo,0,1,tres bon sejour.,4856.43,346.8878571428572,1.0,0.0,1,1.0,0.4660166666666667,0.6359,risque_faible
2439,senior,13820.35,new york,été,11,appartement,,ensoleillé,,4,météo,1,1,tres bon sejour.,,,1.0,0.5,0,1.0,0.4609944444444444,0.6653,risque_faible
2440,business,2177.04,rome,printemps,2,hôtel,1703.84,ensoleillé,business,3,retard_vol,1,1,sejour correct mais perfectible.,473.2000000000001,236.6,0.0102692307692306,0.0,1,1.0,0.4113722222222222,0.4722,risque_moyen
2441,couple,11644.45,rome,été,16,resort,1059.19,nuageux,business,3,annulation,0,1,sejour correct mais perfectible.,10585.26,661.57875,1.0,0.0,0,0.7,0.4642444444444444,0.5397,risque_moyen
2442,famille,11422.01,paris,printemps,11,appartement,1351.7,pluie,culture,4,aucun,0,1,tres bon sejour.,10070.31,915.4827272727272,1.0,0.0,1,0.25,0.3504166666666666,0.6521,risque_faible
2443,couple,5009.35,rome,printemps,6,villa,1616.84,variable,plage,4,retard_vol,1,1,tres bon sejour.,3392.51,565.4183333333334,0.9180608974358976,0.0,1,0.45,0.4113722222222222,0.6604,risque_faible
2444,senior,9450.72,rome,printemps,14,villa,892.46,nuageux,culture,4,annulation,1,0,tres bon sejour.,8558.259999999998,611.3042857142856,1.0,0.0,1,0.7,0.4113722222222222,0.5934,risque_moyen
2445,solo,12996.34,paris,hiver,16,appartement,1003.72,pluie,gastronomie,3,aucun,0,1,sejour correct mais perfectible.,11992.62,749.53875,1.0,0.0,0,0.25,0.17495,0.451,risque_moyen
2446,famille,4736.98,rome,printemps,11,hôtel,1366.58,ensoleillé,randonnée,2,météo,0,0,sejour decevant.,3370.4,306.4,0.8307628205128204,0.0,0,1.0,0.4113722222222222,0.402,risque_moyen
2447,business,2490.71,new york,printemps,1,villa,583.69,pluie,business,3,bagages,1,1,sejour correct mais perfectible.,1907.02,1907.02,0.0,1.0,1,0.25,0.3306888888888888,0.4297,risque_moyen
2448,solo,3904.26,new york,automne,9,appartement,909.2,nuageux,gastronomie,1,météo,1,1,tres mauvaise experience.,2995.0600000000004,332.7844444444445,0.0633192307692308,0.589281045751634,0,0.7,0.3630666666666667,0.3714,risque_eleve
2449,solo,5888.84,dubaï,automne,1,resort,1861.15,ensoleillé,plage,2,annulation,1,0,sejour decevant.,4027.69,4027.69,0.5192295081967213,0.0,0,1.0,0.6703277777777777,0.3458,risque_eleve
2450,solo,4082.48,bali,automne,17,resort,1316.85,pluie,gastronomie,1,bagages,1,0,tres mauvaise experience.,2765.63,162.68411764705883,0.1355806451612902,0.5054589371980678,0,0.25,0.5225333333333333,0.2216,risque_eleve
2451,business,1591.51,tokyo,hiver,6,villa,876.22,pluie,business,1,météo,1,1,tres mauvaise experience.,715.29,119.215,0.0,0.8505608465608465,1,0.25,0.1438499999999999,0.3804,risque_eleve
2452,business,939.16,tokyo,été,4,resort,782.87,variable,business,3,retard_vol,1,1,sejour correct mais perfectible.,156.28999999999996,39.07249999999999,0.0,0.9493439153439152,1,0.45,0.4004166666666666,0.4529,risque_moyen
2453,famille,12216.96,bali,printemps,17,appartement,1148.61,ensoleillé,culture,5,météo,0,0,excellent sejour.,11068.35,651.0794117647058,1.0,0.6680096618357488,1,1.0,0.5140166666666667,0.8819,risque_faible
2454,couple,5154.44,lisbonne,automne,9,,1203.24,,culture,3,retard_vol,1,1,sejour correct mais perfectible.,3951.2,439.0222222222222,1.0,0.0,1,0.5,0.5109277777777776,0.5813,risque_moyen
2455,business,3188.23,paris,été,5,appartement,1005.61,variable,gastronomie,1,météo,0,0,tres mauvaise experience.,2182.62,436.524,0.2613779761904761,0.0,0,0.45,0.5546333333333333,0.1937,risque_eleve
2456,business,11941.74,sydney,été,13,villa,808.92,variable,randonnée,4,météo,0,1,tres bon sejour.,11132.82,856.3707692307692,1.0,1.0,0,0.45,0.3825888888888888,0.5599,risque_moyen
2457,senior,7854.16,rome,printemps,15,villa,1564.3,pluie,business,2,météo,1,1,sejour decevant.,6289.86,419.324,1.0,0.0,0,0.25,0.4113722222222222,0.3594,risque_eleve
2458,senior,13733.28,paris,hiver,2,appartement,1597.72,nuageux,plage,4,retard_vol,1,0,tres bon sejour.,12135.56,6067.780000000001,1.0,0.0,0,0.7,0.17495,0.505,risque_moyen
2459,famille,17043.93,new york,hiver,18,villa,922.47,nuageux,culture,4,bagages,0,1,tres bon sejour.,16121.46,895.6366666666668,1.0,0.5719346405228758,1,0.7,0.1832,0.7889,risque_faible
2460,solo,4051.87,lisbonne,été,3,appartement,972.39,pluie,plage,3,météo,1,1,sejour correct mais perfectible.,3079.48,1026.493333333333,0.8021580882352941,0.0,0,0.25,0.5779666666666666,0.444,risque_moyen
2461,famille,3123.5,paris,automne,16,hôtel,800.23,pluie,plage,3,bagages,0,1,sejour correct mais perfectible.,2323.27,145.204375,0.2421130952380952,0.0,1,0.25,0.3681277777777778,0.322,risque_eleve
2462,business,13257.8,new york,été,7,hôtel,1731.05,pluie,randonnée,3,retard_vol,1,1,sejour correct mais perfectible.,11526.75,1646.678571428571,1.0,0.0,0,0.25,0.4609944444444444,0.4853,risque_moyen
2463,solo,12217.56,rome,été,4,villa,813.85,ensoleillé,culture,3,aucun,0,1,sejour correct mais perfectible.,11403.71,2850.9275,1.0,0.0,1,1.0,0.4642444444444444,0.6357,risque_faible
2464,senior,3831.33,lisbonne,printemps,7,villa,1005.28,ensoleillé,culture,3,aucun,0,1,sejour correct mais perfectible.,2826.05,403.7214285714286,0.7210772058823528,0.0,1,1.0,0.4363388888888889,0.5543,risque_moyen
2465,senior,8028.51,tokyo,automne,6,villa,856.41,variable,gastronomie,4,météo,1,1,tres bon sejour.,7172.1,1195.35,0.7063385416666668,0.8715238095238096,1,0.45,0.3977388888888888,0.6364,risque_faible
2466,famille,10057.37,bali,été,16,villa,1687.43,ensoleillé,plage,4,aucun,0,1,tres bon sejour.,8369.94,523.12125,1.0,0.1474106280193236,1,1.0,0.5497055555555554,0.7925,risque_faible
2467,senior,19052.55,rome,printemps,7,appartement,1448.95,nuageux,culture,4,retard_vol,0,1,tres bon sejour.,17603.6,2514.8,1.0,0.0,1,0.7,0.4113722222222222,0.7134,risque_faible
2468,famille,24674.98,paris,été,8,appartement,730.28,pluie,plage,3,bagages,0,1,sejour correct mais perfectible.,23944.7,2993.0875,1.0,0.0,1,0.25,0.5546333333333333,0.6766,risque_faible
2469,solo,12571.56,new york,hiver,9,resort,252.58,nuageux,culture,5,aucun,0,1,excellent sejour.,12318.98,1368.7755555555557,1.0,1.0,1,0.7,0.1832,0.746,risque_faible
2470,famille,7630.37,rome,hiver,10,villa,1939.11,pluie,business,3,annulation,0,1,sejour correct mais perfectible.,5691.26,569.126,1.0,0.0,0,0.25,0.2807999999999999,0.4637,risque_moyen
2471,famille,6913.77,lisbonne,hiver,12,villa,1010.82,pluie,randonnée,3,bagages,1,0,sejour correct mais perfectible.,5902.950000000001,491.9125000000001,1.0,0.0,0,0.25,0.3659111111111111,0.4739,risque_moyen
2472,solo,4301.26,rome,été,11,hôtel,1174.59,nuageux,business,2,aucun,0,1,sejour decevant.,3126.67,284.2427272727273,0.6911089743589743,0.0,0,0.7,0.4642444444444444,0.4532,risque_moyen
2473,solo,10387.25,dubaï,printemps,18,hôtel,855.48,pluie,plage,3,annulation,1,0,sejour correct mais perfectible.,9531.77,529.5427777777778,1.0,0.4198730158730159,0,0.25,0.6816444444444444,0.5874,risque_moyen
2474,business,7019.98,paris,printemps,8,appartement,1018.17,variable,culture,2,aucun,0,1,sejour decevant.,6001.81,750.2262499999999,1.0,0.0,0,0.45,0.3504166666666666,0.376,risque_eleve
2475,solo,2784.38,paris,hiver,18,resort,1415.6,variable,culture,1,annulation,1,1,tres mauvaise experience.,1368.7800000000002,76.04333333333335,0.1411845238095238,0.0,1,0.45,0.17495,0.2945,risque_eleve
2476,business,3280.02,lisbonne,été,9,villa,882.09,ensoleillé,business,2,retard_vol,1,0,sejour decevant.,2397.93,266.43666666666667,0.5183897058823529,0.0,1,1.0,0.5779666666666666,0.5145,risque_moyen
2477,senior,5673.75,dubaï,hiver,8,villa,1011.19,pluie,gastronomie,3,météo,1,1,sejour correct mais perfectible.,4662.56,582.8199999999999,0.47515368852459,0.1727142857142858,1,0.25,0.42075,0.4246,risque_moyen
2478,famille,5842.61,paris,hiver,7,villa,1237.9,pluie,gastronomie,3,annulation,0,1,sejour correct mais perfectible.,4604.709999999999,657.8157142857142,1.0,0.0,1,0.25,0.17495,0.631,risque_faible
2479,business,3335.98,rome,été,13,appartement,891.31,variable,culture,1,météo,1,1,tres mauvaise experience.,2444.67,188.05153846153848,0.3817243589743589,0.0,0,0.45,0.4642444444444444,0.2166,risque_eleve
2480,business,,new york,été,14,hôtel,,nuageux,culture,3,météo,1,1,sejour correct mais perfectible.,,,0.5,0.5,0,0.7,0.4609944444444444,0.4893,risque_moyen
2481,famille,6829.48,rome,automne,13,resort,1281.49,pluie,gastronomie,4,aucun,0,1,tres bon sejour.,5547.99,426.7684615384615,1.0,0.0,1,0.25,0.4660166666666667,0.6659,risque_faible
2482,senior,7191.41,paris,été,16,villa,1033.48,,plage,2,aucun,0,1,sejour decevant.,6157.93,384.870625,1.0,0.0,0,0.5,0.5546333333333333,0.4066,risque_moyen
2483,senior,14387.76,rome,été,13,resort,1135.07,pluie,plage,2,bagages,0,1,sejour decevant.,13252.69,1019.4376923076924,1.0,0.0,0,0.25,0.4642444444444444,0.3657,risque_eleve
2484,senior,9029.43,lisbonne,automne,13,resort,677.37,nuageux,plage,3,météo,1,1,sejour correct mais perfectible.,8352.06,642.4661538461538,1.0,0.0,0,0.7,0.5109277777777776,0.4253,risque_moyen
2485,famille,6975.37,rome,hiver,14,hôtel,973.14,nuageux,business,2,retard_vol,0,1,sejour decevant.,6002.23,428.7307142857143,1.0,0.0,0,0.7,0.2807999999999999,0.3977,risque_eleve
2486,senior,7064.12,rome,hiver,12,appartement,1047.8,pluie,randonnée,3,aucun,0,1,sejour correct mais perfectible.,6016.32,501.36,1.0,0.0,0,0.25,0.2807999999999999,0.4637,risque_moyen
2487,senior,2091.99,rome,hiver,9,appartement,1674.69,ensoleillé,plage,1,retard_vol,1,0,tres mauvaise experience.,417.2999999999997,46.36666666666664,0.0,0.0,0,1.0,0.2807999999999999,0.2737,risque_eleve
2488,couple,2982.93,lisbonne,printemps,9,appartement,1007.85,pluie,plage,2,bagages,0,0,sejour decevant.,1975.08,219.4533333333333,0.4091654411764704,0.0,1,0.25,0.4363388888888889,0.3769,risque_eleve
2489,solo,7244.31,paris,hiver,6,hôtel,756.6,pluie,gastronomie,2,retard_vol,1,1,sejour decevant.,6487.71,1081.285,1.0,0.0,0,0.25,0.17495,0.451,risque_moyen
2490,senior,9570.57,sydney,printemps,7,resort,903.86,ensoleillé,culture,4,annulation,1,1,tres bon sejour.,8666.71,1238.1014285714284,0.8079015624999999,1.0,1,1.0,0.51555,0.7681,risque_faible
2491,senior,14565.66,new york,hiver,18,hôtel,1263.49,variable,gastronomie,4,météo,0,0,tres bon sejour.,13302.17,739.0094444444444,1.0,0.126156862745098,1,0.45,0.1832,0.6787,risque_faible
2492,solo,6776.03,sydney,printemps,7,villa,1196.71,pluie,gastronomie,3,retard_vol,1,0,sejour correct mais perfectible.,5579.32,797.0457142857142,0.3712546874999998,0.7549487179487179,0,0.25,0.51555,0.3317,risque_eleve
2493,business,2268.44,lisbonne,été,1,appartement,632.22,variable,plage,2,météo,1,0,sejour decevant.,1636.22,1636.22,0.146485294117647,0.0,0,0.45,0.5779666666666666,0.1644,risque_eleve
2494,senior,11638.84,sydney,printemps,17,appartement,991.83,variable,culture,5,météo,0,0,excellent sejour.,10647.01,626.2947058823529,1.0,0.930059829059829,1,0.45,0.51555,0.8633,risque_faible
2495,senior,19095.75,rome,automne,12,appartement,,pluie,plage,3,aucun,0,1,sejour correct mais perfectible.,,,1.0,0.5,0,0.25,0.4660166666666667,0.5759,risque_moyen
2496,famille,15472.61,paris,hiver,17,appartement,1402.02,pluie,culture,4,météo,1,1,tres bon sejour.,14070.59,827.6817647058824,1.0,0.0,1,0.25,0.17495,0.631,risque_faible
2497,couple,4424.48,sydney,automne,8,hôtel,1010.48,nuageux,plage,4,aucun,0,0,tres bon sejour.,3413.9999999999995,426.75,0.0038249999999999,0.914119658119658,1,0.7,0.5032777777777777,0.61,risque_faible
2498,solo,6569.59,new york,automne,9,appartement,1111.85,pluie,gastronomie,2,retard_vol,1,1,sejour decevant.,5457.74,606.4155555555556,0.5758826923076923,0.3243790849673204,0,0.25,0.3630666666666667,0.4132,risque_moyen
2499,couple,5202.43,tokyo,été,8,villa,808.6,ensoleillé,plage,4,bagages,0,1,tres bon sejour.,4393.83,549.22875,0.2156996527777778,0.922116402116402,1,1.0,0.4004166666666666,0.6944,risque_faible
2500,business,4966.69,dubaï,printemps,9,hôtel,1189.97,ensoleillé,culture,3,retard_vol,1,0,sejour correct mais perfectible.,3776.7199999999993,419.6355555555554,0.3302643442622949,0.0,0,1.0,0.6816444444444444,0.4143,risque_moyen
2501,solo,12957.03,dubaï,été,12,villa,1411.52,pluie,business,2,retard_vol,0,1,sejour decevant.,11545.51,962.1258333333334,1.0,0.0,0,0.25,0.5018666666666666,0.3702,risque_eleve
2502,solo,6409.99,bali,hiver,10,hôtel,1182.52,pluie,randonnée,3,bagages,1,1,sejour correct mais perfectible.,5227.469999999999,522.747,0.604836693548387,0.6352463768115941,1,0.25,0.5211222222222222,0.6762,risque_faible
2503,couple,5456.82,new york,hiver,4,villa,654.34,variable,randonnée,2,météo,0,1,sejour decevant.,4802.48,1200.62,0.3618884615384614,0.9224313725490196,0,0.45,0.1832,0.4634,risque_moyen
2504,famille,6192.58,tokyo,hiver,14,hôtel,886.79,variable,plage,3,aucun,0,1,sejour correct mais perfectible.,5305.79,378.985,0.3876006944444443,0.8393756613756613,1,0.45,0.1438499999999999,0.5109,risque_moyen
2505,solo,3165.96,rome,été,8,resort,1593.24,ensoleillé,culture,2,aucun,0,1,sejour decevant.,1572.72,196.59,0.3272307692307692,0.0,1,1.0,0.4642444444444444,0.4473,risque_moyen
2506,couple,1659.16,paris,automne,11,hôtel,1223.05,nuageux,,1,annulation,0,0,tres mauvaise experience.,436.1100000000001,39.646363636363645,0.0,0.0,0,0.7,0.3681277777777778,0.2482,risque_eleve
2507,senior,18884.14,paris,été,19,villa,1053.9,nuageux,gastronomie,4,aucun,0,1,tres bon sejour.,17830.239999999998,938.4336842105262,1.0,0.0,1,0.7,0.5546333333333333,0.6106,risque_faible
2508,business,2579.09,rome,hiver,9,appartement,1000.72,nuageux,plage,1,aucun,0,1,tres mauvaise experience.,1578.37,175.37444444444446,0.1391314102564102,0.0,0,0.7,0.2807999999999999,0.1567,risque_eleve
2509,senior,6642.07,paris,printemps,2,villa,1386.23,variable,gastronomie,3,retard_vol,0,1,sejour correct mais perfectible.,5255.84,2627.92,1.0,0.0,1,0.45,0.3504166666666666,0.556,risque_moyen
2510,couple,11733.76,bali,automne,13,villa,760.75,variable,randonnée,4,météo,0,1,tres bon sejour.,10973.01,844.0776923076924,1.0,1.0,0,0.45,0.5225333333333333,0.6967,risque_faible
2511,couple,1220.27,tokyo,hiver,4,appartement,678.41,pluie,plage,2,bagages,1,1,sejour decevant.,541.86,135.465,0.0,1.0,1,0.25,0.1438499999999999,0.4073,risque_moyen
2512,business,9633.45,new york,printemps,19,hôtel,1036.75,nuageux,randonnée,4,météo,1,1,tres bon sejour.,8596.7,452.45789473684215,1.0,0.4225490196078432,0,0.7,0.3306888888888888,0.5997,risque_moyen
2513,solo,8947.75,new york,été,9,villa,1274.79,ensoleillé,culture,3,retard_vol,1,1,sejour correct mais perfectible.,7672.96,852.5511111111111,1.0,0.1113856209150329,1,1.0,0.4609944444444444,0.6554,risque_faible
2514,business,4489.41,tokyo,automne,4,appartement,1391.82,pluie,business,1,aucun,0,1,tres mauvaise experience.,3097.59,774.3975,0.0919114583333333,0.304952380952381,1,0.25,0.3977388888888888,0.3384,risque_eleve
2515,famille,11879.91,lisbonne,hiver,23,resort,881.01,variable,business,2,annulation,0,0,sejour decevant.,10998.9,478.2130434782608,1.0,0.0,0,0.45,0.3659111111111111,0.4979,risque_moyen
2516,famille,7855.05,rome,hiver,24,appartement,1193.42,nuageux,gastronomie,3,météo,0,1,sejour correct mais perfectible.,6661.63,277.5679166666667,1.0,0.0,1,0.7,0.2807999999999999,0.6977,risque_faible
2517,solo,3851.26,sydney,printemps,8,appartement,1630.99,variable,randonnée,3,annulation,1,1,sejour correct mais perfectible.,2220.2700000000004,277.53375000000005,0.0,0.3837692307692307,1,0.45,0.51555,0.4849,risque_moyen
2518,senior,3131.92,rome,printemps,8,villa,954.63,variable,gastronomie,2,météo,1,1,sejour decevant.,2177.29,272.16125,0.3163205128205127,0.0,1,0.45,0.4113722222222222,0.3719,risque_eleve
2519,senior,2423.99,tokyo,automne,8,resort,897.15,pluie,randonnée,1,météo,1,1,tres mauvaise experience.,1526.8399999999997,190.855,0.0,0.8284126984126984,0,0.25,0.3977388888888888,0.2268,risque_eleve
2520,solo,5461.63,rome,hiver,9,villa,1027.16,nuageux,randonnée,4,aucun,0,1,tres bon sejour.,4434.47,492.7188888888889,1.0,0.0,1,0.7,0.2807999999999999,0.5777,risque_moyen
2521,business,2683.2,rome,printemps,2,resort,790.43,ensoleillé,gastronomie,1,retard_vol,1,0,tres mauvaise experience.,1892.77,946.385,0.1724999999999998,0.0,0,1.0,0.4113722222222222,0.2177,risque_eleve
2522,famille,2685.99,tokyo,printemps,8,hôtel,617.84,ensoleillé,business,2,aucun,0,1,sejour decevant.,2068.15,258.51874999999995,0.0,1.0,0,1.0,0.3183611111111111,0.3382,risque_eleve
2523,business,4969.56,new york,été,5,appartement,1804.6,pluie,plage,1,météo,1,1,tres mauvaise experience.,3164.9600000000005,632.9920000000001,0.2681846153846154,0.0,0,0.25,0.4609944444444444,0.1604,risque_eleve
2524,business,6394.01,rome,été,6,villa,1083.69,nuageux,plage,3,météo,1,1,sejour correct mais perfectible.,5310.32,885.0533333333333,1.0,0.0,0,0.7,0.4642444444444444,0.4197,risque_moyen
2525,couple,3554.72,new york,hiver,6,resort,1307.48,pluie,culture,1,météo,1,0,tres mauvaise experience.,2247.24,374.54,0.0,0.0686535947712418,1,0.25,0.1832,0.3643,risque_eleve
2526,solo,5338.56,rome,printemps,11,villa,1172.35,variable,business,2,bagages,1,1,sejour decevant.,4166.210000000001,378.7463636363637,1.0,0.0,0,0.45,0.4113722222222222,0.3834,risque_eleve
2527,solo,953.7,tokyo,été,3,resort,673.63,nuageux,gastronomie,1,aucun,0,1,tres mauvaise experience.,280.07000000000005,93.35666666666668,0.0,1.0,0,0.7,0.4004166666666666,0.312,risque_eleve
2528,business,8503.03,dubaï,printemps,6,appartement,1333.75,pluie,culture,2,aucun,0,1,sejour decevant.,7169.280000000001,1194.88,1.0,0.0,0,0.25,0.6816444444444444,0.3918,risque_eleve
2529,senior,9977.31,rome,printemps,5,resort,842.58,ensoleillé,gastronomie,4,retard_vol,0,1,tres bon sejour.,9134.73,1826.946,1.0,0.0,1,1.0,0.4113722222222222,0.6294,risque_faible
2530,senior,10691.74,dubaï,automne,10,villa,870.07,ensoleillé,gastronomie,5,météo,1,1,excellent sejour.,9821.67,982.167,1.0,0.3967142857142857,1,1.0,0.6703277777777777,0.7318,risque_faible
2531,senior,9945.71,tokyo,printemps,4,villa,1253.31,nuageux,business,3,retard_vol,1,1,sejour correct mais perfectible.,8692.4,2173.1,1.0,0.4515238095238095,0,0.7,0.3183611111111111,0.4835,risque_moyen
2532,senior,13298.78,paris,automne,13,villa,938.29,nuageux,plage,2,bagages,1,0,sejour decevant.,12360.490000000002,950.8069230769232,1.0,0.0,0,0.7,0.3681277777777778,0.4082,risque_moyen
2533,famille,7846.62,rome,été,6,villa,835.82,pluie,culture,4,météo,1,1,tres bon sejour.,7010.8,1168.4666666666667,1.0,0.0,1,0.25,0.4642444444444444,0.6657,risque_faible
2534,business,6470.17,new york,automne,3,villa,1043.73,variable,plage,2,retard_vol,0,1,sejour decevant.,5426.4400000000005,1808.8133333333333,0.5567634615384615,0.4134248366013072,0,0.45,0.3630666666666667,0.3279,risque_eleve
2535,business,5750.45,paris,été,8,villa,889.45,ensoleillé,business,3,météo,1,1,sejour correct mais perfectible.,4861.0,607.625,1.0,0.0,1,1.0,0.5546333333333333,0.6466,risque_faible
2536,senior,5520.24,dubaï,automne,12,villa,1128.2,nuageux,gastronomie,3,météo,1,1,sejour correct mais perfectible.,4392.04,366.0033333333333,0.4436967213114753,0.0,1,0.7,0.6703277777777777,0.4687,risque_moyen
2537,couple,7737.43,lisbonne,printemps,17,hôtel,1579.91,ensoleillé,gastronomie,5,retard_vol,1,1,excellent sejour.,6157.52,362.2070588235295,1.0,0.0,1,1.0,0.4363388888888889,0.7524,risque_faible
2538,couple,10257.95,rome,été,13,resort,924.04,nuageux,culture,4,annulation,0,1,tres bon sejour.,9333.91,717.993076923077,1.0,0.0,1,0.7,0.4642444444444444,0.7197,risque_faible
2539,famille,7833.44,bali,hiver,11,villa,406.74,ensoleillé,,4,météo,0,1,tres bon sejour.,7426.7,675.1545454545454,0.8918225806451613,1.0,0,1.0,0.5211222222222222,0.7322,risque_faible
2540,business,2622.89,lisbonne,printemps,11,appartement,1009.26,ensoleillé,gastronomie,2,météo,1,0,sejour decevant.,1613.63,146.69363636363636,0.2767977941176469,0.0,0,1.0,0.4363388888888889,0.2499,risque_eleve
2541,couple,6484.72,bali,été,9,villa,898.88,ensoleillé,plage,4,aucun,0,1,tres bon sejour.,5585.84,620.6488888888889,0.6199032258064515,0.909294685990338,1,1.0,0.5497055555555554,0.8232,risque_faible
2542,couple,6194.21,lisbonne,hiver,11,appartement,744.22,nuageux,business,3,aucun,0,1,sejour correct mais perfectible.,5449.99,495.4536363636364,1.0,0.0,0,0.7,0.3659111111111111,0.4079,risque_moyen
2543,solo,4303.98,sydney,été,7,hôtel,1089.35,ensoleillé,business,3,retard_vol,1,0,sejour correct mais perfectible.,3214.63,459.2328571428571,0.0,0.8467094017094017,0,1.0,0.3825888888888888,0.4383,risque_moyen
2544,senior,6477.41,new york,été,6,villa,,nuageux,culture,3,aucun,0,1,sejour correct mais perfectible.,,,0.558155769230769,0.5,1,0.7,0.4609944444444444,0.5656,risque_moyen
2545,senior,7193.97,new york,hiver,14,appartement,1387.11,nuageux,business,2,aucun,0,1,sejour decevant.,5806.860000000001,414.7757142857144,0.6959557692307691,0.0,0,0.7,0.1832,0.4209,risque_moyen
2546,couple,4458.73,paris,été,4,villa,1117.42,ensoleillé,gastronomie,3,retard_vol,0,1,sejour correct mais perfectible.,3341.3099999999995,835.3274999999999,0.639502976190476,0.0,1,1.0,0.5546333333333333,0.6656,risque_faible
2547,famille,7135.58,bali,hiver,8,villa,1239.96,pluie,culture,4,retard_vol,0,1,tres bon sejour.,5895.62,736.9525,0.7511249999999999,0.5797487922705316,1,0.25,0.5211222222222222,0.7072,risque_faible
2548,couple,5618.16,paris,été,6,appartement,1036.14,ensoleillé,gastronomie,4,retard_vol,0,1,tres bon sejour.,4582.02,763.67,0.9845714285714284,0.0,1,1.0,0.5546333333333333,0.6422,risque_faible
2549,couple,11570.86,paris,printemps,24,appartement,1536.17,ensoleillé,gastronomie,3,aucun,0,0,sejour correct mais perfectible.,10034.69,418.1120833333334,1.0,0.0,1,1.0,0.3504166666666666,0.6221,risque_faible
2550,business,1162.47,tokyo,hiver,3,villa,1046.22,ensoleillé,business,3,bagages,1,1,sejour correct mais perfectible.,116.25,38.75,0.0,0.6706666666666665,1,1.0,0.1438499999999999,0.438,risque_moyen
2551,solo,500.0,bali,automne,14,appartement,,pluie,business,1,bagages,0,0,tres mauvaise experience.,,,0.0,0.5,0,0.25,0.5225333333333333,0.3027,risque_eleve
2552,business,3182.19,lisbonne,automne,7,villa,907.51,pluie,business,2,annulation,1,1,sejour decevant.,2274.6800000000003,324.95428571428573,0.482422794117647,0.0,1,0.25,0.5109277777777776,0.4064,risque_moyen
2553,business,4934.47,new york,automne,6,villa,1116.02,ensoleillé,culture,2,retard_vol,1,0,sejour decevant.,3818.45,636.4083333333334,0.2614365384615384,0.3189281045751636,0,1.0,0.3630666666666667,0.2942,risque_eleve
2554,couple,11806.32,lisbonne,automne,16,villa,925.47,ensoleillé,randonnée,4,météo,0,0,tres bon sejour.,10880.85,680.053125,1.0,0.0,0,1.0,0.5109277777777776,0.5813,risque_moyen
2555,couple,9696.39,new york,printemps,3,villa,811.15,nuageux,plage,4,bagages,0,1,tres bon sejour.,8885.24,2961.7466666666664,1.0,0.7174509803921568,1,0.7,0.3306888888888888,0.8328,risque_faible
2556,solo,5276.78,paris,hiver,6,,1207.26,pluie,culture,3,aucun,0,1,sejour correct mais perfectible.,4069.52,678.2533333333332,0.8829702380952378,0.0,1,0.25,0.17495,0.4782,risque_moyen
2557,business,6811.83,new york,automne,5,resort,618.43,ensoleillé,plage,3,retard_vol,0,1,sejour correct mais perfectible.,6193.4,1238.6799999999998,0.6224673076923076,0.969372549019608,0,1.0,0.3630666666666667,0.5123,risque_moyen
2558,senior,5515.92,dubaï,été,3,appartement,960.82,variable,plage,2,aucun,0,1,sejour decevant.,4555.1,1518.3666666666668,0.4428114754098359,0.2526666666666667,0,0.45,0.5018666666666666,0.4037,risque_moyen
2559,solo,2229.21,sydney,hiver,4,appartement,1408.17,variable,business,2,météo,0,1,sejour decevant.,821.04,205.26,0.0,0.5742136752136753,0,0.45,0.5683611111111111,0.3456,risque_eleve
2560,famille,9121.02,new york,automne,9,villa,1156.36,variable,plage,4,météo,1,1,tres bon sejour.,7964.660000000001,884.9622222222223,1.0,0.2661960784313727,1,0.45,0.3630666666666667,0.7255,risque_faible
2561,famille,8319.73,rome,été,3,villa,989.3,pluie,culture,4,météo,1,1,tres bon sejour.,7330.429999999999,2443.4766666666665,1.0,0.0,1,0.25,0.4642444444444444,0.6657,risque_faible
2562,solo,18426.95,rome,hiver,14,villa,,ensoleillé,business,4,retard_vol,1,1,tres bon sejour.,,,1.0,0.5,0,1.0,0.2807999999999999,0.5237,risque_moyen
2563,solo,1357.63,tokyo,été,8,resort,468.92,nuageux,randonnée,3,aucun,0,1,sejour correct mais perfectible.,888.71,111.08875,0.0,1.0,1,0.7,0.4004166666666666,0.492,risque_moyen
2564,senior,9719.62,new york,hiver,12,appartement,934.57,pluie,culture,5,aucun,0,1,excellent sejour.,8785.050000000001,732.0875000000001,1.0,0.5561176470588234,1,0.25,0.1832,0.7321,risque_faible
2565,business,5124.05,new york,automne,8,villa,619.43,variable,business,3,annulation,1,0,sejour correct mais perfectible.,4504.62,563.0775,0.2978942307692307,0.968065359477124,1,0.45,0.3630666666666667,0.5352,risque_moyen
2566,couple,945.77,lisbonne,hiver,7,villa,743.35,variable,business,1,retard_vol,1,1,tres mauvaise experience.,202.42,28.917142857142853,0.0,0.0,0,0.45,0.3659111111111111,0.2179,risque_eleve
2567,couple,6341.22,bali,été,6,villa,1180.94,ensoleillé,plage,4,aucun,0,1,tres bon sejour.,5160.280000000001,860.0466666666667,0.5909717741935483,0.6367729468599033,1,1.0,0.5497055555555554,0.7661,risque_faible
2568,couple,16695.55,paris,hiver,16,appartement,799.49,pluie,gastronomie,3,aucun,0,0,sejour correct mais perfectible.,15896.06,993.50375,1.0,0.0,1,0.25,0.17495,0.511,risque_moyen
2569,business,4067.45,lisbonne,hiver,4,villa,599.7,ensoleillé,business,4,retard_vol,0,0,tres bon sejour.,3467.75,866.9375,0.8078860294117646,0.0242690058479532,1,1.0,0.3659111111111111,0.5745,risque_moyen
2570,solo,3434.31,rome,printemps,7,hôtel,914.46,ensoleillé,plage,2,aucun,0,1,sejour decevant.,2519.85,359.9785714285714,0.4132403846153845,0.0,0,1.0,0.4113722222222222,0.4051,risque_moyen
2571,solo,11196.62,new york,été,12,hôtel,1093.46,nuageux,randonnée,4,bagages,1,0,tres bon sejour.,10103.16,841.93,1.0,0.3484183006535948,1,0.7,0.4609944444444444,0.782,risque_faible
2572,business,1600.35,rome,été,6,hôtel,1245.58,ensoleillé,business,2,retard_vol,1,1,sejour decevant.,354.77,59.12833333333333,0.0,0.0,1,1.0,0.4642444444444444,0.4757,risque_moyen
2573,senior,5468.56,bali,printemps,6,villa,1616.91,variable,plage,1,météo,1,1,tres mauvaise experience.,3851.650000000001,641.9416666666667,0.4150322580645161,0.2155458937198067,0,0.45,0.5140166666666667,0.2707,risque_eleve
2574,business,2750.36,paris,été,14,resort,1736.31,variable,culture,1,annulation,1,0,tres mauvaise experience.,1014.0500000000002,72.43214285714286,0.1310595238095238,0.0,0,0.45,0.5546333333333333,0.1573,risque_eleve
2575,business,,tokyo,automne,13,resort,,pluie,culture,1,aucun,0,1,tres mauvaise experience.,,,0.5,0.5,0,0.25,0.3977388888888888,0.3077,risque_eleve
2576,solo,5581.87,tokyo,automne,16,hôtel,1199.52,ensoleillé,plage,3,météo,1,1,sejour correct mais perfectible.,4382.35,273.896875,0.2815746527777776,0.5084444444444444,0,1.0,0.3977388888888888,0.4581,risque_moyen
2577,couple,1905.59,paris,automne,14,hôtel,1036.16,nuageux,randonnée,2,annulation,0,0,sejour decevant.,869.4299999999998,62.10214285714285,0.0,0.0,0,0.7,0.3681277777777778,0.2482,risque_eleve
2578,famille,724.74,bali,printemps,11,appartement,42.24,pluie,plage,4,aucun,0,0,tres bon sejour.,682.5,62.04545454545455,0.0,1.0,1,0.25,0.5140166666666667,0.5717,risque_moyen
2579,senior,9976.19,bali,été,12,villa,1440.19,ensoleillé,plage,3,météo,1,0,sejour correct mais perfectible.,8536.0,711.3333333333334,1.0,0.3862898550724638,0,1.0,0.5497055555555554,0.5355,risque_moyen
2580,solo,8201.56,tokyo,été,6,appartement,850.22,variable,randonnée,5,retard_vol,1,1,excellent sejour.,7351.339999999999,1225.2233333333331,0.7363819444444444,0.8780740740740741,1,0.45,0.4004166666666666,0.7663,risque_faible
2581,senior,10714.93,rome,hiver,23,resort,1477.36,variable,gastronomie,3,annulation,1,1,sejour correct mais perfectible.,9237.57,401.6334782608696,1.0,0.0,1,0.45,0.2807999999999999,0.5477,risque_moyen
2582,business,4310.47,dubaï,automne,11,appartement,1294.54,ensoleillé,plage,1,retard_vol,1,1,tres mauvaise experience.,3015.9300000000003,274.17545454545456,0.1957930327868852,0.0,0,1.0,0.6703277777777777,0.2553,risque_eleve
2583,solo,,bali,printemps,15,hôtel,,nuageux,culture,4,aucun,0,1,tres bon sejour.,,,0.5,0.5,1,0.7,0.5140166666666667,0.6757,risque_faible
2584,business,9783.08,rome,hiver,4,villa,874.55,ensoleillé,business,3,météo,1,1,sejour correct mais perfectible.,8908.53,2227.1325,1.0,0.0,1,1.0,0.2807999999999999,0.6137,risque_faible
2585,senior,2596.63,lisbonne,printemps,10,villa,1161.56,nuageux,culture,2,retard_vol,1,0,sejour decevant.,1435.0700000000002,143.507,0.2671433823529412,0.0,1,0.7,0.4363388888888889,0.3912,risque_eleve
2586,solo,8500.56,bali,été,11,villa,579.94,ensoleillé,plage,3,aucun,0,1,sejour correct mais perfectible.,7920.619999999999,720.0563636363636,1.0,1.0,0,1.0,0.5497055555555554,0.646,risque_faible
2587,solo,4639.41,new york,hiver,4,resort,1166.07,nuageux,gastronomie,1,aucun,0,1,tres mauvaise experience.,3473.34,868.335,0.2046942307692306,0.2535032679738562,0,0.7,0.1832,0.2089,risque_eleve
2588,senior,3313.82,dubaï,automne,16,villa,476.88,ensoleillé,plage,1,météo,1,1,tres mauvaise experience.,2836.94,177.30875,0.0,1.0,0,1.0,0.6703277777777777,0.3804,risque_eleve
2589,famille,6237.96,tokyo,printemps,16,appartement,779.68,nuageux,plage,4,aucun,0,0,tres bon sejour.,5458.28,341.1425,0.3954791666666665,0.9527195767195769,1,0.7,0.3183611111111111,0.7044,risque_faible
2590,famille,5504.97,rome,été,11,villa,1350.9,nuageux,randonnée,3,aucun,0,1,sejour correct mais perfectible.,4154.07,377.64272727272726,1.0,0.0,0,0.7,0.4642444444444444,0.5397,risque_moyen
2591,business,1901.21,rome,printemps,3,appartement,1551.52,pluie,business,1,météo,1,1,tres mauvaise experience.,349.69000000000005,116.56333333333336,0.0,0.0,1,0.25,0.4113722222222222,0.2594,risque_eleve
2592,solo,6983.29,rome,automne,4,appartement,552.07,ensoleillé,plage,4,retard_vol,0,1,tres bon sejour.,6431.22,1607.805,1.0,0.414641975308642,0,1.0,0.4660166666666667,0.6506,risque_faible
2593,famille,7050.91,paris,hiver,2,villa,1016.43,pluie,randonnée,3,annulation,0,1,sejour correct mais perfectible.,6034.48,3017.24,1.0,0.0,0,0.25,0.17495,0.451,risque_moyen
2594,solo,7092.95,new york,hiver,17,hôtel,899.36,variable,gastronomie,3,météo,0,1,sejour correct mais perfectible.,6193.59,364.32882352941175,0.676528846153846,0.6021437908496732,0,0.45,0.1832,0.4938,risque_moyen
2595,business,8956.05,lisbonne,hiver,8,resort,843.98,variable,culture,2,retard_vol,1,1,sejour decevant.,8112.07,1014.00875,1.0,0.0,0,0.45,0.3659111111111111,0.3779,risque_eleve
2596,solo,5959.35,lisbonne,automne,13,appartement,1428.62,variable,randonnée,4,météo,1,1,tres bon sejour.,4530.7300000000005,348.5176923076924,1.0,0.0,1,0.45,0.5109277777777776,0.6953,risque_faible
2597,famille,8509.8,rome,hiver,18,resort,1474.42,variable,plage,4,retard_vol,0,1,tres bon sejour.,7035.379999999999,390.8544444444444,1.0,0.0,1,0.45,0.2807999999999999,0.6677,risque_faible
2598,couple,5788.21,new york,hiver,6,resort,812.1,pluie,culture,4,météo,1,0,tres bon sejour.,4976.11,829.3516666666666,0.4256173076923076,0.7162091503267973,1,0.25,0.1832,0.6001,risque_faible
2599,couple,15175.67,new york,été,3,villa,,ensoleillé,gastronomie,5,retard_vol,0,1,excellent sejour.,,,1.0,0.5,1,1.0,0.4609944444444444,0.8453,risque_faible
2600,senior,,sydney,printemps,10,villa,,variable,culture,4,annulation,1,1,tres bon sejour.,,,0.5,0.5,1,0.45,0.51555,0.5259,risque_moyen
2601,famille,7921.87,paris,été,19,appartement,742.39,nuageux,plage,5,bagages,0,1,excellent sejour.,7179.48,377.8673684210526,1.0,0.0,1,0.7,0.5546333333333333,0.7306,risque_faible
2602,business,11564.26,rome,hiver,11,resort,1301.38,nuageux,plage,2,météo,1,1,sejour decevant.,10262.88,932.989090909091,1.0,0.0,0,0.7,0.2807999999999999,0.3977,risque_eleve
2603,famille,5717.5,lisbonne,hiver,8,villa,815.38,pluie,plage,4,retard_vol,0,0,tres bon sejour.,4902.12,612.765,1.0,0.0,1,0.25,0.3659111111111111,0.6539,risque_faible
2604,senior,13134.46,paris,printemps,10,appartement,1138.47,variable,gastronomie,4,bagages,0,1,tres bon sejour.,11995.99,1199.599,1.0,0.0,1,0.45,0.3504166666666666,0.6761,risque_faible
2605,solo,4756.12,new york,hiver,12,appartement,,pluie,culture,2,météo,0,1,sejour decevant.,,,0.2271384615384614,0.5,1,0.25,0.1832,0.5056,risque_moyen
2606,business,1795.53,tokyo,automne,1,villa,680.61,nuageux,culture,2,retard_vol,1,1,sejour decevant.,1114.92,1114.92,0.0,1.0,0,0.7,0.3977388888888888,0.3117,risque_eleve
2607,famille,3913.85,bali,printemps,16,resort,2251.48,variable,culture,2,météo,0,1,sejour decevant.,1662.37,103.898125,0.1015826612903225,0.0,1,0.45,0.5140166666666667,0.4441,risque_moyen
2608,business,4430.06,bali,été,6,appartement,1136.59,variable,plage,1,météo,1,1,tres mauvaise experience.,3293.4700000000003,548.9116666666667,0.2056572580645162,0.6796231884057973,0,0.45,0.5497055555555554,0.2999,risque_eleve
2609,solo,4005.88,paris,hiver,18,resort,913.93,variable,culture,3,annulation,1,1,sejour correct mais perfectible.,3091.9500000000003,171.775,0.5047261904761904,0.0,1,0.45,0.17495,0.3963,risque_eleve
2610,couple,9163.95,paris,été,8,hôtel,1002.22,pluie,plage,4,aucun,0,1,tres bon sejour.,8161.73,1020.21625,1.0,0.0,1,0.25,0.5546333333333333,0.6766,risque_faible
2611,couple,2891.72,dubaï,printemps,2,appartement,1358.52,variable,gastronomie,2,aucun,0,1,sejour decevant.,1533.1999999999998,766.5999999999999,0.0,0.0,1,0.45,0.6816444444444444,0.3158,risque_eleve
2612,senior,4327.04,lisbonne,printemps,6,villa,874.63,pluie,culture,3,aucun,0,1,sejour correct mais perfectible.,3452.41,575.4016666666666,0.9033235294117647,0.0,1,0.25,0.4363388888888889,0.5153,risque_moyen
2613,solo,8219.65,rome,printemps,8,appartement,879.19,nuageux,gastronomie,2,aucun,0,1,sejour decevant.,7340.459999999999,917.5575,1.0,0.0,0,0.7,0.4113722222222222,0.5334,risque_moyen
2614,famille,5406.04,tokyo,hiver,17,hôtel,846.12,variable,plage,3,aucun,0,1,sejour correct mais perfectible.,4559.92,268.23058823529414,0.251048611111111,0.8824126984126983,1,0.45,0.1438499999999999,0.4804,risque_moyen
2615,couple,5114.2,bali,printemps,6,resort,1112.8,ensoleillé,randonnée,3,météo,1,1,sejour correct mais perfectible.,4001.4,666.9,0.3435887096774193,0.702608695652174,0,1.0,0.5140166666666667,0.5244,risque_moyen
2616,couple,2682.17,dubaï,été,2,hôtel,1141.42,ensoleillé,business,2,retard_vol,1,1,sejour decevant.,1540.75,770.375,0.0,0.0,0,1.0,0.5018666666666666,0.3002,risque_eleve
2617,business,4731.2,new york,printemps,6,resort,1690.1,variable,culture,1,aucun,0,0,tres mauvaise experience.,3041.1,506.85,0.2223461538461538,0.0,0,0.45,0.3306888888888888,0.1559,risque_eleve
2618,solo,3397.09,dubaï,automne,6,appartement,1292.94,variable,plage,1,météo,0,0,tres mauvaise experience.,2104.15,350.69166666666666,0.008625,0.0,0,0.45,0.6703277777777777,0.2569,risque_eleve
2619,business,,tokyo,automne,11,resort,,pluie,culture,2,aucun,0,1,sejour decevant.,,,0.5,0.5,0,0.25,0.3977388888888888,0.3077,risque_eleve
2620,business,2844.31,new york,automne,6,appartement,982.06,nuageux,business,2,retard_vol,1,0,sejour decevant.,1862.25,310.375,0.0,0.4940392156862746,1,0.7,0.3630666666666667,0.3965,risque_eleve
2621,couple,6307.39,lisbonne,hiver,12,appartement,676.22,pluie,business,2,météo,1,0,sejour decevant.,5631.17,469.26416666666665,1.0,0.0,0,0.25,0.3659111111111111,0.3539,risque_eleve
2622,business,2441.09,dubaï,été,7,resort,914.27,variable,business,2,météo,1,1,sejour decevant.,1526.8200000000002,218.11714285714288,0.0,0.3265555555555556,1,0.45,0.5018666666666666,0.353,risque_eleve
2623,solo,5576.97,dubaï,été,11,resort,1550.12,pluie,randonnée,2,retard_vol,0,1,sejour decevant.,4026.85,366.0772727272728,0.4553217213114754,0.0,1,0.25,0.5018666666666666,0.3977,risque_eleve
2624,senior,11654.7,new york,printemps,10,hôtel,1351.8,pluie,culture,4,météo,1,1,tres bon sejour.,10302.9,1030.2900000000002,1.0,0.0107189542483662,1,0.25,0.3306888888888888,0.6516,risque_faible
2625,famille,4705.25,dubaï,printemps,15,villa,1357.89,ensoleillé,gastronomie,3,retard_vol,1,1,sejour correct mais perfectible.,3347.36,223.1573333333333,0.2766905737704918,0.0,1,1.0,0.6816444444444444,0.5793,risque_moyen
2626,senior,5722.02,paris,printemps,17,villa,1214.3,pluie,plage,2,retard_vol,0,1,sejour decevant.,4507.72,265.16,1.0,0.0,0,0.25,0.3504166666666666,0.3521,risque_eleve
2627,solo,9599.56,paris,printemps,2,villa,1295.46,nuageux,gastronomie,3,météo,0,1,sejour correct mais perfectible.,8304.099999999999,4152.049999999999,1.0,0.0,0,0.7,0.3504166666666666,0.406,risque_moyen
2628,senior,3223.85,rome,printemps,10,villa,1211.02,pluie,gastronomie,2,météo,1,1,sejour decevant.,2012.83,201.283,0.3457852564102563,0.0,1,0.25,0.4113722222222222,0.3562,risque_eleve
2629,couple,12617.79,new york,été,4,villa,,ensoleillé,plage,5,retard_vol,0,1,excellent sejour.,,,1.0,0.5,1,1.0,0.4609944444444444,0.8453,risque_faible
2630,business,1345.62,rome,été,2,villa,1211.06,variable,culture,1,bagages,1,0,tres mauvaise experience.,134.55999999999997,67.27999999999997,0.0,0.0,0,0.45,0.4642444444444444,0.1097,risque_eleve
2631,business,9059.89,lisbonne,été,22,appartement,429.95,ensoleillé,culture,3,bagages,1,0,sejour correct mais perfectible.,8629.939999999999,392.2699999999999,1.0,0.5206140350877193,0,1.0,0.5779666666666666,0.5631,risque_moyen
2632,famille,7394.2,sydney,automne,22,resort,1233.38,ensoleillé,randonnée,3,aucun,0,1,sejour correct mais perfectible.,6160.82,280.0372727272727,0.4678437499999999,0.7236068376068374,0,1.0,0.5032777777777777,0.5616,risque_moyen
2633,business,4572.36,bali,automne,4,resort,1360.68,pluie,culture,1,aucun,0,1,tres mauvaise experience.,3211.6799999999994,802.9199999999998,0.2343467741935483,0.4631111111111111,0,0.25,0.5225333333333333,0.2417,risque_eleve
2634,business,17114.83,new york,été,14,hôtel,858.06,nuageux,plage,4,aucun,0,1,tres bon sejour.,16256.770000000002,1161.1978571428574,1.0,0.6561307189542483,0,0.7,0.4609944444444444,0.6574,risque_faible
2635,senior,12217.89,lisbonne,hiver,21,appartement,848.24,pluie,plage,3,retard_vol,1,0,sejour correct mais perfectible.,11369.65,541.4119047619048,1.0,0.0,0,0.25,0.3659111111111111,0.4739,risque_moyen
2636,couple,15583.13,bali,printemps,19,resort,1480.68,variable,gastronomie,5,aucun,0,0,excellent sejour.,14102.45,742.2342105263157,1.0,0.3471690821256038,1,0.45,0.5140166666666667,0.7582,risque_faible
2637,couple,9799.75,lisbonne,automne,14,villa,940.54,variable,plage,4,bagages,1,1,tres bon sejour.,8859.21,632.8007142857142,1.0,0.0,1,0.45,0.5109277777777776,0.6953,risque_faible
2638,business,6181.39,rome,été,3,appartement,1512.5,pluie,gastronomie,2,retard_vol,1,1,sejour decevant.,4668.89,1556.2966666666669,1.0,0.0,0,0.25,0.4642444444444444,0.3657,risque_eleve
2639,business,3955.31,lisbonne,automne,7,villa,671.64,pluie,business,3,aucun,0,1,sejour correct mais perfectible.,3283.67,469.0957142857143,0.7666580882352941,0.0,1,0.25,0.5109277777777776,0.486,risque_moyen
2640,couple,7371.08,bali,été,7,villa,707.1,variable,plage,5,retard_vol,0,1,excellent sejour.,6663.98,951.9971428571428,0.7986048387096772,1.0,1,0.45,0.5497055555555554,0.8236,risque_faible
2641,couple,6944.48,paris,été,8,hôtel,1100.35,variable,gastronomie,5,météo,1,1,excellent sejour.,5844.129999999999,730.5162499999999,1.0,0.0,1,0.45,0.5546333333333333,0.7006,risque_faible
2642,senior,10878.8,dubaï,été,14,appartement,1819.32,nuageux,business,2,retard_vol,0,1,sejour decevant.,9059.48,647.1057142857143,1.0,0.0,0,0.7,0.5018666666666666,0.5442,risque_moyen
2643,solo,2961.06,lisbonne,printemps,16,resort,865.53,variable,plage,1,aucun,0,1,tres mauvaise experience.,2095.53,130.97062499999998,0.4011249999999999,0.0,0,0.45,0.4363388888888889,0.2187,risque_eleve
2644,famille,6650.13,tokyo,été,11,villa,797.72,pluie,plage,4,aucun,0,1,tres bon sejour.,5852.41,532.0372727272727,0.4670364583333333,0.9336296296296296,1,0.25,0.4004166666666666,0.6769,risque_faible
2645,business,10890.33,new york,automne,12,appartement,825.43,variable,plage,3,retard_vol,0,1,sejour correct mais perfectible.,10064.9,838.7416666666667,1.0,0.6987843137254903,0,0.45,0.3630666666666667,0.5033,risque_moyen
2646,senior,11873.32,new york,printemps,13,appartement,1339.38,variable,culture,4,bagages,1,1,tres bon sejour.,10533.94,810.3030769230768,1.0,0.026954248366013,1,0.45,0.3306888888888888,0.6785,risque_faible
2647,senior,5983.41,tokyo,printemps,18,resort,757.88,ensoleillé,culture,4,aucun,0,1,tres bon sejour.,5225.53,290.3072222222222,0.3512864583333331,0.9757883597883598,1,1.0,0.3183611111111111,0.6122,risque_faible
2648,famille,14067.6,new york,automne,18,hôtel,1105.82,pluie,culture,3,retard_vol,0,0,sejour correct mais perfectible.,12961.78,720.098888888889,1.0,0.3322614379084969,1,0.25,0.3630666666666667,0.5934,risque_moyen
2649,business,3540.93,rome,automne,10,appartement,1119.13,pluie,business,3,annulation,0,1,sejour correct mais perfectible.,2421.8,242.18,0.4474134615384614,0.0,1,0.25,0.4660166666666667,0.3912,risque_eleve
2650,senior,2185.61,tokyo,hiver,19,villa,1403.1,pluie,business,1,météo,1,0,tres mauvaise experience.,782.5100000000002,41.18473684210527,0.0,0.293015873015873,0,0.25,0.1438499999999999,0.1,risque_eleve
2651,solo,10216.15,lisbonne,printemps,18,appartement,898.88,ensoleillé,randonnée,4,bagages,1,1,tres bon sejour.,9317.27,517.6261111111112,1.0,0.0,1,1.0,0.4363388888888889,0.7524,risque_faible
2652,senior,8822.66,new york,printemps,7,villa,761.26,pluie,culture,4,retard_vol,0,0,tres bon sejour.,8061.4,1151.6285714285714,1.0,0.7826666666666667,1,0.25,0.3306888888888888,0.6706,risque_faible
2653,solo,15959.44,dubaï,été,1,hôtel,1652.3,nuageux,plage,3,aucun,0,1,sejour correct mais perfectible.,14307.14,14307.14,1.0,0.0,0,0.7,0.5018666666666666,0.5442,risque_moyen
2654,solo,,dubaï,été,11,appartement,,variable,business,2,retard_vol,1,1,sejour decevant.,,,0.5,0.5,0,0.45,0.5018666666666666,0.4642,risque_moyen
2655,senior,16712.99,new york,automne,19,appartement,1070.82,ensoleillé,culture,5,bagages,1,0,excellent sejour.,15642.170000000002,823.272105263158,1.0,0.3780130718954249,1,1.0,0.3630666666666667,0.8116,risque_faible
2656,senior,9119.25,rome,automne,16,hôtel,871.83,variable,gastronomie,4,météo,0,1,tres bon sejour.,8247.42,515.46375,1.0,0.0,1,0.45,0.4660166666666667,0.6899,risque_faible
2657,couple,14841.91,bali,hiver,3,hôtel,810.37,variable,plage,5,retard_vol,1,1,excellent sejour.,14031.54,4677.179999999999,1.0,0.9948115942028984,1,0.45,0.5211222222222222,0.8756,risque_faible
2658,business,4312.51,rome,automne,5,resort,998.64,variable,randonnée,2,retard_vol,1,0,sejour decevant.,3313.8700000000003,662.7740000000001,0.6947147435897435,0.0,0,0.45,0.4660166666666667,0.3044,risque_eleve
2659,solo,6279.81,paris,printemps,15,hôtel,1998.62,variable,culture,3,annulation,1,1,sejour correct mais perfectible.,4281.1900000000005,285.4126666666667,1.0,0.0,1,0.45,0.3504166666666666,0.6761,risque_faible
2660,business,5742.96,bali,hiver,8,villa,1411.89,variable,gastronomie,1,retard_vol,1,1,tres mauvaise experience.,4331.07,541.38375,0.4703548387096773,0.4136328502415458,0,0.45,0.5211222222222222,0.3227,risque_eleve
2661,business,3775.21,new york,printemps,8,appartement,1162.1,variable,culture,1,retard_vol,1,0,tres mauvaise experience.,2613.11,326.63875,0.038501923076923,0.2586928104575164,0,0.45,0.3306888888888888,0.151,risque_eleve
2662,couple,12168.8,bali,printemps,18,resort,1665.4,variable,gastronomie,4,aucun,0,0,tres bon sejour.,10503.4,583.5222222222222,1.0,0.168695652173913,1,0.45,0.5140166666666667,0.726,risque_faible
2663,couple,3913.08,dubaï,hiver,10,hôtel,461.86,ensoleillé,randonnée,3,bagages,0,1,sejour correct mais perfectible.,3451.22,345.122,0.1143606557377048,1.0,0,1.0,0.42075,0.5025,risque_moyen
2664,senior,12338.25,paris,hiver,17,appartement,1075.4,pluie,gastronomie,3,aucun,0,0,sejour correct mais perfectible.,11262.85,662.5205882352941,1.0,0.0,1,0.25,0.17495,0.631,risque_faible
2665,senior,3780.37,dubaï,hiver,5,hôtel,1085.08,pluie,business,1,météo,0,0,tres mauvaise experience.,2695.29,539.058,0.0871659836065573,0.0554285714285717,0,0.25,0.42075,0.2349,risque_eleve
2666,couple,7310.6,bali,automne,13,appartement,865.23,variable,culture,3,retard_vol,0,1,sejour correct mais perfectible.,6445.370000000001,495.7976923076924,0.7864112903225806,0.941806763285024,1,0.45,0.5225333333333333,0.6864,risque_faible
2667,senior,4851.96,new york,automne,4,villa,927.46,variable,gastronomie,4,météo,1,1,tres bon sejour.,3924.5,981.125,0.2455692307692307,0.5654117647058823,1,0.45,0.3630666666666667,0.4481,risque_moyen
2668,famille,10546.42,bali,automne,19,appartement,1136.63,variable,business,4,aucun,0,1,tres bon sejour.,9409.79,495.25210526315794,1.0,0.6795845410628019,0,0.45,0.5225333333333333,0.639,risque_faible
2669,solo,1929.5,lisbonne,hiver,5,resort,857.06,pluie,gastronomie,1,retard_vol,1,1,tres mauvaise experience.,1072.44,214.488,0.0218749999999999,0.0,0,0.25,0.3659111111111111,0.08,risque_eleve
2670,famille,3289.11,rome,automne,9,resort,1329.47,nuageux,culture,3,retard_vol,0,0,sejour correct mais perfectible.,1959.64,217.73777777777775,0.366701923076923,0.0,1,0.7,0.4660166666666667,0.5426,risque_moyen
2671,solo,8826.84,lisbonne,printemps,1,resort,1062.12,pluie,business,1,retard_vol,0,1,tres mauvaise experience.,7764.72,7764.72,1.0,0.0,0,0.25,0.4363388888888889,0.3624,risque_eleve
2672,famille,8209.77,bali,automne,11,hôtel,1432.97,,randonnée,2,retard_vol,1,1,sejour decevant.,6776.8,616.0727272727273,0.9676955645161291,0.3932657004830918,0,0.5,0.5225333333333333,0.4644,risque_moyen
2673,solo,8441.62,paris,printemps,10,appartement,1529.4,nuageux,gastronomie,3,aucun,0,0,sejour correct mais perfectible.,6912.220000000001,691.2220000000001,1.0,0.0,0,0.7,0.3504166666666666,0.526,risque_moyen
2674,business,2432.79,paris,hiver,6,hôtel,1261.65,nuageux,business,2,annulation,1,1,sejour decevant.,1171.14,195.19,0.0365446428571428,0.0,1,0.7,0.17495,0.4152,risque_moyen
2675,famille,7741.97,new york,été,7,hôtel,1016.62,ensoleillé,plage,4,annulation,1,1,tres bon sejour.,6725.35,960.7642857142856,0.8013403846153846,0.4488627450980392,1,1.0,0.4609944444444444,0.6605,risque_faible
2676,business,9821.09,rome,été,9,villa,1018.54,ensoleillé,business,3,aucun,0,1,sejour correct mais perfectible.,8802.55,978.061111111111,1.0,0.0,1,1.0,0.4642444444444444,0.6357,risque_faible
2677,senior,6299.39,rome,été,19,villa,1624.94,ensoleillé,plage,2,retard_vol,1,0,sejour decevant.,4674.450000000001,246.02368421052637,1.0,0.0,0,1.0,0.4642444444444444,0.4557,risque_moyen
2678,business,6891.59,lisbonne,hiver,5,resort,689.29,nuageux,gastronomie,2,annulation,1,1,sejour decevant.,6202.3,1240.46,1.0,0.0,0,0.7,0.3659111111111111,0.4079,risque_moyen
2679,famille,,new york,été,7,resort,,nuageux,plage,4,météo,0,0,tres bon sejour.,,,0.5,0.5,1,0.7,0.4609944444444444,0.6693,risque_faible
2680,couple,1268.15,bali,printemps,4,appartement,932.56,variable,gastronomie,3,retard_vol,0,0,sejour correct mais perfectible.,335.59000000000015,83.89750000000004,0.0,0.8767536231884058,1,0.45,0.5140166666666667,0.4535,risque_moyen
2681,senior,8871.59,sydney,hiver,7,villa,840.78,ensoleillé,culture,4,météo,1,1,tres bon sejour.,8030.81,1147.2585714285717,0.6986859374999999,1.0,1,1.0,0.5683611111111111,0.7438,risque_faible
2682,business,8539.78,dubaï,automne,20,villa,1261.59,nuageux,,3,aucun,0,1,sejour correct mais perfectible.,7278.19,363.9095,1.0,0.0,0,0.7,0.6703277777777777,0.4444,risque_moyen
2683,senior,5320.81,lisbonne,printemps,14,villa,853.75,nuageux,plage,2,météo,1,0,sejour decevant.,4467.06,319.0757142857143,1.0,0.0,0,0.7,0.4363388888888889,0.4164,risque_moyen
2684,solo,14405.67,dubaï,été,16,villa,1127.21,pluie,business,2,retard_vol,0,1,sejour decevant.,13278.46,829.90375,1.0,0.0,0,0.25,0.5018666666666666,0.3702,risque_eleve
2685,famille,2395.52,dubaï,automne,11,villa,,variable,randonnée,2,annulation,1,0,sejour decevant.,,,0.0,0.5,0,0.45,0.6703277777777777,0.3444,risque_eleve
2686,business,2759.17,sydney,printemps,5,villa,644.53,variable,business,2,météo,1,0,sejour decevant.,2114.6400000000003,422.92800000000005,0.0,1.0,1,0.45,0.51555,0.4759,risque_moyen
2687,famille,16400.6,paris,printemps,20,resort,1425.5,ensoleillé,culture,4,annulation,0,1,tres bon sejour.,14975.1,748.7549999999999,1.0,0.0,1,1.0,0.3504166666666666,0.7421,risque_faible
2688,senior,6458.8,lisbonne,printemps,11,villa,759.2,nuageux,plage,2,météo,1,0,sejour decevant.,5699.6,518.1454545454545,1.0,0.0,0,0.7,0.4363388888888889,0.4164,risque_moyen
2689,couple,6441.11,new york,automne,12,appartement,1007.87,ensoleillé,business,2,bagages,0,1,sejour decevant.,5433.24,452.77,0.5511749999999999,0.4603006535947712,0,1.0,0.3630666666666667,0.4008,risque_moyen
2690,famille,6214.67,rome,automne,10,resort,1216.67,pluie,gastronomie,4,aucun,0,1,tres bon sejour.,4998.0,499.8,1.0,0.0,1,0.25,0.4660166666666667,0.6659,risque_faible
2691,solo,7427.15,paris,automne,13,resort,1133.33,pluie,culture,4,bagages,0,1,tres bon sejour.,6293.82,484.14,1.0,0.0,1,0.25,0.3681277777777778,0.5342,risque_moyen
2692,business,,bali,automne,11,appartement,,pluie,plage,2,retard_vol,1,1,sejour decevant.,,,0.5,0.5,0,0.25,0.5225333333333333,0.3227,risque_eleve
2693,couple,2239.91,dubaï,printemps,7,resort,1037.64,ensoleillé,gastronomie,3,aucun,0,1,sejour correct mais perfectible.,1202.2699999999998,171.7528571428571,0.0,0.1307301587301588,1,1.0,0.6816444444444444,0.5253,risque_moyen
2694,famille,,new york,automne,11,resort,,variable,culture,4,bagages,0,1,tres bon sejour.,,,0.5,0.5,1,0.45,0.3630666666666667,0.6276,risque_faible
2695,solo,4464.78,dubaï,automne,5,appartement,907.4,ensoleillé,culture,4,retard_vol,1,1,tres bon sejour.,3557.38,711.4759999999999,0.2274139344262293,0.3374603174603175,1,1.0,0.6703277777777777,0.6249,risque_faible
2696,solo,6899.66,new york,printemps,8,hôtel,1236.05,nuageux,plage,3,météo,1,1,sejour correct mais perfectible.,5663.61,707.95125,0.6393576923076921,0.1620261437908499,0,0.7,0.3306888888888888,0.4519,risque_moyen
2697,senior,9559.58,rome,automne,7,villa,1438.88,ensoleillé,plage,2,aucun,0,1,sejour decevant.,8120.7,1160.1,1.0,0.0,0,1.0,0.4660166666666667,0.4559,risque_moyen
2698,couple,6976.33,rome,automne,6,villa,1205.95,nuageux,plage,4,aucun,0,1,tres bon sejour.,5770.38,961.73,1.0,0.0,1,0.7,0.4660166666666667,0.7199,risque_faible
2699,business,8353.68,new york,printemps,13,resort,354.42,nuageux,randonnée,4,météo,0,1,tres bon sejour.,7999.26,615.3276923076924,0.9189769230769232,1.0,0,0.7,0.3306888888888888,0.561,risque_moyen
2700,senior,11528.27,rome,été,8,villa,986.74,pluie,plage,2,bagages,0,1,sejour decevant.,10541.53,1317.69125,1.0,0.0,0,0.25,0.4642444444444444,0.3657,risque_eleve
2701,famille,7402.14,rome,hiver,24,appartement,1392.25,nuageux,culture,3,météo,0,1,sejour correct mais perfectible.,6009.89,250.41208333333336,1.0,0.0,1,0.7,0.2807999999999999,0.6977,risque_faible
2702,couple,2090.04,lisbonne,hiver,14,villa,821.95,ensoleillé,gastronomie,2,bagages,0,0,sejour decevant.,1268.09,90.57785714285714,0.0808970588235293,0.0,1,1.0,0.3659111111111111,0.4866,risque_moyen
2703,couple,11807.02,bali,automne,11,villa,926.48,variable,randonnée,4,météo,0,1,tres bon sejour.,10880.54,989.14,1.0,0.8826280193236714,0,0.45,0.5225333333333333,0.6756,risque_faible
2704,senior,11063.78,sydney,hiver,9,villa,711.26,ensoleillé,culture,5,météo,1,1,excellent sejour.,10352.52,1150.28,1.0,1.0,1,1.0,0.5683611111111111,0.8282,risque_faible
2705,famille,8633.28,rome,automne,17,appartement,1253.89,pluie,plage,3,météo,1,1,sejour correct mais perfectible.,7379.39,434.0817647058824,1.0,0.0,1,0.25,0.4660166666666667,0.6659,risque_faible
2706,business,7184.1,sydney,été,19,villa,1931.52,ensoleillé,culture,1,bagages,0,1,tres mauvaise experience.,5252.58,276.45157894736843,0.4350156249999999,0.1269059829059828,0,1.0,0.3825888888888888,0.3106,risque_eleve
2707,famille,8101.61,bali,printemps,1,appartement,735.53,ensoleillé,randonnée,4,aucun,0,1,tres bon sejour.,7366.08,7366.08,0.9458891129032256,1.0,0,1.0,0.5140166666666667,0.7465,risque_faible
2708,business,5968.85,paris,printemps,6,hôtel,1683.51,pluie,culture,2,météo,0,1,sejour decevant.,4285.34,714.2233333333334,1.0,0.0,0,0.25,0.3504166666666666,0.472,risque_moyen
2709,solo,8027.15,bali,hiver,5,villa,1195.01,nuageux,gastronomie,4,aucun,0,1,tres bon sejour.,6832.139999999999,1366.428,0.9308770161290322,0.6231787439613528,0,0.7,0.5211222222222222,0.5194,risque_moyen
2710,solo,5219.02,lisbonne,automne,12,resort,1633.2,variable,randonnée,3,météo,1,1,sejour correct mais perfectible.,3585.8200000000006,298.8183333333334,1.0,0.0,1,0.45,0.5109277777777776,0.5753,risque_moyen
2711,senior,10576.17,paris,été,10,hôtel,1212.68,pluie,culture,4,météo,1,1,tres bon sejour.,9363.49,936.349,1.0,0.0,1,0.25,0.5546333333333333,0.6766,risque_faible
2712,solo,12679.74,new york,printemps,15,resort,1084.84,pluie,gastronomie,2,aucun,0,0,sejour decevant.,11594.9,772.9933333333333,1.0,0.359686274509804,0,0.25,0.3306888888888888,0.4144,risque_moyen
2713,senior,9143.79,lisbonne,printemps,19,villa,1102.23,ensoleillé,plage,2,aucun,0,1,sejour decevant.,8041.560000000001,423.24000000000007,1.0,0.0,0,1.0,0.4363388888888889,0.4524,risque_moyen
2714,solo,5378.08,lisbonne,printemps,14,appartement,844.59,ensoleillé,plage,3,météo,1,1,sejour correct mais perfectible.,4533.49,323.82071428571425,1.0,0.0,0,1.0,0.4363388888888889,0.5724,risque_moyen
2715,famille,1952.17,rome,hiver,5,appartement,977.29,nuageux,plage,1,retard_vol,1,0,tres mauvaise experience.,974.88,194.97600000000003,0.0,0.0,1,0.7,0.2807999999999999,0.4177,risque_moyen
2716,couple,2747.1,tokyo,printemps,14,hôtel,421.39,nuageux,randonnée,2,bagages,0,1,sejour decevant.,2325.71,166.12214285714285,0.0,1.0,0,0.7,0.3183611111111111,0.4222,risque_moyen
2717,solo,5972.99,bali,printemps,9,villa,,nuageux,culture,2,aucun,0,1,sejour decevant.,,,0.5167318548387095,0.5,1,0.7,0.5140166666666667,0.5604,risque_moyen
2718,business,4956.15,lisbonne,hiver,15,appartement,1128.97,ensoleillé,culture,1,aucun,0,1,tres mauvaise experience.,3827.18,255.1453333333333,1.0,0.0,0,1.0,0.3659111111111111,0.4439,risque_moyen
2719,famille,8001.09,lisbonne,printemps,19,villa,1025.81,variable,randonnée,2,aucun,0,1,sejour decevant.,6975.280000000001,367.12000000000006,1.0,0.0,0,0.45,0.4363388888888889,0.5064,risque_moyen
2720,business,9073.63,lisbonne,été,5,villa,1236.89,nuageux,business,4,météo,1,1,tres bon sejour.,7836.739999999999,1567.3479999999995,1.0,0.0,1,0.7,0.5779666666666666,0.6134,risque_faible
2721,solo,11319.44,bali,automne,17,villa,1423.45,ensoleillé,plage,3,météo,0,1,sejour correct mais perfectible.,9895.99,582.1170588235294,1.0,0.402463768115942,0,1.0,0.5225333333333333,0.5351,risque_moyen
2722,business,7165.6,dubaï,hiver,11,villa,845.46,ensoleillé,gastronomie,3,aucun,0,1,sejour correct mais perfectible.,6320.14,574.5581818181819,0.7808606557377048,0.4357777777777778,0,1.0,0.42075,0.4676,risque_moyen
2723,famille,5752.61,new york,printemps,5,villa,1252.74,ensoleillé,culture,4,retard_vol,1,1,tres bon sejour.,4499.87,899.9739999999999,0.4187711538461537,0.1402091503267974,1,1.0,0.3306888888888888,0.6022,risque_faible
2724,couple,1564.33,lisbonne,automne,14,hôtel,956.31,variable,randonnée,2,annulation,0,0,sejour decevant.,608.02,43.43,0.0,0.0,0,0.45,0.5109277777777776,0.2353,risque_eleve
2725,business,5457.39,new york,été,8,villa,944.61,pluie,business,2,annulation,1,1,sejour decevant.,4512.780000000001,564.0975000000001,0.3619980769230769,0.5429934640522877,1,0.25,0.4609944444444444,0.4644,risque_moyen
2726,senior,5056.32,bali,été,12,hôtel,988.89,ensoleillé,culture,4,aucun,0,1,tres bon sejour.,4067.43,338.9525,0.3319193548387096,0.822328502415459,1,1.0,0.5497055555555554,0.7269,risque_faible
2727,solo,7594.25,bali,automne,22,appartement,1207.4,,culture,5,retard_vol,0,1,excellent sejour.,6386.85,290.31136363636364,0.8435987903225806,0.611207729468599,1,0.5,0.5225333333333333,0.7689,risque_faible
2728,couple,9076.24,bali,printemps,15,resort,1379.21,variable,randonnée,3,bagages,1,1,sejour correct mais perfectible.,7697.03,513.1353333333333,1.0,0.4452077294685991,0,0.45,0.5140166666666667,0.5958,risque_moyen
2729,business,5853.06,new york,été,3,appartement,880.74,variable,business,3,annulation,1,0,sejour correct mais perfectible.,4972.320000000001,1657.4400000000005,0.4380884615384615,0.6264836601307191,1,0.45,0.4609944444444444,0.5248,risque_moyen
2730,business,3353.25,rome,été,5,hôtel,1579.06,ensoleillé,business,4,météo,0,0,tres bon sejour.,1774.19,354.838,0.3872596153846153,0.0,1,1.0,0.4642444444444444,0.5841,risque_moyen
2731,couple,6980.99,bali,été,6,hôtel,1195.03,ensoleillé,plage,4,aucun,0,1,tres bon sejour.,5785.96,964.3266666666668,0.7199576612903225,0.6231594202898552,1,1.0,0.5497055555555554,0.7997,risque_faible
2732,couple,2296.15,dubaï,printemps,4,hôtel,1145.16,ensoleillé,plage,2,météo,0,0,sejour decevant.,1150.99,287.7475,0.0,0.0,1,1.0,0.6816444444444444,0.5018,risque_moyen
2733,senior,7098.36,dubaï,été,2,villa,573.31,pluie,gastronomie,3,retard_vol,1,1,sejour correct mais perfectible.,6525.049999999999,3262.525,0.7670819672131146,0.8677619047619048,1,0.25,0.5018666666666666,0.6412,risque_faible
2734,business,5801.44,rome,automne,6,appartement,792.77,variable,culture,2,retard_vol,0,1,sejour decevant.,5008.67,834.7783333333333,1.0,0.0,0,0.45,0.4660166666666667,0.3899,risque_eleve
2735,senior,9447.22,rome,automne,16,appartement,1507.65,pluie,culture,4,météo,0,0,tres bon sejour.,7939.57,496.223125,1.0,0.0,1,0.25,0.4660166666666667,0.6659,risque_faible
2736,solo,6750.39,sydney,hiver,13,villa,1351.21,nuageux,randonnée,3,aucun,0,1,sejour correct mais perfectible.,5399.18,415.32153846153847,0.3672484374999999,0.6228974358974358,1,0.7,0.5683611111111111,0.5472,risque_moyen
2737,famille,14433.68,bali,printemps,8,appartement,1298.82,ensoleillé,culture,5,aucun,0,1,excellent sejour.,13134.86,1641.8575,1.0,0.5228792270531402,1,1.0,0.5140166666666667,0.8558,risque_faible
2738,solo,12616.15,new york,été,10,hôtel,928.92,nuageux,randonnée,5,bagages,1,0,excellent sejour.,11687.23,1168.723,1.0,0.5635032679738563,1,0.7,0.4609944444444444,0.8207,risque_faible
2739,famille,18735.51,new york,hiver,20,hôtel,825.96,nuageux,culture,4,bagages,0,1,tres bon sejour.,17909.55,895.4775,1.0,0.6980915032679738,1,0.7,0.1832,0.6916,risque_faible
2740,famille,15212.69,rome,été,12,hôtel,38.99,variable,gastronomie,5,retard_vol,1,1,excellent sejour.,15173.7,1264.475,1.0,1.0,1,0.45,0.4642444444444444,0.7497,risque_faible
2741,senior,12926.42,paris,printemps,13,hôtel,914.05,nuageux,culture,5,aucun,0,1,excellent sejour.,12012.37,924.0284615384616,1.0,0.0,1,0.7,0.3504166666666666,0.7061,risque_faible
2742,famille,7215.46,new york,hiver,5,appartement,2203.88,ensoleillé,plage,3,bagages,0,1,sejour correct mais perfectible.,5011.58,1002.316,0.7000884615384614,0.0,1,1.0,0.1832,0.638,risque_faible
2743,business,7073.52,rome,été,13,villa,1059.6,pluie,culture,3,aucun,0,1,sejour correct mais perfectible.,6013.92,462.6092307692308,1.0,0.0,0,0.25,0.4642444444444444,0.3657,risque_eleve
2744,business,5540.56,new york,printemps,1,villa,794.78,ensoleillé,plage,2,aucun,0,1,sejour decevant.,4745.780000000001,4745.780000000001,0.3779923076923076,0.7388496732026144,0,1.0,0.3306888888888888,0.3985,risque_eleve
2745,famille,2051.56,dubaï,printemps,27,,865.72,ensoleillé,culture,3,météo,1,0,sejour correct mais perfectible.,1185.84,43.92,0.0,0.4036190476190476,1,1.0,0.6816444444444444,0.4544,risque_moyen
2746,solo,6139.58,bali,hiver,16,villa,1467.19,variable,randonnée,3,annulation,1,1,sejour correct mais perfectible.,4672.389999999999,292.024375,0.5503185483870967,0.3602028985507247,1,0.45,0.5211222222222222,0.5155,risque_moyen
2747,business,11893.08,lisbonne,été,7,appartement,818.09,ensoleillé,,2,retard_vol,0,1,sejour decevant.,11074.99,1582.1414285714286,1.0,0.0,0,1.0,0.5779666666666666,0.4694,risque_moyen
2748,couple,6784.72,new york,hiver,8,,981.62,nuageux,plage,2,météo,1,1,sejour decevant.,5803.1,725.3875,0.6172538461538463,0.4946143790849674,1,0.7,0.1832,0.5478,risque_moyen
2749,solo,4081.22,rome,printemps,8,villa,1121.68,pluie,plage,1,bagages,1,0,tres mauvaise experience.,2959.54,369.9425,0.6205833333333333,0.0,0,0.25,0.4113722222222222,0.2531,risque_eleve
2750,business,1547.9,sydney,printemps,7,hôtel,1009.61,nuageux,business,3,météo,0,0,sejour correct mais perfectible.,538.2900000000001,76.89857142857144,0.0,0.9148632478632478,1,0.7,0.51555,0.6105,risque_faible
2751,business,,paris,printemps,7,hôtel,,ensoleillé,plage,3,aucun,0,1,sejour correct mais perfectible.,,,0.5,0.5,0,1.0,0.3504166666666666,0.512,risque_moyen
2752,couple,6118.13,lisbonne,printemps,8,resort,674.06,pluie,culture,4,météo,0,0,tres bon sejour.,5444.07,680.50875,1.0,0.0,1,0.25,0.4363388888888889,0.6624,risque_faible
2753,senior,6885.06,rome,été,18,resort,1215.85,ensoleillé,culture,3,météo,1,0,sejour correct mais perfectible.,5669.210000000001,314.9561111111112,1.0,0.0,1,1.0,0.4642444444444444,0.6357,risque_faible
2754,couple,7705.04,sydney,automne,10,villa,749.37,nuageux,gastronomie,4,annulation,1,1,tres bon sejour.,6955.67,695.567,0.5164124999999999,1.0,1,0.7,0.5032777777777777,0.769,risque_faible
2755,solo,13162.45,new york,été,15,appartement,892.51,pluie,culture,4,bagages,0,1,tres bon sejour.,12269.94,817.996,1.0,0.6110980392156862,1,0.25,0.4609944444444444,0.7753,risque_faible
2756,business,2191.66,bali,printemps,6,appartement,1220.32,pluie,business,2,bagages,0,1,sejour decevant.,971.34,161.89,0.0,0.5987246376811595,1,0.25,0.5140166666666667,0.3795,risque_eleve
2757,solo,11441.31,lisbonne,hiver,11,hôtel,1046.07,variable,culture,4,météo,1,1,tres bon sejour.,10395.24,945.0218181818182,1.0,0.0,1,0.45,0.3659111111111111,0.6779,risque_faible
2758,senior,10769.75,lisbonne,automne,2,,873.84,pluie,business,2,annulation,1,1,sejour decevant.,9895.91,4947.955,1.0,0.0,0,0.25,0.5109277777777776,0.3713,risque_eleve
2759,solo,12633.28,paris,printemps,9,appartement,1304.3,variable,plage,4,bagages,1,1,tres bon sejour.,11328.98,1258.7755555555557,1.0,0.0,0,0.45,0.3504166666666666,0.496,risque_moyen
2760,couple,6952.65,bali,été,8,villa,1202.75,ensoleillé,randonnée,3,retard_vol,1,1,sejour correct mais perfectible.,5749.9,718.7375,0.7142439516129031,0.6157004830917875,0,1.0,0.5497055555555554,0.6168,risque_faible
2761,couple,6487.63,sydney,été,9,hôtel,1507.02,ensoleillé,randonnée,3,retard_vol,1,0,sejour correct mais perfectible.,4980.610000000001,553.4011111111112,0.3261921874999999,0.4897264957264957,0,1.0,0.3825888888888888,0.4654,risque_moyen
2762,couple,11176.84,bali,automne,19,appartement,1529.37,pluie,plage,3,retard_vol,1,0,sejour correct mais perfectible.,9647.47,507.7615789473685,1.0,0.3001256038647344,1,0.25,0.5225333333333333,0.6067,risque_faible
2763,business,10895.26,dubaï,automne,9,resort,1065.85,ensoleillé,culture,3,annulation,1,1,sejour correct mais perfectible.,9829.41,1092.1566666666668,1.0,0.0859523809523812,0,1.0,0.6703277777777777,0.4959,risque_moyen
2764,senior,7670.95,new york,printemps,13,villa,1199.87,nuageux,culture,3,aucun,0,1,sejour correct mais perfectible.,6471.08,497.7753846153846,0.7876826923076921,0.2093202614379088,1,0.7,0.3306888888888888,0.5619,risque_moyen
2765,senior,5931.48,lisbonne,automne,8,resort,1043.52,ensoleillé,gastronomie,4,aucun,0,1,tres bon sejour.,4887.959999999999,610.9949999999999,1.0,0.0,1,1.0,0.5109277777777776,0.6413,risque_faible
2766,senior,3750.71,dubaï,été,18,hôtel,1066.9,ensoleillé,,2,retard_vol,1,1,sejour decevant.,2683.81,149.10055555555556,0.0810881147540983,0.0842857142857143,0,1.0,0.5018666666666666,0.3381,risque_eleve
2767,famille,10230.08,bali,printemps,14,hôtel,1486.68,variable,plage,3,bagages,1,1,sejour correct mais perfectible.,8743.4,624.5285714285714,1.0,0.3413719806763284,1,0.45,0.5140166666666667,0.6371,risque_faible
2768,couple,7796.19,sydney,automne,14,appartement,793.86,pluie,randonnée,3,météo,1,1,sejour correct mais perfectible.,7002.33,500.1664285714286,0.5306546874999998,1.0,0,0.25,0.5032777777777777,0.419,risque_moyen
2769,couple,8133.03,bali,été,7,villa,850.62,pluie,culture,5,retard_vol,0,1,excellent sejour.,7282.41,1040.3442857142857,0.9522237903225804,0.9559227053140096,1,0.25,0.5497055555555554,0.8347,risque_faible
2770,senior,7320.87,lisbonne,printemps,14,resort,980.51,nuageux,culture,4,météo,0,0,tres bon sejour.,6340.36,452.8828571428571,1.0,0.0,1,0.7,0.4363388888888889,0.5964,risque_moyen
2771,senior,17941.52,new york,automne,18,villa,337.36,pluie,gastronomie,5,retard_vol,1,1,excellent sejour.,17604.16,978.0088888888888,1.0,1.0,1,0.25,0.3630666666666667,0.7136,risque_faible
2772,famille,10433.02,lisbonne,été,21,appartement,1276.99,nuageux,plage,5,aucun,0,1,excellent sejour.,9156.03,436.0014285714286,1.0,0.0,1,0.7,0.5779666666666666,0.7334,risque_faible
2773,solo,2284.61,lisbonne,automne,1,hôtel,620.31,pluie,gastronomie,1,annulation,1,1,tres mauvaise experience.,1664.3000000000002,1664.3000000000002,0.1524301470588235,0.0,0,0.25,0.5109277777777776,0.254,risque_eleve
2774,famille,12914.13,rome,été,18,hôtel,27.37,variable,gastronomie,4,retard_vol,1,1,tres bon sejour.,12886.759999999998,715.931111111111,1.0,1.0,1,0.45,0.4642444444444444,0.7497,risque_faible
2775,business,3605.2,new york,printemps,5,resort,1378.1,variable,culture,1,aucun,0,0,tres mauvaise experience.,2227.1,445.42,0.0058076923076921,0.0,0,0.45,0.3306888888888888,0.0953,risque_eleve
2776,business,2984.3,rome,hiver,6,resort,961.89,pluie,culture,1,bagages,0,1,tres mauvaise experience.,2022.4100000000003,337.0683333333334,0.2690064102564102,0.0,0,0.25,0.2807999999999999,0.139,risque_eleve
2777,business,13240.92,new york,automne,13,hôtel,896.61,ensoleillé,,4,annulation,1,1,tres bon sejour.,12344.31,949.5623076923076,1.0,0.6057385620915032,0,1.0,0.3630666666666667,0.6726,risque_faible
2778,couple,9255.11,sydney,automne,12,villa,1439.62,nuageux,gastronomie,5,annulation,1,1,excellent sejour.,7815.490000000001,651.2908333333334,0.7586109375,0.5473333333333334,1,0.7,0.5032777777777777,0.7553,risque_faible
2779,business,4339.55,tokyo,été,13,appartement,674.4,ensoleillé,culture,2,aucun,0,0,sejour decevant.,3665.15,281.93461538461537,0.0658940972222221,1.0,0,1.0,0.4004166666666666,0.3665,risque_eleve
2780,solo,13053.86,rome,hiver,2,villa,444.87,nuageux,culture,4,annulation,1,1,tres bon sejour.,12608.99,6304.495,1.0,0.6793333333333333,1,0.7,0.2807999999999999,0.7,risque_faible
2781,senior,12783.25,paris,printemps,10,appartement,1259.7,nuageux,randonnée,4,aucun,0,1,tres bon sejour.,11523.55,1152.355,1.0,0.0,0,0.7,0.3504166666666666,0.526,risque_moyen
2782,couple,6105.7,sydney,été,9,villa,1622.21,ensoleillé,gastronomie,2,bagages,1,1,sejour decevant.,4483.49,498.1655555555556,0.2665156249999998,0.3912735042735042,1,1.0,0.3825888888888888,0.611,risque_faible
2783,business,8933.64,rome,automne,11,hôtel,1208.56,variable,culture,2,bagages,0,1,sejour decevant.,7725.08,702.28,1.0,0.0,0,0.45,0.4660166666666667,0.5099,risque_moyen
2784,famille,3451.76,new york,hiver,4,appartement,1291.34,pluie,gastronomie,2,aucun,0,0,sejour decevant.,2160.42,540.105,0.0,0.0897516339869283,1,0.25,0.1832,0.3681,risque_eleve
2785,solo,3941.59,bali,été,19,appartement,1794.66,pluie,gastronomie,1,retard_vol,0,0,tres mauvaise experience.,2146.9300000000003,112.9963157894737,0.1071754032258064,0.043806763285024,0,0.25,0.5497055555555554,0.2539,risque_eleve
2786,business,4093.69,lisbonne,été,4,villa,841.81,ensoleillé,culture,2,retard_vol,1,0,sejour decevant.,3251.88,812.97,0.817533088235294,0.0,0,1.0,0.5779666666666666,0.4183,risque_moyen
2787,famille,11808.08,new york,automne,18,hôtel,761.6,pluie,culture,3,retard_vol,0,0,sejour correct mais perfectible.,11046.48,613.6933333333333,1.0,0.7822222222222222,1,0.25,0.3630666666666667,0.6744,risque_faible
2788,business,2394.31,dubaï,été,7,appartement,1896.27,variable,culture,1,météo,1,0,tres mauvaise experience.,498.04,71.14857142857143,0.0,0.0,0,0.45,0.5018666666666666,0.1142,risque_eleve
2789,senior,4045.79,sydney,printemps,11,appartement,1037.83,nuageux,randonnée,3,retard_vol,1,0,sejour correct mais perfectible.,3007.96,273.4509090909091,0.0,0.8907435897435898,0,0.7,0.51555,0.4262,risque_moyen
2790,famille,6127.17,tokyo,été,11,villa,1114.37,ensoleillé,plage,4,aucun,0,0,tres bon sejour.,5012.8,455.70909090909095,0.3762447916666667,0.5985502645502647,1,1.0,0.4004166666666666,0.6811,risque_faible
2791,famille,5611.25,rome,été,9,villa,1021.83,variable,plage,4,météo,0,1,tres bon sejour.,4589.42,509.93555555555554,1.0,0.0,1,0.45,0.4642444444444444,0.6897,risque_faible
2792,solo,5414.29,lisbonne,hiver,9,resort,427.16,nuageux,culture,4,retard_vol,1,0,tres bon sejour.,4987.13,554.1255555555556,1.0,0.5287719298245614,1,0.7,0.3659111111111111,0.6831,risque_faible
2793,solo,2276.97,lisbonne,automne,5,hôtel,749.56,pluie,gastronomie,1,annulation,1,1,tres mauvaise experience.,1527.41,305.482,0.1496213235294116,0.0,0,0.25,0.5109277777777776,0.2532,risque_eleve
2794,famille,5038.86,dubaï,automne,13,appartement,1800.26,pluie,culture,2,aucun,0,1,sejour decevant.,3238.5999999999995,249.1230769230769,0.3450532786885245,0.0,1,0.25,0.6703277777777777,0.5071,risque_moyen
2795,business,8149.84,new york,printemps,19,hôtel,1329.57,ensoleillé,randonnée,3,météo,1,1,sejour correct mais perfectible.,6820.27,358.9615789473684,0.8797769230769231,0.0397777777777778,0,1.0,0.3306888888888888,0.5332,risque_moyen
2796,business,1214.51,tokyo,hiver,3,appartement,1093.06,pluie,business,2,bagages,0,1,sejour decevant.,121.45000000000005,40.48333333333335,0.0,0.6211005291005292,1,0.25,0.1438499999999999,0.3391,risque_eleve
2797,famille,3613.09,bali,automne,1,resort,899.73,variable,randonnée,2,météo,1,1,sejour decevant.,2713.36,2713.36,0.0409455645161289,0.9084734299516908,0,0.45,0.5225333333333333,0.4117,risque_moyen
2798,senior,3590.32,bali,automne,7,villa,1450.79,ensoleillé,culture,2,retard_vol,1,1,sejour decevant.,2139.53,305.6471428571429,0.0363548387096773,0.376048309178744,1,1.0,0.5225333333333333,0.4406,risque_moyen
2799,solo,2075.53,paris,printemps,22,hôtel,1020.56,pluie,culture,1,retard_vol,1,0,tres mauvaise experience.,1054.9700000000005,47.95318181818183,0.0,0.0,1,0.25,0.3504166666666666,0.372,risque_eleve
2800,business,2540.26,rome,hiver,9,appartement,1050.7,nuageux,business,1,bagages,0,1,tres mauvaise experience.,1489.5600000000002,165.5066666666667,0.1266858974358974,0.0,1,0.7,0.2807999999999999,0.3332,risque_eleve
2801,solo,8121.68,sydney,printemps,13,resort,976.54,nuageux,randonnée,4,météo,1,0,tres bon sejour.,7145.14,549.6261538461539,0.5815124999999999,0.9431282051282052,1,0.7,0.51555,0.6585,risque_faible
2802,business,2192.5,lisbonne,automne,3,villa,737.8,pluie,business,1,annulation,1,1,tres mauvaise experience.,1454.7,484.9,0.1185661764705882,0.0,1,0.25,0.5109277777777776,0.3045,risque_eleve
2803,business,7695.37,bali,printemps,15,appartement,706.84,variable,culture,3,météo,1,1,sejour correct mais perfectible.,6988.53,465.902,0.8639858870967739,1.0,0,0.45,0.5140166666666667,0.5376,risque_moyen
2804,business,6339.96,rome,automne,14,hôtel,1759.69,ensoleillé,,4,retard_vol,1,1,tres bon sejour.,4580.27,327.1621428571429,1.0,0.0,0,1.0,0.4660166666666667,0.5759,risque_moyen
2805,solo,7024.36,lisbonne,automne,15,hôtel,1051.94,variable,gastronomie,3,météo,1,0,sejour correct mais perfectible.,5972.42,398.16133333333335,1.0,0.0,0,0.45,0.5109277777777776,0.5153,risque_moyen
2806,solo,2575.72,paris,hiver,6,,1161.11,pluie,culture,1,aucun,0,1,tres mauvaise experience.,1414.61,235.7683333333333,0.0790833333333332,0.0,1,0.25,0.17495,0.2531,risque_eleve
2807,business,5591.78,new york,automne,9,resort,687.59,variable,plage,2,retard_vol,0,1,sejour decevant.,4904.19,544.91,0.3878423076923076,0.8789673202614379,0,0.45,0.3630666666666667,0.3644,risque_eleve
2808,senior,17240.94,new york,automne,17,hôtel,323.92,variable,gastronomie,5,retard_vol,1,1,excellent sejour.,16917.02,995.1188235294118,1.0,1.0,1,0.45,0.3630666666666667,0.8576,risque_faible
2809,solo,2174.73,new york,automne,5,hôtel,936.96,variable,plage,1,bagages,1,0,tres mauvaise experience.,1237.77,247.554,0.0,0.5529934640522876,0,0.45,0.3630666666666667,0.3171,risque_eleve
2810,famille,5907.48,paris,hiver,3,villa,1206.25,pluie,gastronomie,3,annulation,0,1,sejour correct mais perfectible.,4701.23,1567.0766666666666,1.0,0.0,1,0.25,0.17495,0.631,risque_faible
2811,famille,6907.46,new york,automne,13,villa,1459.82,nuageux,randonnée,2,météo,1,1,sejour decevant.,5447.64,419.0492307692308,0.6408576923076922,0.0,0,0.7,0.3630666666666667,0.427,risque_moyen
2812,famille,6058.22,rome,hiver,8,resort,1470.87,nuageux,culture,4,météo,0,0,tres bon sejour.,4587.35,573.41875,1.0,0.0,1,0.7,0.2807999999999999,0.6977,risque_faible
2813,business,11775.02,rome,été,10,villa,922.86,ensoleillé,business,3,aucun,0,1,sejour correct mais perfectible.,10852.16,1085.216,1.0,0.0,1,1.0,0.4642444444444444,0.6357,risque_faible
2814,couple,6720.08,paris,été,3,hôtel,470.1,nuageux,culture,5,météo,0,1,excellent sejour.,6249.98,2083.3266666666664,1.0,0.2853968253968254,1,0.7,0.5546333333333333,0.7819,risque_faible
2815,senior,5812.86,tokyo,automne,11,resort,965.31,,culture,3,météo,1,1,sejour correct mais perfectible.,4847.549999999999,440.6863636363636,0.3216770833333332,0.7562857142857142,1,0.5,0.3977388888888888,0.5139,risque_moyen
2816,business,11964.85,rome,été,18,hôtel,1139.45,nuageux,plage,4,retard_vol,1,1,tres bon sejour.,10825.4,601.411111111111,1.0,0.0,0,0.7,0.4642444444444444,0.5397,risque_moyen
2817,senior,4116.46,sydney,automne,13,,1301.44,pluie,business,1,bagages,0,1,tres mauvaise experience.,2815.02,216.54,0.0,0.6654358974358975,0,0.25,0.5032777777777777,0.2102,risque_eleve
2818,business,7014.73,dubaï,été,13,resort,1288.58,variable,plage,2,retard_vol,1,1,sejour decevant.,5726.15,440.4730769230769,0.7499446721311472,0.0,0,0.45,0.5018666666666666,0.3242,risque_eleve
2819,senior,4972.28,lisbonne,été,10,hôtel,1104.83,pluie,culture,3,aucun,0,1,sejour correct mais perfectible.,3867.45,386.745,1.0,0.0,1,0.25,0.5779666666666666,0.6794,risque_faible
2820,senior,7264.32,lisbonne,printemps,9,villa,1238.96,nuageux,plage,3,météo,1,0,sejour correct mais perfectible.,6025.36,669.4844444444444,1.0,0.0,0,0.7,0.4363388888888889,0.4164,risque_moyen
2821,business,2864.7,rome,été,8,appartement,1193.72,ensoleillé,culture,1,annulation,0,0,tres mauvaise experience.,1670.9799999999998,208.8725,0.2306730769230768,0.0,0,1.0,0.4642444444444444,0.2403,risque_eleve
2822,business,1843.58,rome,été,5,resort,1362.33,variable,culture,1,bagages,1,0,tres mauvaise experience.,481.25,96.25,0.0,0.0,0,0.45,0.4642444444444444,0.1097,risque_eleve
2823,couple,9208.06,paris,printemps,15,appartement,383.36,ensoleillé,culture,4,bagages,0,1,tres bon sejour.,8824.699999999999,588.3133333333333,1.0,0.5607619047619048,1,1.0,0.3504166666666666,0.723,risque_faible
2824,couple,3596.62,rome,automne,13,villa,1377.36,nuageux,culture,2,aucun,0,1,sejour decevant.,2219.26,170.71230769230772,0.4652628205128203,0.0,1,0.7,0.4660166666666667,0.5702,risque_moyen
2825,solo,2267.86,sydney,hiver,2,appartement,1484.34,variable,business,2,météo,0,1,sejour decevant.,783.5200000000002,391.7600000000001,0.0,0.5091111111111113,0,0.45,0.5683611111111111,0.3338,risque_eleve
2826,couple,,rome,automne,5,villa,,ensoleillé,randonnée,3,retard_vol,1,1,sejour correct mais perfectible.,,,0.5,0.5,0,1.0,0.4660166666666667,0.5259,risque_moyen
2827,business,2664.08,rome,printemps,1,resort,1082.64,ensoleillé,plage,1,retard_vol,1,0,tres mauvaise experience.,1581.4399999999998,1581.4399999999998,0.1663717948717948,0.0,0,1.0,0.4113722222222222,0.2159,risque_eleve
2828,famille,10332.6,dubaï,hiver,12,appartement,,ensoleillé,business,3,aucun,0,1,sejour correct mais perfectible.,,,1.0,0.5,0,1.0,0.42075,0.6605,risque_faible
2829,senior,11405.23,tokyo,été,1,appartement,27.63,variable,randonnée,4,annulation,1,1,tres bon sejour.,11377.6,11377.6,1.0,1.0,0,0.45,0.4004166666666666,0.6821,risque_faible
2830,senior,,tokyo,printemps,6,resort,,ensoleillé,gastronomie,4,retard_vol,0,1,tres bon sejour.,,,0.5,0.5,1,1.0,0.3183611111111111,0.5682,risque_moyen
2831,business,2581.93,paris,été,14,hôtel,1403.2,variable,culture,1,annulation,1,0,tres mauvaise experience.,1178.7299999999998,84.19499999999998,0.0809315476190475,0.0,0,0.45,0.5546333333333333,0.2632,risque_eleve
2832,famille,13149.76,new york,printemps,19,appartement,515.25,ensoleillé,culture,5,retard_vol,1,0,excellent sejour.,12634.51,664.9742105263158,1.0,1.0,1,1.0,0.3306888888888888,0.9197,risque_faible
2833,business,3416.26,new york,printemps,1,hôtel,753.01,ensoleillé,business,4,annulation,1,0,tres bon sejour.,2663.25,2663.25,0.0,0.7934509803921568,1,1.0,0.3306888888888888,0.6025,risque_faible
2834,couple,5245.92,new york,printemps,6,resort,1159.41,ensoleillé,gastronomie,3,météo,1,1,sejour correct mais perfectible.,4086.51,681.085,0.3213307692307691,0.2622091503267972,1,1.0,0.3306888888888888,0.5969,risque_moyen
2835,solo,13995.41,new york,printemps,12,resort,1201.63,nuageux,plage,3,retard_vol,1,1,sejour correct mais perfectible.,12793.78,1066.1483333333333,1.0,0.2070196078431372,0,0.7,0.3306888888888888,0.4409,risque_moyen
2836,couple,14945.89,new york,hiver,18,appartement,1150.7,nuageux,gastronomie,4,retard_vol,1,1,tres bon sejour.,13795.19,766.3994444444444,1.0,0.27359477124183,1,0.7,0.1832,0.6152,risque_faible
2837,senior,12280.61,bali,automne,17,hôtel,1414.38,ensoleillé,plage,4,météo,1,1,tres bon sejour.,10866.23,639.1899999999999,1.0,0.4112270531400966,0,1.0,0.5225333333333333,0.6567,risque_faible
2838,solo,7123.02,new york,automne,10,villa,1157.1,pluie,gastronomie,2,retard_vol,1,1,sejour decevant.,5965.92,596.592,0.6823115384615386,0.2652287581699347,0,0.25,0.3630666666666667,0.3124,risque_eleve
2839,business,18898.5,rome,automne,17,hôtel,1006.57,variable,culture,4,bagages,0,1,tres bon sejour.,17891.93,1052.466470588235,1.0,0.0,0,0.45,0.4660166666666667,0.5099,risque_moyen
2840,couple,12364.67,bali,été,15,resort,879.06,nuageux,culture,5,retard_vol,1,1,excellent sejour.,11485.61,765.7073333333334,1.0,0.9284444444444444,1,0.7,0.5497055555555554,0.8971,risque_faible
2841,famille,4277.77,lisbonne,été,8,villa,680.61,ensoleillé,plage,4,météo,0,1,tres bon sejour.,3597.1600000000003,449.645,0.8852095588235295,0.0,1,1.0,0.5779666666666666,0.7372,risque_faible
2842,senior,12940.73,new york,printemps,8,hôtel,970.08,pluie,culture,4,météo,1,1,tres bon sejour.,11970.65,1496.33125,1.0,0.5096993464052286,1,0.25,0.3306888888888888,0.7414,risque_faible
2843,business,4388.95,tokyo,été,16,appartement,753.89,ensoleillé,culture,2,aucun,0,0,sejour decevant.,3635.06,227.19125,0.074470486111111,0.980010582010582,0,1.0,0.4004166666666666,0.3653,risque_eleve
2844,business,9681.54,lisbonne,été,18,hôtel,432.04,ensoleillé,culture,4,bagages,1,0,tres bon sejour.,9249.5,513.8611111111111,1.0,0.5145029239766081,0,1.0,0.5779666666666666,0.682,risque_faible
2845,business,5097.82,tokyo,automne,7,appartement,1433.49,pluie,business,1,aucun,0,1,tres mauvaise experience.,3664.33,523.4757142857143,0.1975381944444443,0.2608571428571429,1,0.25,0.3977388888888888,0.36,risque_eleve
2846,famille,8418.16,lisbonne,automne,9,resort,697.66,ensoleillé,plage,5,météo,1,0,excellent sejour.,7720.5,857.8333333333334,1.0,0.0,1,1.0,0.5109277777777776,0.7613,risque_faible
2847,senior,14603.95,rome,été,7,villa,1278.74,pluie,plage,2,bagages,0,1,sejour decevant.,13325.21,1903.6014285714289,1.0,0.0,0,0.25,0.4642444444444444,0.3657,risque_eleve
2848,senior,5252.92,tokyo,printemps,17,hôtel,724.92,pluie,gastronomie,3,annulation,1,0,sejour correct mais perfectible.,4528.0,266.3529411764706,0.2244652777777776,1.0,1,0.25,0.3183611111111111,0.6111,risque_faible
2849,solo,4360.96,lisbonne,été,4,resort,981.34,ensoleillé,plage,3,météo,1,1,sejour correct mais perfectible.,3379.62,844.905,0.9157941176470588,0.0,0,1.0,0.5779666666666666,0.4458,risque_moyen
2850,senior,8957.25,lisbonne,été,14,hôtel,1021.49,ensoleillé,plage,3,météo,1,0,sejour correct mais perfectible.,7935.76,566.84,1.0,0.0,0,1.0,0.5779666666666666,0.5894,risque_moyen
2851,senior,10037.87,bali,été,7,villa,1018.94,variable,business,3,météo,1,1,sejour correct mais perfectible.,9018.93,1288.4185714285716,1.0,0.793294685990338,0,0.45,0.5497055555555554,0.5428,risque_moyen
2852,famille,14332.87,new york,été,15,villa,991.36,variable,gastronomie,5,annulation,1,1,excellent sejour.,13341.51,889.434,1.0,0.4818823529411763,1,0.45,0.4609944444444444,0.7761,risque_faible
2853,couple,2052.98,lisbonne,printemps,6,appartement,834.03,nuageux,plage,1,aucun,0,0,tres mauvaise experience.,1218.95,203.15833333333333,0.0672720588235294,0.0,1,0.7,0.4363388888888889,0.3352,risque_eleve
2854,solo,6806.99,lisbonne,été,3,hôtel,1604.62,,culture,4,météo,1,1,tres bon sejour.,5202.37,1734.1233333333332,1.0,0.0,1,0.5,0.5779666666666666,0.7094,risque_faible
2855,couple,13902.3,bali,hiver,8,villa,1299.26,pluie,gastronomie,5,bagages,0,1,excellent sejour.,12603.04,1575.38,1.0,0.5224541062801933,1,0.25,0.5211222222222222,0.7666,risque_faible
2856,business,4659.04,tokyo,été,7,hôtel,813.37,variable,culture,3,bagages,0,1,sejour correct mais perfectible.,3845.67,549.3814285714286,0.1213611111111111,0.917068783068783,0,0.45,0.4004166666666666,0.4211,risque_moyen
2857,business,12388.01,rome,automne,11,hôtel,1161.31,variable,culture,3,bagages,0,1,sejour correct mais perfectible.,11226.7,1020.6090909090908,1.0,0.0,0,0.45,0.4660166666666667,0.5099,risque_moyen
2858,solo,10475.5,bali,automne,13,villa,1822.3,ensoleillé,plage,2,météo,0,1,sejour decevant.,8653.2,665.6307692307693,1.0,0.0171014492753625,0,1.0,0.5225333333333333,0.4658,risque_moyen
2859,solo,7108.41,sydney,printemps,20,hôtel,806.97,ensoleillé,randonnée,4,annulation,1,1,tres bon sejour.,6301.44,315.072,0.4231890624999999,1.0,1,1.0,0.51555,0.7804,risque_faible
2860,solo,9911.21,paris,printemps,17,hôtel,2010.15,variable,culture,4,annulation,1,1,tres bon sejour.,7901.059999999999,464.7682352941176,1.0,0.0,1,0.45,0.3504166666666666,0.6761,risque_faible
2861,solo,3637.26,sydney,été,5,resort,1137.51,ensoleillé,business,2,retard_vol,1,0,sejour decevant.,2499.75,499.95,0.0,0.8055470085470086,0,1.0,0.3825888888888888,0.3109,risque_eleve
2862,solo,11772.11,bali,printemps,14,appartement,1354.08,pluie,business,4,météo,0,0,tres bon sejour.,10418.03,744.1450000000001,1.0,0.4694879227053141,0,0.25,0.5140166666666667,0.5762,risque_moyen
2863,business,1166.79,tokyo,automne,7,appartement,535.06,nuageux,culture,1,retard_vol,1,1,tres mauvaise experience.,631.73,90.24714285714286,0.0,1.0,0,0.7,0.3977388888888888,0.3117,risque_eleve
2864,business,7594.5,rome,été,37,hôtel,1258.68,nuageux,gastronomie,3,météo,1,1,sejour correct mais perfectible.,6335.82,171.23837837837837,1.0,0.0,0,0.7,0.4642444444444444,0.5397,risque_moyen
2865,solo,4512.65,new york,printemps,5,appartement,1034.25,nuageux,randonnée,3,météo,0,1,sejour correct mais perfectible.,3478.4,695.68,0.1803173076923075,0.4258169934640523,1,0.7,0.3306888888888888,0.5508,risque_moyen
2866,senior,43472.78,rome,printemps,7,resort,1368.19,nuageux,business,2,météo,0,1,sejour decevant.,42104.59,6014.941428571428,1.0,0.0,0,0.7,0.4113722222222222,0.4134,risque_moyen
2867,business,4209.85,bali,automne,6,resort,1184.92,pluie,culture,1,aucun,0,1,tres mauvaise experience.,3024.9300000000003,504.155,0.1612600806451612,0.6329275362318839,0,0.25,0.5225333333333333,0.2518,risque_eleve
2868,solo,6821.46,rome,automne,13,appartement,1576.4,pluie,business,3,retard_vol,1,1,sejour correct mais perfectible.,5245.06,403.4661538461538,1.0,0.0,0,0.25,0.4660166666666667,0.4859,risque_moyen
2869,solo,11612.95,new york,automne,11,villa,1433.47,pluie,gastronomie,3,météo,1,1,sejour correct mais perfectible.,10179.48,925.4072727272728,1.0,0.0,0,0.25,0.3630666666666667,0.3536,risque_eleve
2870,famille,19920.68,new york,printemps,7,hôtel,655.92,nuageux,randonnée,4,aucun,0,1,tres bon sejour.,19264.76,2752.108571428572,1.0,0.9203660130718954,0,0.7,0.3306888888888888,0.5693,risque_moyen
2871,famille,8055.91,bali,printemps,7,appartement,1679.36,nuageux,business,2,annulation,1,1,sejour decevant.,6376.55,910.9357142857144,0.9366754032258064,0.1552077294685993,0,0.7,0.5140166666666667,0.5559,risque_moyen
2872,famille,21433.54,new york,été,20,villa,1460.18,ensoleillé,plage,5,aucun,0,0,excellent sejour.,19973.36,998.668,1.0,0.0,1,1.0,0.4609944444444444,0.7553,risque_faible
2873,couple,14544.19,paris,printemps,23,appartement,1246.85,ensoleillé,gastronomie,4,aucun,0,0,tres bon sejour.,13297.34,578.1452173913043,1.0,0.0,1,1.0,0.3504166666666666,0.6221,risque_faible
2874,business,5162.23,paris,printemps,6,hôtel,1001.62,pluie,randonnée,2,météo,0,1,sejour decevant.,4160.61,693.435,0.848877976190476,0.0,0,0.25,0.3504166666666666,0.4297,risque_moyen
2875,famille,2390.27,dubaï,automne,12,villa,,variable,randonnée,2,annulation,1,0,sejour decevant.,,,0.0,0.5,0,0.45,0.6703277777777777,0.3444,risque_eleve
2876,business,12564.27,bali,hiver,5,villa,1600.11,ensoleillé,culture,3,retard_vol,1,1,sejour correct mais perfectible.,10964.16,2192.832,1.0,0.2317777777777778,0,1.0,0.5211222222222222,0.5043,risque_moyen
2877,senior,6017.93,new york,hiver,5,villa,1366.18,variable,plage,1,bagages,1,1,tres mauvaise experience.,4651.75,930.35,0.4697942307692307,0.0,0,0.45,0.1832,0.2075,risque_eleve
2878,famille,9929.35,new york,automne,13,villa,1282.12,nuageux,plage,4,retard_vol,0,1,tres bon sejour.,8647.23,665.1715384615384,1.0,0.1018039215686276,1,0.7,0.3630666666666667,0.7259,risque_faible
2879,solo,2665.97,paris,printemps,20,resort,1436.72,pluie,,1,retard_vol,1,0,tres mauvaise experience.,1229.2499999999998,61.46249999999999,0.1059434523809522,0.0,0,0.25,0.3504166666666666,0.1017,risque_eleve
2880,business,9068.45,sydney,hiver,1,villa,1146.19,nuageux,randonnée,3,retard_vol,1,1,sejour correct mais perfectible.,7922.26,7922.26,0.7294453125,0.798128205128205,0,0.7,0.5683611111111111,0.5001,risque_moyen
2881,senior,22108.16,paris,automne,21,appartement,1782.14,pluie,gastronomie,4,bagages,1,0,tres bon sejour.,20326.02,967.9057142857145,1.0,0.0,1,0.25,0.3681277777777778,0.6542,risque_faible
2882,solo,2067.32,sydney,printemps,5,appartement,1050.92,variable,randonnée,2,annulation,1,1,sejour decevant.,1016.4,203.28000000000003,0.0,0.8795555555555555,1,0.45,0.51555,0.5742,risque_moyen
2883,solo,8153.98,bali,automne,12,resort,1327.69,pluie,gastronomie,2,annulation,1,0,sejour decevant.,6826.289999999999,568.8575,0.9564475806451612,0.4949855072463768,0,0.25,0.5225333333333333,0.4496,risque_moyen
2884,senior,7463.26,tokyo,automne,22,appartement,726.54,nuageux,gastronomie,4,retard_vol,1,1,tres bon sejour.,6736.72,306.2145454545455,0.6082048611111109,1.0,1,0.7,0.3977388888888888,0.782,risque_faible
2885,business,1494.95,sydney,printemps,3,resort,688.07,pluie,gastronomie,1,aucun,0,1,tres mauvaise experience.,806.88,268.96,0.0,1.0,0,0.25,0.51555,0.2719,risque_eleve
2886,business,8476.87,lisbonne,automne,12,appartement,1345.48,ensoleillé,plage,3,météo,0,1,sejour correct mais perfectible.,7131.390000000001,594.2825000000001,1.0,0.0,0,1.0,0.5109277777777776,0.4613,risque_moyen
2887,solo,3730.65,rome,été,6,hôtel,1113.1,ensoleillé,randonnée,4,annulation,1,0,tres bon sejour.,2617.55,436.2583333333334,0.5082211538461537,0.0,1,1.0,0.4642444444444444,0.618,risque_faible
2888,couple,7742.31,lisbonne,printemps,17,appartement,1448.99,variable,culture,3,aucun,0,1,sejour correct mais perfectible.,6293.320000000001,370.1952941176471,1.0,0.0,1,0.45,0.4363388888888889,0.5664,risque_moyen
2889,business,,paris,printemps,15,villa,,nuageux,business,3,aucun,0,1,sejour correct mais perfectible.,,,0.5,0.5,1,0.7,0.3504166666666666,0.536,risque_moyen
2890,couple,3595.36,lisbonne,hiver,8,resort,958.17,ensoleillé,plage,3,aucun,0,1,sejour correct mais perfectible.,2637.19,329.64875,0.6343235294117646,0.0,1,1.0,0.3659111111111111,0.6415,risque_faible
2891,solo,,new york,automne,8,villa,,nuageux,randonnée,3,aucun,0,0,sejour correct mais perfectible.,,,0.5,0.5,1,0.7,0.3630666666666667,0.5376,risque_moyen
2892,solo,,dubaï,été,10,appartement,,pluie,business,3,retard_vol,1,1,sejour correct mais perfectible.,,,0.5,0.5,0,0.25,0.5018666666666666,0.4402,risque_moyen
2893,solo,3204.19,tokyo,automne,13,resort,764.47,nuageux,gastronomie,1,aucun,0,1,tres mauvaise experience.,2439.7200000000003,187.67076923076925,0.0,0.9688148148148148,0,0.7,0.3977388888888888,0.3061,risque_eleve
2894,business,6290.74,tokyo,été,7,,971.18,pluie,randonnée,2,aucun,0,1,sejour decevant.,5319.56,759.9371428571428,0.404642361111111,0.7500740740740741,0,0.25,0.4004166666666666,0.3264,risque_eleve
2895,business,3563.0,new york,été,19,appartement,1023.4,ensoleillé,plage,1,retard_vol,1,1,tres mauvaise experience.,2539.6,133.66315789473683,0.0,0.44,0,1.0,0.4609944444444444,0.2545,risque_eleve
2896,couple,5115.25,sydney,automne,3,hôtel,1396.66,nuageux,plage,4,aucun,0,0,tres bon sejour.,3718.59,1239.53,0.1117578124999998,0.584051282051282,1,0.7,0.5032777777777777,0.5808,risque_moyen
2897,senior,13283.37,paris,été,11,villa,1750.03,pluie,culture,3,météo,1,0,sejour correct mais perfectible.,11533.34,1048.4854545454546,1.0,0.0,1,0.25,0.5546333333333333,0.5566,risque_moyen
2898,senior,12875.73,bali,automne,9,hôtel,713.76,variable,culture,5,bagages,0,1,excellent sejour.,12161.97,1351.33,1.0,1.0,1,0.45,0.5225333333333333,0.8767,risque_faible
2899,business,2584.33,lisbonne,printemps,13,appartement,900.07,variable,plage,1,météo,1,0,tres mauvaise experience.,1684.2599999999998,129.55846153846153,0.2626213235294117,0.0,0,0.45,0.4363388888888889,0.1799,risque_eleve
2900,business,8747.77,new york,été,10,resort,1268.81,ensoleillé,gastronomie,2,annulation,1,1,sejour decevant.,7478.960000000001,747.8960000000001,0.9947634615384616,0.119202614379085,0,1.0,0.4609944444444444,0.4753,risque_moyen
2901,business,6047.83,new york,été,19,appartement,1238.05,ensoleillé,culture,2,retard_vol,1,1,sejour decevant.,4809.78,253.14631578947368,0.4755442307692306,0.1594117647058824,0,1.0,0.4609944444444444,0.3372,risque_eleve
2902,solo,1752.39,dubaï,automne,2,hôtel,1281.5,ensoleillé,culture,3,retard_vol,1,1,sejour correct mais perfectible.,470.8900000000001,235.44500000000005,0.0,0.0,1,1.0,0.6703277777777777,0.5004,risque_moyen
2903,solo,10866.53,paris,hiver,12,villa,1217.44,ensoleillé,culture,3,bagages,1,0,sejour correct mais perfectible.,9649.09,804.0908333333333,1.0,0.0,1,1.0,0.17495,0.601,risque_faible
2904,solo,1316.3,rome,automne,13,appartement,950.02,variable,gastronomie,1,retard_vol,1,0,tres mauvaise experience.,366.28,28.17538461538461,0.0,0.0,0,0.45,0.4660166666666667,0.2299,risque_eleve
2905,famille,5575.51,lisbonne,automne,9,resort,900.54,ensoleillé,gastronomie,4,météo,1,0,tres bon sejour.,4674.97,519.4411111111111,1.0,0.0,1,1.0,0.5109277777777776,0.7613,risque_faible
2906,famille,13541.24,rome,été,18,hôtel,26.44,variable,gastronomie,5,retard_vol,1,1,excellent sejour.,13514.8,750.8222222222222,1.0,1.0,1,0.45,0.4642444444444444,0.7497,risque_faible
2907,famille,9898.73,rome,printemps,44,villa,930.37,variable,gastronomie,4,annulation,1,1,tres bon sejour.,8968.359999999999,203.8263636363636,1.0,0.0,1,0.45,0.4113722222222222,0.6834,risque_faible
2908,solo,6370.6,new york,hiver,12,resort,,variable,business,2,météo,0,1,sejour decevant.,,,0.5376153846153845,0.5,0,0.45,0.1832,0.3165,risque_eleve
2909,business,10981.6,new york,printemps,3,appartement,,ensoleillé,plage,3,bagages,0,1,sejour correct mais perfectible.,,,1.0,0.5,0,1.0,0.3306888888888888,0.5297,risque_moyen
2910,solo,4001.61,tokyo,été,12,resort,928.23,variable,plage,2,météo,0,1,sejour decevant.,3073.38,256.115,0.0072239583333333,0.7955238095238094,0,0.45,0.4004166666666666,0.2473,risque_eleve
2911,senior,,sydney,printemps,11,villa,,ensoleillé,culture,3,annulation,1,1,sejour correct mais perfectible.,,,0.5,0.5,1,1.0,0.51555,0.5919,risque_moyen
2912,couple,8956.44,dubaï,été,14,appartement,1846.85,ensoleillé,culture,5,météo,1,1,excellent sejour.,7109.59,507.8278571428572,1.0,0.0,1,1.0,0.5018666666666666,0.6402,risque_faible
2913,business,3852.11,tokyo,été,16,appartement,1141.69,variable,randonnée,1,bagages,1,1,tres mauvaise experience.,2710.42,169.40125,0.0,0.5696402116402116,0,0.45,0.4004166666666666,0.2046,risque_eleve
2914,solo,11606.79,lisbonne,été,16,resort,1015.87,variable,culture,4,bagages,1,0,tres bon sejour.,10590.92,661.9325,1.0,0.0,1,0.45,0.5779666666666666,0.5834,risque_moyen
2915,famille,7749.67,rome,automne,12,resort,1334.68,pluie,plage,4,aucun,0,1,tres bon sejour.,6414.99,534.5825,1.0,0.0,1,0.25,0.4660166666666667,0.6659,risque_faible
2916,solo,6106.91,tokyo,hiver,3,villa,,variable,business,1,météo,1,1,tres mauvaise experience.,,,0.3727274305555554,0.5,0,0.45,0.1438499999999999,0.2656,risque_eleve
2917,solo,16535.82,lisbonne,automne,9,hôtel,1459.99,ensoleillé,plage,4,météo,1,1,tres bon sejour.,15075.83,1675.0922222222223,1.0,0.0,0,1.0,0.5109277777777776,0.5813,risque_moyen
2918,business,6264.51,new york,automne,9,villa,1192.18,nuageux,gastronomie,2,retard_vol,1,0,sejour decevant.,5072.33,563.5922222222222,0.5172134615384616,0.2193725490196079,0,0.7,0.3630666666666667,0.3119,risque_eleve
2919,business,16194.09,new york,été,11,appartement,1341.89,nuageux,plage,3,aucun,0,1,sejour correct mais perfectible.,14852.2,1350.2,1.0,0.0236732026143789,0,0.7,0.4609944444444444,0.4236,risque_moyen
2920,famille,12276.75,rome,printemps,4,resort,1180.16,variable,culture,4,aucun,0,1,tres bon sejour.,11096.59,2774.1475,1.0,0.0,1,0.45,0.4113722222222222,0.6834,risque_faible
2921,business,2207.61,tokyo,été,5,hôtel,516.75,ensoleillé,business,4,météo,1,0,tres bon sejour.,1690.86,338.172,0.0,1.0,1,1.0,0.4004166666666666,0.648,risque_faible
2922,famille,,bali,automne,7,resort,,nuageux,culture,4,météo,1,1,tres bon sejour.,,,0.5,0.5,1,0.7,0.5225333333333333,0.6767,risque_faible
2923,senior,16150.84,tokyo,printemps,15,villa,1047.54,pluie,business,3,bagages,0,1,sejour correct mais perfectible.,15103.3,1006.8866666666668,1.0,0.6692698412698413,0,0.25,0.3183611111111111,0.4687,risque_moyen
2924,famille,7952.74,dubaï,printemps,12,appartement,1256.13,ensoleillé,randonnée,4,annulation,1,1,tres bon sejour.,6696.61,558.0508333333333,0.9421598360655736,0.0,0,1.0,0.6816444444444444,0.5856,risque_moyen
2925,senior,10564.87,rome,hiver,7,villa,1376.73,ensoleillé,,2,météo,1,1,sejour decevant.,9188.14,1312.5914285714289,1.0,0.0,0,1.0,0.2807999999999999,0.4337,risque_moyen
2926,senior,5790.29,tokyo,printemps,7,villa,1181.61,variable,plage,1,retard_vol,0,1,tres mauvaise experience.,4608.68,658.3828571428572,0.3177586805555554,0.5273968253968255,0,0.45,0.3183611111111111,0.2761,risque_eleve
2927,famille,8249.57,sydney,hiver,14,villa,1195.33,ensoleillé,randonnée,4,retard_vol,0,1,tres bon sejour.,7054.24,503.8742857142857,0.6014953125,0.7561282051282052,0,1.0,0.5683611111111111,0.6127,risque_faible
2928,solo,14278.84,new york,printemps,10,hôtel,1232.98,pluie,plage,3,météo,1,1,sejour correct mais perfectible.,13045.86,1304.586,1.0,0.1660392156862745,0,0.25,0.3306888888888888,0.4996,risque_moyen
2929,couple,8186.04,new york,hiver,5,villa,1409.02,pluie,gastronomie,4,annulation,0,1,tres bon sejour.,6777.02,1355.404,0.8867384615384616,0.0,1,0.25,0.1832,0.6003,risque_faible
2930,famille,,new york,automne,10,villa,,variable,culture,4,bagages,0,1,tres bon sejour.,,,0.5,0.5,1,0.45,0.3630666666666667,0.6276,risque_faible
2931,solo,14629.44,dubaï,été,4,appartement,1498.94,ensoleillé,culture,4,aucun,0,1,tres bon sejour.,13130.5,3282.625,1.0,0.0,1,1.0,0.5018666666666666,0.7602,risque_faible
2932,couple,914.35,new york,hiver,9,villa,689.95,ensoleillé,,2,météo,1,0,sejour decevant.,224.4,24.93333333333333,0.0,0.8758823529411763,0,1.0,0.1832,0.4196,risque_moyen
2933,business,5258.25,tokyo,automne,7,appartement,1050.48,pluie,business,2,aucun,0,1,sejour decevant.,4207.77,601.11,0.2253906249999999,0.6661587301587301,1,0.25,0.3977388888888888,0.4407,risque_moyen
2934,solo,3678.24,lisbonne,automne,14,resort,1103.73,variable,randonnée,2,météo,1,1,sejour decevant.,2574.51,183.89357142857145,0.6647941176470586,0.0,1,0.45,0.5109277777777776,0.4815,risque_moyen
2935,senior,14946.22,new york,automne,20,villa,315.89,pluie,gastronomie,4,retard_vol,1,1,tres bon sejour.,14630.33,731.5165,1.0,1.0,1,0.25,0.3630666666666667,0.7136,risque_faible
2936,business,3641.72,paris,été,13,villa,1355.21,ensoleillé,culture,2,annulation,1,0,sejour decevant.,2286.51,175.8853846153846,0.396345238095238,0.0,0,1.0,0.5546333333333333,0.2975,risque_eleve
2937,senior,9121.81,lisbonne,printemps,12,hôtel,788.9,variable,gastronomie,4,bagages,1,1,tres bon sejour.,8332.91,694.4091666666667,1.0,0.0,1,0.45,0.4363388888888889,0.6864,risque_faible
2938,famille,3816.96,lisbonne,hiver,14,villa,879.02,pluie,randonnée,1,bagages,1,0,tres mauvaise experience.,2937.94,209.85285714285715,0.7157941176470589,0.0,0,0.25,0.3659111111111111,0.3943,risque_eleve
2939,couple,8319.58,paris,automne,14,hôtel,1722.01,variable,plage,3,annulation,1,1,sejour correct mais perfectible.,6597.57,471.255,1.0,0.0,1,0.45,0.3681277777777778,0.6782,risque_faible
2940,business,6605.79,dubaï,hiver,9,hôtel,1026.4,,randonnée,3,aucun,0,1,sejour correct mais perfectible.,5579.389999999999,619.9322222222222,0.6661454918032785,0.1485714285714284,0,0.5,0.42075,0.4438,risque_moyen
2941,senior,9940.33,dubaï,printemps,21,appartement,2220.87,variable,culture,4,annulation,1,0,tres bon sejour.,7719.46,367.59333333333336,1.0,0.0,1,0.45,0.6816444444444444,0.7158,risque_faible
2942,solo,11394.94,lisbonne,hiver,18,hôtel,830.56,nuageux,culture,4,météo,1,1,tres bon sejour.,10564.38,586.9100000000001,1.0,0.0,1,0.7,0.3659111111111111,0.7079,risque_faible
2943,business,5248.04,new york,printemps,14,resort,464.82,pluie,randonnée,1,météo,0,1,tres mauvaise experience.,4783.22,341.65857142857146,0.3217384615384615,1.0,0,0.25,0.3306888888888888,0.3398,risque_eleve
2944,business,4434.92,rome,hiver,4,villa,1122.52,variable,business,3,météo,0,0,sejour correct mais perfectible.,3312.4,828.1,0.7339487179487177,0.0,1,0.45,0.2807999999999999,0.4732,risque_moyen
2945,couple,10567.31,new york,printemps,15,hôtel,1078.21,variable,randonnée,3,retard_vol,1,0,sejour correct mais perfectible.,9489.1,632.6066666666666,1.0,0.3683529411764704,0,0.45,0.3306888888888888,0.56,risque_moyen
2946,solo,4285.3,dubaï,printemps,11,villa,1227.64,pluie,business,1,météo,1,1,tres mauvaise experience.,3057.66,277.9690909090909,0.1906352459016393,0.0,0,0.25,0.6816444444444444,0.1652,risque_eleve
2947,solo,16724.02,lisbonne,automne,10,hôtel,2360.46,ensoleillé,plage,4,météo,1,1,tres bon sejour.,14363.56,1436.3560000000002,1.0,0.0,0,1.0,0.5109277777777776,0.5813,risque_moyen
2948,couple,3797.5,dubaï,été,6,appartement,1256.34,nuageux,randonnée,2,aucun,0,1,sejour decevant.,2541.16,423.5266666666666,0.0906762295081967,0.0,0,0.7,0.5018666666666666,0.1696,risque_eleve
2949,solo,2385.03,lisbonne,printemps,4,appartement,1011.45,variable,culture,2,météo,1,0,sejour decevant.,1373.5800000000002,343.39500000000004,0.1893492647058824,0.0,1,0.45,0.4363388888888889,0.4594,risque_moyen
2950,solo,2644.23,dubaï,automne,3,villa,1206.38,nuageux,randonnée,2,bagages,1,1,sejour decevant.,1437.85,479.2833333333333,0.0,0.0,1,0.7,0.6703277777777777,0.3444,risque_eleve
2951,senior,12651.96,bali,printemps,17,villa,632.53,ensoleillé,plage,3,météo,1,1,sejour correct mais perfectible.,12019.429999999998,707.0252941176469,1.0,1.0,0,1.0,0.5140166666666667,0.6417,risque_faible
2952,famille,13970.37,tokyo,automne,10,villa,1037.89,nuageux,randonnée,4,météo,1,1,tres bon sejour.,12932.48,1293.248,1.0,0.6794814814814814,0,0.7,0.3977388888888888,0.654,risque_faible
2953,business,6281.84,paris,printemps,6,appartement,1467.86,variable,gastronomie,2,aucun,0,1,sejour decevant.,4813.9800000000005,802.33,1.0,0.0,0,0.45,0.3504166666666666,0.376,risque_eleve
2954,business,1017.72,tokyo,hiver,1,villa,785.25,ensoleillé,business,3,bagages,1,1,sejour correct mais perfectible.,232.47000000000003,232.47000000000003,0.0,0.9468253968253968,1,1.0,0.1438499999999999,0.4877,risque_moyen
2955,famille,16104.04,bali,été,18,villa,1156.8,ensoleillé,plage,5,annulation,0,0,excellent sejour.,14947.240000000002,830.4022222222223,1.0,0.6600966183574879,1,1.0,0.5497055555555554,0.8848,risque_faible
2956,senior,10343.29,lisbonne,printemps,17,villa,709.82,variable,gastronomie,3,annulation,1,1,sejour correct mais perfectible.,9633.47,566.674705882353,1.0,0.0,1,0.45,0.4363388888888889,0.5664,risque_moyen
2957,senior,16725.46,new york,automne,11,appartement,1093.49,nuageux,plage,4,météo,1,0,tres bon sejour.,15631.97,1421.0881818181815,1.0,0.3483790849673202,0,0.7,0.3630666666666667,0.5903,risque_moyen
2958,solo,8903.16,lisbonne,printemps,15,appartement,1358.43,ensoleillé,gastronomie,3,bagages,1,0,sejour correct mais perfectible.,7544.73,502.982,1.0,0.0,0,1.0,0.4363388888888889,0.5724,risque_moyen
2959,couple,16410.14,lisbonne,été,9,hôtel,1268.18,variable,plage,5,bagages,0,1,excellent sejour.,15141.96,1682.4399999999998,1.0,0.0,1,0.45,0.5779666666666666,0.7034,risque_faible
2960,business,5593.7,new york,été,9,resort,921.66,nuageux,business,3,aucun,0,1,sejour correct mais perfectible.,4672.04,519.1155555555556,0.3882115384615384,0.5729934640522876,1,0.7,0.4609944444444444,0.5312,risque_moyen
2961,business,7725.81,new york,hiver,5,villa,1011.65,nuageux,business,4,météo,1,1,tres bon sejour.,6714.160000000001,1342.832,0.7982326923076923,0.4553594771241832,1,0.7,0.1832,0.5915,risque_moyen
2962,couple,9410.27,bali,hiver,7,villa,1370.56,pluie,randonnée,3,bagages,0,1,sejour correct mais perfectible.,8039.710000000001,1148.5300000000002,1.0,0.4535652173913044,0,0.25,0.5211222222222222,0.5742,risque_moyen
2963,couple,11842.58,paris,été,5,resort,1013.21,pluie,culture,3,aucun,0,1,sejour correct mais perfectible.,10829.37,2165.874,1.0,0.0,1,0.25,0.5546333333333333,0.6766,risque_faible
2964,couple,2953.77,lisbonne,été,4,villa,1282.83,pluie,plage,3,météo,1,0,sejour correct mais perfectible.,1670.94,417.735,0.3984448529411764,0.0,1,0.25,0.5779666666666666,0.5109,risque_moyen
2965,senior,10410.77,new york,automne,10,hôtel,809.73,pluie,culture,5,météo,1,1,excellent sejour.,9601.04,960.104,1.0,0.7193071895424836,1,0.25,0.3630666666666667,0.783,risque_faible
2966,couple,6352.77,paris,été,6,hôtel,776.3,nuageux,culture,4,météo,0,1,tres bon sejour.,5576.47,929.4116666666667,1.0,0.0,1,0.7,0.5546333333333333,0.7306,risque_faible
2967,famille,3894.49,lisbonne,été,9,villa,663.15,ensoleillé,gastronomie,3,météo,0,1,sejour correct mais perfectible.,3231.34,359.03777777777776,0.7442977941176467,0.0,1,1.0,0.5779666666666666,0.6978,risque_faible
2968,senior,9475.7,new york,printemps,11,hôtel,1313.41,variable,culture,3,météo,1,1,sejour correct mais perfectible.,8162.290000000001,742.0263636363637,1.0,0.0609019607843136,1,0.45,0.3306888888888888,0.6846,risque_faible
2969,business,3963.21,bali,automne,6,resort,1393.32,pluie,culture,1,aucun,0,1,tres mauvaise experience.,2569.8900000000003,428.31500000000005,0.1115342741935483,0.4315748792270533,0,0.25,0.5225333333333333,0.2016,risque_eleve
2970,senior,3822.99,tokyo,automne,12,appartement,1246.07,,plage,1,météo,1,1,tres mauvaise experience.,2576.92,214.7433333333333,0.0,0.4591851851851853,0,0.5,0.3977388888888888,0.3104,risque_eleve
2971,senior,8215.97,tokyo,automne,4,villa,986.23,variable,business,2,météo,1,1,sejour decevant.,7229.74,1807.435,0.7388836805555554,0.7341481481481481,0,0.45,0.3977388888888888,0.4408,risque_moyen
2972,couple,3357.84,new york,printemps,8,hôtel,921.11,variable,gastronomie,3,aucun,0,0,sejour correct mais perfectible.,2436.73,304.59125,0.0,0.5737124183006536,1,0.45,0.3306888888888888,0.497,risque_moyen
2973,couple,13686.8,paris,été,6,resort,1470.93,pluie,culture,4,aucun,0,1,tres bon sejour.,12215.87,2035.9783333333328,1.0,0.0,1,0.25,0.5546333333333333,0.6766,risque_faible
2974,famille,5435.49,new york,automne,13,villa,958.61,nuageux,plage,2,météo,1,1,sejour decevant.,4476.88,344.37538461538463,0.3577865384615383,0.5246928104575163,1,0.7,0.3630666666666667,0.6222,risque_faible
2975,business,2233.82,new york,été,7,resort,1244.11,ensoleillé,culture,1,météo,0,0,tres mauvaise experience.,989.7100000000004,141.3871428571429,0.0,0.1514901960784315,0,1.0,0.4609944444444444,0.2026,risque_eleve
2976,business,5606.32,new york,été,5,hôtel,1048.87,pluie,business,3,bagages,1,0,sejour correct mais perfectible.,4557.45,911.49,0.3906384615384614,0.4067058823529413,1,0.25,0.4609944444444444,0.5679,risque_moyen
2977,famille,4088.71,new york,hiver,2,appartement,1746.36,variable,gastronomie,3,aucun,0,0,sejour correct mais perfectible.,2342.3500000000004,1171.1750000000002,0.0987903846153845,0.0,1,0.45,0.1832,0.4036,risque_moyen
2978,solo,3798.61,dubaï,automne,12,appartement,1097.14,pluie,culture,2,bagages,1,1,sejour decevant.,2701.4700000000003,225.12250000000003,0.09090368852459,0.0362857142857141,1,0.25,0.6703277777777777,0.4424,risque_moyen
2979,famille,6100.57,bali,été,20,appartement,883.46,pluie,plage,4,météo,1,1,tres bon sejour.,5217.11,260.8555,0.5424536290322579,0.9241932367149758,1,0.25,0.5497055555555554,0.7142,risque_faible
2980,business,8422.55,dubaï,été,15,resort,1349.85,nuageux,randonnée,3,retard_vol,1,1,sejour correct mais perfectible.,7072.699999999999,471.51333333333326,1.0,0.0,0,0.7,0.5018666666666666,0.4242,risque_moyen
2981,senior,10532.97,new york,printemps,19,villa,1258.38,ensoleillé,plage,3,aucun,0,1,sejour correct mais perfectible.,9274.59,488.1363157894737,1.0,0.1328366013071895,0,1.0,0.3306888888888888,0.4636,risque_moyen
2982,solo,9532.38,bali,automne,7,hôtel,1618.79,nuageux,randonnée,5,aucun,0,1,excellent sejour.,7913.589999999999,1130.512857142857,1.0,0.2137294685990338,1,0.7,0.5225333333333333,0.7652,risque_faible
2983,famille,12251.35,paris,hiver,12,,,ensoleillé,business,3,retard_vol,1,1,sejour correct mais perfectible.,,,1.0,0.5,0,1.0,0.17495,0.511,risque_moyen
2984,solo,10013.66,paris,printemps,9,villa,1080.87,pluie,gastronomie,2,aucun,0,1,sejour decevant.,8932.79,992.5322222222223,1.0,0.0,0,0.25,0.3504166666666666,0.3521,risque_eleve
2985,business,6472.44,new york,été,6,hôtel,1351.78,ensoleillé,business,4,bagages,1,0,tres bon sejour.,5120.66,853.4433333333333,0.5571999999999999,0.0107450980392158,1,1.0,0.4609944444444444,0.6333,risque_faible
2986,famille,5839.9,paris,été,18,appartement,1105.03,nuageux,plage,4,bagages,0,1,tres bon sejour.,4734.87,263.04833333333335,1.0,0.0,1,0.7,0.5546333333333333,0.7306,risque_faible
2987,business,2221.33,rome,été,2,hôtel,1022.9,ensoleillé,business,3,retard_vol,1,1,sejour correct mais perfectible.,1198.4299999999998,599.2149999999999,0.0244647435897435,0.0,1,1.0,0.4642444444444444,0.4826,risque_moyen
2988,solo,7863.7,rome,printemps,7,appartement,754.02,nuageux,gastronomie,2,aucun,0,1,sejour decevant.,7109.68,1015.6685714285716,1.0,0.0,0,0.7,0.4113722222222222,0.5334,risque_moyen
2989,business,3613.44,dubaï,printemps,9,resort,1105.1,nuageux,culture,1,aucun,0,1,tres mauvaise experience.,2508.34,278.70444444444445,0.0529590163934426,0.0236507936507939,0,0.7,0.6816444444444444,0.1849,risque_eleve
2990,solo,5081.85,new york,hiver,7,villa,1044.57,pluie,randonnée,2,retard_vol,0,1,sejour decevant.,4037.2800000000007,576.7542857142859,0.2897788461538461,0.412326797385621,1,0.25,0.1832,0.3873,risque_eleve
2991,business,3243.38,paris,été,5,appartement,1521.56,variable,culture,1,météo,0,0,tres mauvaise experience.,1721.8200000000002,344.36400000000003,0.2777916666666666,0.0,0,0.45,0.5546333333333333,0.1983,risque_eleve
2992,business,2652.31,sydney,hiver,3,villa,1682.4,nuageux,culture,1,retard_vol,1,1,tres mauvaise experience.,969.91,323.3033333333333,0.0,0.3398290598290598,0,0.7,0.5683611111111111,0.2134,risque_eleve
2993,senior,9775.59,bali,automne,11,villa,1101.89,nuageux,business,3,retard_vol,1,1,sejour correct mais perfectible.,8673.7,788.5181818181819,1.0,0.7131497584541062,0,0.7,0.5225333333333333,0.5551,risque_moyen
2994,business,,paris,printemps,18,villa,,nuageux,business,3,aucun,0,1,sejour correct mais perfectible.,,,0.5,0.5,1,0.7,0.3504166666666666,0.536,risque_moyen
2995,senior,10087.7,new york,printemps,15,appartement,895.97,variable,culture,4,bagages,1,1,tres bon sejour.,9191.73,612.782,1.0,0.6065751633986929,1,0.45,0.3306888888888888,0.7829,risque_faible
2996,famille,9871.28,rome,automne,12,appartement,1305.51,ensoleillé,gastronomie,4,météo,1,1,tres bon sejour.,8565.77,713.8141666666667,1.0,0.0,1,1.0,0.4660166666666667,0.7559,risque_faible
2997,business,5180.59,tokyo,été,16,appartement,713.82,variable,business,3,bagages,0,1,sejour correct mais perfectible.,4466.77,279.173125,0.211907986111111,1.0,1,0.45,0.4004166666666666,0.5214,risque_moyen
2998,senior,5461.04,dubaï,automne,11,villa,894.93,nuageux,gastronomie,2,météo,1,1,sejour decevant.,4566.11,415.10090909090906,0.4315655737704916,0.3572539682539684,1,0.7,0.6703277777777777,0.5296,risque_moyen
2999,senior,9483.32,rome,printemps,20,villa,1350.42,pluie,gastronomie,3,météo,1,1,sejour correct mais perfectible.,8132.9,406.645,1.0,0.0,1,0.25,0.4113722222222222,0.5394,risque_moyen
3000,senior,3509.11,lisbonne,été,7,hôtel,1129.07,,,2,aucun,0,1,sejour decevant.,2380.04,340.0057142857143,0.6026139705882352,0.0,0,0.5,0.5779666666666666,0.4181,risque_moyen
3001,business,1502.88,rome,printemps,3,appartement,1066.44,pluie,culture,1,retard_vol,1,1,tres mauvaise experience.,436.44000000000005,145.48000000000002,0.0,0.0,0,0.25,0.4113722222222222,0.0794,risque_eleve
3002,couple,6195.67,new york,hiver,20,appartement,1495.48,nuageux,plage,2,météo,1,1,sejour decevant.,4700.1900000000005,235.00950000000003,0.503975,0.0,1,0.7,0.1832,0.4271,risque_moyen
3003,solo,4692.08,sydney,été,8,villa,1230.53,ensoleillé,business,2,retard_vol,1,0,sejour decevant.,3461.55,432.69375,0.0456374999999999,0.726042735042735,0,1.0,0.3825888888888888,0.3094,risque_eleve
3004,senior,14052.53,bali,printemps,15,villa,970.3,ensoleillé,randonnée,4,météo,1,1,tres bon sejour.,13082.23,872.1486666666667,1.0,0.8402898550724638,0,1.0,0.5140166666666667,0.6129,risque_faible
3005,famille,6388.43,sydney,automne,16,appartement,1237.2,variable,gastronomie,3,aucun,0,0,sejour correct mais perfectible.,5151.2300000000005,321.95187500000003,0.3106921875,0.7203418803418803,1,0.45,0.5032777777777777,0.631,risque_faible
3006,couple,12810.85,paris,été,15,hôtel,1057.65,pluie,plage,4,météo,1,1,tres bon sejour.,11753.2,783.5466666666667,1.0,0.0,1,0.25,0.5546333333333333,0.6766,risque_faible
3007,solo,3897.84,bali,hiver,3,resort,1243.7,nuageux,culture,2,aucun,0,1,sejour decevant.,2654.1400000000003,884.7133333333335,0.0983548387096773,0.5761352657004831,1,0.7,0.5211222222222222,0.4578,risque_moyen
3008,couple,15110.78,dubaï,printemps,17,villa,626.66,pluie,business,4,météo,1,1,tres bon sejour.,14484.12,852.0070588235294,1.0,0.7830793650793652,0,0.25,0.6816444444444444,0.6528,risque_faible
3009,famille,22788.54,new york,printemps,11,hôtel,568.35,nuageux,randonnée,4,aucun,0,1,tres bon sejour.,22220.19,2020.017272727273,1.0,1.0,0,0.7,0.3306888888888888,0.5837,risque_moyen
3010,famille,13139.45,bali,été,17,villa,1183.59,ensoleillé,plage,5,aucun,0,1,excellent sejour.,11955.86,703.2858823529413,1.0,0.6342125603864737,1,1.0,0.5497055555555554,0.8801,risque_faible
3011,couple,9225.93,paris,été,9,villa,1302.19,ensoleillé,plage,4,retard_vol,0,0,tres bon sejour.,7923.74,880.4155555555556,1.0,0.0,1,1.0,0.5546333333333333,0.7666,risque_faible
3012,business,12354.95,lisbonne,été,12,villa,852.16,variable,plage,2,aucun,0,1,sejour decevant.,11502.79,958.5658333333334,1.0,0.0,0,0.45,0.5779666666666666,0.4034,risque_moyen
3013,couple,16965.07,bali,hiver,3,hôtel,676.86,nuageux,plage,5,retard_vol,1,1,excellent sejour.,16288.21,5429.403333333333,1.0,1.0,1,0.7,0.5211222222222222,0.9065,risque_faible
3014,couple,6869.39,tokyo,été,11,hôtel,849.59,nuageux,business,2,aucun,0,1,sejour decevant.,6019.8,547.2545454545455,0.5051024305555555,0.8787407407407407,0,0.7,0.4004166666666666,0.5517,risque_moyen
3015,business,3333.31,new york,hiver,2,appartement,1745.25,ensoleillé,business,1,aucun,0,1,tres mauvaise experience.,1588.06,794.03,0.0,0.0,1,1.0,0.1832,0.322,risque_eleve
3016,famille,8112.6,new york,été,5,hôtel,1100.63,ensoleillé,plage,4,annulation,1,1,tres bon sejour.,7011.97,1402.394,0.8726153846153847,0.3390457516339868,1,1.0,0.4609944444444444,0.6607,risque_faible
3017,solo,11926.5,new york,automne,14,appartement,1058.44,,randonnée,4,météo,0,1,tres bon sejour.,10868.06,776.29,1.0,0.3941960784313724,1,0.5,0.3630666666666667,0.7545,risque_faible
3018,solo,14747.05,lisbonne,automne,8,hôtel,2328.14,ensoleillé,gastronomie,4,météo,1,1,tres bon sejour.,12418.91,1552.36375,1.0,0.0,0,1.0,0.5109277777777776,0.5813,risque_moyen
3019,business,5675.42,lisbonne,hiver,10,appartement,1261.53,nuageux,culture,2,aucun,0,1,sejour decevant.,4413.89,441.389,1.0,0.0,0,0.7,0.3659111111111111,0.4079,risque_moyen
3020,famille,3929.42,new york,été,14,villa,1684.68,nuageux,business,1,météo,0,1,tres mauvaise experience.,2244.74,160.3385714285714,0.0681576923076922,0.0,0,0.7,0.4609944444444444,0.2784,risque_eleve
3021,famille,11982.04,paris,automne,16,resort,1557.16,ensoleillé,plage,4,retard_vol,1,0,tres bon sejour.,10424.88,651.5550000000001,1.0,0.0,1,1.0,0.3681277777777778,0.7442,risque_faible
3022,couple,4219.4,bali,été,7,villa,1083.65,ensoleillé,culture,2,retard_vol,1,1,sejour decevant.,3135.7499999999995,447.96428571428567,0.1631854838709676,0.7307729468599032,1,1.0,0.5497055555555554,0.6632,risque_faible
3023,solo,13183.5,new york,printemps,9,hôtel,323.39,ensoleillé,randonnée,5,annulation,1,1,excellent sejour.,12860.11,1428.9011111111113,1.0,1.0,1,1.0,0.3306888888888888,0.9197,risque_faible
3024,famille,7571.88,bali,hiver,13,villa,1327.82,pluie,culture,4,retard_vol,0,1,tres bon sejour.,6244.06,480.3123076923077,0.8390887096774193,0.4948599033816425,1,0.25,0.5211222222222222,0.7166,risque_faible
3025,famille,4518.86,dubaï,printemps,9,villa,1314.61,ensoleillé,plage,3,retard_vol,1,1,sejour correct mais perfectible.,3204.25,356.02777777777777,0.2384959016393441,0.0,1,1.0,0.6816444444444444,0.5686,risque_moyen
3026,business,7100.18,new york,printemps,2,villa,1006.23,nuageux,plage,3,aucun,0,1,sejour correct mais perfectible.,6093.950000000001,3046.9750000000004,0.6779192307692308,0.4624444444444445,0,0.7,0.3306888888888888,0.3967,risque_eleve
3027,solo,,dubaï,été,4,hôtel,,pluie,culture,4,annulation,1,0,tres bon sejour.,,,0.5,0.5,1,0.25,0.5018666666666666,0.6202,risque_faible
3028,solo,13450.9,paris,hiver,9,hôtel,1220.47,pluie,gastronomie,2,retard_vol,1,1,sejour decevant.,12230.43,1358.9366666666667,1.0,0.0,0,0.25,0.17495,0.451,risque_moyen
3029,famille,8081.54,lisbonne,été,18,villa,1567.01,pluie,,2,bagages,0,1,sejour decevant.,6514.53,361.9183333333333,1.0,0.0,0,0.25,0.5779666666666666,0.4994,risque_moyen
3030,business,5744.3,tokyo,été,19,villa,712.23,pluie,culture,2,bagages,1,0,sejour decevant.,5032.07,264.8457894736842,0.3097743055555554,1.0,0,0.25,0.4004166666666666,0.3448,risque_eleve
3031,solo,5718.87,new york,printemps,6,hôtel,1165.55,ensoleillé,plage,3,météo,1,1,sejour correct mais perfectible.,4553.32,758.8866666666667,0.4122826923076922,0.2541830065359477,0,1.0,0.3306888888888888,0.4409,risque_moyen
3032,business,4899.12,lisbonne,printemps,6,resort,1528.93,ensoleillé,plage,3,aucun,0,1,sejour correct mais perfectible.,3370.19,561.6983333333333,1.0,0.0,0,1.0,0.4363388888888889,0.4524,risque_moyen
3033,solo,2719.83,rome,printemps,9,villa,969.94,variable,business,1,météo,1,0,tres mauvaise experience.,1749.89,194.4322222222222,0.1842403846153845,0.0,0,0.45,0.4113722222222222,0.155,risque_eleve
3034,couple,3308.1,paris,printemps,12,appartement,1396.86,nuageux,plage,2,aucun,0,0,sejour decevant.,1911.24,159.27,0.2970535714285713,0.0,1,0.7,0.3504166666666666,0.3892,risque_eleve
3035,famille,10307.56,paris,printemps,7,villa,1606.65,variable,randonnée,4,météo,0,0,tres bon sejour.,8700.91,1242.9871428571428,1.0,0.0,0,0.45,0.3504166666666666,0.496,risque_moyen
3036,senior,4855.97,dubaï,automne,14,villa,156.67,pluie,business,2,aucun,0,0,sejour decevant.,4699.3,335.6642857142857,0.3075758196721312,1.0,0,0.25,0.6703277777777777,0.3766,risque_eleve
3037,business,7113.8,lisbonne,printemps,10,appartement,793.8,pluie,randonnée,2,retard_vol,0,1,sejour decevant.,6320.0,632.0,1.0,0.0,0,0.25,0.4363388888888889,0.3624,risque_eleve
3038,famille,4858.0,paris,été,7,resort,899.52,nuageux,culture,3,annulation,1,1,sejour correct mais perfectible.,3958.48,565.4971428571429,0.7583333333333333,0.0,1,0.7,0.5546333333333333,0.6629,risque_faible
3039,couple,10087.03,new york,printemps,6,resort,803.26,pluie,culture,4,annulation,0,1,tres bon sejour.,9283.77,1547.295,1.0,0.727764705882353,1,0.25,0.3306888888888888,0.7807,risque_faible
3040,famille,8269.1,paris,été,6,resort,1130.06,nuageux,culture,5,annulation,1,1,excellent sejour.,7139.040000000001,1189.84,1.0,0.0,1,0.7,0.5546333333333333,0.7306,risque_faible
3041,solo,4021.24,rome,printemps,12,villa,1846.41,pluie,plage,1,bagages,1,0,tres mauvaise experience.,2174.83,181.2358333333333,0.6013589743589742,0.0,0,0.25,0.4113722222222222,0.2477,risque_eleve
3042,business,6990.21,sydney,automne,6,,1212.84,nuageux,gastronomie,3,retard_vol,1,1,sejour correct mais perfectible.,5777.37,962.895,0.4047203124999999,0.7411623931623932,0,0.7,0.5032777777777777,0.3911,risque_eleve
3043,business,8750.08,bali,automne,14,hôtel,1017.61,variable,plage,4,météo,1,1,tres bon sejour.,7732.47,552.3192857142857,1.0,0.7945797101449275,0,0.45,0.5225333333333333,0.6597,risque_faible
3044,solo,11448.51,new york,automne,13,villa,840.86,,gastronomie,3,météo,1,1,sejour correct mais perfectible.,10607.65,815.9730769230769,1.0,0.6786143790849672,0,0.5,0.3630666666666667,0.5057,risque_moyen
3045,senior,9632.76,paris,hiver,8,appartement,897.04,variable,culture,4,annulation,1,0,tres bon sejour.,8735.720000000001,1091.965,1.0,0.0,1,0.45,0.17495,0.655,risque_faible
3046,famille,6967.23,lisbonne,hiver,10,villa,828.05,pluie,randonnée,3,bagages,1,0,sejour correct mais perfectible.,6139.179999999999,613.9179999999999,1.0,0.0,0,0.25,0.3659111111111111,0.4739,risque_moyen
3047,famille,7816.44,lisbonne,hiver,15,villa,688.44,nuageux,culture,3,retard_vol,0,0,sejour correct mais perfectible.,7128.0,475.2,1.0,0.0,1,0.7,0.3659111111111111,0.7079,risque_faible
3048,couple,3356.93,lisbonne,automne,5,resort,749.98,nuageux,culture,3,aucun,0,1,sejour correct mais perfectible.,2606.95,521.39,0.5466654411764704,0.0,1,0.7,0.5109277777777776,0.5984,risque_moyen
3049,business,3364.95,paris,hiver,2,villa,1728.4,nuageux,gastronomie,1,bagages,1,0,tres mauvaise experience.,1636.5499999999995,818.2749999999999,0.3139732142857142,0.0,0,0.7,0.17495,0.1929,risque_eleve
3050,couple,10734.92,tokyo,été,9,hôtel,1197.34,nuageux,business,4,aucun,0,1,tres bon sejour.,9537.58,1059.7311111111112,1.0,0.5107513227513227,0,0.7,0.4004166666666666,0.624,risque_faible
3051,business,6316.7,bali,automne,11,villa,1353.63,variable,plage,1,météo,1,1,tres mauvaise experience.,4963.07,451.1881818181818,0.5860282258064514,0.4699227053140095,0,0.45,0.5225333333333333,0.3654,risque_eleve
3052,solo,12109.21,new york,printemps,11,hôtel,350.79,ensoleillé,business,4,annulation,1,1,tres bon sejour.,11758.419999999998,1068.9472727272723,1.0,1.0,0,1.0,0.3306888888888888,0.7397,risque_faible
3053,business,2307.95,rome,printemps,1,resort,1091.39,ensoleillé,randonnée,1,retard_vol,1,0,tres mauvaise experience.,1216.5599999999995,1216.5599999999995,0.0522275641025639,0.0,0,1.0,0.4113722222222222,0.184,risque_eleve
3054,couple,10565.17,lisbonne,hiver,17,hôtel,867.22,pluie,plage,4,retard_vol,0,1,tres bon sejour.,9697.95,570.4676470588236,1.0,0.0,1,0.25,0.3659111111111111,0.6539,risque_faible
3055,solo,3019.03,sydney,été,6,hôtel,1362.2,nuageux,business,1,retard_vol,1,0,tres mauvaise experience.,1656.8300000000002,276.1383333333334,0.0,0.6135042735042735,0,0.7,0.3825888888888888,0.3603,risque_eleve
3056,famille,5309.05,new york,été,4,appartement,1032.02,variable,culture,3,annulation,1,1,sejour correct mais perfectible.,4277.030000000001,1069.2575000000002,0.3334711538461538,0.4287320261437908,1,0.45,0.4609944444444444,0.5799,risque_moyen
3057,famille,4420.73,tokyo,été,14,villa,879.44,ensoleillé,culture,3,retard_vol,0,1,sejour correct mais perfectible.,3541.2899999999995,252.94928571428568,0.079987847222222,0.847153439153439,1,1.0,0.4004166666666666,0.6429,risque_faible
3058,solo,16347.49,rome,été,10,villa,803.0,ensoleillé,culture,4,aucun,0,1,tres bon sejour.,15544.49,1554.449,1.0,0.0,1,1.0,0.4642444444444444,0.6357,risque_faible
3059,senior,18221.0,new york,printemps,18,hôtel,813.61,pluie,culture,5,météo,1,0,excellent sejour.,17407.39,967.0772222222222,1.0,0.7142352941176471,1,0.25,0.3306888888888888,0.7782,risque_faible
3060,couple,8078.19,bali,été,11,villa,1052.09,ensoleillé,plage,5,aucun,0,1,excellent sejour.,7026.099999999999,638.7363636363635,0.9411673387096772,0.7612657004830918,1,1.0,0.5497055555555554,0.8865,risque_faible
3061,famille,17054.5,new york,automne,19,resort,883.31,nuageux,culture,4,retard_vol,0,0,tres bon sejour.,16171.19,851.1152631578948,1.0,0.6231241830065362,1,0.7,0.3630666666666667,0.8197,risque_faible
3062,couple,5034.07,dubaï,automne,10,villa,935.29,nuageux,culture,4,aucun,0,1,tres bon sejour.,4098.78,409.878,0.3440717213114752,0.2931904761904763,1,0.7,0.6703277777777777,0.6136,risque_faible
3063,couple,10314.07,paris,été,17,hôtel,1106.77,variable,plage,4,météo,1,1,tres bon sejour.,9207.3,541.6058823529411,1.0,0.0,1,0.45,0.5546333333333333,0.7006,risque_faible
3064,solo,2839.28,rome,printemps,9,villa,846.55,ensoleillé,plage,1,aucun,0,1,tres mauvaise experience.,1992.73,221.41444444444448,0.2225256410256409,0.0,0,1.0,0.4113722222222222,0.2317,risque_eleve
3065,senior,7479.17,lisbonne,été,17,appartement,659.85,ensoleillé,gastronomie,4,retard_vol,1,1,tres bon sejour.,6819.32,401.1364705882353,1.0,0.0,1,1.0,0.5779666666666666,0.7694,risque_faible
3066,solo,6516.21,new york,été,7,appartement,869.74,pluie,gastronomie,2,retard_vol,1,1,sejour decevant.,5646.47,806.6385714285715,0.5656173076923077,0.6408627450980393,0,0.25,0.4609944444444444,0.479,risque_moyen
3067,senior,5516.94,tokyo,printemps,6,villa,1010.51,variable,plage,1,retard_vol,0,1,tres mauvaise experience.,4506.429999999999,751.0716666666666,0.2703020833333331,0.7084550264550264,0,0.45,0.3183611111111111,0.2954,risque_eleve
3068,senior,10580.13,rome,hiver,24,hôtel,969.39,ensoleillé,gastronomie,4,annulation,1,1,tres bon sejour.,9610.74,400.4475,1.0,0.0,1,1.0,0.2807999999999999,0.7337,risque_faible
3069,solo,5762.56,rome,automne,14,resort,775.79,ensoleillé,randonnée,4,météo,1,1,tres bon sejour.,4986.77,356.1978571428572,1.0,0.0,1,1.0,0.4660166666666667,0.6359,risque_faible
3070,solo,5414.0,bali,hiver,6,appartement,970.64,pluie,randonnée,3,bagages,1,1,sejour correct mais perfectible.,4443.36,740.56,0.404032258064516,0.8399613526570048,1,0.25,0.5211222222222222,0.6569,risque_faible
3071,couple,10038.96,bali,printemps,18,hôtel,1191.33,variable,randonnée,4,bagages,1,1,tres bon sejour.,8847.63,491.535,1.0,0.6267342995169083,0,0.45,0.5140166666666667,0.6285,risque_faible
3072,business,7223.09,lisbonne,été,6,villa,813.54,nuageux,business,3,météo,1,1,sejour correct mais perfectible.,6409.55,1068.2583333333334,1.0,0.0,1,0.7,0.5779666666666666,0.6134,risque_faible
3073,famille,6824.57,paris,automne,4,villa,1101.55,pluie,culture,4,retard_vol,1,0,tres bon sejour.,5723.02,1430.755,1.0,0.0,1,0.25,0.3681277777777778,0.6542,risque_faible
3074,senior,8785.3,lisbonne,été,19,appartement,954.06,ensoleillé,gastronomie,4,retard_vol,1,1,tres bon sejour.,7831.24,412.1705263157895,1.0,0.0,1,1.0,0.5779666666666666,0.7694,risque_faible
3075,solo,7988.54,new york,automne,19,villa,,ensoleillé,plage,2,aucun,0,1,sejour decevant.,,,0.8487576923076923,0.5,0,1.0,0.3630666666666667,0.4912,risque_moyen
3076,couple,6536.2,rome,automne,9,villa,1008.13,ensoleillé,plage,4,aucun,0,1,tres bon sejour.,5528.07,614.23,1.0,0.0,1,1.0,0.4660166666666667,0.7559,risque_faible
3077,business,2970.16,new york,hiver,12,villa,1268.47,variable,business,1,aucun,0,0,tres mauvaise experience.,1701.6899999999998,141.80749999999998,0.0,0.1196470588235295,1,0.45,0.1832,0.2775,risque_eleve
3078,famille,12259.59,lisbonne,printemps,18,appartement,661.28,nuageux,plage,4,aucun,0,0,tres bon sejour.,11598.31,644.3505555555555,1.0,0.0,1,0.7,0.4363388888888889,0.7164,risque_faible
3079,solo,1412.88,lisbonne,hiver,3,hôtel,1039.91,variable,randonnée,1,annulation,1,1,tres mauvaise experience.,372.97,124.32333333333334,0.0,0.0,1,0.45,0.3659111111111111,0.3979,risque_eleve
3080,business,6225.55,new york,automne,5,hôtel,1292.0,variable,gastronomie,2,météo,0,1,sejour decevant.,4933.55,986.71,0.5097211538461538,0.0888888888888889,0,0.45,0.3630666666666667,0.3763,risque_eleve
3081,solo,4139.23,rome,printemps,10,villa,1061.19,pluie,plage,2,aucun,0,1,sejour decevant.,3078.0399999999995,307.804,0.639176282051282,0.0,0,0.25,0.4113722222222222,0.2583,risque_eleve
3082,business,5240.58,new york,été,8,appartement,1086.17,nuageux,business,3,annulation,1,0,sejour correct mais perfectible.,4154.41,519.30125,0.3203038461538461,0.3579477124183006,1,0.7,0.4609944444444444,0.4734,risque_moyen
3083,senior,11220.58,rome,hiver,24,villa,1383.41,ensoleillé,gastronomie,4,annulation,1,1,tres bon sejour.,9837.17,409.88208333333336,1.0,0.0,1,1.0,0.2807999999999999,0.6137,risque_faible
3084,senior,2037.66,lisbonne,hiver,9,villa,913.24,ensoleillé,culture,2,retard_vol,0,0,sejour decevant.,1124.42,124.93555555555557,0.0616397058823528,0.0,1,1.0,0.3659111111111111,0.3612,risque_eleve
3085,famille,7796.94,rome,été,16,hôtel,1300.52,ensoleillé,culture,4,météo,1,1,tres bon sejour.,6496.42,406.02625,1.0,0.0,1,1.0,0.4642444444444444,0.6357,risque_faible
3086,famille,14523.27,new york,été,21,resort,1354.8,nuageux,gastronomie,3,annulation,1,1,sejour correct mais perfectible.,13168.47,627.07,1.0,0.006797385620915,1,0.7,0.4609944444444444,0.7205,risque_faible
3087,business,2954.68,bali,automne,15,villa,,nuageux,gastronomie,1,aucun,0,1,tres mauvaise experience.,,,0.0,0.5,0,0.7,0.5225333333333333,0.2367,risque_eleve
3088,couple,15606.89,new york,hiver,13,resort,1055.23,variable,plage,5,météo,1,1,excellent sejour.,14551.66,1119.3584615384616,1.0,0.3983921568627452,1,0.45,0.1832,0.7277,risque_faible
3089,business,11120.51,rome,été,8,villa,1075.97,ensoleillé,business,3,aucun,0,1,sejour correct mais perfectible.,10044.54,1255.5675,1.0,0.0,1,1.0,0.4642444444444444,0.6357,risque_faible
3090,solo,6313.45,rome,été,11,resort,1116.59,nuageux,culture,3,météo,0,1,sejour correct mais perfectible.,5196.86,472.4418181818182,1.0,0.0,1,0.7,0.4642444444444444,0.5997,risque_moyen
3091,business,8105.97,tokyo,printemps,8,villa,596.77,ensoleillé,plage,2,annulation,1,1,sejour decevant.,7509.200000000001,938.65,0.7197864583333332,1.0,0,1.0,0.3183611111111111,0.5397,risque_moyen
3092,couple,6329.78,rome,hiver,17,resort,1023.59,nuageux,business,2,météo,1,1,sejour decevant.,5306.19,312.12882352941176,1.0,0.0,0,0.7,0.2807999999999999,0.5177,risque_moyen
3093,solo,,new york,automne,6,villa,,nuageux,business,2,aucun,0,0,sejour decevant.,,,0.5,0.5,0,0.7,0.3630666666666667,0.3576,risque_eleve
3094,senior,9239.99,bali,été,9,villa,1110.61,variable,culture,4,météo,1,1,tres bon sejour.,8129.38,903.2644444444444,1.0,0.7047246376811596,1,0.45,0.5497055555555554,0.7068,risque_faible
3095,couple,10603.44,bali,printemps,18,resort,895.04,variable,randonnée,4,bagages,1,1,tres bon sejour.,9708.4,539.3555555555556,1.0,0.9130048309178744,0,0.45,0.5140166666666667,0.68,risque_faible
3096,couple,4487.52,dubaï,hiver,6,appartement,1732.11,ensoleillé,randonnée,1,bagages,0,1,tres mauvaise experience.,2755.4100000000008,459.2350000000001,0.2320737704918032,0.0,0,1.0,0.42075,0.2355,risque_eleve
3097,business,6000.0,paris,hiver,11,villa,,ensoleillé,plage,3,bagages,0,1,sejour correct mais perfectible.,,,1.0,0.5,0,1.0,0.17495,0.511,risque_moyen
3098,famille,16486.89,new york,printemps,21,appartement,1111.61,ensoleillé,culture,5,retard_vol,1,0,excellent sejour.,15375.28,732.1561904761904,1.0,0.3246928104575166,1,1.0,0.3306888888888888,0.7981,risque_faible
3099,solo,5018.16,tokyo,hiver,11,villa,935.05,ensoleillé,randonnée,4,retard_vol,1,1,tres bon sejour.,4083.11,371.1918181818182,0.1837083333333332,0.7883068783068783,1,1.0,0.1438499999999999,0.5106,risque_moyen
3100,business,3662.82,dubaï,automne,17,appartement,1083.17,ensoleillé,plage,1,retard_vol,1,1,tres mauvaise experience.,2579.65,151.74411764705883,0.063077868852459,0.0584603174603174,0,1.0,0.6703277777777777,0.2286,risque_eleve
3101,business,4767.18,bali,été,14,villa,434.73,pluie,business,3,bagages,0,1,sejour correct mais perfectible.,4332.450000000001,309.46071428571435,0.2736249999999999,1.0,1,0.25,0.5497055555555554,0.5326,risque_moyen
3102,business,6975.59,new york,automne,8,resort,545.5,nuageux,business,4,retard_vol,1,1,tres bon sejour.,6430.09,803.76125,0.6539596153846152,1.0,1,0.7,0.3630666666666667,0.6707,risque_faible
3103,solo,14962.58,new york,printemps,14,appartement,1026.54,pluie,plage,4,météo,1,1,tres bon sejour.,13936.04,995.4314285714288,1.0,0.4358954248366014,0,0.25,0.3306888888888888,0.5481,risque_moyen
3104,business,1478.44,tokyo,hiver,8,resort,704.08,pluie,culture,1,retard_vol,1,1,tres mauvaise experience.,774.36,96.795,0.0,1.0,0,0.25,0.1438499999999999,0.2273,risque_eleve
3105,solo,6469.45,rome,été,12,appartement,943.21,ensoleillé,culture,4,météo,0,1,tres bon sejour.,5526.24,460.52,1.0,0.0,1,1.0,0.4642444444444444,0.7557,risque_faible
3106,business,5755.65,bali,automne,15,hôtel,,nuageux,gastronomie,3,aucun,0,1,sejour correct mais perfectible.,,,0.4729133064516128,0.5,0,0.7,0.5225333333333333,0.4891,risque_moyen
3107,solo,6523.4,rome,printemps,9,villa,1349.0,ensoleillé,culture,4,météo,0,1,tres bon sejour.,5174.4,574.9333333333333,1.0,0.0,1,1.0,0.4113722222222222,0.6294,risque_faible
3108,senior,8104.9,tokyo,été,24,appartement,623.36,nuageux,business,4,annulation,1,0,tres bon sejour.,7481.54,311.7308333333333,0.7196006944444444,1.0,0,0.7,0.4004166666666666,0.6335,risque_faible
3109,solo,8291.08,bali,automne,15,hôtel,1281.63,pluie,gastronomie,3,annulation,1,0,sejour correct mais perfectible.,7009.45,467.2966666666667,0.9840887096774192,0.539487922705314,0,0.25,0.5225333333333333,0.5854,risque_moyen
3110,business,6318.14,lisbonne,hiver,1,resort,991.48,nuageux,gastronomie,2,annulation,1,1,sejour decevant.,5326.66,5326.66,1.0,0.0,0,0.7,0.3659111111111111,0.4079,risque_moyen
3111,senior,6001.12,dubaï,automne,14,villa,132.64,nuageux,culture,4,aucun,0,0,tres bon sejour.,5868.48,419.1771428571428,0.5422377049180327,1.0,1,0.7,0.6703277777777777,0.6763,risque_faible
3112,solo,6899.8,new york,automne,10,resort,1123.25,pluie,randonnée,3,bagages,0,1,sejour correct mais perfectible.,5776.55,577.655,0.6393846153846152,0.3094771241830065,1,0.25,0.3630666666666667,0.4883,risque_moyen
3113,solo,7510.32,paris,printemps,10,hôtel,776.63,nuageux,business,3,bagages,1,0,sejour correct mais perfectible.,6733.69,673.3689999999999,1.0,0.0,0,0.7,0.3504166666666666,0.526,risque_moyen
3114,senior,5158.44,bali,été,7,appartement,929.97,pluie,plage,3,retard_vol,0,1,sejour correct mais perfectible.,4228.469999999999,604.0671428571428,0.3525080645161289,0.8792560386473429,0,0.25,0.5497055555555554,0.4729,risque_moyen
3115,famille,12438.76,sydney,été,6,resort,923.97,ensoleillé,culture,5,aucun,0,1,excellent sejour.,11514.79,1919.131666666667,1.0,0.9880598290598288,1,1.0,0.3825888888888888,0.9238,risque_faible
3116,senior,6046.48,rome,été,14,appartement,1220.49,nuageux,gastronomie,4,annulation,1,1,tres bon sejour.,4825.99,344.7135714285714,1.0,0.0,1,0.7,0.4642444444444444,0.7197,risque_faible
3117,business,15286.59,new york,hiver,3,resort,1434.1,pluie,culture,3,météo,0,1,sejour correct mais perfectible.,13852.49,4617.496666666667,1.0,0.0,0,0.25,0.1832,0.332,risque_eleve
3118,solo,,bali,printemps,15,hôtel,,ensoleillé,culture,3,aucun,0,1,sejour correct mais perfectible.,,,0.5,0.5,1,1.0,0.5140166666666667,0.7117,risque_faible
3119,famille,5746.13,rome,été,11,hôtel,1226.92,variable,randonnée,2,météo,0,1,sejour decevant.,4519.21,410.8372727272727,1.0,0.0,0,0.45,0.4642444444444444,0.3897,risque_eleve
3120,couple,5007.37,rome,été,14,villa,869.07,ensoleillé,gastronomie,4,bagages,1,0,tres bon sejour.,4138.3,295.5928571428572,0.9174262820512818,0.0,1,1.0,0.4642444444444444,0.7326,risque_faible
3121,business,14399.21,rome,automne,16,hôtel,1365.53,variable,culture,3,bagages,0,1,sejour correct mais perfectible.,13033.679999999998,814.6049999999999,1.0,0.0,0,0.45,0.4660166666666667,0.5099,risque_moyen
3122,famille,13247.82,new york,été,19,villa,1159.32,pluie,gastronomie,4,annulation,1,1,tres bon sejour.,12088.5,636.2368421052631,1.0,0.262326797385621,1,0.25,0.4609944444444444,0.7125,risque_faible
